{"type": "FeatureCollection", "features": [{"type": "Feature", "properties": {"name": "\u0417\u0432\u0456\u043b\u044c\u043d\u0435\u043d\u043e /// Taken back", "date": "2022-08-31", "layer_type": "liberated"}, "geometry": {"type": "Polygon", "coordinates": [[[31.268087, 51.5582079, 0], [31.2519498, 51.5631185, 0], [31.2190646, 51.5580906, 0], [31.1875551, 51.5519876, 0], [31.1785404, 51.5406517, 0], [31.1767382, 51.5301697, 0], [31.1856643, 51.5050082, 0], [31.1957834, 51.4951238, 0], [31.1884121, 51.4799522, 0], [31.1733055, 51.4534335, 0], [31.2234319, 51.4181215, 0], [31.2193132, 51.3787117, 0], [31.2510261, 51.372208, 0], [31.2779565, 51.3999811, 0], [31.4059043, 51.3984205, 0], [31.4623587, 51.3590807, 0], [31.4253734, 51.284159, 0], [31.3006588, 51.2675707, 0], [31.1300527, 51.3126609, 0], [31.008174, 51.3779036, 0], [30.9288782, 51.3847104, 0], [30.8670837, 51.3679958, 0], [30.7888109, 51.3787117, 0], [30.7077905, 51.3834254, 0], [30.6823864, 51.3439852, 0], [30.6590422, 51.3396956, 0], [30.6356981, 51.3599543, 0], [30.6562957, 51.3752824, 0], [30.6727789, 51.401416, 0], [30.7263355, 51.4155496, 0], [30.7352639, 51.5113719, 0], [30.6910811, 51.5181151, 0], [30.6951124, 51.5342949, 0], [30.7211212, 51.5325319, 0], [30.7372596, 51.5444871, 0], [30.7899221, 51.5291248, 0], [30.7722772, 51.4838044, 0], [30.8329034, 51.4789688, 0], [30.8577619, 51.6421647, 0], [30.9367246, 51.754091, 0], [31.0194636, 51.7952997, 0], [30.9770557, 51.9533126, 0], [30.9579757, 52.0250628, 0], [30.9483721, 52.0661309, 0], [30.9552462, 52.0852463, 0], [30.9703623, 52.077454, 0], [30.9892438, 52.0756647, 0], [31.0066637, 52.0812314, 0], [31.0378211, 52.0842612, 0], [31.0736649, 52.0914971, 0], [31.0971526, 52.0894437, 0], [31.1400251, 52.102198, 0], [31.1460087, 52.0910586, 0], [31.1588541, 52.0799184, 0], [31.1854245, 52.0742614, 0], [31.2007674, 52.0739628, 0], [31.2133624, 52.0702862, 0], [31.1964525, 51.9768721, 0], [31.1296446, 51.8330784, 0], [31.2399337, 51.7832538, 0], [31.3156791, 51.7884094, 0], [31.4060726, 51.7894134, 0], [31.5068887, 51.7972208, 0], [31.5474426, 51.8163168, 0], [31.5722206, 51.8457098, 0], [31.5640005, 51.8882633, 0], [31.5872277, 51.9340342, 0], [31.5174637, 51.9930397, 0], [31.4721227, 52.0469215, 0], [31.466996, 52.0944026, 0], [31.4426893, 52.1395312, 0], [31.4517973, 52.1401755, 0], [31.4559635, 52.1305354, 0], [31.4642469, 52.1217379, 0], [31.4893394, 52.1167312, 0], [31.5092687, 52.1208133, 0], [31.6127748, 51.9763366, 0], [31.6390455, 51.9558166, 0], [31.7290018, 51.9973336, 0], [31.7650591, 52.002463, 0], [31.7595532, 52.0777308, 0], [31.7471597, 52.103134, 0], [31.7629235, 52.1061738, 0], [31.7664871, 52.1091541, 0], [31.772046, 52.111487, 0], [31.7803188, 52.1117568, 0], [31.7858279, 52.1123129, 0], [31.7872089, 52.1117472, 0], [31.7914183, 52.1089869, 0], [31.7936941, 52.1082919, 0], [31.7965484, 52.1035162, 0], [31.805753, 52.1002162, 0], [31.8182796, 52.0768975, 0], [31.8361371, 52.0509446, 0], [31.8704651, 52.0211548, 0], [31.855107, 51.9710037, 0], [31.8877979, 51.9369251, 0], [31.8728555, 51.9165965, 0], [31.8668662, 51.89153, 0], [31.8732363, 51.8855308, 0], [31.939134, 51.8685798, 0], [31.9703984, 51.8395454, 0], [32.0053953, 51.7932601, 0], [32.180587, 51.7902407, 0], [32.2577375, 51.8465273, 0], [32.4472516, 51.899096, 0], [32.5571149, 51.9173112, 0], [32.5715345, 51.9846007, 0], [32.5770276, 52.0796491, 0], [32.5907605, 52.1230928, 0], [32.5269026, 52.1584912, 0], [32.5845807, 52.2317271, 0], [32.6065534, 52.3048424, 0], [32.6227943, 52.296173, 0], [32.6369691, 52.2870816, 0], [32.6580044, 52.2805055, 0], [32.6749132, 52.2714057, 0], [32.649812, 52.1850216, 0], [32.6704551, 52.1454129, 0], [32.7301496, 52.0733188, 0], [32.7081769, 51.8889262, 0], [32.7398468, 51.8140035, 0], [32.888742, 51.9032451, 0], [33.0795933, 51.9998987, 0], [33.1580254, 52.0681585, 0], [33.230701, 52.2062825, 0], [33.2314514, 52.36976, 0], [33.3028191, 52.3543926, 0], [33.3123008, 52.1929451, 0], [33.2477916, 52.0853523, 0], [33.2064036, 52.0169954, 0], [33.2405733, 52.0094769, 0], [33.2321752, 51.9966292, 0], [33.2451428, 51.9923193, 0], [33.2388836, 51.9871636, 0], [33.2262105, 51.9910636, 0], [33.1847692, 51.9962411, 0], [33.0336285, 51.8980522, 0], [32.8870244, 51.7749968, 0], [32.7409332, 51.7375012, 0], [32.5848437, 51.6732306, 0], [32.556475, 51.5964178, 0], [32.5219845, 51.568792, 0], [32.5504887, 51.5545102, 0], [32.5390938, 51.5214264, 0], [32.4896261, 51.5067155, 0], [32.4573538, 51.5699243, 0], [32.456767, 51.6043491, 0], [32.3710664, 51.693114, 0], [32.3243818, 51.7217263, 0], [32.3010095, 51.7227721, 0], [32.278595, 51.7387362, 0], [32.1340323, 51.7625988, 0], [32.0578419, 51.7476217, 0], [32.1076807, 51.6771665, 0], [32.0888227, 51.6535333, 0], [32.0203219, 51.7016148, 0], [31.9517, 51.7334839, 0], [31.9380995, 51.7109197, 0], [31.8956884, 51.6874979, 0], [31.8441801, 51.5983056, 0], [31.8237775, 51.5639839, 0], [31.7548791, 51.5517877, 0], [31.6924018, 51.5505119, 0], [31.6587564, 51.5453884, 0], [31.563679, 51.5418388, 0], [31.5309998, 51.5389155, 0], [31.4062024, 51.5074458, 0], [31.3772364, 51.5121705, 0], [31.3648798, 51.5283828, 0], [31.3504552, 51.5432532, 0], [31.3327674, 51.5504097, 0], [31.3143346, 51.5560209, 0], [31.268087, 51.5582079, 0]], [[31.5721274, 51.5868668, 0], [31.6217795, 51.5758118, 0], [31.6930882, 51.5795364, 0], [31.7654127, 51.5831878, 0], [31.795625, 51.6147503, 0], [31.8206737, 51.6426651, 0], [31.8495156, 51.7054692, 0], [31.9068616, 51.7633095, 0], [31.9346632, 51.7836962, 0], [31.9219678, 51.8125705, 0], [31.8869489, 51.8304053, 0], [31.8778992, 51.8451052, 0], [31.7692264, 51.860205, 0], [31.7708592, 51.7672804, 0], [31.7038183, 51.7060804, 0], [31.631066, 51.7068486, 0], [31.5907881, 51.6867089, 0], [31.5886442, 51.644774, 0], [31.5721274, 51.5868668, 0]]]}}, {"type": "Feature", "properties": {"name": "\u0417\u0432\u0456\u043b\u044c\u043d\u0435\u043d\u043e 16.03-17.03 /// Taken back 16.03-17.03", "date": "2022-08-31", "layer_type": "liberated"}, "geometry": {"type": "Polygon", "coordinates": [[[32.0108799, 47.0509256, 0], [32.01854, 47.0331691, 0], [31.9776199, 47.0252996, 0], [31.9460337, 47.0430835, 0], [31.921314, 47.0879851, 0], [31.8485283, 47.0795689, 0], [31.8183154, 47.1150948, 0], [31.8856078, 47.148729, 0], [31.7784892, 47.2765314, 0], [31.7354126, 47.3136465, 0], [31.6936538, 47.345625, 0], [31.6323937, 47.3565055, 0], [31.6062878, 47.3772674, 0], [31.5849687, 47.4008128, 0], [31.5461137, 47.4243503, 0], [31.5338828, 47.4393662, 0], [31.5240464, 47.4543793, 0], [31.471083, 47.4619563, 0], [31.4363374, 47.4826727, 0], [31.4172291, 47.5087998, 0], [31.4140782, 47.5182866, 0], [31.4080075, 47.5261501, 0], [31.4018547, 47.5301588, 0], [31.4002077, 47.5304003, 0], [31.3898531, 47.531303, 0], [31.387551, 47.5317254, 0], [31.38228, 47.5343704, 0], [31.3795155, 47.5356058, 0], [31.3764935, 47.5363197, 0], [31.3739971, 47.536372, 0], [31.3734534, 47.536569, 0], [31.3764516, 47.5483638, 0], [31.3922326, 47.5484978, 0], [31.4102426, 47.5400549, 0], [31.4139875, 47.5335971, 0], [31.4257691, 47.5225357, 0], [31.4417684, 47.504583, 0], [31.455901, 47.4895457, 0], [31.4779632, 47.4738501, 0], [31.5021585, 47.473077, 0], [31.5381529, 47.463163, 0], [31.5825649, 47.419186, 0], [31.6209096, 47.3879298, 0], [31.6472426, 47.3676429, 0], [31.6938581, 47.35726, 0], [31.7458133, 47.3418199, 0], [31.8114488, 47.3082011, 0], [31.8842345, 47.2066047, 0], [31.9721266, 47.0486983, 0], [32.0108799, 47.0509256, 0]]]}}, {"type": "Feature", "properties": {"name": "\u0417\u0432\u0456\u043b\u044c\u043d\u0435\u043d\u043e\u00a016.03-17.03 /// Taken back 16.03-17.03", "date": "2022-08-31", "layer_type": "liberated"}, "geometry": {"type": "Polygon", "coordinates": [[[32.2435333, 46.7860604, 0], [32.1864469, 46.7969531, 0], [32.1539092, 46.80802, 0], [32.1471434, 46.8116215, 0], [32.112486, 46.8307653, 0], [32.0860393, 46.8625842, 0], [32.0702469, 46.8609419, 0], [32.055827, 46.8654011, 0], [32.0920474, 46.8801873, 0], [32.0822629, 46.9111548, 0], [32.0671952, 46.9202108, 0], [32.0582688, 46.9287692, 0], [32.0618737, 46.933927, 0], [32.0687402, 46.9403736, 0], [32.07801, 46.9463506, 0], [32.086078, 46.9491631, 0], [32.0955195, 46.9492803, 0], [32.1042741, 46.9471709, 0], [32.1162904, 46.9354508, 0], [32.1173205, 46.9332237, 0], [32.1450135, 46.9394648, 0], [32.1667259, 46.9442446, 0], [32.3748797, 46.9954172, 0], [32.3790345, 46.987997, 0], [32.3879391, 46.9635098, 0], [32.4225553, 46.9589532, 0], [32.3751395, 46.911193, 0], [32.3612991, 46.8964354, 0], [32.3540139, 46.8798796, 0], [32.3567438, 46.8668509, 0], [32.3611987, 46.8561673, 0], [32.3637473, 46.8318811, 0], [32.3041622, 46.7772851, 0], [32.2449066, 46.7704252, 0], [32.2435333, 46.7860604, 0]]]}}, {"type": "Feature", "properties": {"name": "\u0417\u0432\u0456\u043b\u044c\u043d\u0435\u043d\u043e /// Taken back", "date": "2022-08-31", "layer_type": "liberated"}, "geometry": {"type": "Polygon", "coordinates": [[[33.3839912, 51.0797225, 0], [33.4274557, 51.1539863, 0], [33.2988487, 51.2089455, 0], [33.8296308, 51.2424892, 0], [33.8492002, 51.684817, 0], [33.6231573, 51.6022871, 0], [33.2998465, 51.4238093, 0], [33.2211961, 51.3312062, 0], [33.1807609, 51.2767234, 0], [33.1685148, 51.267325, 0], [33.113522, 51.2491912, 0], [33.1091963, 51.2645037, 0], [33.1282209, 51.2772309, 0], [33.1303696, 51.356001, 0], [33.1236242, 51.3972327, 0], [33.1775385, 51.4546756, 0], [34.0321158, 51.7986607, 0], [34.2437657, 51.8594066, 0], [34.2603113, 51.8558775, 0], [34.3194801, 51.8791481, 0], [34.321003, 51.8778939, 0], [34.3230084, 51.8769138, 0], [34.323968, 51.8766221, 0], [34.3251421, 51.8763304, 0], [34.3255494, 51.8760836, 0], [34.3261844, 51.8752043, 0], [34.3264751, 51.8731124, 0], [34.3278836, 51.8715239, 0], [34.3297639, 51.8706701, 0], [34.328318, 51.8690579, 0], [34.3298896, 51.8686994, 0], [34.2844392, 51.840103, 0], [34.2539658, 51.8319923, 0], [34.1953573, 51.8225918, 0], [34.1241172, 51.7985062, 0], [34.0775715, 51.7639218, 0], [33.9576901, 51.7250289, 0], [34.0050687, 51.4868559, 0], [34.005412, 51.2631177, 0], [34.2059125, 51.2132496, 0], [34.2479082, 51.1795427, 0], [34.2959734, 51.1537087, 0], [34.2976104, 51.2423067, 0], [34.3052358, 51.2383268, 0], [34.3139551, 51.2388066, 0], [34.3454119, 51.1580154, 0], [34.6585522, 51.0007059, 0], [34.7914996, 51.0949795, 0], [34.9329485, 51.0880793, 0], [34.9737227, 51.1154851, 0], [35.1293292, 51.1828678, 0], [35.1306813, 51.1735594, 0], [35.1344359, 51.1708159, 0], [35.1227474, 51.1655477, 0], [35.1250647, 51.1613233, 0], [35.1301713, 51.1573807, 0], [35.1309861, 51.1570448, 0], [35.0139727, 51.11395, 0], [34.9851336, 51.0725499, 0], [34.9125498, 51.063583, 0], [34.8521521, 51.0758384, 0], [34.8244586, 51.0051957, 0], [34.8986163, 50.9870451, 0], [35.0112261, 51.0198838, 0], [35.2350726, 51.0345672, 0], [35.2749101, 51.0585263, 0], [35.2968707, 50.998282, 0], [35.2433123, 50.9507227, 0], [35.1279559, 50.9853161, 0], [34.9274554, 50.952453, 0], [34.7846331, 50.9792641, 0], [34.7585406, 50.9662929, 0], [34.7152202, 50.9720779, 0], [34.6884766, 50.9522743, 0], [34.6618451, 50.9059771, 0], [34.3899335, 50.907709, 0], [34.4113537, 50.8833462, 0], [34.4157702, 50.8624306, 0], [34.3761889, 50.8110153, 0], [34.3563996, 50.8058988, 0], [34.3135126, 50.8010392, 0], [34.2718929, 50.8021065, 0], [34.1388143, 50.8353894, 0], [34.0598902, 50.8208368, 0], [34.0178386, 50.8170929, 0], [33.95789, 50.8258121, 0], [33.8668609, 50.8174748, 0], [33.8481345, 50.8218406, 0], [33.8189056, 50.8155572, 0], [33.777608, 50.8069352, 0], [33.740074, 50.7964263, 0], [33.7252819, 50.7971621, 0], [33.680385, 50.7777033, 0], [33.5689081, 50.7556824, 0], [33.5247584, 50.7340038, 0], [33.5277974, 50.7273318, 0], [33.5120756, 50.6803266, 0], [33.5102763, 50.6662856, 0], [33.4779343, 50.6446255, 0], [33.4720329, 50.6402686, 0], [33.4609821, 50.6420073, 0], [33.4670944, 50.6535432, 0], [33.4982803, 50.6696469, 0], [33.5035308, 50.6842219, 0], [33.508718, 50.7055178, 0], [33.5136703, 50.7328292, 0], [33.530736, 50.7538167, 0], [33.5502367, 50.7869127, 0], [33.5738756, 50.7880942, 0], [33.6678876, 50.7877267, 0], [33.7079291, 50.8072944, 0], [33.7400158, 50.8100485, 0], [33.7619343, 50.8132558, 0], [33.8077214, 50.8265131, 0], [33.8349931, 50.8374684, 0], [33.8582455, 50.8361827, 0], [33.8946095, 50.8433942, 0], [33.9624784, 50.8301872, 0], [34.0547509, 50.8267965, 0], [34.1478216, 50.8418477, 0], [34.2597935, 50.8105446, 0], [34.312586, 50.8082553, 0], [34.36195, 50.8148383, 0], [34.3839918, 50.8458996, 0], [34.3947818, 50.877913, 0], [34.368586, 50.9071299, 0], [33.8351239, 50.9527171, 0], [33.3839912, 51.0797225, 0]], [[34.5712079, 51.0002743, 0], [34.4114609, 51.0665102, 0], [34.3141544, 51.1336299, 0], [34.2781206, 51.1114821, 0], [34.2080828, 51.1605992, 0], [34.189433, 51.1736605, 0], [33.6483564, 51.1788262, 0], [33.5000409, 51.1288667, 0], [33.6565961, 51.0788531, 0], [34.5712079, 51.0002743, 0]]]}}, {"type": "Feature", "properties": {"name": "\u0417\u0432\u0456\u043b\u044c\u043d\u0435\u043d\u043e 25.03 /// Taken back 25.03", "date": "2022-08-31", "layer_type": "liberated"}, "geometry": {"type": "Polygon", "coordinates": [[[34.9421552, 50.4905661, 0], [34.9465509, 50.4889912, 0], [34.9657647, 50.498264, 0], [34.9718927, 50.5016114, 0], [34.9758543, 50.4987774, 0], [34.9809991, 50.4949988, 0], [34.9929186, 50.4801327, 0], [34.9845042, 50.4742763, 0], [34.9926542, 50.4634867, 0], [34.9871018, 50.4580917, 0], [34.9702457, 50.4608624, 0], [34.9645728, 50.4521996, 0], [34.9405573, 50.4542222, 0], [34.9377178, 50.4712647, 0], [34.9183964, 50.4736659, 0], [34.9261542, 50.4897624, 0], [34.9421552, 50.4905661, 0]]]}}, {"type": "Feature", "properties": {"name": "\u0417\u0432\u0456\u043b\u044c\u043d\u0435\u043d\u043e /// Taken back", "date": "2022-08-31", "layer_type": "liberated"}, "geometry": {"type": "Polygon", "coordinates": [[[31.0924658, 50.6528092, 0], [31.0713096, 50.6481256, 0], [31.0626756, 50.6404655, 0], [31.0446803, 50.6393541, 0], [31.0416209, 50.6330156, 0], [31.0495791, 50.6251293, 0], [31.0797276, 50.6202035, 0], [31.1081469, 50.605032, 0], [31.1224774, 50.5937768, 0], [31.1479545, 50.5780502, 0], [31.1594543, 50.5687662, 0], [31.1651149, 50.5586092, 0], [31.1650278, 50.5522493, 0], [31.1577321, 50.5505789, 0], [31.1526047, 50.5573022, 0], [31.1131128, 50.5421046, 0], [31.1097795, 50.5312229, 0], [31.1018124, 50.5250325, 0], [31.0906072, 50.5291818, 0], [31.0752173, 50.5383482, 0], [31.0757589, 50.544349, 0], [31.0529511, 50.5553672, 0], [31.0462147, 50.5589811, 0], [31.050717, 50.5674302, 0], [31.053054, 50.5740532, 0], [31.051218, 50.5783729, 0], [31.0410562, 50.5778958, 0], [31.0264418, 50.5761593, 0], [31.018094, 50.5713146, 0], [31.0091249, 50.5657665, 0], [31.0046607, 50.5662432, 0], [30.9993378, 50.5686823, 0], [30.9924275, 50.5725115, 0], [30.9909239, 50.5761225, 0], [30.9946552, 50.5773909, 0], [30.9997828, 50.5782428, 0], [31.0046643, 50.5784505, 0], [31.0102809, 50.57899, 0], [31.0179817, 50.5796411, 0], [31.0206307, 50.5808929, 0], [31.0290305, 50.581654, 0], [31.0446418, 50.5836135, 0], [31.0372752, 50.5933783, 0], [31.0323098, 50.6023259, 0], [31.0275566, 50.6111439, 0], [31.0286361, 50.6143861, 0], [31.029029, 50.6176282, 0], [31.0249154, 50.617276, 0], [31.0208878, 50.6163245, 0], [31.0077911, 50.614136, 0], [31.0005744, 50.6149287, 0], [30.9806523, 50.6265023, 0], [30.9583301, 50.6198588, 0], [30.9445927, 50.6209363, 0], [30.9288014, 50.6213359, 0], [30.9507252, 50.5991297, 0], [30.9321357, 50.5838966, 0], [30.8922316, 50.5682493, 0], [30.8718904, 50.5876887, 0], [30.8687111, 50.6102121, 0], [30.8508742, 50.6162326, 0], [30.8674516, 50.6329379, 0], [30.8792298, 50.6407127, 0], [30.9059439, 50.6346056, 0], [30.9356968, 50.6271902, 0], [30.9451698, 50.6274519, 0], [30.9543732, 50.6264903, 0], [30.9785467, 50.6321038, 0], [31.0019759, 50.637953, 0], [31.0047754, 50.641526, 0], [31.0181944, 50.6452722, 0], [31.0290295, 50.6482317, 0], [31.0471541, 50.6542811, 0], [31.0453366, 50.6613965, 0], [31.0529616, 50.6699805, 0], [31.072263, 50.6642546, 0], [31.0856065, 50.6604923, 0], [31.0857582, 50.6752035, 0], [31.1161331, 50.694264, 0], [31.1237275, 50.6980697, 0], [31.0422291, 50.7400216, 0], [31.0468653, 50.7445842, 0], [31.0916973, 50.7218813, 0], [31.1162025, 50.7094117, 0], [31.1317146, 50.7188267, 0], [31.1444812, 50.7162835, 0], [31.1890025, 50.6733799, 0], [31.1978566, 50.6418889, 0], [31.1999893, 50.6325646, 0], [31.1836942, 50.6341425, 0], [31.1718108, 50.6554339, 0], [31.1654139, 50.6688884, 0], [31.1453982, 50.6862153, 0], [31.1225703, 50.6883916, 0], [31.1097042, 50.6790489, 0], [31.1009621, 50.6701402, 0], [31.1020192, 50.6605912, 0], [31.0924658, 50.6528092, 0]], [[31.0878088, 50.587683, 0], [31.0829078, 50.5813402, 0], [31.0727204, 50.5837084, 0], [31.0638204, 50.5825332, 0], [31.0577198, 50.5798255, 0], [31.0571985, 50.5772813, 0], [31.0667984, 50.5784062, 0], [31.076041, 50.5765136, 0], [31.0785612, 50.5737092, 0], [31.0781932, 50.5713166, 0], [31.0737825, 50.5698348, 0], [31.0679986, 50.5704243, 0], [31.0576661, 50.5697051, 0], [31.0571189, 50.5646245, 0], [31.0581526, 50.5597689, 0], [31.0700003, 50.5542586, 0], [31.0779023, 50.5551251, 0], [31.08782, 50.5531282, 0], [31.0967928, 50.5495489, 0], [31.1049437, 50.5478418, 0], [31.1130947, 50.5500608, 0], [31.1286312, 50.5570776, 0], [31.1354345, 50.5610117, 0], [31.1253613, 50.5791463, 0], [31.1129947, 50.5895946, 0], [31.0952974, 50.5994821, 0], [31.0799961, 50.610239, 0], [31.0658681, 50.6136654, 0], [31.0446225, 50.6208636, 0], [31.0383024, 50.6246093, 0], [31.033769, 50.6256652, 0], [31.0342999, 50.6192611, 0], [31.0391697, 50.6136831, 0], [31.0863871, 50.5884784, 0], [31.0878088, 50.587683, 0]], [[31.0374623, 50.6057019, 0], [31.0439685, 50.6037188, 0], [31.0458974, 50.606181, 0], [31.0411313, 50.6100595, 0], [31.035271, 50.613284, 0], [31.0338738, 50.6093189, 0], [31.0374623, 50.6057019, 0]]]}}, {"type": "Feature", "properties": {"name": "\u0417\u0432\u0456\u043b\u044c\u043d\u0435\u043d\u043e /// Taken back", "date": "2022-08-31", "layer_type": "liberated"}, "geometry": {"type": "Polygon", "coordinates": [[[36.1001464, 50.1355213, 0], [36.1075272, 50.1403094, 0], [36.1140502, 50.1418227, 0], [36.1183425, 50.146857, 0], [36.1216697, 50.1552365, 0], [36.1408445, 50.1908724, 0], [36.1442597, 50.2031947, 0], [36.1380711, 50.2077078, 0], [36.1401217, 50.2137589, 0], [36.1429625, 50.219958, 0], [36.1475222, 50.223522, 0], [36.1522629, 50.2304331, 0], [36.1515241, 50.2348658, 0], [36.1579117, 50.25853, 0], [36.2087445, 50.2502145, 0], [36.2252736, 50.252947, 0], [36.2373059, 50.2455451, 0], [36.2465751, 50.2441238, 0], [36.2487199, 50.2421778, 0], [36.2636948, 50.2352085, 0], [36.2633076, 50.224057, 0], [36.258564, 50.2139749, 0], [36.2758947, 50.2072254, 0], [36.2873009, 50.2012181, 0], [36.2898714, 50.1994264, 0], [36.2905535, 50.1979644, 0], [36.2817045, 50.1941611, 0], [36.2813303, 50.1878748, 0], [36.2717357, 50.184419, 0], [36.2588006, 50.181573, 0], [36.218685, 50.1844612, 0], [36.2158633, 50.1795012, 0], [36.1998296, 50.1944379, 0], [36.1774961, 50.1970599, 0], [36.157359, 50.1963955, 0], [36.1498655, 50.1761183, 0], [36.1516455, 50.1379433, 0], [36.1578256, 50.1310096, 0], [36.1585112, 50.1183535, 0], [36.1516447, 50.1069049, 0], [36.1509578, 50.1027755, 0], [36.1434051, 50.0999672, 0], [36.1550777, 50.0925891, 0], [36.1488982, 50.0857617, 0], [36.1337922, 50.0831192, 0], [36.1186857, 50.0870835, 0], [36.1155963, 50.0841095, 0], [36.0980875, 50.0868634, 0], [36.0953406, 50.093582, 0], [36.0949964, 50.0973255, 0], [36.091219, 50.1085555, 0], [36.0908339, 50.1179385, 0], [36.0913054, 50.1279815, 0], [36.1001464, 50.1355213, 0]]]}}, {"type": "Feature", "properties": {"name": "\u0417\u0432\u0456\u043b\u044c\u043d\u0435\u043d\u043e /// Taken back", "date": "2022-08-31", "layer_type": "liberated"}, "geometry": {"type": "Polygon", "coordinates": [[[32.1450135, 46.9394648, 0], [32.1090069, 47.0262782, 0], [32.0458355, 47.0375104, 0], [32.01854, 47.0331691, 0], [32.0108799, 47.0509256, 0], [32.1361222, 47.2129322, 0], [32.0941552, 47.3600156, 0], [32.1160203, 47.378979, 0], [32.2071085, 47.3954465, 0], [32.2279306, 47.3860019, 0], [32.2212871, 47.3737682, 0], [32.1214762, 47.3600138, 0], [32.1164409, 47.3518149, 0], [32.1496915, 47.2099305, 0], [32.0379398, 47.0496953, 0], [32.1148387, 47.0424534, 0], [32.1402026, 47.0238216, 0], [32.1679233, 47.0416568, 0], [32.1654778, 47.0488761, 0], [32.1943212, 47.0603062, 0], [32.197495, 47.0458116, 0], [32.3660999, 47.0564407, 0], [32.3662686, 47.0444634, 0], [32.2284561, 47.0296374, 0], [32.1886936, 47.0354583, 0], [32.1574443, 46.9968772, 0], [32.1667259, 46.9442446, 0], [32.1450135, 46.9394648, 0]]]}}, {"type": "Feature", "properties": {"name": "\u0417\u0432\u0456\u043b\u044c\u043d\u0435\u043d\u043e 31.03 - 02.04/// Taken back 31.03 - 02.04", "date": "2022-08-31", "layer_type": "liberated"}, "geometry": {"type": "Polygon", "coordinates": [[[30.283456, 50.6252003, 0], [30.2868637, 50.6226811, 0], [30.3306249, 50.6057465, 0], [30.3039937, 50.5647224, 0], [30.2959194, 50.552647, 0], [30.2727508, 50.5276007, 0], [30.2064692, 50.4138607, 0], [30.1073449, 50.4097297, 0], [30.0511278, 50.4193304, 0], [29.9913613, 50.3965421, 0], [29.9502327, 50.3722871, 0], [29.914295, 50.3686281, 0], [29.8552639, 50.4483963, 0], [29.7857021, 50.4504858, 0], [29.8154374, 50.4974999, 0], [29.7675787, 50.5350431, 0], [29.7444382, 50.5662128, 0], [29.7497192, 50.6168984, 0], [29.7172204, 50.7224799, 0], [29.7630052, 50.9094953, 0], [29.5675247, 50.8629122, 0], [29.5760865, 50.8323912, 0], [29.5578727, 50.8294046, 0], [29.4272101, 50.9734048, 0], [29.4797742, 51.0159434, 0], [29.4387825, 51.151168, 0], [29.302118, 51.3043836, 0], [29.1876314, 51.2560175, 0], [29.1280718, 51.3269426, 0], [29.2311779, 51.3777255, 0], [29.3214274, 51.3776783, 0], [29.3339425, 51.3853515, 0], [29.3487853, 51.384152, 0], [29.3596402, 51.3889078, 0], [29.3660329, 51.3898065, 0], [29.3736346, 51.3982087, 0], [29.3891359, 51.4048959, 0], [29.4036637, 51.4109863, 0], [29.4158771, 51.4135415, 0], [29.4301509, 51.4128833, 0], [29.4591608, 51.4029463, 0], [29.5006871, 51.3968482, 0], [29.5126954, 51.4230894, 0], [29.5205784, 51.421924, 0], [29.5171389, 51.4276092, 0], [29.5212529, 51.4340435, 0], [29.516431, 51.4434088, 0], [29.5184864, 51.4525581, 0], [29.5238064, 51.4570256, 0], [29.5287837, 51.4589257, 0], [29.5329042, 51.4636447, 0], [29.5316298, 51.4679388, 0], [29.5372223, 51.4824976, 0], [29.5755442, 51.4613576, 0], [29.5775044, 51.4612148, 0], [29.5834977, 51.462504, 0], [29.5873959, 51.4644987, 0], [29.5923243, 51.4666536, 0], [29.6050021, 51.4722246, 0], [29.605927, 51.493803, 0], [29.6208547, 51.4926485, 0], [29.6274587, 51.5021268, 0], [29.6340655, 51.5060497, 0], [29.6398135, 51.4985388, 0], [29.6485632, 51.5009342, 0], [29.6482099, 51.5015572, 0], [29.6506895, 51.5052253, 0], [29.6533411, 51.5061152, 0], [29.6657677, 51.5027117, 0], [29.669439, 51.5026202, 0], [29.6697084, 51.5082387, 0], [29.671622, 51.5111412, 0], [29.6833483, 51.5136318, 0], [29.6874058, 51.5169029, 0], [29.6951566, 51.5169673, 0], [29.7046247, 51.5203425, 0], [29.7074775, 51.5204913, 0], [29.7075248, 51.5278397, 0], [29.737672, 51.5307764, 0], [29.7423866, 51.5127869, 0], [29.7353378, 51.5108808, 0], [29.7421064, 51.5022986, 0], [29.7447532, 51.4935026, 0], [29.725484, 51.4917656, 0], [29.7308885, 51.4797458, 0], [29.7334563, 51.469393, 0], [29.7420183, 51.4615221, 0], [29.7390326, 51.4589453, 0], [29.7641972, 51.4492008, 0], [29.7793333, 51.4467181, 0], [29.7939795, 51.4414294, 0], [29.7910083, 51.4573834, 0], [29.8104728, 51.459011, 0], [29.8128301, 51.4486812, 0], [29.843128, 51.4572132, 0], [29.8479246, 51.4489232, 0], [29.8556282, 51.4487063, 0], [29.865023, 51.4462356, 0], [29.8738169, 51.4442435, 0], [29.8777185, 51.4451933, 0], [29.8779693, 51.4501954, 0], [29.8765827, 51.4521758, 0], [29.8756983, 51.4565647, 0], [29.8857771, 51.4637375, 0], [29.8853358, 51.4662114, 0], [29.8873722, 51.467844, 0], [29.8864675, 51.4708962, 0], [29.8894654, 51.471012, 0], [29.8903122, 51.4727409, 0], [29.8878854, 51.4739539, 0], [29.8844042, 51.4748835, 0], [29.882935, 51.4767434, 0], [29.8842886, 51.4773627, 0], [29.8866534, 51.4772111, 0], [29.8891526, 51.4789397, 0], [29.8894211, 51.4828072, 0], [29.8907197, 51.4836813, 0], [29.9039273, 51.485059, 0], [29.9062345, 51.4866503, 0], [29.910162, 51.4854503, 0], [29.9145842, 51.487005, 0], [29.9170772, 51.4884039, 0], [29.9186299, 51.486926, 0], [29.9212205, 51.4880318, 0], [29.9251999, 51.4870363, 0], [29.9237179, 51.4897486, 0], [29.9465012, 51.4836256, 0], [29.9515496, 51.4735153, 0], [29.9619869, 51.4712535, 0], [29.9668968, 51.4719679, 0], [29.9705387, 51.4752129, 0], [29.9711315, 51.4803116, 0], [29.9753163, 51.4834442, 0], [29.9819049, 51.4857213, 0], [29.9902753, 51.4812953, 0], [30.0008378, 51.485591, 0], [30.0034189, 51.4882828, 0], [30.0075453, 51.4897987, 0], [30.0122058, 51.4894482, 0], [30.0130056, 51.4949759, 0], [30.0182689, 51.4953735, 0], [30.0161511, 51.4960118, 0], [30.0152348, 51.4972379, 0], [30.0142604, 51.4995298, 0], [30.012184, 51.5026446, 0], [30.012425, 51.5046374, 0], [30.0190557, 51.504593, 0], [30.0274094, 51.502618, 0], [30.0337029, 51.503207, 0], [30.0559001, 51.4971165, 0], [30.0623035, 51.4989321, 0], [30.0746035, 51.4956717, 0], [30.0776333, 51.4968994, 0], [30.1042691, 51.4909003, 0], [30.110844, 51.4870225, 0], [30.121244, 51.4861034, 0], [30.1224787, 51.4898223, 0], [30.1290643, 51.4876375, 0], [30.1206263, 51.5044314, 0], [30.1315609, 51.505525, 0], [30.1443643, 51.4945249, 0], [30.1629981, 51.4880114, 0], [30.167316, 51.5087531, 0], [30.1804182, 51.5124029, 0], [30.2139455, 51.4924315, 0], [30.2450593, 51.4861327, 0], [30.2795323, 51.4647653, 0], [30.2880411, 51.4632954, 0], [30.29178, 51.4590308, 0], [30.2982648, 51.4562633, 0], [30.3088292, 51.4465554, 0], [30.311535, 51.4428779, 0], [30.3187033, 51.4402702, 0], [30.321453, 51.433984, 0], [30.3255752, 51.4309082, 0], [30.3307267, 51.4286886, 0], [30.3345044, 51.4247564, 0], [30.3441285, 51.4232642, 0], [30.3561351, 51.3828066, 0], [30.3557051, 51.378437, 0], [30.3233531, 51.3614211, 0], [30.3346178, 51.3515437, 0], [30.3482824, 51.3487405, 0], [30.3659892, 51.3341261, 0], [30.3909189, 51.3218353, 0], [30.398539, 51.3122704, 0], [30.4102701, 51.3083368, 0], [30.4211408, 51.3041874, 0], [30.4448787, 51.3087186, 0], [30.4617855, 51.3059688, 0], [30.4576371, 51.2966452, 0], [30.4620716, 51.294191, 0], [30.4632154, 51.2906783, 0], [30.4569213, 51.2862295, 0], [30.4534316, 51.2878527, 0], [30.4500585, 51.2814376, 0], [30.4537828, 51.2791298, 0], [30.4512759, 51.2769844, 0], [30.452051, 51.273079, 0], [30.4634687, 51.2726097, 0], [30.4748029, 51.2754291, 0], [30.5051977, 51.2789149, 0], [30.5328452, 51.2650453, 0], [30.5156006, 51.2359372, 0], [30.5071556, 51.2308399, 0], [30.5038618, 51.2246673, 0], [30.5143891, 51.2131213, 0], [30.4989695, 51.2150904, 0], [30.4811441, 51.2200678, 0], [30.4737012, 51.2337422, 0], [30.4727796, 51.2397826, 0], [30.4656773, 51.2428136, 0], [30.455938, 51.2322145, 0], [30.4496342, 51.2297835, 0], [30.4312774, 51.2329529, 0], [30.423064, 51.2272497, 0], [30.4163307, 51.2321892, 0], [30.4113123, 51.2387407, 0], [30.3947495, 51.2413091, 0], [30.3891722, 51.2383953, 0], [30.3769007, 51.2384902, 0], [30.3786185, 51.2469552, 0], [30.3729543, 51.2481129, 0], [30.3616272, 51.2460776, 0], [30.3561334, 51.2521074, 0], [30.3303832, 51.2452452, 0], [30.316239, 51.2305237, 0], [30.3223849, 51.2246686, 0], [30.3306065, 51.2206657, 0], [30.3384933, 51.2201692, 0], [30.3429462, 51.2164468, 0], [30.3495232, 51.2162661, 0], [30.3619367, 51.2153316, 0], [30.3716551, 51.2080847, 0], [30.392463, 51.2071368, 0], [30.3935236, 51.1937114, 0], [30.3962849, 51.1902259, 0], [30.400419, 51.1867403, 0], [30.4111211, 51.1933418, 0], [30.4183914, 51.1937027, 0], [30.4310317, 51.1842005, 0], [30.4404397, 51.1823539, 0], [30.4508763, 51.1779239, 0], [30.450736, 51.1738511, 0], [30.4471629, 51.1691326, 0], [30.4540919, 51.1640008, 0], [30.4617679, 51.154168, 0], [30.4779369, 51.1544542, 0], [30.4800294, 51.1532323, 0], [30.4842657, 51.1261684, 0], [30.4766779, 51.1219655, 0], [30.4742412, 51.11453, 0], [30.4657625, 51.1157141, 0], [30.4567032, 51.1122627, 0], [30.4481997, 51.1085922, 0], [30.4490467, 51.104485, 0], [30.4363251, 51.1012271, 0], [30.4362852, 51.107429, 0], [30.4348304, 51.1116397, 0], [30.438443, 51.1127328, 0], [30.4408604, 51.1153501, 0], [30.4353951, 51.1171351, 0], [30.4337322, 51.1217818, 0], [30.4273163, 51.1224539, 0], [30.4299378, 51.1149634, 0], [30.4060648, 51.0813075, 0], [30.4081246, 51.0743948, 0], [30.4074401, 51.0666119, 0], [30.3779373, 51.0652803, 0], [30.3786746, 51.055934, 0], [30.3405032, 51.0418485, 0], [30.3197076, 51.053903, 0], [30.2990091, 51.0534533, 0], [30.2915797, 51.0472927, 0], [30.3015983, 51.0415143, 0], [30.29857, 51.0389738, 0], [30.3151061, 51.0378997, 0], [30.3326421, 51.0337969, 0], [30.3489602, 51.0286116, 0], [30.3614082, 51.0265564, 0], [30.3708931, 51.0194806, 0], [30.3780371, 51.0235002, 0], [30.3908798, 51.0284246, 0], [30.4092159, 51.0244934, 0], [30.4253345, 50.9903117, 0], [30.4440246, 50.9842484, 0], [30.4324209, 50.9658688, 0], [30.4479069, 50.9456502, 0], [30.4554908, 50.9195852, 0], [30.4501309, 50.9121063, 0], [30.4420262, 50.9072246, 0], [30.4457311, 50.8870698, 0], [30.4196059, 50.8825434, 0], [30.4183735, 50.8801814, 0], [30.4205608, 50.8774013, 0], [30.4260093, 50.873484, 0], [30.4242036, 50.8675992, 0], [30.4257415, 50.863738, 0], [30.4231531, 50.8565582, 0], [30.4159744, 50.8532524, 0], [30.4108568, 50.8502171, 0], [30.4074434, 50.8461476, 0], [30.408579, 50.8426202, 0], [30.4060443, 50.838167, 0], [30.4010434, 50.8336507, 0], [30.3922674, 50.8281582, 0], [30.3891247, 50.822904, 0], [30.3885573, 50.818192, 0], [30.3815875, 50.8142987, 0], [30.3805951, 50.8066077, 0], [30.3765136, 50.7988082, 0], [30.3739861, 50.7963908, 0], [30.3734329, 50.7943531, 0], [30.3752446, 50.7940754, 0], [30.3759497, 50.7923264, 0], [30.3676621, 50.7873636, 0], [30.367667, 50.7851494, 0], [30.3687018, 50.7835863, 0], [30.3713722, 50.7808399, 0], [30.3760258, 50.777735, 0], [30.3739272, 50.7753033, 0], [30.3728588, 50.7724374, 0], [30.3739835, 50.7685512, 0], [30.3771678, 50.763525, 0], [30.381592, 50.7608489, 0], [30.3824111, 50.7587158, 0], [30.3684002, 50.7526314, 0], [30.3667505, 50.7503474, 0], [30.3690809, 50.7435443, 0], [30.3734645, 50.7438631, 0], [30.375788, 50.741792, 0], [30.3779821, 50.7366114, 0], [30.3806055, 50.7320823, 0], [30.3774412, 50.7271528, 0], [30.3575516, 50.724753, 0], [30.3374079, 50.7191435, 0], [30.2952488, 50.7046519, 0], [30.283456, 50.6252003, 0]]]}}, {"type": "Feature", "properties": {"name": "\u0417\u0432\u0456\u043b\u044c\u043d\u0435\u043d\u043e 25.03 /// Taken back 25.03", "date": "2022-08-31", "layer_type": "liberated"}, "geometry": {"type": "Polygon", "coordinates": [[[34.9645728, 50.4521996, 0], [34.9493128, 50.4439678, 0], [34.9422953, 50.4309244, 0], [34.9374157, 50.4206294, 0], [34.9371714, 50.4138344, 0], [34.9387405, 50.4072129, 0], [34.9348167, 50.4016854, 0], [34.9309799, 50.3942975, 0], [34.9262858, 50.391396, 0], [34.9323967, 50.386904, 0], [34.9352567, 50.3715888, 0], [34.9383898, 50.3615209, 0], [34.949471, 50.3517731, 0], [34.9414146, 50.3433546, 0], [34.9164462, 50.3445287, 0], [34.9227177, 50.3564372, 0], [34.9211972, 50.3652135, 0], [34.917234, 50.3888645, 0], [34.9167019, 50.3929221, 0], [34.9235184, 50.3994141, 0], [34.9272474, 50.4088604, 0], [34.9405573, 50.4542222, 0], [34.9645728, 50.4521996, 0]]]}}, {"type": "Feature", "properties": {"name": "\u0417\u0432\u0456\u043b\u044c\u043d\u0435\u043d\u043e 23.03 /// Taken back 23.03", "date": "2022-08-31", "layer_type": "liberated"}, "geometry": {"type": "Polygon", "coordinates": [[[32.3662686, 47.0444634, 0], [32.3660999, 47.0564407, 0], [32.3660695, 47.0672693, 0], [32.3597431, 47.1040317, 0], [32.3524263, 47.1520744, 0], [32.3507339, 47.1632142, 0], [32.3483545, 47.1737705, 0], [32.3572286, 47.1864868, 0], [32.3593239, 47.1880027, 0], [32.3607683, 47.1892848, 0], [32.3626276, 47.189749, 0], [32.3696772, 47.1875806, 0], [32.3712772, 47.1793832, 0], [32.3731349, 47.1715359, 0], [32.4007859, 47.1712828, 0], [32.4159907, 47.1693933, 0], [32.4227113, 47.1705146, 0], [32.4292868, 47.1722889, 0], [32.4345559, 47.1750599, 0], [32.4391391, 47.1768963, 0], [32.4441865, 47.1791682, 0], [32.4501623, 47.1804443, 0], [32.4626293, 47.1785602, 0], [32.4661906, 47.1743224, 0], [32.4634004, 47.1703181, 0], [32.4603979, 47.1572919, 0], [32.4370925, 47.152896, 0], [32.444864, 47.1050576, 0], [32.4638335, 47.1000099, 0], [32.4634263, 47.0914955, 0], [32.460273, 47.083916, 0], [32.4612704, 47.0748221, 0], [32.4511127, 47.0673645, 0], [32.4541448, 47.0501117, 0], [32.4585676, 47.0380601, 0], [32.4667372, 47.0330282, 0], [32.4700159, 47.0229662, 0], [32.4729895, 47.0120187, 0], [32.4785949, 47.0093539, 0], [32.4818694, 47.0086355, 0], [32.4853152, 47.0048736, 0], [32.4871751, 46.9980677, 0], [32.4764465, 46.9847194, 0], [32.4225553, 46.9589532, 0], [32.3879391, 46.9635098, 0], [32.3790345, 46.987997, 0], [32.3748797, 46.9954172, 0], [32.3760272, 47.0025175, 0], [32.3703625, 47.0205426, 0], [32.3662686, 47.0444634, 0]]]}}, {"type": "Feature", "properties": {"name": "\u0417\u0432\u0456\u043b\u044c\u043d\u0435\u043d\u043e 27-31.03/// Taken back 27-31.03", "date": "2022-08-31", "layer_type": "liberated"}, "geometry": {"type": "Polygon", "coordinates": [[[31.3341908, 50.5042485, 0], [31.3532233, 50.5050163, 0], [31.3659043, 50.505457, 0], [31.3805408, 50.4984363, 0], [31.4030605, 50.4994234, 0], [31.4063883, 50.487633, 0], [31.4021634, 50.4779721, 0], [31.3892525, 50.4806573, 0], [31.3819326, 50.4832626, 0], [31.377187, 50.4857583, 0], [31.370566, 50.4812138, 0], [31.3689976, 50.4780227, 0], [31.3705814, 50.4752998, 0], [31.3720328, 50.4736777, 0], [31.373906, 50.4715261, 0], [31.3749058, 50.4698451, 0], [31.3755325, 50.4676851, 0], [31.3751509, 50.4654012, 0], [31.3741689, 50.4626802, 0], [31.3730635, 50.4610084, 0], [31.3694852, 50.4611947, 0], [31.3669367, 50.4639489, 0], [31.3651009, 50.4660696, 0], [31.3607426, 50.4658307, 0], [31.3578439, 50.4646629, 0], [31.3521986, 50.46273, 0], [31.3473232, 50.4616944, 0], [31.3420185, 50.462243, 0], [31.3386179, 50.4660714, 0], [31.3380456, 50.4693819, 0], [31.3415361, 50.4726763, 0], [31.3462002, 50.476618, 0], [31.3523095, 50.4803368, 0], [31.356223, 50.4832887, 0], [31.3612699, 50.484874, 0], [31.3668834, 50.4874143, 0], [31.3707202, 50.4892308, 0], [31.370407, 50.4918866, 0], [31.3628686, 50.4952893, 0], [31.3534416, 50.4990186, 0], [31.3308395, 50.4967956, 0], [31.301253, 50.4931115, 0], [31.2760524, 50.4895258, 0], [31.2621808, 50.4844042, 0], [31.2362935, 50.4835908, 0], [31.2136682, 50.4843007, 0], [31.2074944, 50.4891624, 0], [31.2146476, 50.4998213, 0], [31.2293683, 50.4996958, 0], [31.2368809, 50.5067756, 0], [31.2410947, 50.5146031, 0], [31.2476432, 50.5162313, 0], [31.2531619, 50.5163311, 0], [31.2626538, 50.5124913, 0], [31.2815837, 50.5071743, 0], [31.2850392, 50.5000368, 0], [31.311313, 50.5019269, 0], [31.3217975, 50.5092733, 0], [31.3355689, 50.5195952, 0], [31.4740034, 50.5670036, 0], [31.4791442, 50.5679644, 0], [31.4406749, 50.5898548, 0], [31.4267537, 50.5935644, 0], [31.4116297, 50.5932409, 0], [31.3999209, 50.5923748, 0], [31.3940133, 50.5902056, 0], [31.3863185, 50.5886992, 0], [31.3788265, 50.5865567, 0], [31.370195, 50.5889169, 0], [31.3681757, 50.592812, 0], [31.3676808, 50.5975929, 0], [31.3682161, 50.6035725, 0], [31.3756808, 50.6183383, 0], [31.3545172, 50.625511, 0], [31.3299147, 50.6300655, 0], [31.2937514, 50.6300175, 0], [31.289388, 50.6456007, 0], [31.2960201, 50.6596352, 0], [31.3061377, 50.6594734, 0], [31.3184043, 50.6552551, 0], [31.3289969, 50.649444, 0], [31.3373795, 50.6424009, 0], [31.3432843, 50.6373545, 0], [31.3917509, 50.6248982, 0], [31.3897703, 50.6109999, 0], [31.3907212, 50.6074391, 0], [31.3981485, 50.5995574, 0], [31.4072921, 50.599738, 0], [31.4349428, 50.5979596, 0], [31.4548571, 50.5955264, 0], [31.468769, 50.5868715, 0], [31.4832395, 50.5759586, 0], [31.4856759, 50.5743159, 0], [31.4868946, 50.577802, 0], [31.487676, 50.5826521, 0], [31.4920152, 50.5866032, 0], [31.4996172, 50.588811, 0], [31.4048466, 50.7178037, 0], [31.1890025, 50.6733799, 0], [31.1444812, 50.7162835, 0], [31.3521689, 50.7579231, 0], [31.3539429, 50.8018928, 0], [31.3276928, 50.8437663, 0], [31.242443, 50.8529914, 0], [31.2491831, 50.8682719, 0], [31.2872012, 50.8778494, 0], [31.3495456, 50.8705835, 0], [31.4035643, 50.82429, 0], [31.4306607, 50.7683354, 0], [31.5670762, 50.7742251, 0], [31.6932418, 50.6188508, 0], [31.6739599, 50.610871, 0], [31.6633791, 50.6073872, 0], [31.5304251, 50.7383992, 0], [31.4526187, 50.7350317, 0], [31.5408027, 50.6204537, 0], [31.5339188, 50.577133, 0], [31.5348812, 50.5730674, 0], [31.5393962, 50.569781, 0], [31.5450862, 50.5670472, 0], [31.549819, 50.5633903, 0], [31.5488857, 50.5602775, 0], [31.5452983, 50.5577869, 0], [31.5404172, 50.5553411, 0], [31.5348893, 50.5544441, 0], [31.5281786, 50.5532306, 0], [31.5208766, 50.5536036, 0], [31.514823, 50.5528064, 0], [31.5073342, 50.5516428, 0], [31.5010063, 50.5503121, 0], [31.4943351, 50.5509443, 0], [31.4885456, 50.5526446, 0], [31.4860174, 50.5542901, 0], [31.482459, 50.5565899, 0], [31.469163, 50.5538803, 0], [31.4479731, 50.5480051, 0], [31.3866192, 50.5324496, 0], [31.3922089, 50.5279007, 0], [31.4008452, 50.5260252, 0], [31.4087612, 50.5233106, 0], [31.4100879, 50.5233378, 0], [31.4113678, 50.5233923, 0], [31.4115246, 50.5240467, 0], [31.4112374, 50.5249736, 0], [31.4123796, 50.5255721, 0], [31.4143207, 50.5254595, 0], [31.4171727, 50.5254523, 0], [31.4203019, 50.5263106, 0], [31.4229551, 50.5260625, 0], [31.4246561, 50.5250204, 0], [31.4246244, 50.5232637, 0], [31.4247322, 50.5218241, 0], [31.4264694, 50.5203837, 0], [31.4356635, 50.5166074, 0], [31.4373041, 50.5168693, 0], [31.4392731, 50.5170009, 0], [31.4423524, 50.5172633, 0], [31.446107, 50.5169142, 0], [31.449152, 50.5161063, 0], [31.4532604, 50.5123491, 0], [31.4848262, 50.4964167, 0], [31.487681, 50.4950288, 0], [31.4898716, 50.4950366, 0], [31.4909932, 50.4973439, 0], [31.4939238, 50.4990083, 0], [31.4965242, 50.500479, 0], [31.4989789, 50.5017812, 0], [31.5021716, 50.5024185, 0], [31.5059802, 50.5019444, 0], [31.5087903, 50.5021958, 0], [31.5104635, 50.5035708, 0], [31.5119232, 50.5051185, 0], [31.5138134, 50.5062475, 0], [31.5165631, 50.5061022, 0], [31.518111, 50.5040644, 0], [31.5167411, 50.501737, 0], [31.5153717, 50.4992673, 0], [31.5150331, 50.496731, 0], [31.517442, 50.4941706, 0], [31.5184836, 50.4950538, 0], [31.5215986, 50.4972544, 0], [31.5250843, 50.4999055, 0], [31.52854, 50.5014924, 0], [31.5336472, 50.5029158, 0], [31.5368199, 50.5011755, 0], [31.5386975, 50.498568, 0], [31.5398007, 50.4946154, 0], [31.5388451, 50.4910993, 0], [31.537278, 50.4873432, 0], [31.5297361, 50.4856914, 0], [31.5204722, 50.4847557, 0], [31.5124069, 50.4837412, 0], [31.5036534, 50.4838346, 0], [31.4952426, 50.4867672, 0], [31.4483236, 50.5068812, 0], [31.4443092, 50.5067903, 0], [31.4397124, 50.5070441, 0], [31.4321994, 50.5100343, 0], [31.4308658, 50.5125877, 0], [31.4311165, 50.5152929, 0], [31.4310271, 50.5163316, 0], [31.4287919, 50.5176432, 0], [31.4236345, 50.5195567, 0], [31.4171291, 50.5213798, 0], [31.4162026, 50.5205834, 0], [31.4154654, 50.5195908, 0], [31.4146777, 50.5189699, 0], [31.4137804, 50.5177361, 0], [31.4121536, 50.5178666, 0], [31.4095008, 50.5187279, 0], [31.4080573, 50.5198501, 0], [31.4074878, 50.5208393, 0], [31.4056521, 50.522715, 0], [31.4022022, 50.5240484, 0], [31.3990955, 50.5248906, 0], [31.389737, 50.5267449, 0], [31.3844114, 50.5315178, 0], [31.3708812, 50.5195609, 0], [31.3545522, 50.5152863, 0], [31.339066, 50.5091333, 0], [31.3341908, 50.5042485, 0]]]}}, {"type": "Feature", "properties": {"name": "\u0417\u0432\u0456\u043b\u044c\u043d\u0435\u043d\u043e /// Taken back", "date": "2022-08-31", "layer_type": "liberated"}, "geometry": {"type": "Polygon", "coordinates": [[[33.8760196, 47.4813189, 0], [33.8808544, 47.5017887, 0], [33.8854893, 47.5114132, 0], [33.8945873, 47.515819, 0], [33.905917, 47.517558, 0], [33.9148434, 47.5182536, 0], [33.9235981, 47.519297, 0], [33.926688, 47.5197607, 0], [33.9289196, 47.5168624, 0], [33.9301212, 47.5122248, 0], [33.9284046, 47.509558, 0], [33.9280613, 47.507007, 0], [33.9299496, 47.5043399, 0], [33.9304646, 47.5019046, 0], [33.9309795, 47.4986574, 0], [33.9333828, 47.4959899, 0], [33.9357861, 47.4930903, 0], [33.936816, 47.4903065, 0], [33.9376743, 47.4889145, 0], [33.9359577, 47.4867106, 0], [33.9571325, 47.4182281, 0], [33.9094933, 47.4216948, 0], [33.8766048, 47.4342063, 0], [33.8355409, 47.4341268, 0], [33.8531962, 47.4542425, 0], [33.8760196, 47.4813189, 0]]]}}, {"type": "Feature", "properties": {"name": "\u0417\u0432\u0456\u043b\u044c\u043d\u0435\u043d\u043e 26.03 /// Taken back 26.03", "date": "2022-08-31", "layer_type": "liberated"}, "geometry": {"type": "Polygon", "coordinates": [[[34.9758543, 50.4987774, 0], [34.9718927, 50.5016114, 0], [34.9657647, 50.498264, 0], [34.9618484, 50.510318, 0], [34.9553253, 50.5245075, 0], [34.9484588, 50.5380381, 0], [34.951892, 50.548947, 0], [34.9611617, 50.5681406, 0], [34.9604751, 50.5990957, 0], [34.9359275, 50.6031271, 0], [34.9302627, 50.6146745, 0], [34.9451948, 50.6208281, 0], [34.9549819, 50.6328614, 0], [34.964595, 50.6404826, 0], [34.9814178, 50.643313, 0], [34.9884561, 50.6411357, 0], [34.9906017, 50.6372709, 0], [34.991975, 50.6286148, 0], [34.9928333, 50.6236055, 0], [34.9984123, 50.6164173, 0], [35.0106002, 50.6112977, 0], [35.0102569, 50.6004032, 0], [34.993101, 50.5988866, 0], [34.9737944, 50.5992914, 0], [34.9772276, 50.5801105, 0], [34.9789443, 50.5604856, 0], [34.9662413, 50.5399797, 0], [34.9713912, 50.5292869, 0], [34.9779143, 50.5159721, 0], [34.9758543, 50.4987774, 0]]]}}, {"type": "Feature", "properties": {"name": "\u0417\u0432\u0456\u043b\u044c\u043d\u0435\u043d\u043e\u00a027-29.03 /// Taken back 27-29.03", "date": "2022-08-31", "layer_type": "liberated"}, "geometry": {"type": "Polygon", "coordinates": [[[36.8054894, 49.3628992, 0], [36.8139302, 49.3653012, 0], [36.8209657, 49.3813117, 0], [36.8248687, 49.3904051, 0], [36.8256563, 49.4074254, 0], [36.8289822, 49.4072579, 0], [36.8383621, 49.4051672, 0], [36.8733954, 49.3873213, 0], [36.8894732, 49.3809177, 0], [36.8703958, 49.3749831, 0], [36.8394802, 49.3547962, 0], [36.8380415, 49.3529439, 0], [36.8355723, 49.3506781, 0], [36.8312476, 49.3479793, 0], [36.8142203, 49.3499213, 0], [36.8127171, 49.3373359, 0], [36.8107457, 49.3174182, 0], [36.8129438, 49.3083564, 0], [36.8127386, 49.2989589, 0], [36.810817, 49.2892255, 0], [36.807866, 49.2789323, 0], [36.836741, 49.2572399, 0], [36.8572864, 49.2459456, 0], [36.886627, 49.2399839, 0], [36.8890148, 49.2367608, 0], [36.8955214, 49.2240103, 0], [36.9020105, 49.2157716, 0], [36.9091492, 49.2069192, 0], [36.9169008, 49.2064836, 0], [36.9257095, 49.2013499, 0], [36.9261943, 49.1993351, 0], [36.9268204, 49.1977731, 0], [36.9266994, 49.1961074, 0], [36.9239651, 49.1946283, 0], [36.9235483, 49.1913543, 0], [36.9213798, 49.1894851, 0], [36.920499, 49.1874478, 0], [36.9151711, 49.1703562, 0], [36.9085214, 49.1619891, 0], [36.8979885, 49.1555623, 0], [36.8872605, 49.158016, 0], [36.881125, 49.1646447, 0], [36.8726279, 49.1711672, 0], [36.8731424, 49.1770298, 0], [36.8642985, 49.1815468, 0], [36.8624916, 49.1887567, 0], [36.8820652, 49.1836391, 0], [36.8916801, 49.181303, 0], [36.9043866, 49.1913081, 0], [36.9050344, 49.1985333, 0], [36.8988341, 49.2091007, 0], [36.893328, 49.2166276, 0], [36.8862818, 49.2262774, 0], [36.8858069, 49.2303572, 0], [36.885332, 49.2315225, 0], [36.8815953, 49.2359104, 0], [36.8798983, 49.2375999, 0], [36.8722787, 49.2394013, 0], [36.861665, 49.2415651, 0], [36.8512223, 49.2432235, 0], [36.8445597, 49.2459082, 0], [36.8293114, 49.2550915, 0], [36.8108945, 49.269411, 0], [36.8022911, 49.2759377, 0], [36.8020763, 49.3166269, 0], [36.8050793, 49.3488407, 0], [36.7834682, 49.359892, 0], [36.7960234, 49.3648618, 0], [36.8054894, 49.3628992, 0]]]}}, {"type": "Feature", "properties": {"name": "\u0417\u0432\u0456\u043b\u044c\u043d\u0435\u043d\u043e 30.03 /// Taken back 30.03", "date": "2022-08-31", "layer_type": "liberated"}, "geometry": {"type": "Polygon", "coordinates": [[[33.0951221, 47.5616794, 0], [33.1110866, 47.5634169, 0], [33.1358059, 47.559131, 0], [33.152457, 47.5541495, 0], [33.1557186, 47.5436058, 0], [33.1658466, 47.5405929, 0], [33.1680782, 47.5346826, 0], [33.1817467, 47.5287426, 0], [33.1955011, 47.5304811, 0], [33.1988057, 47.528482, 0], [33.2095559, 47.529467, 0], [33.2158859, 47.5074399, 0], [33.218182, 47.504743, 0], [33.2197486, 47.4961536, 0], [33.2217009, 47.4878396, 0], [33.2130466, 47.4865746, 0], [33.2159878, 47.4715561, 0], [33.2244851, 47.4727746, 0], [33.2293869, 47.4711394, 0], [33.2321595, 47.4669419, 0], [33.235489, 47.4585667, 0], [33.2740134, 47.466258, 0], [33.2719485, 47.4700879, 0], [33.2711734, 47.4721189, 0], [33.2715141, 47.4739759, 0], [33.2720681, 47.475666, 0], [33.2712883, 47.4769, 0], [33.2722186, 47.4789037, 0], [33.2763975, 47.4798357, 0], [33.2786625, 47.4818735, 0], [33.2776142, 47.4835712, 0], [33.276462, 47.4841825, 0], [33.2783641, 47.4856368, 0], [33.2799369, 47.4857611, 0], [33.2827102, 47.4851352, 0], [33.2874573, 47.4828851, 0], [33.2901279, 47.4825611, 0], [33.3042555, 47.4834335, 0], [33.3077142, 47.4859863, 0], [33.3130485, 47.4880454, 0], [33.3149216, 47.4893794, 0], [33.3268098, 47.4891629, 0], [33.3315463, 47.4814351, 0], [33.334407, 47.4811592, 0], [33.3359508, 47.480886, 0], [33.3368079, 47.4803807, 0], [33.3369128, 47.4792976, 0], [33.3382306, 47.4785659, 0], [33.3407069, 47.476674, 0], [33.3401898, 47.4761816, 0], [33.3407027, 47.4756893, 0], [33.3410161, 47.4748945, 0], [33.3412383, 47.4733129, 0], [33.3417823, 47.4717604, 0], [33.3430933, 47.4708423, 0], [33.345166, 47.4707148, 0], [33.346509, 47.4701811, 0], [33.3474058, 47.469102, 0], [33.3480451, 47.4680519, 0], [33.3476147, 47.4670674, 0], [33.3349207, 47.465553, 0], [33.3343014, 47.4677317, 0], [33.3324418, 47.4699519, 0], [33.328801, 47.4719689, 0], [33.3226493, 47.4728325, 0], [33.3201883, 47.4717523, 0], [33.308114, 47.4655738, 0], [33.307486, 47.4562035, 0], [33.281171, 47.4527236, 0], [33.2615614, 47.4589076, 0], [33.2364155, 47.4533934, 0], [33.2361151, 47.4461672, 0], [33.2222105, 47.4447741, 0], [33.2114529, 47.4441035, 0], [33.2043583, 47.4870728, 0], [33.2011391, 47.4878856, 0], [33.2000664, 47.503586, 0], [33.1949711, 47.5179564, 0], [33.1914196, 47.5177318, 0], [33.1906677, 47.520993, 0], [33.1783399, 47.5209265, 0], [33.1577405, 47.5313589, 0], [33.144351, 47.5344882, 0], [33.1434927, 47.547467, 0], [33.112937, 47.556388, 0], [33.0875311, 47.5527966, 0], [33.0951221, 47.5616794, 0]]]}}, {"type": "Feature", "properties": {"name": "\u0417\u0432\u0456\u043b\u044c\u043d\u0435\u043d\u043e /// Taken back", "date": "2022-08-31", "layer_type": "liberated"}, "geometry": {"type": "Polygon", "coordinates": [[[34.9884561, 50.6411357, 0], [34.9814178, 50.643313, 0], [34.964595, 50.6404826, 0], [34.9881722, 50.664331, 0], [34.9878289, 50.6834776, 0], [34.9912621, 50.6937004, 0], [34.9752971, 50.7276849, 0], [34.966714, 50.7485435, 0], [34.943368, 50.7628784, 0], [34.9286052, 50.7785115, 0], [34.9272319, 50.7913181, 0], [34.9313517, 50.8114975, 0], [34.9316951, 50.8255963, 0], [34.9505778, 50.8249457, 0], [34.950061, 50.8127635, 0], [34.9414779, 50.7914994, 0], [34.9445678, 50.7812979, 0], [34.9589873, 50.7710942, 0], [34.9847366, 50.7554586, 0], [35.013919, 50.6935166, 0], [35.0087691, 50.6806833, 0], [35.0094558, 50.6613179, 0], [34.9884561, 50.6411357, 0]]]}}, {"type": "Feature", "properties": {"name": "\u0417\u0432\u0456\u043b\u044c\u043d\u0435\u043d\u043e 10.05 /// Taken back 10.05", "date": "2022-08-31", "layer_type": "liberated"}, "geometry": {"type": "Polygon", "coordinates": [[[36.5779066, 50.046777, 0], [36.5549859, 49.9997175, 0], [36.5019453, 49.9296916, 0], [36.4844358, 49.9288076, 0], [36.484806, 49.9887413, 0], [36.465936, 50.0018671, 0], [36.4269856, 50.0153275, 0], [36.3673919, 50.0446498, 0], [36.3315575, 50.0768013, 0], [36.3433078, 50.0860291, 0], [36.2500395, 50.1291796, 0], [36.2356302, 50.1439638, 0], [36.231807, 50.1518043, 0], [36.2197423, 50.1543644, 0], [36.2158633, 50.1795012, 0], [36.218685, 50.1844612, 0], [36.2588006, 50.181573, 0], [36.2717357, 50.184419, 0], [36.2813303, 50.1878748, 0], [36.2853644, 50.1861163, 0], [36.3018452, 50.1838128, 0], [36.3438552, 50.1685107, 0], [36.3832613, 50.1502803, 0], [36.4179366, 50.143609, 0], [36.4924572, 50.1496148, 0], [36.5487057, 50.1420142, 0], [36.5548751, 50.148294, 0], [36.6070085, 50.1604745, 0], [36.6492056, 50.1756785, 0], [36.6793992, 50.1795928, 0], [36.7045055, 50.1783521, 0], [36.7517927, 50.1542719, 0], [36.7715545, 50.1607468, 0], [36.8041919, 50.1611711, 0], [36.8191993, 50.1536676, 0], [36.8190635, 50.1523904, 0], [36.8172271, 50.1517137, 0], [36.8153907, 50.1523568, 0], [36.8144645, 50.1511132, 0], [36.8112616, 50.1258127, 0], [36.8103341, 50.1156922, 0], [36.7976834, 50.109753, 0], [36.7985706, 50.0844295, 0], [36.8039922, 50.0827824, 0], [36.8030978, 50.0763408, 0], [36.7980844, 50.0723227, 0], [36.8007671, 50.0685269, 0], [36.7999816, 50.0518187, 0], [36.7982866, 50.0511298, 0], [36.8004966, 50.0377632, 0], [36.804874, 50.0283907, 0], [36.7653654, 50.0191934, 0], [36.7480921, 50.029576, 0], [36.5779066, 50.046777, 0]]]}}, {"type": "Feature", "properties": {"name": "\u0417\u0432\u0456\u043b\u044c\u043d\u0435\u043d\u043e /// Taken back", "date": "2022-08-31", "layer_type": "liberated"}, "geometry": {"type": "Polygon", "coordinates": [[[35.1776178, 50.3320353, 0], [35.1761318, 50.343452, 0], [35.2055396, 50.3419713, 0], [35.2350653, 50.3452579, 0], [35.2673377, 50.3489823, 0], [35.2886237, 50.3476678, 0], [35.3143729, 50.3564304, 0], [35.3253592, 50.3638773, 0], [35.3555716, 50.3654103, 0], [35.3909339, 50.3647533, 0], [35.3916205, 50.3739506, 0], [35.3888739, 50.3870865, 0], [35.3864707, 50.3980304, 0], [35.387844, 50.410722, 0], [35.387844, 50.4175041, 0], [35.3778876, 50.4194729, 0], [35.3679312, 50.4240665, 0], [35.3741111, 50.4317215, 0], [35.3847541, 50.4409058, 0], [35.3723944, 50.453586, 0], [35.3576316, 50.4656072, 0], [35.3451003, 50.4758774, 0], [35.3342855, 50.4849441, 0], [35.3217543, 50.4747849, 0], [35.2827872, 50.4514, 0], [35.2443351, 50.4424363, 0], [35.2345503, 50.4313934, 0], [35.2055396, 50.4098469, 0], [35.1760138, 50.3923399, 0], [35.1578606, 50.3800538, 0], [35.1521957, 50.3710216, 0], [35.1569165, 50.3699813, 0], [35.1583544, 50.3686265, 0], [35.1594379, 50.3672784, 0], [35.1597489, 50.3649449, 0], [35.1570241, 50.3636172, 0], [35.1570725, 50.3627651, 0], [35.1609832, 50.3597776, 0], [35.1639924, 50.3582684, 0], [35.164727, 50.3547328, 0], [35.1654783, 50.3495025, 0], [35.1663579, 50.3463807, 0], [35.1667655, 50.3428836, 0], [35.163185, 50.3425848, 0], [35.1594759, 50.342432, 0], [35.1580222, 50.3507847, 0], [35.157567, 50.3544226, 0], [35.151174, 50.359514, 0], [35.146003, 50.3603897, 0], [35.1437501, 50.362908, 0], [35.1416255, 50.366056, 0], [35.1435673, 50.3700936, 0], [35.1424192, 50.3734743, 0], [35.1452074, 50.3805375, 0], [35.1349933, 50.3835192, 0], [35.1352716, 50.3869462, 0], [35.1412151, 50.3890598, 0], [35.1378243, 50.3960232, 0], [35.1492398, 50.3981853, 0], [35.1617727, 50.399143, 0], [35.1759761, 50.4065829, 0], [35.1898393, 50.4167021, 0], [35.2066621, 50.4294435, 0], [35.1971359, 50.436168, 0], [35.1931009, 50.442892, 0], [35.1718149, 50.4507625, 0], [35.1512155, 50.4599432, 0], [35.1319894, 50.4678109, 0], [35.1113901, 50.4734923, 0], [35.080491, 50.4778621, 0], [35.0543985, 50.4826685, 0], [35.0454721, 50.4726183, 0], [35.0255594, 50.4717442, 0], [35.0125131, 50.4787361, 0], [34.9929186, 50.4801327, 0], [34.9809991, 50.4949988, 0], [35.0152597, 50.5158628, 0], [35.0365457, 50.5307053, 0], [35.0990304, 50.5472885, 0], [35.1189432, 50.5420523, 0], [35.1608285, 50.5459795, 0], [35.1866891, 50.5590756, 0], [35.2175881, 50.5913443, 0], [35.2189614, 50.6074704, 0], [35.2251412, 50.6205416, 0], [35.2423074, 50.618799, 0], [35.2594735, 50.6262046, 0], [35.2986123, 50.6392706, 0], [35.2903725, 50.6497207, 0], [35.2793862, 50.6636506, 0], [35.2711465, 50.6806221, 0], [35.2670266, 50.6949778, 0], [35.2464272, 50.7132424, 0], [35.2457406, 50.7406258, 0], [35.2265145, 50.7692961, 0], [35.188749, 50.7870976, 0], [35.1475503, 50.7992508, 0], [35.1170809, 50.8044218, 0], [35.0896151, 50.8135336, 0], [35.0789721, 50.8235112, 0], [35.0436099, 50.8235112, 0], [35.0202639, 50.8230774, 0], [35.0010378, 50.8241618, 0], [34.9818118, 50.8245956, 0], [34.962929, 50.8235112, 0], [34.9505778, 50.8249457, 0], [34.9316951, 50.8255963, 0], [34.93203, 50.8365222, 0], [34.951256, 50.8382567, 0], [34.9697955, 50.8326193, 0], [34.994858, 50.8399912, 0], [35.0206072, 50.8384736, 0], [35.0456698, 50.842376, 0], [35.0843207, 50.8385445, 0], [35.0987403, 50.8487335, 0], [35.1251761, 50.854369, 0], [35.1419989, 50.8680215, 0], [35.1474921, 50.884919, 0], [35.1485221, 50.8996452, 0], [35.1557318, 50.9139338, 0], [35.1783911, 50.9191285, 0], [35.1969306, 50.905924, 0], [35.2223365, 50.8847024, 0], [35.2316062, 50.8851356, 0], [35.2528922, 50.8853522, 0], [35.2717749, 50.8868683, 0], [35.2892844, 50.8868683, 0], [35.3019873, 50.8875181, 0], [35.3208701, 50.8853522, 0], [35.3370063, 50.891633, 0], [35.3301398, 50.9009443, 0], [35.3232733, 50.9137173, 0], [35.3383795, 50.9176134, 0], [35.35213, 50.9062097, 0], [35.3626013, 50.9000391, 0], [35.3660345, 50.8935429, 0], [35.362773, 50.8901862, 0], [35.3543615, 50.8873707, 0], [35.3456068, 50.8837969, 0], [35.3275824, 50.8761069, 0], [35.3183127, 50.8769735, 0], [35.3004599, 50.8783816, 0], [35.2874136, 50.8740488, 0], [35.2747107, 50.8737239, 0], [35.2669859, 50.8702574, 0], [35.2693892, 50.867549, 0], [35.2762556, 50.8676573, 0], [35.2838087, 50.8701491, 0], [35.2908468, 50.8686324, 0], [35.2894735, 50.8621318, 0], [35.2819204, 50.8583394, 0], [35.2795172, 50.8514038, 0], [35.2839804, 50.8424078, 0], [35.2860403, 50.8349278, 0], [35.2920485, 50.8352531, 0], [35.3066397, 50.8407818, 0], [35.323557, 50.8440969, 0], [35.3510228, 50.8245822, 0], [35.387415, 50.8178585, 0], [35.4140225, 50.8186177, 0], [35.4117909, 50.8118932, 0], [35.3893033, 50.8110254, 0], [35.3939382, 50.8026726, 0], [35.4074994, 50.7987668, 0], [35.4016629, 50.7955117, 0], [35.3872434, 50.7942097, 0], [35.3644124, 50.7938841, 0], [35.3506795, 50.7932331, 0], [35.3305951, 50.7933416, 0], [35.3115407, 50.7932331, 0], [35.2902069, 50.7903789, 0], [35.2690926, 50.7901619, 0], [35.2666893, 50.7820223, 0], [35.2793923, 50.7789832, 0], [35.2890053, 50.7729044, 0], [35.2960434, 50.7663904, 0], [35.288662, 50.7619387, 0], [35.2733841, 50.7607443, 0], [35.2728487, 50.7523193, 0], [35.2644373, 50.7348305, 0], [35.2675272, 50.724834, 0], [35.2783419, 50.7278766, 0], [35.2903582, 50.7278766, 0], [35.3569628, 50.7138571, 0], [35.4254557, 50.7086394, 0], [35.4323221, 50.7030951, 0], [35.4355837, 50.6964627, 0], [35.4433085, 50.6966802, 0], [35.446055, 50.7063565, 0], [35.4560114, 50.7101613, 0], [35.4565264, 50.7041822, 0], [35.4606463, 50.7018991, 0], [35.4601313, 50.6921131, 0], [35.4597879, 50.6887418, 0], [35.4426218, 50.6870018, 0], [35.4304338, 50.6896119, 0], [35.425284, 50.6947229, 0], [35.4182459, 50.7014642, 0], [35.4091478, 50.7001595, 0], [35.4101778, 50.6935267, 0], [35.4084612, 50.6831951, 0], [35.402453, 50.6788443, 0], [35.3864885, 50.6858054, 0], [35.3782488, 50.6955928, 0], [35.3641726, 50.7028776, 0], [35.2953363, 50.7103787, 0], [35.319274, 50.6975385, 0], [35.3137808, 50.6670834, 0], [35.3323202, 50.643576, 0], [35.3693991, 50.6069855, 0], [35.3965823, 50.5586878, 0], [35.3528086, 50.4884046, 0], [35.3785719, 50.4666629, 0], [35.3985679, 50.4458443, 0], [35.4095916, 50.4382744, 0], [35.41701, 50.436826, 0], [35.4325425, 50.4448095, 0], [35.4693667, 50.4473211, 0], [35.492026, 50.4377007, 0], [35.5014679, 50.4337143, 0], [35.5078182, 50.4271032, 0], [35.5462659, 50.4291276, 0], [35.5591411, 50.4268545, 0], [35.5866973, 50.4370447, 0], [35.5872122, 50.4310711, 0], [35.5833498, 50.4299635, 0], [35.5833499, 50.425235, 0], [35.5663118, 50.4209754, 0], [35.5482449, 50.4219629, 0], [35.5117643, 50.4210858, 0], [35.5030124, 50.4114533, 0], [35.4748599, 50.3991995, 0], [35.3979556, 50.3484001, 0], [35.3567569, 50.3497145, 0], [35.3231112, 50.339636, 0], [35.2791659, 50.331747, 0], [35.2578799, 50.3356917, 0], [35.2290408, 50.3295554, 0], [35.1776178, 50.3320353, 0]]]}}, {"type": "Feature", "properties": {"name": "\u0417\u0432\u0456\u043b\u044c\u043d\u0435\u043d\u043e /// Taken back", "date": "2022-08-31", "layer_type": "liberated"}, "geometry": {"type": "MultiPolygon", "coordinates": [[[[32.6110088, 50.7776467, 0], [32.6202379, 50.7783616, 0], [32.6212515, 50.7784361, 0], [32.6110088, 50.7776467, 0]]], [[[32.6110088, 50.7776467, 0], [32.5736355, 50.8108647, 0], [32.5204941, 50.8885748, 0], [32.5324879, 50.9378385, 0], [32.5228617, 50.9574358, 0], [32.2631253, 50.9447634, 0], [32.1944188, 50.931354, 0], [32.1229906, 50.9282884, 0], [32.1126908, 50.9484087, 0], [32.2485546, 50.9763115, 0], [32.3893158, 50.9845924, 0], [32.414749, 51.087567, 0], [32.1205858, 51.0744721, 0], [32.1521692, 51.1307913, 0], [32.1412048, 51.1828005, 0], [32.3393814, 51.2224065, 0], [32.367477, 51.2670638, 0], [32.306255, 51.3261514, 0], [32.1637213, 51.4237552, 0], [32.0873804, 51.4889389, 0], [31.8237774, 51.5639907, 0], [31.8441801, 51.5983056, 0], [32.2298286, 51.5529019, 0], [32.4573538, 51.5699311, 0], [32.4896261, 51.5067155, 0], [32.3958353, 51.4699736, 0], [32.3713214, 51.4328847, 0], [32.3687998, 51.4034992, 0], [32.3099723, 51.3787712, 0], [32.4131497, 51.3137433, 0], [32.5646521, 51.3045598, 0], [32.7230952, 51.308721, 0], [32.7449207, 51.3228993, 0], [32.8178195, 51.3278615, 0], [32.8884601, 51.3284837, 0], [32.9772837, 51.2873969, 0], [33.1091963, 51.2645037, 0], [33.113522, 51.2491912, 0], [32.990386, 51.2465884, 0], [32.8891433, 51.2816948, 0], [32.8267394, 51.2727828, 0], [32.9617276, 51.1523414, 0], [32.9770656, 51.1269333, 0], [33.0238331, 51.1706363, 0], [33.1052525, 51.1807109, 0], [33.1743298, 51.1812673, 0], [33.2988488, 51.2089523, 0], [33.4274558, 51.1539931, 0], [33.3839912, 51.0797225, 0], [33.3644726, 51.0535876, 0], [33.2939774, 51.0454719, 0], [33.2511818, 51.0845406, 0], [33.1616804, 51.0558293, 0], [33.1566564, 51.0195165, 0], [33.1475195, 51.0108427, 0], [33.129744, 51.0047879, 0], [33.0917161, 51.0134098, 0], [33.0856856, 51.0243757, 0], [33.0823255, 51.0307219, 0], [33.0707245, 51.0314536, 0], [33.0384206, 51.0199601, 0], [33.0157388, 51.0162346, 0], [32.9212758, 50.9738577, 0], [32.9723404, 50.9494124, 0], [33.0634215, 50.9619474, 0], [33.0823137, 50.9430167, 0], [33.1195615, 50.9424178, 0], [33.1272822, 50.9392186, 0], [33.1265721, 50.9216733, 0], [33.1957174, 50.8755868, 0], [33.2004062, 50.8620159, 0], [33.1575156, 50.8564878, 0], [33.1528028, 50.8272522, 0], [33.1236755, 50.8261758, 0], [33.1123906, 50.8506824, 0], [33.0753958, 50.8463516, 0], [33.043203, 50.8385412, 0], [33.0151329, 50.8419963, 0], [32.9578226, 50.8454693, 0], [32.9063519, 50.831145, 0], [32.8686531, 50.8232903, 0], [32.8276067, 50.8153609, 0], [32.840981, 50.7990783, 0], [32.8210648, 50.7894969, 0], [32.8306876, 50.7772896, 0], [32.7998608, 50.7619732, 0], [32.7852621, 50.7717638, 0], [32.7920353, 50.7802405, 0], [32.7894352, 50.7887611, 0], [32.8131975, 50.8023528, 0], [32.8046915, 50.8090006, 0], [32.7603534, 50.7973998, 0], [32.7139648, 50.7813661, 0], [32.6788532, 50.7857463, 0], [32.6491432, 50.780596, 0], [32.6202379, 50.7783616, 0], [32.6170645, 50.7781285, 0], [32.6110088, 50.7776467, 0]]]]}}, {"type": "Feature", "properties": {"name": "\u0417\u0432\u0456\u043b\u044c\u043d\u0435\u043d\u043e 05.04 /// Taken back 05.04", "date": "2022-08-31", "layer_type": "liberated"}, "geometry": {"type": "Polygon", "coordinates": [[[33.689715, 47.4498768, 0], [33.7050786, 47.4512698, 0], [33.7212299, 47.4308333, 0], [33.6340199, 47.4392032, 0], [33.6146149, 47.4497577, 0], [33.6011116, 47.4636318, 0], [33.5933901, 47.4817903, 0], [33.587617, 47.4940255, 0], [33.5787937, 47.5013026, 0], [33.5601605, 47.5027082, 0], [33.5458373, 47.5098925, 0], [33.5317347, 47.5114353, 0], [33.5201479, 47.5103474, 0], [33.5141124, 47.5058632, 0], [33.5010935, 47.5115069, 0], [33.4914971, 47.519381, 0], [33.4592796, 47.5275216, 0], [33.4836429, 47.5440707, 0], [33.4944508, 47.5539001, 0], [33.5681773, 47.5622438, 0], [33.6275343, 47.4792694, 0], [33.6365859, 47.4698393, 0], [33.6537543, 47.4481637, 0], [33.689715, 47.4498768, 0]]]}}, {"type": "Feature", "properties": {"name": "\u0417\u0432\u0456\u043b\u044c\u043d\u0435\u043d\u043e 16.04 /// Taken back16.04", "date": "2022-08-31", "layer_type": "liberated"}, "geometry": {"type": "Polygon", "coordinates": [[[36.8927814, 49.7995755, 0], [36.8895397, 49.8053192, 0], [36.8983152, 49.8121701, 0], [36.977347, 49.8358304, 0], [36.9856275, 49.8334502, 0], [37.0035789, 49.8424104, 0], [37.0066968, 49.8300984, 0], [36.9246422, 49.7899968, 0], [36.8927814, 49.7995755, 0]]]}}, {"type": "Feature", "properties": {"name": "\u0417\u0432\u0456\u043b\u044c\u043d\u0435\u043d\u043e /// Taken back", "date": "2022-08-31", "layer_type": "liberated"}, "geometry": {"type": "Polygon", "coordinates": [[[37.5218536, 47.94582, 0], [37.5143006, 47.9351794, 0], [37.5095584, 47.9326668, 0], [37.4981632, 47.9351826, 0], [37.506703, 47.9456049, 0], [37.5144738, 47.9495584, 0], [37.5218536, 47.94582, 0]]]}}, {"type": "Feature", "properties": {"name": "\u0417\u0432\u0456\u043b\u044c\u043d\u0435\u043d\u043e /// Taken back", "date": "2022-08-31", "layer_type": "liberated"}, "geometry": {"type": "Polygon", "coordinates": [[[36.4844358, 49.9288076, 0], [36.5019453, 49.9296916, 0], [36.5018018, 49.9120383, 0], [36.5196472, 49.90089, 0], [36.5448731, 49.893323, 0], [36.5548661, 49.8901455, 0], [36.5607205, 49.8922059, 0], [36.567605, 49.8905059, 0], [36.5730663, 49.8888208, 0], [36.5795574, 49.8890156, 0], [36.5855022, 49.8953765, 0], [36.5909762, 49.9019022, 0], [36.5990354, 49.907376, 0], [36.6028894, 49.9079296, 0], [36.6177855, 49.9085382, 0], [36.6174092, 49.9034801, 0], [36.612227, 49.8984219, 0], [36.6084184, 49.8940826, 0], [36.6071853, 49.8886371, 0], [36.6123057, 49.887705, 0], [36.6126341, 49.881377, 0], [36.6165744, 49.8778258, 0], [36.6240333, 49.8752698, 0], [36.6296537, 49.8729932, 0], [36.634501, 49.8699418, 0], [36.6410656, 49.8657607, 0], [36.6520356, 49.8599431, 0], [36.6710911, 49.8509777, 0], [36.6818208, 49.8474356, 0], [36.6901457, 49.8483218, 0], [36.7009602, 49.8647004, 0], [36.7068752, 49.8779072, 0], [36.7099652, 49.8818341, 0], [36.724213, 49.8888022, 0], [36.7552837, 49.8927282, 0], [36.7820629, 49.8827743, 0], [36.8064388, 49.8759159, 0], [36.855534, 49.8661798, 0], [36.8737301, 49.867065, 0], [36.8943294, 49.8661798, 0], [36.9032558, 49.870163, 0], [36.9039425, 49.8801196, 0], [36.9163021, 49.8852077, 0], [36.9475445, 49.8812257, 0], [36.962994, 49.8843228, 0], [36.9777568, 49.8821106, 0], [36.972607, 49.8750309, 0], [36.9626507, 49.8655159, 0], [36.941708, 49.8568845, 0], [36.9269451, 49.8551137, 0], [36.9128689, 49.8553351, 0], [36.8816265, 49.8571058, 0], [36.855534, 49.8559991, 0], [36.8397411, 49.8579911, 0], [36.799229, 49.8661798, 0], [36.7806896, 49.8708269, 0], [36.7494472, 49.8765797, 0], [36.7312535, 49.8687615, 0], [36.7061689, 49.8527543, 0], [36.7031724, 49.8464545, 0], [36.7172935, 49.843858, 0], [36.740518, 49.8263077, 0], [36.7475705, 49.8187643, 0], [36.7611318, 49.8106783, 0], [36.777873, 49.7982005, 0], [36.8189877, 49.7875307, 0], [36.814856, 49.7935001, 0], [36.8147673, 49.7952071, 0], [36.8169531, 49.7973297, 0], [36.8234275, 49.7942334, 0], [36.8292836, 49.7883853, 0], [36.8290022, 49.7835063, 0], [36.8425359, 49.7730685, 0], [36.8475025, 49.770002, 0], [36.8501831, 49.7670824, 0], [36.8459974, 49.7643845, 0], [36.8424327, 49.7665284, 0], [36.8264801, 49.7742571, 0], [36.7987503, 49.7580652, 0], [36.7975056, 49.75814, 0], [36.7939865, 49.7597576, 0], [36.7909822, 49.7618187, 0], [36.7949275, 49.7690927, 0], [36.8041522, 49.7769277, 0], [36.7999879, 49.7796634, 0], [36.7633276, 49.7909599, 0], [36.741449, 49.8053559, 0], [36.7337723, 49.8074608, 0], [36.7307308, 49.8022533, 0], [36.7201862, 49.7947177, 0], [36.695467, 49.790285, 0], [36.690662, 49.7953829, 0], [36.7064548, 49.7990397, 0], [36.7191576, 49.8059655, 0], [36.7224176, 49.8120877, 0], [36.7085964, 49.8222372, 0], [36.7020278, 49.8168985, 0], [36.6918786, 49.8253045, 0], [36.6850872, 49.8197601, 0], [36.6775729, 49.8176525, 0], [36.6710699, 49.822801, 0], [36.6588925, 49.8209446, 0], [36.6538338, 49.819353, 0], [36.6498051, 49.8230773, 0], [36.6699625, 49.8282597, 0], [36.6787852, 49.8290105, 0], [36.6740515, 49.8401574, 0], [36.6649965, 49.8461624, 0], [36.6470585, 49.8547408, 0], [36.6356789, 49.8618999, 0], [36.6254868, 49.8698783, 0], [36.6185979, 49.8725311, 0], [36.6152285, 49.862128, 0], [36.6126321, 49.8546005, 0], [36.610551, 49.8547093, 0], [36.5822212, 49.8599853, 0], [36.5828146, 49.8698789, 0], [36.5851256, 49.8773939, 0], [36.5057638, 49.897078, 0], [36.4844005, 49.9011872, 0], [36.4839776, 49.9089439, 0], [36.4844358, 49.9288076, 0]]]}}, {"type": "Feature", "properties": {"name": "\u0417\u0432\u0456\u043b\u044c\u043d\u0435\u043d\u043e /// Taken back", "date": "2022-08-31", "layer_type": "liberated"}, "geometry": {"type": "Polygon", "coordinates": [[[32.0866005, 46.684462, 0], [32.0626179, 46.6488548, 0], [32.0423118, 46.6408722, 0], [32.0367352, 46.6228926, 0], [32.0224445, 46.6258715, 0], [32.0112411, 46.6338003, 0], [32.0023148, 46.6407544, 0], [31.9781105, 46.6568985, 0], [31.9667808, 46.6823422, 0], [31.9746772, 46.7105989, 0], [31.9420616, 46.7444874, 0], [31.9643776, 46.7724764, 0], [32.1096031, 46.7896389, 0], [32.1539092, 46.80802, 0], [32.1864469, 46.7969531, 0], [32.2435333, 46.7860604, 0], [32.2449066, 46.7704252, 0], [32.217432, 46.7495852, 0], [32.1872734, 46.7471601, 0], [32.1704922, 46.7457019, 0], [32.1657363, 46.7021234, 0], [32.1461669, 46.7062436, 0], [32.1017909, 46.7154142, 0], [32.0866005, 46.684462, 0]]]}}, {"type": "Feature", "properties": {"name": "\u0417\u0432\u0456\u043b\u044c\u043d\u0435\u043d\u043e /// Taken back", "date": "2022-08-31", "layer_type": "liberated"}, "geometry": {"type": "Polygon", "coordinates": [[[33.2222105, 47.4447741, 0], [33.2361151, 47.4461672, 0], [33.2441219, 47.4119572, 0], [33.2233509, 47.3657023, 0], [33.2206536, 47.3518584, 0], [33.2141816, 47.3454572, 0], [33.2066141, 47.343229, 0], [33.1995625, 47.3391393, 0], [33.1847784, 47.3401488, 0], [33.1735093, 47.3433898, 0], [33.175629, 47.3491896, 0], [33.1919693, 47.3570351, 0], [33.198015, 47.3730194, 0], [33.2185443, 47.4117249, 0], [33.2127964, 47.4350092, 0], [33.2114529, 47.4441035, 0], [33.2222105, 47.4447741, 0]]]}}, {"type": "Feature", "properties": {"name": "\u0417\u0432\u0456\u043b\u044c\u043d\u0435\u043d\u043e /// Taken back", "date": "2022-08-31", "layer_type": "liberated"}, "geometry": {"type": "Polygon", "coordinates": [[[32.4649078, 47.0749148, 0], [32.6535373, 47.0948304, 0], [32.6600598, 47.0960574, 0], [32.6592871, 47.099154, 0], [32.6625492, 47.1019594, 0], [32.683837, 47.1048219, 0], [32.6848655, 47.0975182, 0], [32.7183015, 47.1010966, 0], [32.7795868, 47.0987058, 0], [32.7615308, 47.0822634, 0], [32.7180866, 47.0681507, 0], [32.6952602, 47.0677757, 0], [32.6856564, 47.0678403, 0], [32.6695009, 47.0668375, 0], [32.6530131, 47.0665, 0], [32.6389075, 47.0656636, 0], [32.6367145, 47.0758949, 0], [32.5601535, 47.0665416, 0], [32.5648767, 47.0523604, 0], [32.5198554, 47.0443287, 0], [32.4667372, 47.0330282, 0], [32.4585676, 47.0380601, 0], [32.4541448, 47.0501117, 0], [32.4511127, 47.0673645, 0], [32.4612704, 47.0748221, 0], [32.4649078, 47.0749148, 0]]]}}, {"type": "Feature", "properties": {"name": "\u0417\u0432\u0456\u043b\u044c\u043d\u0435\u043d\u043e 31.03 /// Taken back 31.03\n", "date": "2022-08-31", "layer_type": "liberated"}, "geometry": {"type": "Polygon", "coordinates": [[[31.6633791, 50.6073872, 0], [31.6739599, 50.610871, 0], [31.6932418, 50.6188508, 0], [31.7735794, 50.6593498, 0], [31.807225, 50.6719713, 0], [31.8326309, 50.7006836, 0], [31.8971755, 50.7198154, 0], [31.9610336, 50.7350283, 0], [32.0097854, 50.7628334, 0], [32.0715835, 50.820563, 0], [32.0353299, 50.8471867, 0], [31.9901185, 50.8564529, 0], [31.9322016, 50.8266568, 0], [31.9061862, 50.8145636, 0], [31.8801733, 50.8224193, 0], [31.8705912, 50.8617302, 0], [31.9609863, 50.8880251, 0], [31.9117328, 50.9345743, 0], [31.8965111, 50.9633229, 0], [31.9215342, 50.9667243, 0], [32.1126909, 50.9484019, 0], [32.1229907, 50.9282816, 0], [32.0257862, 50.9230114, 0], [32.1354881, 50.8280245, 0], [32.125048, 50.8071984, 0], [32.1347549, 50.7975665, 0], [32.1436813, 50.7867151, 0], [32.0894363, 50.7502362, 0], [32.033818, 50.7206848, 0], [32.0036056, 50.7072067, 0], [31.9596603, 50.6963344, 0], [31.9122817, 50.6919848, 0], [31.8635299, 50.6758877, 0], [31.8394973, 50.6506433, 0], [31.7708328, 50.6301766, 0], [31.7241409, 50.6031644, 0], [31.6925552, 50.584857, 0], [31.675389, 50.5783169, 0], [31.6630294, 50.585729, 0], [31.656163, 50.5918321, 0], [31.6547897, 50.5983703, 0], [31.6633791, 50.6073872, 0]]]}}, {"type": "Feature", "properties": {"name": "\u0417\u0432\u0456\u043b\u044c\u043d\u0435\u043d\u043e /// Taken back", "date": "2022-08-31", "layer_type": "liberated"}, "geometry": {"type": "Polygon", "coordinates": [[[33.1503344, 47.3037415, 0], [33.1847784, 47.3401488, 0], [33.1995625, 47.3391393, 0], [33.2066141, 47.343229, 0], [33.2141816, 47.3454572, 0], [33.2206536, 47.3518584, 0], [33.2482863, 47.3474361, 0], [33.282159, 47.3614029, 0], [33.2907315, 47.3606497, 0], [33.292019, 47.3603299, 0], [33.2901247, 47.3572788, 0], [33.2892015, 47.3546298, 0], [33.289641, 47.3538576, 0], [33.2914057, 47.3529046, 0], [33.2919259, 47.3521841, 0], [33.2920961, 47.3509854, 0], [33.2914511, 47.3494524, 0], [33.2905708, 47.348744, 0], [33.2881995, 47.3476338, 0], [33.2852114, 47.3459738, 0], [33.2845329, 47.3454345, 0], [33.284541, 47.3449533, 0], [33.2851027, 47.344039, 0], [33.2860702, 47.3433783, 0], [33.2864681, 47.3422627, 0], [33.287697, 47.3396984, 0], [33.2889274, 47.3385894, 0], [33.2908299, 47.3375114, 0], [33.2950855, 47.3353728, 0], [33.2968698, 47.3341871, 0], [33.2981053, 47.3335943, 0], [33.2995813, 47.3329489, 0], [33.3009201, 47.3314627, 0], [33.3008856, 47.330471, 0], [33.3009772, 47.3296332, 0], [33.3002076, 47.3285162, 0], [33.299438, 47.3284754, 0], [33.2989774, 47.3281378, 0], [33.2978217, 47.3278926, 0], [33.2969022, 47.3273857, 0], [33.2976134, 47.3264423, 0], [33.2989564, 47.3252137, 0], [33.298969, 47.3239268, 0], [33.2981094, 47.3234429, 0], [33.2974221, 47.3226773, 0], [33.2961344, 47.3219163, 0], [33.293731, 47.3214485, 0], [33.2914994, 47.3217382, 0], [33.290169, 47.3221158, 0], [33.2892463, 47.3220427, 0], [33.2868645, 47.3209806, 0], [33.2852865, 47.3210131, 0], [33.2792618, 47.3223094, 0], [33.2667565, 47.3271835, 0], [33.2648557, 47.3280736, 0], [33.2622253, 47.3294872, 0], [33.2606545, 47.3307502, 0], [33.25668, 47.3341656, 0], [33.2560702, 47.3345392, 0], [33.2548641, 47.3348133, 0], [33.2536579, 47.3347674, 0], [33.251982, 47.3341099, 0], [33.2507579, 47.3335484, 0], [33.2488044, 47.3320853, 0], [33.2467433, 47.3300769, 0], [33.2453695, 47.3280546, 0], [33.2424082, 47.325909, 0], [33.2405628, 47.324636, 0], [33.2376226, 47.3231366, 0], [33.2342536, 47.3221315, 0], [33.2333928, 47.3215884, 0], [33.2330483, 47.320415, 0], [33.2342486, 47.3167398, 0], [33.23523, 47.315189, 0], [33.2354631, 47.3143263, 0], [33.2363521, 47.3127603, 0], [33.238041, 47.311439, 0], [33.2417607, 47.3093816, 0], [33.2448795, 47.3086045, 0], [33.2464969, 47.3076125, 0], [33.2504314, 47.3067368, 0], [33.2556194, 47.3061513, 0], [33.2582752, 47.3055073, 0], [33.26224, 47.3057654, 0], [33.2671407, 47.3076986, 0], [33.269767, 47.3075947, 0], [33.27068, 47.307383, 0], [33.2740118, 47.3071317, 0], [33.2746048, 47.3064822, 0], [33.2756308, 47.3058082, 0], [33.2754981, 47.3041158, 0], [33.2751357, 47.3029672, 0], [33.2748687, 47.3010833, 0], [33.2749927, 47.3004907, 0], [33.2756556, 47.2990593, 0], [33.2754291, 47.297325, 0], [33.274516, 47.2959398, 0], [33.2737435, 47.2949905, 0], [33.2717265, 47.2929731, 0], [33.269774, 47.2921973, 0], [33.2688407, 47.2916056, 0], [33.2639137, 47.2878724, 0], [33.2629724, 47.2878409, 0], [33.2616217, 47.288128, 0], [33.2610322, 47.2875437, 0], [33.2597933, 47.2870187, 0], [33.2566232, 47.2865519, 0], [33.2496964, 47.2863159, 0], [33.249136, 47.2865157, 0], [33.2471392, 47.2861207, 0], [33.2427934, 47.2867965, 0], [33.2398908, 47.2886189, 0], [33.2387827, 47.2888023, 0], [33.2326535, 47.2887819, 0], [33.2318128, 47.2894901, 0], [33.231607, 47.2902517, 0], [33.2309033, 47.2920297, 0], [33.229736, 47.2923074, 0], [33.2288691, 47.2920029, 0], [33.2281504, 47.2912857, 0], [33.2266323, 47.2913346, 0], [33.2246852, 47.2908594, 0], [33.2201443, 47.2894457, 0], [33.2159305, 47.2876574, 0], [33.2144007, 47.286624, 0], [33.2135438, 47.2857559, 0], [33.211828, 47.2850307, 0], [33.2109273, 47.2845808, 0], [33.2098653, 47.2840316, 0], [33.2090608, 47.283366, 0], [33.209458, 47.2830206, 0], [33.2095279, 47.2818872, 0], [33.2087475, 47.2805927, 0], [33.2075848, 47.2792176, 0], [33.2050062, 47.2772892, 0], [33.2040711, 47.2763066, 0], [33.2021849, 47.2732656, 0], [33.2009845, 47.2720654, 0], [33.1984109, 47.2681862, 0], [33.1980705, 47.2664556, 0], [33.198072, 47.2645711, 0], [33.1976007, 47.2640657, 0], [33.1958631, 47.263245, 0], [33.1940397, 47.2620167, 0], [33.1936847, 47.2611247, 0], [33.1938506, 47.2576205, 0], [33.1939135, 47.2573562, 0], [33.1943627, 47.2572084, 0], [33.195434, 47.2565363, 0], [33.1963559, 47.2555013, 0], [33.1969027, 47.2545177, 0], [33.1976481, 47.2537347, 0], [33.1998232, 47.2522655, 0], [33.2000524, 47.2514726, 0], [33.1995233, 47.2507558, 0], [33.1978426, 47.2498439, 0], [33.1957577, 47.2495919, 0], [33.1932133, 47.2499611, 0], [33.1919411, 47.2500292, 0], [33.1913909, 47.2497136, 0], [33.1914591, 47.2490898, 0], [33.1920511, 47.2483117, 0], [33.1938062, 47.2472527, 0], [33.1948983, 47.2464027, 0], [33.1952608, 47.2454944, 0], [33.1951672, 47.2447763, 0], [33.192846, 47.2424943, 0], [33.1916, 47.2420234, 0], [33.189518, 47.2419335, 0], [33.1872325, 47.2426751, 0], [33.1867336, 47.2432788, 0], [33.1866986, 47.2439011, 0], [33.1863377, 47.2441248, 0], [33.1859427, 47.2437122, 0], [33.1855736, 47.2431854, 0], [33.1850029, 47.2426307, 0], [33.1845889, 47.2416249, 0], [33.1845536, 47.2389077, 0], [33.1841072, 47.2379571, 0], [33.1820816, 47.2369572, 0], [33.1798244, 47.236603, 0], [33.1786959, 47.2368628, 0], [33.1776166, 47.237488, 0], [33.1762616, 47.2377423, 0], [33.1750691, 47.2368204, 0], [33.172928, 47.2335621, 0], [33.1678665, 47.2333316, 0], [33.1666662, 47.2341196, 0], [33.1661089, 47.2340473, 0], [33.1637703, 47.2315634, 0], [33.1601014, 47.2312941, 0], [33.1583777, 47.23258, 0], [33.1592324, 47.2343886, 0], [33.1625351, 47.235526, 0], [33.1628132, 47.2359198, 0], [33.1616648, 47.2363207, 0], [33.1590143, 47.2355561, 0], [33.1563461, 47.2355596, 0], [33.1526088, 47.2345995, 0], [33.1513841, 47.2341485, 0], [33.1506859, 47.2334857, 0], [33.1502511, 47.2326007, 0], [33.1487893, 47.2309342, 0], [33.1477152, 47.2304506, 0], [33.1422001, 47.230063, 0], [33.1387504, 47.2313893, 0], [33.1328681, 47.2329508, 0], [33.1272864, 47.2308984, 0], [33.1266375, 47.2297938, 0], [33.1266135, 47.2287461, 0], [33.1269928, 47.2255383, 0], [33.1276254, 47.2223648, 0], [33.1284378, 47.2206017, 0], [33.129316, 47.2192247, 0], [33.1339708, 47.2132128, 0], [33.1353301, 47.2126605, 0], [33.1366534, 47.2123844, 0], [33.142379, 47.2110802, 0], [33.1427527, 47.2107196, 0], [33.1428689, 47.2097468, 0], [33.1417242, 47.2084289, 0], [33.1407657, 47.2083821, 0], [33.1396856, 47.208038, 0], [33.1391885, 47.2071663, 0], [33.1376096, 47.2057392, 0], [33.1365198, 47.2055504, 0], [33.135902, 47.2058572, 0], [33.1342215, 47.2057635, 0], [33.1336387, 47.2049586, 0], [33.1318025, 47.2032732, 0], [33.1306269, 47.2028387, 0], [33.1284942, 47.2026214, 0], [33.1275995, 47.2031834, 0], [33.1268517, 47.2032603, 0], [33.1238724, 47.2024624, 0], [33.1223319, 47.2032147, 0], [33.1183837, 47.2015819, 0], [33.1036184, 47.1954999, 0], [33.0673967, 47.2007253, 0], [33.0657021, 47.2008515, 0], [33.0659976, 47.2010614, 0], [33.0661703, 47.2012736, 0], [33.0663386, 47.2017345, 0], [33.0663464, 47.2019925, 0], [33.0662361, 47.2025293, 0], [33.0660321, 47.2029162, 0], [33.0655733, 47.2039299, 0], [33.0655276, 47.2042094, 0], [33.0655289, 47.2044148, 0], [33.0657549, 47.2049129, 0], [33.0658521, 47.2050284, 0], [33.0660787, 47.2053061, 0], [33.0666271, 47.2058134, 0], [33.0670289, 47.2062933, 0], [33.0671437, 47.2066492, 0], [33.0671851, 47.2070331, 0], [33.0670279, 47.2075518, 0], [33.0664846, 47.2081893, 0], [33.0658662, 47.2090089, 0], [33.0653697, 47.2097627, 0], [33.0652192, 47.2102232, 0], [33.0652189, 47.2108221, 0], [33.0658299, 47.212541, 0], [33.0655775, 47.2132109, 0], [33.0644238, 47.213983, 0], [33.0639757, 47.2147589, 0], [33.0641379, 47.2156424, 0], [33.0651799, 47.2167445, 0], [33.0652361, 47.2178411, 0], [33.0647343, 47.2190834, 0], [33.0648733, 47.2195778, 0], [33.0654577, 47.2202768, 0], [33.0663079, 47.2204368, 0], [33.0669261, 47.2204148, 0], [33.0674155, 47.2200722, 0], [33.0709397, 47.2177398, 0], [33.0717816, 47.2175205, 0], [33.07375, 47.2176292, 0], [33.0743265, 47.217771, 0], [33.0745597, 47.2180294, 0], [33.0748627, 47.2182404, 0], [33.0750369, 47.2185389, 0], [33.0747846, 47.2192961, 0], [33.0742104, 47.2198711, 0], [33.0725714, 47.2206687, 0], [33.0719879, 47.2211112, 0], [33.0710284, 47.2225582, 0], [33.0711837, 47.2230895, 0], [33.0715751, 47.2234314, 0], [33.0725029, 47.2236494, 0], [33.0735166, 47.2233282, 0], [33.077561, 47.2210097, 0], [33.0792771, 47.2204911, 0], [33.0807357, 47.2205263, 0], [33.0819261, 47.2205833, 0], [33.0834598, 47.2211648, 0], [33.0852511, 47.2225042, 0], [33.0861412, 47.2229983, 0], [33.087333, 47.223237, 0], [33.0888087, 47.2239539, 0], [33.0940611, 47.2262445, 0], [33.0962683, 47.2355339, 0], [33.1503344, 47.3037415, 0]]]}}, {"type": "Feature", "properties": {"name": "\u0417\u0432\u0456\u043b\u044c\u043d\u0435\u043d\u043e 22.05 /// Taken back22.05", "date": "2022-08-31", "layer_type": "liberated"}, "geometry": {"type": "Polygon", "coordinates": [[[36.6132781, 47.7920931, 0], [36.6085094, 47.8176006, 0], [36.6146888, 47.8182931, 0], [36.6373485, 47.8204823, 0], [36.6356319, 47.7948876, 0], [36.6458458, 47.7903034, 0], [36.6109799, 47.7859806, 0], [36.6132781, 47.7920931, 0]]]}}, {"type": "Feature", "properties": {"name": "\u0417\u0432\u0456\u043b\u044c\u043d\u0435\u043d\u043e 23.06 /// Taken back 23.06", "date": "2022-08-31", "layer_type": "liberated"}, "geometry": {"type": "Polygon", "coordinates": [[[37.1201956, 47.7533039, 0], [37.1559793, 47.7704623, 0], [37.2105677, 47.7642317, 0], [37.2335703, 47.7591544, 0], [37.249171, 47.7553239, 0], [37.2572126, 47.7325636, 0], [37.2556364, 47.7287154, 0], [37.1861162, 47.741201, 0], [37.1667805, 47.7171958, 0], [37.1039627, 47.7140795, 0], [37.1020021, 47.7446641, 0], [37.1201956, 47.7533039, 0]]]}}, {"type": "Feature", "properties": {"name": "\u0417\u0432\u0456\u043b\u044c\u043d\u0435\u043d\u043e /// Taken back", "date": "2022-08-31", "layer_type": "liberated"}, "geometry": {"type": "Polygon", "coordinates": [[[35.5065103, 47.5136471, 0], [35.4549898, 47.5104016, 0], [35.4345108, 47.5141379, 0], [35.4443467, 47.5277912, 0], [35.4521733, 47.5336851, 0], [35.4509829, 47.5444423, 0], [35.5354226, 47.5511038, 0], [35.5598087, 47.5552896, 0], [35.5663317, 47.5307236, 0], [35.5593185, 47.5212867, 0], [35.5065103, 47.5136471, 0]]]}}, {"type": "Feature", "properties": {"name": "\u0417\u0432\u0456\u043b\u044c\u043d\u0435\u043d\u043e /// Taken back", "date": "2022-08-31", "layer_type": "liberated"}, "geometry": {"type": "Polygon", "coordinates": [[[34.949471, 50.3517731, 0], [34.9844893, 50.3720927, 0], [35.0125559, 50.3754865, 0], [35.0139743, 50.3888694, 0], [35.0243848, 50.3933694, 0], [35.0295893, 50.3916782, 0], [35.0296447, 50.3797343, 0], [35.0230067, 50.3711837, 0], [35.0492056, 50.3640448, 0], [35.0630759, 50.3637313, 0], [35.0694104, 50.3648876, 0], [35.0874185, 50.3663712, 0], [35.1016865, 50.3694015, 0], [35.1062788, 50.3743662, 0], [35.1138347, 50.3756436, 0], [35.1195004, 50.3734987, 0], [35.1202302, 50.3707428, 0], [35.1195439, 50.3695198, 0], [35.1202547, 50.3687869, 0], [35.1207079, 50.3671234, 0], [35.1225155, 50.3646448, 0], [35.1293909, 50.3590578, 0], [35.1300086, 50.3527024, 0], [35.135534, 50.349958, 0], [35.1390293, 50.343046, 0], [35.1436146, 50.3406147, 0], [35.1503436, 50.3408938, 0], [35.1594759, 50.342432, 0], [35.163185, 50.3425848, 0], [35.1667655, 50.3428836, 0], [35.1761318, 50.343452, 0], [35.1776178, 50.3320353, 0], [35.1363238, 50.3291551, 0], [35.0989016, 50.3256482, 0], [35.0686893, 50.3206066, 0], [35.0374469, 50.3085486, 0], [34.9883519, 50.3074523, 0], [34.9430333, 50.3076715, 0], [34.9368535, 50.3175375, 0], [34.9341068, 50.3302507, 0], [34.9414146, 50.3433546, 0], [34.949471, 50.3517731, 0]]]}}, {"type": "Feature", "properties": {"name": "\u0417\u0432\u0456\u043b\u044c\u043d\u0435\u043d\u043e /// Taken back", "date": "2022-08-31", "layer_type": "liberated"}, "geometry": {"type": "Polygon", "coordinates": [[[34.3929075, 50.3589513, 0], [34.4657042, 50.3138736, 0], [34.4754671, 50.3211751, 0], [34.4912044, 50.315498, 0], [34.5093487, 50.3410283, 0], [34.5055261, 50.3449712, 0], [34.5123055, 50.3552681, 0], [34.5270434, 50.3638305, 0], [34.5362924, 50.3723916, 0], [34.5400287, 50.3781266, 0], [34.5707467, 50.3834509, 0], [34.5748619, 50.3982915, 0], [34.6204711, 50.4099214, 0], [34.6269503, 50.4203411, 0], [34.6399154, 50.4269573, 0], [34.6934952, 50.4251158, 0], [34.6918993, 50.4654591, 0], [34.6820578, 50.4724677, 0], [34.6973271, 50.5002673, 0], [34.6818825, 50.5090521, 0], [34.6643739, 50.5115891, 0], [34.6461772, 50.521372, 0], [34.6250637, 50.5405583, 0], [34.6036505, 50.5502623, 0], [34.5850473, 50.5529343, 0], [34.5604676, 50.5692117, 0], [34.5123065, 50.6047057, 0], [34.5418614, 50.6122477, 0], [34.5887555, 50.6118244, 0], [34.5864875, 50.6319528, 0], [34.5959192, 50.6675344, 0], [34.620467, 50.7213246, 0], [34.6698209, 50.7108016, 0], [34.6834926, 50.6990209, 0], [34.6978795, 50.6959619, 0], [34.6957998, 50.68791, 0], [34.6987114, 50.6816013, 0], [34.695362, 50.6752939, 0], [34.6945484, 50.6694207, 0], [34.6816122, 50.6655055, 0], [34.6560926, 50.6594118, 0], [34.6360775, 50.6419956, 0], [34.6476605, 50.6273771, 0], [34.679886, 50.6173447, 0], [34.6851604, 50.6028446, 0], [34.7294778, 50.5892548, 0], [34.7544065, 50.5860622, 0], [34.7684454, 50.6073833, 0], [34.7854051, 50.6255358, 0], [34.785302, 50.6379841, 0], [34.8137488, 50.6450768, 0], [34.8274543, 50.6256482, 0], [34.8703391, 50.6330085, 0], [34.9078832, 50.6269909, 0], [34.9302627, 50.6146745, 0], [34.9359275, 50.6031271, 0], [34.9604751, 50.5990957, 0], [34.9611617, 50.5681406, 0], [34.951892, 50.548947, 0], [34.9484588, 50.5380381, 0], [34.9553253, 50.5245075, 0], [34.9618484, 50.510318, 0], [34.9657647, 50.498264, 0], [34.9465509, 50.4889912, 0], [34.9421552, 50.4905661, 0], [34.9261542, 50.4897624, 0], [34.9183964, 50.4736659, 0], [34.8374681, 50.4866836, 0], [34.8023127, 50.4924057, 0], [34.7671546, 50.4958186, 0], [34.7397355, 50.497628, 0], [34.7160798, 50.4912138, 0], [34.7164431, 50.4442985, 0], [34.711317, 50.417277, 0], [34.6566562, 50.4165651, 0], [34.630682, 50.4041343, 0], [34.5908021, 50.3713753, 0], [34.5514442, 50.3664869, 0], [34.5335809, 50.3467974, 0], [34.5201905, 50.3304995, 0], [34.4971568, 50.2969458, 0], [34.4674086, 50.2982408, 0], [34.3863844, 50.3491486, 0], [34.3564751, 50.3542697, 0], [34.3504213, 50.3622914, 0], [34.3038159, 50.3661809, 0], [34.2974638, 50.3609225, 0], [34.2820216, 50.3606532, 0], [34.2800499, 50.3719599, 0], [34.2466568, 50.3793221, 0], [34.2250227, 50.3734052, 0], [34.1735243, 50.357199, 0], [34.1542982, 50.3593894, 0], [34.1432689, 50.3579662, 0], [34.132068, 50.3591704, 0], [34.1268324, 50.3736241, 0], [34.1573428, 50.387941, 0], [34.1732023, 50.3796622, 0], [34.1909479, 50.3805757, 0], [34.2193512, 50.4044878, 0], [34.2296575, 50.4094112, 0], [34.226394, 50.418272, 0], [34.244678, 50.4229748, 0], [34.2821859, 50.4159748, 0], [34.3288778, 50.4230842, 0], [34.3382334, 50.4301379, 0], [34.3581461, 50.4327622, 0], [34.3706773, 50.4489426, 0], [34.3876718, 50.4665102, 0], [34.3753983, 50.4644617, 0], [34.3084501, 50.4440781, 0], [34.2851042, 50.4475762, 0], [34.2331728, 50.4442492, 0], [34.2027067, 50.4388305, 0], [34.1794466, 50.4329809, 0], [34.1754126, 50.4390492, 0], [34.2027046, 50.4496555, 0], [34.2275976, 50.4547902, 0], [34.2624216, 50.4553549, 0], [34.2756184, 50.458264, 0], [34.2819284, 50.4628227, 0], [34.2928731, 50.4681227, 0], [34.3027875, 50.4716735, 0], [34.309096, 50.4777634, 0], [34.3143954, 50.4758369, 0], [34.3082085, 50.4658494, 0], [34.3019383, 50.4590301, 0], [34.3158315, 50.4550088, 0], [34.334814, 50.4609442, 0], [34.3570107, 50.4641287, 0], [34.3699406, 50.469059, 0], [34.3912912, 50.4742733, 0], [34.4153971, 50.4873489, 0], [34.4095176, 50.5135009, 0], [34.4567094, 50.5043026, 0], [34.4971216, 50.4992649, 0], [34.4946659, 50.4875745, 0], [34.4558232, 50.4872386, 0], [34.4227766, 50.4670296, 0], [34.4217882, 50.4594072, 0], [34.4163376, 50.4515661, 0], [34.4047522, 50.4522764, 0], [34.3927359, 50.4577411, 0], [34.3642401, 50.4245059, 0], [34.3479323, 50.4154279, 0], [34.2866491, 50.4038316, 0], [34.2530035, 50.4113804, 0], [34.2275908, 50.4013147, 0], [34.20408, 50.3806305, 0], [34.2536901, 50.3877452, 0], [34.2832934, 50.379918, 0], [34.316323, 50.3773368, 0], [34.3470092, 50.369756, 0], [34.3929075, 50.3589513, 0]]]}}, {"type": "Feature", "properties": {"name": "\u0417\u0432\u0456\u043b\u044c\u043d\u0435\u043d\u043e\u00a026.03-31.03 /// Taken back 26.03-31.03", "date": "2022-08-31", "layer_type": "liberated"}, "geometry": {"type": "Polygon", "coordinates": [[[36.5552546, 47.6730363, 0], [36.538214, 47.6689171, 0], [36.5301126, 47.6756636, 0], [36.5110591, 47.6833837, 0], [36.5005874, 47.6862472, 0], [36.494961, 47.6878991, 0], [36.488991, 47.6886262, 0], [36.4880376, 47.6845337, 0], [36.4892212, 47.6791216, 0], [36.4898722, 47.6733825, 0], [36.4901447, 47.6676836, 0], [36.4847347, 47.6658497, 0], [36.4764064, 47.6648236, 0], [36.4698288, 47.6640204, 0], [36.4608474, 47.6642571, 0], [36.4586768, 47.6675048, 0], [36.459828, 47.6709946, 0], [36.4614435, 47.6740442, 0], [36.4598672, 47.6773694, 0], [36.4563696, 47.682864, 0], [36.4510881, 47.6885371, 0], [36.4412097, 47.6876321, 0], [36.4324375, 47.6860511, 0], [36.4214144, 47.6849663, 0], [36.4175643, 47.6832576, 0], [36.4167322, 47.6803015, 0], [36.4160996, 47.6773933, 0], [36.4148359, 47.6748122, 0], [36.41231, 47.6717293, 0], [36.4065723, 47.6699539, 0], [36.3940661, 47.6696354, 0], [36.3937757, 47.6662236, 0], [36.394914, 47.6633305, 0], [36.3995947, 47.6621703, 0], [36.4020917, 47.6596195, 0], [36.4022818, 47.6559053, 0], [36.4002608, 47.6533323, 0], [36.3893557, 47.650495, 0], [36.381899, 47.6504016, 0], [36.3764534, 47.6532446, 0], [36.3735575, 47.6563998, 0], [36.3748549, 47.6591333, 0], [36.379451, 47.6605004, 0], [36.3848387, 47.661069, 0], [36.3808378, 47.6801962, 0], [36.3186379, 47.6743428, 0], [36.3143446, 47.6781688, 0], [36.3115108, 47.6811221, 0], [36.308291, 47.6848526, 0], [36.3107357, 47.687543, 0], [36.3199137, 47.6886797, 0], [36.3277293, 47.6878332, 0], [36.3402703, 47.6835955, 0], [36.3752066, 47.6881746, 0], [36.3823817, 47.6897616, 0], [36.3873441, 47.6921713, 0], [36.3898268, 47.6952239, 0], [36.3936447, 47.6975586, 0], [36.4005331, 47.6982632, 0], [36.4027763, 47.6956102, 0], [36.4052703, 47.6904701, 0], [36.4732921, 47.6974895, 0], [36.4825898, 47.6962557, 0], [36.4843356, 47.7088853, 0], [36.4714366, 47.714854, 0], [36.4612812, 47.7220921, 0], [36.4661463, 47.7250577, 0], [36.4727286, 47.7269837, 0], [36.4754509, 47.723279, 0], [36.484524, 47.7207865, 0], [36.4908498, 47.7268681, 0], [36.5057589, 47.7215742, 0], [36.5091636, 47.7119921, 0], [36.4981495, 47.7103794, 0], [36.4943452, 47.7001039, 0], [36.4941161, 47.6930595, 0], [36.5121678, 47.6877476, 0], [36.5460223, 47.674954, 0], [36.5552546, 47.6730363, 0]]]}}, {"type": "Feature", "properties": {"name": "\u0417\u0432\u0456\u043b\u044c\u043d\u0435\u043d\u043e/// Taken back\n", "date": "2022-08-31", "layer_type": "liberated"}, "geometry": {"type": "Polygon", "coordinates": [[[33.0476407, 47.1702751, 0], [33.0372677, 47.1780904, 0], [33.0374529, 47.1780414, 0], [33.0378742, 47.1780872, 0], [33.0382875, 47.1782808, 0], [33.0386421, 47.1785878, 0], [33.0385896, 47.1787278, 0], [33.038785, 47.1788839, 0], [33.0388646, 47.1790138, 0], [33.0388414, 47.1792625, 0], [33.038187, 47.180391, 0], [33.0362934, 47.1816991, 0], [33.035773, 47.18238, 0], [33.0354082, 47.1842102, 0], [33.0357193, 47.1865253, 0], [33.0365455, 47.1877904, 0], [33.0371892, 47.1884904, 0], [33.0396353, 47.1893654, 0], [33.0422532, 47.1899632, 0], [33.0435192, 47.1899123, 0], [33.046196, 47.1902933, 0], [33.0485295, 47.1908492, 0], [33.0498545, 47.1910551, 0], [33.0517402, 47.1910268, 0], [33.0528533, 47.1912464, 0], [33.053979, 47.1920085, 0], [33.0546756, 47.1928289, 0], [33.0559516, 47.1930369, 0], [33.0569272, 47.1934199, 0], [33.058686, 47.1944881, 0], [33.0587713, 47.1951773, 0], [33.0597473, 47.1956458, 0], [33.0602032, 47.1959725, 0], [33.0615603, 47.1973417, 0], [33.0618553, 47.1975226, 0], [33.0631052, 47.1986731, 0], [33.0633627, 47.1987469, 0], [33.0642934, 47.1994709, 0], [33.0651544, 47.2002131, 0], [33.0655677, 47.2007728, 0], [33.0657021, 47.2008515, 0], [33.0673967, 47.2007253, 0], [33.1036184, 47.1954999, 0], [33.1183837, 47.2015819, 0], [33.1223319, 47.2032147, 0], [33.1238724, 47.2024624, 0], [33.1268517, 47.2032603, 0], [33.1275995, 47.2031834, 0], [33.1284942, 47.2026214, 0], [33.1306269, 47.2028387, 0], [33.1318025, 47.2032732, 0], [33.1336387, 47.2049586, 0], [33.1342215, 47.2057635, 0], [33.1356366, 47.2058534, 0], [33.1365198, 47.2055504, 0], [33.1316015, 47.2010158, 0], [33.1347708, 47.1968044, 0], [33.1249809, 47.1939218, 0], [33.0912427, 47.1820604, 0], [33.0695251, 47.1756447, 0], [33.0476407, 47.1702751, 0]]]}}, {"type": "Feature", "properties": {"name": "\u0417\u0432\u0456\u043b\u044c\u043d\u0435\u043d\u043e 02.07 /// Taken back 02.07\n", "date": "2022-08-31", "layer_type": "liberated"}, "geometry": {"type": "Polygon", "coordinates": [[[33.3368079, 47.4803807, 0], [33.3359508, 47.480886, 0], [33.334407, 47.4811592, 0], [33.3315463, 47.4814351, 0], [33.3268098, 47.4891629, 0], [33.3526646, 47.4988618, 0], [33.3754014, 47.4835134, 0], [33.405582, 47.4772516, 0], [33.4075553, 47.4567261, 0], [33.3889629, 47.4581332, 0], [33.3883835, 47.4584887, 0], [33.3844672, 47.458676, 0], [33.3824464, 47.4592603, 0], [33.3789235, 47.4602363, 0], [33.3763161, 47.4598793, 0], [33.374095, 47.4589275, 0], [33.3731006, 47.4562915, 0], [33.3719346, 47.4546276, 0], [33.3641817, 47.4472001, 0], [33.3620434, 47.4458873, 0], [33.359948, 47.4453001, 0], [33.3572587, 47.4442663, 0], [33.3538828, 47.4437838, 0], [33.3498842, 47.4448614, 0], [33.346898, 47.4456963, 0], [33.3458214, 47.4464295, 0], [33.3443585, 47.4467129, 0], [33.3430673, 47.4471704, 0], [33.3426547, 47.4482939, 0], [33.3437227, 47.4493738, 0], [33.3461163, 47.4503438, 0], [33.3485848, 47.4517643, 0], [33.3502192, 47.4577365, 0], [33.3483585, 47.4592186, 0], [33.3485575, 47.4640811, 0], [33.3476147, 47.4670674, 0], [33.3480451, 47.4680519, 0], [33.3474058, 47.469102, 0], [33.346509, 47.4701811, 0], [33.345166, 47.4707148, 0], [33.3430933, 47.4708423, 0], [33.3417823, 47.4717604, 0], [33.3412383, 47.4733129, 0], [33.3410161, 47.4748945, 0], [33.3407027, 47.4756893, 0], [33.3401898, 47.4761816, 0], [33.3407069, 47.476674, 0], [33.3382306, 47.4785659, 0], [33.3369128, 47.4792976, 0], [33.3368079, 47.4803807, 0]]]}}, {"type": "Feature", "properties": {"name": "\u0417\u0432\u0456\u043b\u044c\u043d\u0435\u043d\u043e 30.05 /// Taken back 30.05", "date": "2022-08-31", "layer_type": "liberated"}, "geometry": {"type": "Polygon", "coordinates": [[[33.3526646, 47.4988618, 0], [33.363458, 47.5031778, 0], [33.3857636, 47.5166463, 0], [33.4592796, 47.5275216, 0], [33.4914971, 47.519381, 0], [33.5010935, 47.5115069, 0], [33.5141124, 47.5058632, 0], [33.507049, 47.4973199, 0], [33.5041308, 47.4972039, 0], [33.4284123, 47.4900902, 0], [33.405582, 47.4772516, 0], [33.3754014, 47.4835134, 0], [33.3526646, 47.4988618, 0]]]}}, {"type": "Feature", "properties": {"name": "\u0417\u043c\u0456\u0457\u043d\u0438\u0439 ///\u00a0Snake Island", "date": "2022-08-31", "layer_type": "liberated"}, "geometry": {"type": "Polygon", "coordinates": [[[30.1968802, 45.2637827, 0], [30.2040914, 45.2591907, 0], [30.2229742, 45.2653523, 0], [30.2291113, 45.2613943, 0], [30.227373, 45.2553069, 0], [30.2301087, 45.253109, 0], [30.2295828, 45.2522404, 0], [30.2254839, 45.2533738, 0], [30.2186384, 45.2514858, 0], [30.2209136, 45.2423309, 0], [30.2071817, 45.237709, 0], [30.1999724, 45.2416601, 0], [30.1913891, 45.2422262, 0], [30.1845198, 45.2535108, 0], [30.1968802, 45.2637827, 0]]]}}, {"type": "Feature", "properties": {"name": "\u0417\u0432\u0456\u043b\u044c\u043d\u0435\u043d\u043e ///Taken back\n", "date": "2022-08-31", "layer_type": "liberated"}, "geometry": {"type": "Polygon", "coordinates": [[[33.405582, 47.4772516, 0], [33.4284123, 47.4900902, 0], [33.5041308, 47.4972039, 0], [33.507049, 47.4973199, 0], [33.4738362, 47.4866607, 0], [33.4702187, 47.4742303, 0], [33.4662878, 47.4645429, 0], [33.4075553, 47.4567261, 0], [33.405582, 47.4772516, 0]]]}}, {"type": "Feature", "properties": {"name": "\u0417\u0432\u0456\u043b\u044c\u043d\u0435\u043d\u043e 26.06\u00a0/// Taken back 23.06", "date": "2022-08-31", "layer_type": "liberated"}, "geometry": {"type": "Polygon", "coordinates": [[[33.5605299, 47.4933511, 0], [33.5601605, 47.5027082, 0], [33.5787937, 47.5013026, 0], [33.587617, 47.4940255, 0], [33.5933902, 47.4817902, 0], [33.6011116, 47.4636318, 0], [33.5649605, 47.4622771, 0], [33.5581594, 47.4736268, 0], [33.5553104, 47.4856931, 0], [33.5605299, 47.4933511, 0]]]}}, {"type": "Feature", "properties": {"name": "\u0417\u0432\u0456\u043b\u044c\u043d\u0435\u043d\u043e /// Taken back", "date": "2022-08-31", "layer_type": "liberated"}, "geometry": {"type": "Polygon", "coordinates": [[[32.4370853, 47.3884735, 0], [32.4638645, 47.4010237, 0], [32.50163, 47.334055, 0], [32.5215427, 47.3033326, 0], [32.6307193, 47.291225, 0], [32.6437656, 47.2548854, 0], [32.5833408, 47.2492924, 0], [32.4700443, 47.3070575, 0], [32.4350254, 47.2963478, 0], [32.4309055, 47.3186961, 0], [32.4521915, 47.3270742, 0], [32.4391496, 47.3796314, 0], [32.3318605, 47.230289, 0], [32.318396, 47.22575, 0], [32.2793126, 47.1753976, 0], [32.2599315, 47.1539327, 0], [32.1943212, 47.0603062, 0], [32.1654778, 47.0488761, 0], [32.1681283, 47.1103303, 0], [32.2505521, 47.2021405, 0], [32.2980618, 47.2407917, 0], [32.3498087, 47.2870612, 0], [32.423698, 47.3835876, 0], [32.4370853, 47.3884735, 0]]]}}, {"type": "Feature", "properties": {"name": "\u0417\u0432\u0456\u043b\u044c\u043d\u0435\u043d\u043e ///Taken back\n", "date": "2022-08-31", "layer_type": "liberated"}, "geometry": {"type": "Polygon", "coordinates": [[[37.0784707, 49.0919071, 0], [37.0940727, 49.0920208, 0], [37.1292825, 49.0595219, 0], [37.1646447, 49.0552473, 0], [37.1934838, 49.0354442, 0], [37.231936, 49.0223879, 0], [37.3078103, 49.0066257, 0], [37.3577681, 48.9973431, 0], [37.3991341, 48.9958144, 0], [37.4530423, 49.018565, 0], [37.4979679, 49.0197211, 0], [37.5070445, 49.0273334, 0], [37.5128365, 49.0238716, 0], [37.5361748, 49.0220194, 0], [37.5263612, 49.0121608, 0], [37.5110574, 49.0099568, 0], [37.4334676, 49.002459, 0], [37.4092612, 48.9912547, 0], [37.3872896, 48.9918722, 0], [37.3551889, 48.9895068, 0], [37.3335595, 48.9960397, 0], [37.3112436, 48.9899573, 0], [37.2525354, 48.9827477, 0], [37.1763177, 49.0079769, 0], [37.1749255, 49.0334824, 0], [37.1361794, 49.0468412, 0], [37.0949806, 49.0513978, 0], [37.0873971, 49.0574971, 0], [37.0784707, 49.0919071, 0]]]}}, {"type": "Feature", "properties": {"name": "\u0417\u0432\u0456\u043b\u044c\u043d\u0435\u043d\u043e /// Recaptured\n", "date": "2022-08-31", "layer_type": "liberated"}, "geometry": {"type": "Polygon", "coordinates": [[[37.2209496, 49.0520973, 0], [37.231936, 49.0223879, 0], [37.1934838, 49.0354442, 0], [37.1646447, 49.0552473, 0], [37.2209496, 49.0520973, 0]]]}}, {"type": "Feature", "properties": {"name": "\u041e\u0441\u0442\u0440\u0456\u0432 \u0422\u0443\u0437\u043b\u0430 /// Occupied Tuzla Island", "date": "2022-08-31", "layer_type": "russian_occupied"}, "geometry": {"type": "Polygon", "coordinates": [[[36.5192425, 45.2939885, 0], [36.5317737, 45.2861989, 0], [36.5470516, 45.2796768, 0], [36.557012, 45.2670518, 0], [36.5782939, 45.2490485, 0], [36.5715991, 45.2500758, 0], [36.5491116, 45.2613139, 0], [36.54585, 45.2680798, 0], [36.5377819, 45.2739994, 0], [36.5333187, 45.2797976, 0], [36.5182982, 45.288856, 0], [36.5071402, 45.2955583, 0], [36.5192425, 45.2939885, 0]]]}}, {"type": "Feature", "properties": {"name": "\u041e\u043a\u0443\u043f\u043e\u0432\u0430\u043d\u0438\u0439 \u041a\u0440\u0438\u043c /// Occupied Crimea", "date": "2022-08-31", "layer_type": "russian_occupied"}, "geometry": {"type": "Polygon", "coordinates": [[[35.3820643, 45.3525144, 0], [35.467835, 45.3075439, 0], [35.4987587, 45.3061765, 0], [35.5258253, 45.2911927, 0], [35.6353067, 45.3206009, 0], [35.7217501, 45.3355618, 0], [35.7265675, 45.3497848, 0], [35.7482156, 45.3906603, 0], [35.750903, 45.3954268, 0], [35.8023584, 45.4242928, 0], [35.8264752, 45.4401288, 0], [35.8183678, 45.4514182, 0], [35.8177466, 45.4588693, 0], [35.8236493, 45.4663203, 0], [35.8417749, 45.4744726, 0], [35.8678308, 45.4732506, 0], [35.8760595, 45.4638555, 0], [35.8636895, 45.4542195, 0], [35.8465069, 45.446506, 0], [35.8847818, 45.4066898, 0], [35.9401912, 45.3784766, 0], [35.99701, 45.3714908, 0], [36.058299, 45.3852148, 0], [36.0713455, 45.4016019, 0], [36.0775394, 45.4478719, 0], [36.1255871, 45.4616911, 0], [36.1709049, 45.4697122, 0], [36.2660312, 45.4779036, 0], [36.2941983, 45.4798892, 0], [36.3054011, 45.4739692, 0], [36.3227817, 45.4704542, 0], [36.3381048, 45.4736789, 0], [36.3406179, 45.4776989, 0], [36.3417584, 45.4831634, 0], [36.3443128, 45.4789052, 0], [36.3513832, 45.4733024, 0], [36.3569717, 45.4702571, 0], [36.368345, 45.4677681, 0], [36.3754008, 45.4629065, 0], [36.3830431, 45.4580643, 0], [36.3923522, 45.4534719, 0], [36.4038684, 45.4482811, 0], [36.4140851, 45.4447172, 0], [36.4233111, 45.444858, 0], [36.4323879, 45.4466108, 0], [36.4321212, 45.4491708, 0], [36.4426329, 45.4521357, 0], [36.4406809, 45.4548197, 0], [36.4469166, 45.4576063, 0], [36.457917, 45.4552914, 0], [36.4716643, 45.4563464, 0], [36.478543, 45.4542658, 0], [36.4874737, 45.4503334, 0], [36.4960562, 45.4442702, 0], [36.5051516, 45.4412363, 0], [36.5117576, 45.4358631, 0], [36.5229549, 45.4298013, 0], [36.5309558, 45.4262862, 0], [36.5452557, 45.4242854, 0], [36.5548099, 45.4230424, 0], [36.5671421, 45.4277205, 0], [36.5661011, 45.4353605, 0], [36.5757092, 45.440626, 0], [36.5853195, 45.4396442, 0], [36.5935558, 45.4376984, 0], [36.6025698, 45.4273349, 0], [36.6129554, 45.4213075, 0], [36.6101247, 45.4152829, 0], [36.6042456, 45.412031, 0], [36.6160671, 45.4007628, 0], [36.627261, 45.3942082, 0], [36.6405126, 45.3886165, 0], [36.6450421, 45.382257, 0], [36.6431248, 45.3788986, 0], [36.6335856, 45.3764967, 0], [36.6271021, 45.3740878, 0], [36.629355, 45.368781, 0], [36.6256769, 45.363476, 0], [36.6197211, 45.359376, 0], [36.6098796, 45.3573254, 0], [36.6063332, 45.3531615, 0], [36.6042184, 45.3484248, 0], [36.5959534, 45.3458156, 0], [36.5883899, 45.3481292, 0], [36.5681277, 45.3473558, 0], [36.5463246, 45.3462433, 0], [36.5316201, 45.3513652, 0], [36.518973, 45.3516596, 0], [36.5186846, 45.3565357, 0], [36.498482, 45.3628606, 0], [36.4889741, 45.3624786, 0], [36.4822127, 45.360166, 0], [36.4762621, 45.3552063, 0], [36.4771785, 45.3502458, 0], [36.4728335, 45.3470807, 0], [36.4696374, 45.3383374, 0], [36.4701147, 45.3329161, 0], [36.4731298, 45.3244878, 0], [36.4812201, 45.3201835, 0], [36.4919049, 45.3173694, 0], [36.4785752, 45.3058437, 0], [36.4293428, 45.29622, 0], [36.4171994, 45.286584, 0], [36.4217564, 45.2721472, 0], [36.4295309, 45.2779761, 0], [36.4354746, 45.2721923, 0], [36.4315772, 45.2562531, 0], [36.4227627, 45.2429657, 0], [36.4187578, 45.2340262, 0], [36.4012509, 45.2148873, 0], [36.4070909, 45.1715577, 0], [36.4185095, 45.1544896, 0], [36.4203108, 45.1364537, 0], [36.4362654, 45.1139404, 0], [36.4544341, 45.1008902, 0], [36.4368342, 45.0839938, 0], [36.3909776, 45.0653589, 0], [36.372884, 45.0574746, 0], [36.3281966, 45.0591511, 0], [36.2821366, 45.0549895, 0], [36.2477796, 45.0492633, 0], [36.2422657, 45.0415901, 0], [36.2264566, 45.0290601, 0], [36.2137506, 45.0291009, 0], [36.2010446, 45.0330226, 0], [36.07129, 45.0482523, 0], [36.0266503, 45.0498222, 0], [36.0046649, 45.0451745, 0], [35.9823264, 45.024558, 0], [35.9684176, 45.0183747, 0], [35.9531386, 45.0141312, 0], [35.9258506, 45.019111, 0], [35.9136661, 45.0182611, 0], [35.8879269, 45.0126725, 0], [35.8755659, 45.0103718, 0], [35.8683554, 45.0054, 0], [35.8357447, 44.9990939, 0], [35.8293935, 45.0046731, 0], [35.8344566, 45.0077046, 0], [35.8297795, 45.0140758, 0], [35.8219474, 45.0192032, 0], [35.8106804, 45.0223889, 0], [35.8144831, 45.0333055, 0], [35.8048863, 45.0455584, 0], [35.7891038, 45.0563548, 0], [35.775046, 45.0689711, 0], [35.750681, 45.0825557, 0], [35.6936803, 45.106322, 0], [35.6297695, 45.1223028, 0], [35.5854754, 45.131902, 0], [35.5411745, 45.1269509, 0], [35.4989407, 45.1166504, 0], [35.4462564, 45.0984567, 0], [35.4130934, 45.0762582, 0], [35.3856226, 45.0499293, 0], [35.3833907, 45.0350032, 0], [35.3911117, 45.0260233, 0], [35.4105918, 45.0231085, 0], [35.4209684, 45.0121841, 0], [35.3887009, 45.0007996, 0], [35.3650226, 44.9946229, 0], [35.3556696, 44.9860378, 0], [35.3531847, 44.9764804, 0], [35.3839103, 44.9525034, 0], [35.3817713, 44.9479004, 0], [35.3456885, 44.9650381, 0], [35.3192041, 44.9695341, 0], [35.3025476, 44.9680837, 0], [35.2967035, 44.9622621, 0], [35.2836408, 44.9661604, 0], [35.2712818, 44.9675955, 0], [35.2561771, 44.9629687, 0], [35.2434737, 44.9528227, 0], [35.2499966, 44.937815, 0], [35.2369585, 44.9194658, 0], [35.2100892, 44.9102209, 0], [35.1870623, 44.9080271, 0], [35.1629818, 44.9006932, 0], [35.1498931, 44.8865457, 0], [35.1402067, 44.8670023, 0], [35.1318378, 44.8444582, 0], [35.1261054, 44.8237102, 0], [35.0790016, 44.7919526, 0], [34.9698329, 44.8375086, 0], [34.9120951, 44.8157703, 0], [34.7288112, 44.8078253, 0], [34.5446135, 44.7410058, 0], [34.4321494, 44.682765, 0], [34.3552146, 44.5459109, 0], [34.3055437, 44.5501151, 0], [34.249032, 44.5065762, 0], [34.1464573, 44.4793412, 0], [34.1244732, 44.4308203, 0], [33.9616898, 44.3897091, 0], [33.8607911, 44.397006, 0], [33.7451087, 44.3818594, 0], [33.715168, 44.3996416, 0], [33.6891596, 44.4152093, 0], [33.6427831, 44.423395, 0], [33.6383395, 44.4586871, 0], [33.6270126, 44.4795789, 0], [33.6019479, 44.4917389, 0], [33.5540478, 44.4868769, 0], [33.487616, 44.4970494, 0], [33.3671252, 44.5811213, 0], [33.4501548, 44.6159461, 0], [33.5390757, 44.6194771, 0], [33.5988033, 44.609644, 0], [33.6001952, 44.610786, 0], [33.5998614, 44.6133127, 0], [33.5962602, 44.6129879, 0], [33.5951457, 44.6112363, 0], [33.5890962, 44.6124382, 0], [33.5895044, 44.6148711, 0], [33.5828418, 44.6174325, 0], [33.5807108, 44.6170017, 0], [33.5779291, 44.618497, 0], [33.5761949, 44.6209549, 0], [33.5734385, 44.6197403, 0], [33.5631343, 44.6203556, 0], [33.5639904, 44.6226167, 0], [33.5606419, 44.625336, 0], [33.5527869, 44.6236417, 0], [33.5504051, 44.6258484, 0], [33.5483554, 44.6259744, 0], [33.5468152, 44.6240826, 0], [33.5420971, 44.6233813, 0], [33.5393948, 44.6237637, 0], [33.5349536, 44.6237107, 0], [33.5356517, 44.625761, 0], [33.5329163, 44.6265898, 0], [33.5312174, 44.6256803, 0], [33.5285055, 44.6275258, 0], [33.5254838, 44.6270618, 0], [33.5221859, 44.629309, 0], [33.5183353, 44.6284265, 0], [33.5099459, 44.6295904, 0], [33.5082713, 44.6319164, 0], [33.5124742, 44.6331489, 0], [33.5153851, 44.637082, 0], [33.5256907, 44.6383616, 0], [33.5311908, 44.6411069, 0], [33.5356674, 44.6459898, 0], [33.5418641, 44.6589325, 0], [33.5463628, 44.6779794, 0], [33.5467184, 44.7060292, 0], [33.5475831, 44.7244447, 0], [33.5398624, 44.7387125, 0], [33.5407223, 44.7617581, 0], [33.535058, 44.7923643, 0], [33.5406327, 44.802652, 0], [33.54552, 44.8041697, 0], [33.5477436, 44.8120781, 0], [33.5502309, 44.8222419, 0], [33.5485985, 44.8328932, 0], [33.552198, 44.8395857, 0], [33.5595722, 44.8399449, 0], [33.5696937, 44.838843, 0], [33.5789642, 44.8404874, 0], [33.5868637, 44.8470001, 0], [33.5906429, 44.8457225, 0], [33.5956232, 44.8475171, 0], [33.6008626, 44.857663, 0], [33.6052004, 44.8663859, 0], [33.6064479, 44.8717023, 0], [33.6105925, 44.8993192, 0], [33.6109623, 44.9257206, 0], [33.5976519, 44.9765496, 0], [33.6043773, 44.9804712, 0], [33.6025946, 44.9979727, 0], [33.596689, 45.0120756, 0], [33.581633, 45.0511232, 0], [33.5624345, 45.0814365, 0], [33.5374075, 45.1102177, 0], [33.5102954, 45.1346317, 0], [33.4807573, 45.1558915, 0], [33.4508543, 45.1742382, 0], [33.4332529, 45.1846374, 0], [33.4159888, 45.1914041, 0], [33.4094482, 45.1938671, 0], [33.4010281, 45.1965493, 0], [33.3913248, 45.1977683, 0], [33.3849501, 45.1971655, 0], [33.3781579, 45.1960177, 0], [33.3737318, 45.1929034, 0], [33.3747801, 45.1896522, 0], [33.3746126, 45.1872667, 0], [33.3782219, 45.1858486, 0], [33.3744548, 45.1856753, 0], [33.3667193, 45.1840434, 0], [33.3590753, 45.1817757, 0], [33.3569698, 45.1782214, 0], [33.3486851, 45.1746675, 0], [33.331162, 45.1728513, 0], [33.3255723, 45.1744576, 0], [33.3186088, 45.1750957, 0], [33.3097568, 45.1746445, 0], [33.3050247, 45.1734663, 0], [33.300406, 45.1716404, 0], [33.297504, 45.168483, 0], [33.2957182, 45.1663542, 0], [33.2956486, 45.1618045, 0], [33.293829, 45.158614, 0], [33.2905346, 45.1568327, 0], [33.2860912, 45.1538121, 0], [33.2837288, 45.1509173, 0], [33.2822718, 45.1482765, 0], [33.2797012, 45.1475952, 0], [33.2738722, 45.1464757, 0], [33.2707971, 45.1471418, 0], [33.2663625, 45.1467791, 0], [33.2609256, 45.1472646, 0], [33.2549343, 45.1498013, 0], [33.2459386, 45.1569381, 0], [33.2357548, 45.1675171, 0], [33.2276534, 45.1733016, 0], [33.2181404, 45.1776076, 0], [33.2094089, 45.1804086, 0], [33.201555, 45.1826203, 0], [33.1954571, 45.183169, 0], [33.1852357, 45.1837167, 0], [33.1798209, 45.1876511, 0], [33.167457, 45.1934696, 0], [33.1516576, 45.2007522, 0], [33.1434036, 45.2070898, 0], [33.1385684, 45.2149264, 0], [33.1246878, 45.2259538, 0], [33.1073491, 45.2326281, 0], [33.0941264, 45.2451025, 0], [33.0810275, 45.2601885, 0], [33.0740304, 45.2681259, 0], [33.0434832, 45.2878656, 0], [32.9918481, 45.3224993, 0], [32.9667646, 45.3366935, 0], [32.9371025, 45.3496162, 0], [32.9083924, 45.3605221, 0], [32.8542627, 45.3670736, 0], [32.7641899, 45.3668516, 0], [32.7297279, 45.3566612, 0], [32.7114726, 45.3448058, 0], [32.6829272, 45.333912, 0], [32.6772328, 45.32508, 0], [32.6528184, 45.3151327, 0], [32.621079, 45.3199274, 0], [32.5948271, 45.3276111, 0], [32.5793963, 45.3289693, 0], [32.570503, 45.3340943, 0], [32.5355384, 45.3390219, 0], [32.4964907, 45.3449896, 0], [32.495293, 45.3482293, 0], [32.5103771, 45.3608842, 0], [32.5134582, 45.3720378, 0], [32.5074454, 45.3819566, 0], [32.4886441, 45.3849884, 0], [32.4808276, 45.3909109, 0], [32.4819345, 45.4056494, 0], [32.5050229, 45.4261691, 0], [32.5556209, 45.4659496, 0], [32.6915269, 45.52298, 0], [32.69637, 45.5177228, 0], [32.6909269, 45.5081698, 0], [32.7144138, 45.5169495, 0], [32.7105858, 45.5239372, 0], [32.727683, 45.5330863, 0], [32.7550732, 45.548477, 0], [32.7906892, 45.5590224, 0], [32.8166262, 45.5589238, 0], [32.8245397, 45.5548513, 0], [32.8273042, 45.5563081, 0], [32.8349486, 45.5597237, 0], [32.8406482, 45.56511, 0], [32.8431411, 45.5705971, 0], [32.8426546, 45.5772541, 0], [32.8410082, 45.582406, 0], [32.831583, 45.5841652, 0], [32.8225004, 45.5832806, 0], [32.8201285, 45.5843929, 0], [32.8219076, 45.5878182, 0], [32.9050861, 45.6360774, 0], [32.9973336, 45.6779092, 0], [33.009427, 45.6790235, 0], [33.0171537, 45.6870091, 0], [33.0463678, 45.692403, 0], [33.0687571, 45.705934, 0], [33.0966485, 45.7146636, 0], [33.11481, 45.7112164, 0], [33.1250751, 45.7196617, 0], [33.1387446, 45.7183157, 0], [33.1524036, 45.730959, 0], [33.1605576, 45.7495414, 0], [33.1604287, 45.7656387, 0], [33.1657369, 45.7882695, 0], [33.1764389, 45.8053229, 0], [33.1833681, 45.811366, 0], [33.1858308, 45.8079522, 0], [33.1807104, 45.7997837, 0], [33.1724861, 45.7866032, 0], [33.1814278, 45.7734227, 0], [33.2105469, 45.7559314, 0], [33.2381446, 45.7500492, 0], [33.2794116, 45.7585976, 0], [33.3151998, 45.770008, 0], [33.3748671, 45.7965887, 0], [33.4170901, 45.8302054, 0], [33.4339234, 45.8379784, 0], [33.4729954, 45.8484896, 0], [33.4818587, 45.8532599, 0], [33.4856034, 45.8525363, 0], [33.4920962, 45.8565944, 0], [33.5184662, 45.8658644, 0], [33.5405932, 45.8849133, 0], [33.5441019, 45.8803349, 0], [33.5242678, 45.8630878, 0], [33.4971139, 45.8483554, 0], [33.5076216, 45.8410719, 0], [33.5176551, 45.846594, 0], [33.527171, 45.849723, 0], [33.5363434, 45.8451985, 0], [33.5421287, 45.8376274, 0], [33.5482128, 45.8435307, 0], [33.5535178, 45.8515079, 0], [33.5586395, 45.8617199, 0], [33.5716337, 45.870661, 0], [33.5852577, 45.8684574, 0], [33.5951837, 45.8839771, 0], [33.6147267, 45.8899326, 0], [33.6346115, 45.8784318, 0], [33.6397449, 45.8736363, 0], [33.6558644, 45.8726633, 0], [33.6549378, 45.8699698, 0], [33.6573919, 45.8657542, 0], [33.6603343, 45.8620923, 0], [33.6662681, 45.8600217, 0], [33.6736971, 45.8567142, 0], [33.6815298, 45.8502773, 0], [33.678423, 45.8458584, 0], [33.6797799, 45.8426347, 0], [33.6828542, 45.8438353, 0], [33.6859296, 45.8488623, 0], [33.6856604, 45.8588878, 0], [33.6803219, 45.8665067, 0], [33.6799532, 45.8750482, 0], [33.6792256, 45.8849596, 0], [33.6757155, 45.8923565, 0], [33.67557, 45.9009372, 0], [33.6800935, 45.9085396, 0], [33.6877728, 45.9127518, 0], [33.691284, 45.9112313, 0], [33.6899492, 45.9090379, 0], [33.6958046, 45.9074627, 0], [33.7056001, 45.9124071, 0], [33.7105903, 45.916874, 0], [33.7208017, 45.9244272, 0], [33.7282669, 45.9267258, 0], [33.7493777, 45.9274994, 0], [33.75607, 45.9297057, 0], [33.7579871, 45.9344939, 0], [33.7557842, 45.9392824, 0], [33.7513769, 45.9493368, 0], [33.7427932, 45.9517319, 0], [33.723222, 45.951262, 0], [33.6926578, 45.9567519, 0], [33.682856, 45.9528033, 0], [33.6594173, 45.9565555, 0], [33.640135, 45.9493564, 0], [33.6346116, 45.94193, 0], [33.6215537, 45.9458541, 0], [33.6163934, 45.9506791, 0], [33.6275439, 45.9564319, 0], [33.6296884, 45.9674259, 0], [33.6307578, 45.9776967, 0], [33.6285431, 45.9876045, 0], [33.6228726, 46.000837, 0], [33.6171785, 46.014904, 0], [33.6121959, 46.0418325, 0], [33.6214674, 46.0632658, 0], [33.6372819, 46.0813513, 0], [33.6362742, 46.0751698, 0], [33.6431537, 46.0780301, 0], [33.6338964, 46.0979166, 0], [33.6189643, 46.114289, 0], [33.6148453, 46.1267095, 0], [33.6134717, 46.138416, 0], [33.6066801, 46.1468776, 0], [33.6897001, 46.204334, 0], [33.6970944, 46.2034177, 0], [33.7079213, 46.200273, 0], [33.7145537, 46.1968941, 0], [33.7358617, 46.1860384, 0], [33.7386119, 46.185275, 0], [33.7405319, 46.1851281, 0], [33.7299217, 46.1710752, 0], [33.7292662, 46.1691906, 0], [33.7261916, 46.1668223, 0], [33.7253409, 46.1650441, 0], [33.7262883, 46.1617772, 0], [33.7265893, 46.1580037, 0], [33.7281125, 46.1552848, 0], [33.7350527, 46.1500004, 0], [33.7356035, 46.1472395, 0], [33.7408734, 46.1442412, 0], [33.7475156, 46.1379718, 0], [33.7495407, 46.1375786, 0], [33.7548923, 46.1408023, 0], [33.82395, 46.1870691, 0], [34.0383336, 46.1169353, 0], [34.1225822, 46.1081224, 0], [34.1607715, 46.0804296, 0], [34.2253509, 46.0639134, 0], [34.3824645, 46.0346918, 0], [34.4785519, 45.9469467, 0], [34.5560425, 45.988691, 0], [34.6514148, 45.9739079, 0], [34.7008834, 45.9591791, 0], [34.6505463, 45.9347968, 0], [34.6352267, 45.9084632, 0], [34.6238418, 45.884452, 0], [34.5520838, 45.8422677, 0], [34.5243335, 45.8191889, 0], [34.5168682, 45.8017495, 0], [34.5286285, 45.7881373, 0], [34.5728517, 45.8083642, 0], [34.6008073, 45.8373012, 0], [34.6456643, 45.8607057, 0], [34.6968744, 45.8788077, 0], [34.7333458, 45.8844129, 0], [34.7595911, 45.9032563, 0], [34.7873421, 45.9046163, 0], [34.796134, 45.8920532, 0], [34.7587955, 45.8669545, 0], [34.7472953, 45.8435332, 0], [34.6996291, 45.8139344, 0], [34.7251264, 45.8140506, 0], [34.72943, 45.8276696, 0], [34.7490748, 45.8226286, 0], [34.7851745, 45.7907793, 0], [34.7484798, 45.761843, 0], [34.7282947, 45.7309818, 0], [34.8045347, 45.7343911, 0], [34.8780522, 45.7473367, 0], [34.8644448, 45.7321869, 0], [34.875829, 45.7134099, 0], [34.8888909, 45.7017093, 0], [34.9010875, 45.6882086, 0], [34.92888, 45.6774755, 0], [34.9710323, 45.6889463, 0], [34.9821638, 45.681297, 0], [34.9926734, 45.657634, 0], [35.0339616, 45.6287569, 0], [35.0473832, 45.6128772, 0], [35.042263, 45.5960367, 0], [35.097133, 45.5292483, 0], [35.1134863, 45.4855397, 0], [35.0873588, 45.4650823, 0], [35.0255588, 45.4426858, 0], [35.0393119, 45.4152187, 0], [35.0729656, 45.3689183, 0], [35.1010963, 45.349621, 0], [35.1649696, 45.3446545, 0], [35.204621, 45.3411922, 0], [35.2416821, 45.3243264, 0], [35.4068082, 45.2644178, 0], [35.4374817, 45.2862265, 0], [35.4193214, 45.2969629, 0], [35.4018709, 45.3103418, 0], [35.3967558, 45.3256452, 0], [35.3761844, 45.3414385, 0], [35.369352, 45.3265774, 0], [35.3549632, 45.3483999, 0], [35.3369, 45.3640037, 0], [35.322745, 45.3826559, 0], [35.3073882, 45.3859899, 0], [35.2899647, 45.4057169, 0], [35.1893449, 45.5141155, 0], [35.125202, 45.5594218, 0], [35.1180769, 45.5670035, 0], [35.1121529, 45.5771065, 0], [35.1082812, 45.5825818, 0], [35.0944199, 45.5841157, 0], [35.0747174, 45.5981409, 0], [35.0310286, 45.652672, 0], [34.9493437, 45.7629357, 0], [34.9582188, 45.7600372, 0], [34.968107, 45.7623163, 0], [34.9731806, 45.7637409, 0], [34.9770528, 45.765285, 0], [35.0500557, 45.6672021, 0], [35.1098671, 45.5990246, 0], [35.2014582, 45.5233432, 0], [35.3112561, 45.411424, 0], [35.3820643, 45.3525144, 0]]]}}, {"type": "Feature", "properties": {"name": "\u041e\u0420\u0414\u041b\u041e /// CADR and CALR\n", "date": "2022-08-31", "layer_type": "russian_occupied"}, "geometry": {"type": "Polygon", "coordinates": [[[39.0828906, 47.8516037, 0], [39.0827779, 47.8699273, 0], [38.8421825, 47.8631185, 0], [38.8351025, 47.816059, 0], [38.7886773, 47.8159738, 0], [38.7981571, 47.7784404, 0], [38.7889429, 47.7370148, 0], [38.7708688, 47.7206292, 0], [38.7731639, 47.6857642, 0], [38.7540691, 47.6848875, 0], [38.7303052, 47.680361, 0], [38.7291235, 47.6988072, 0], [38.6707962, 47.6989544, 0], [38.6591995, 47.7000572, 0], [38.6656155, 47.6971765, 0], [38.6658873, 47.6694185, 0], [38.6292745, 47.6692783, 0], [38.6295892, 47.6533363, 0], [38.620087, 47.6448705, 0], [38.4562749, 47.6442531, 0], [38.4566884, 47.6170037, 0], [38.3501205, 47.6166892, 0], [38.3507371, 47.5762058, 0], [38.3109696, 47.5760278, 0], [38.3111495, 47.5536189, 0], [38.3051136, 47.5448513, 0], [38.2848038, 47.5444646, 0], [38.2849085, 47.5083765, 0], [38.2950717, 47.5080641, 0], [38.2940999, 47.4907448, 0], [38.2894022, 47.4767537, 0], [38.3020221, 47.4751206, 0], [38.3020854, 47.3928698, 0], [38.3004094, 47.391514, 0], [38.2864155, 47.3914768, 0], [38.2864922, 47.3735598, 0], [38.2587325, 47.3733532, 0], [38.2455592, 47.3631933, 0], [38.2473631, 47.3617371, 0], [38.2504613, 47.357713, 0], [38.246788, 47.3514449, 0], [38.2402401, 47.346223, 0], [38.2306932, 47.3431686, 0], [38.230493, 47.3389025, 0], [38.2220794, 47.3328526, 0], [38.2257943, 47.3321154, 0], [38.2272145, 47.3297102, 0], [38.2214722, 47.3273446, 0], [38.2209779, 47.3053796, 0], [38.3363045, 47.3064075, 0], [38.336361, 47.3055727, 0], [38.3345111, 47.3014077, 0], [38.3282045, 47.3000189, 0], [38.3270914, 47.2990089, 0], [38.3275474, 47.2975272, 0], [38.3296611, 47.297438, 0], [38.3332879, 47.2969749, 0], [38.3337391, 47.2962532, 0], [38.3333538, 47.2921318, 0], [38.3296901, 47.2896121, 0], [38.3290073, 47.2868501, 0], [38.3284365, 47.2848084, 0], [38.3257662, 47.2846011, 0], [38.3233941, 47.2811323, 0], [38.3271856, 47.2795435, 0], [38.3266414, 47.2786087, 0], [38.3256173, 47.2776124, 0], [38.3255863, 47.277134, 0], [38.3260824, 47.2767594, 0], [38.3276326, 47.27668, 0], [38.3316897, 47.2752191, 0], [38.3332862, 47.2725191, 0], [38.3332725, 47.270252, 0], [38.3337354, 47.2689381, 0], [38.3287371, 47.2662912, 0], [38.3287569, 47.2658623, 0], [38.3309967, 47.2645747, 0], [38.3307851, 47.2634492, 0], [38.3244906, 47.2568209, 0], [38.288043, 47.2564998, 0], [38.288189, 47.2385598, 0], [38.2605024, 47.2383163, 0], [38.2535413, 47.2336156, 0], [38.2477027, 47.2334227, 0], [38.2460906, 47.2341102, 0], [38.2427674, 47.2326826, 0], [38.2420348, 47.232812, 0], [38.2412565, 47.2326921, 0], [38.2409443, 47.23219, 0], [38.2405773, 47.2321475, 0], [38.2398865, 47.2324121, 0], [38.2378094, 47.2320427, 0], [38.237346, 47.2312165, 0], [38.2362475, 47.2308171, 0], [38.2351234, 47.2310967, 0], [38.2343344, 47.2309856, 0], [38.2329066, 47.2291897, 0], [38.2328621, 47.2284101, 0], [38.2336742, 47.2280166, 0], [38.2340111, 47.227113, 0], [38.2338694, 47.2258012, 0], [38.2346481, 47.2254071, 0], [38.2361448, 47.2256075, 0], [38.2364096, 47.2254132, 0], [38.2362738, 47.2244999, 0], [38.2364423, 47.2242619, 0], [38.2385172, 47.22364, 0], [38.2387188, 47.2234891, 0], [38.2387143, 47.2232165, 0], [38.2382548, 47.2224089, 0], [38.2383227, 47.2219524, 0], [38.2387591, 47.2217389, 0], [38.2397605, 47.2216179, 0], [38.2400467, 47.2213613, 0], [38.2400827, 47.2201486, 0], [38.2398971, 47.2199239, 0], [38.2398263, 47.218731, 0], [38.2400496, 47.2184367, 0], [38.240507, 47.2183364, 0], [38.2412876, 47.2184817, 0], [38.2425054, 47.2178107, 0], [38.2427899, 47.217117, 0], [38.2422804, 47.2162117, 0], [38.2422759, 47.2153019, 0], [38.2418929, 47.2148436, 0], [38.2415415, 47.2125292, 0], [38.2418471, 47.2121661, 0], [38.2412215, 47.2117534, 0], [38.2408246, 47.2108546, 0], [38.2411519, 47.2105429, 0], [38.2410554, 47.2101138, 0], [38.2402025, 47.2091611, 0], [38.2391299, 47.2084879, 0], [38.2370779, 47.2075891, 0], [38.234781, 47.2025886, 0], [38.2354243, 47.1998353, 0], [38.2359666, 47.1965918, 0], [38.2355903, 47.1961289, 0], [38.2363121, 47.1395266, 0], [38.2340685, 47.1355459, 0], [38.2319091, 47.129692, 0], [38.2292468, 47.1270853, 0], [38.2284514, 47.1226729, 0], [38.2301175, 47.119406, 0], [38.2084123, 47.1069489, 0], [38.1970826, 47.1015741, 0], [38.1865557, 47.0937123, 0], [38.1721916, 47.0759777, 0], [38.1569138, 47.064052, 0], [38.1360872, 47.049752, 0], [38.1225814, 47.0438187, 0], [38.1194359, 47.0485824, 0], [38.1317956, 47.0537286, 0], [38.1328256, 47.0640197, 0], [38.1287612, 47.0723535, 0], [38.1228691, 47.0806216, 0], [38.112625, 47.089654, 0], [38.0920257, 47.1053132, 0], [38.0614698, 47.1120896, 0], [38.054332, 47.1083022, 0], [38.044132, 47.0985359, 0], [38.0374371, 47.0897709, 0], [38.0278241, 47.0898878, 0], [38.0146781, 47.0936958, 0], [37.9993283, 47.0994707, 0], [37.9883419, 47.0983022, 0], [37.9758825, 47.0956826, 0], [37.9790722, 47.0928096, 0], [37.9881702, 47.0894203, 0], [37.9845653, 47.0860308, 0], [37.9715191, 47.0875502, 0], [37.9459416, 47.0970167, 0], [37.9275737, 47.1034436, 0], [37.9123677, 47.1081854, 0], [37.8953012, 47.1123232, 0], [37.8795803, 47.1066666, 0], [37.8621706, 47.1062479, 0], [37.8383095, 47.0997045, 0], [37.8259499, 47.0938614, 0], [37.8148639, 47.0894884, 0], [37.8176104, 47.1011748, 0], [37.8180535, 47.1190987, 0], [37.8499825, 47.1742053, 0], [37.8513558, 47.198938, 0], [37.833503, 47.249301, 0], [37.8338464, 47.2854117, 0], [37.8276665, 47.3026429, 0], [37.8348763, 47.3082302, 0], [37.8317864, 47.3149807, 0], [37.8245766, 47.3214977, 0], [37.8273232, 47.3284792, 0], [37.8292834, 47.3425074, 0], [37.8444894, 47.3419742, 0], [37.856849, 47.3436027, 0], [37.8612124, 47.3478578, 0], [37.8591525, 47.3543707, 0], [37.8486092, 47.3501161, 0], [37.8376229, 47.3524422, 0], [37.8417428, 47.3584893, 0], [37.8515994, 47.3655338, 0], [37.841643, 47.3690218, 0], [37.8383096, 47.3780216, 0], [37.8503258, 47.3842983, 0], [37.856849, 47.3928985, 0], [37.855819, 47.403124, 0], [37.8637154, 47.4265885, 0], [37.8784784, 47.4416839, 0], [37.8925547, 47.4697729, 0], [37.8194267, 47.5463034, 0], [37.7823477, 47.5859162, 0], [37.7686147, 47.6354478, 0], [37.801917, 47.6423879, 0], [37.8039769, 47.6601962, 0], [37.7644947, 47.6847015, 0], [37.6726795, 47.7247168, 0], [37.6467557, 47.7456551, 0], [37.6375888, 47.7519939, 0], [37.623169, 47.7731102, 0], [37.6345486, 47.8025384, 0], [37.6342622, 47.838423, 0], [37.6440338, 47.8866264, 0], [37.5759066, 47.9077328, 0], [37.5685999, 47.9077685, 0], [37.5350286, 47.917986, 0], [37.5380764, 47.9241494, 0], [37.5428393, 47.9324766, 0], [37.5285901, 47.9414985, 0], [37.5218536, 47.94582, 0], [37.5251581, 47.9572022, 0], [37.5394871, 47.9726323, 0], [37.5585462, 47.986451, 0], [37.5496206, 47.9973638, 0], [37.556143, 48.0098553, 0], [37.5733939, 48.0068986, 0], [37.575455, 48.0139608, 0], [37.6164821, 48.0180947, 0], [37.6226618, 48.0194438, 0], [37.6478104, 48.0289444, 0], [37.6699861, 48.0433634, 0], [37.6878504, 48.0547535, 0], [37.6911989, 48.0534065, 0], [37.6942941, 48.0565448, 0], [37.6877494, 48.0618935, 0], [37.6930492, 48.0693073, 0], [37.6997015, 48.0722042, 0], [37.7427884, 48.0727514, 0], [37.7463065, 48.0734746, 0], [37.7543362, 48.0840036, 0], [37.7564355, 48.0866703, 0], [37.7730529, 48.0920319, 0], [37.7892831, 48.1001774, 0], [37.7920214, 48.1045282, 0], [37.8061045, 48.1173377, 0], [37.8198549, 48.1438969, 0], [37.824622, 48.1578177, 0], [37.8285927, 48.1751503, 0], [37.8562077, 48.1928465, 0], [37.8833302, 48.1997121, 0], [37.8965706, 48.2154292, 0], [37.8929432, 48.2335689, 0], [37.89157, 48.2550609, 0], [37.8953466, 48.268546, 0], [37.8881602, 48.2836394, 0], [37.8901968, 48.2991598, 0], [37.9096311, 48.3518021, 0], [37.9210683, 48.3760438, 0], [37.9470402, 48.3751555, 0], [37.9569342, 48.3914893, 0], [38.0048018, 48.3939537, 0], [38.0421228, 48.4090856, 0], [38.0685038, 48.4086727, 0], [38.1137059, 48.4080126, 0], [38.1174769, 48.420805, 0], [38.135158, 48.4190391, 0], [38.1484618, 48.4144818, 0], [38.1630936, 48.4021166, 0], [38.1544451, 48.395536, 0], [38.1500926, 48.3854193, 0], [38.1847683, 48.3749299, 0], [38.2074276, 48.371509, 0], [38.2149807, 48.3690002, 0], [38.2276837, 48.3671755, 0], [38.2591203, 48.359806, 0], [38.2736891, 48.3591918, 0], [38.2907061, 48.361631, 0], [38.3217544, 48.3710529, 0], [38.3435779, 48.3844372, 0], [38.3542284, 48.390346, 0], [38.3672748, 48.3996925, 0], [38.390964, 48.4158739, 0], [38.3892474, 48.4322779, 0], [38.3930237, 48.436606, 0], [38.4053767, 48.4733655, 0], [38.4115634, 48.5105796, 0], [38.4143026, 48.5206053, 0], [38.402637, 48.5478669, 0], [38.402637, 48.5919397, 0], [38.4060702, 48.6019302, 0], [38.4048036, 48.6090985, 0], [38.4046894, 48.6169314, 0], [38.4088093, 48.62964, 0], [38.4143025, 48.6382619, 0], [38.4198032, 48.6450485, 0], [38.4314762, 48.6504924, 0], [38.4452016, 48.6550476, 0], [38.4644278, 48.6564083, 0], [38.4802281, 48.6591107, 0], [38.4967076, 48.6631925, 0], [38.5152472, 48.6663671, 0], [38.5161483, 48.6705617, 0], [38.5272842, 48.6746424, 0], [38.5394514, 48.6735091, 0], [38.5489783, 48.6752945, 0], [38.5594455, 48.6866947, 0], [38.5722313, 48.6890556, 0], [38.577732, 48.6967418, 0], [38.5784187, 48.7094303, 0], [38.5832177, 48.7198696, 0], [38.6301672, 48.721172, 0], [38.6784116, 48.723701, 0], [38.6745492, 48.7293629, 0], [38.6917155, 48.7293629, 0], [38.7535137, 48.7184915, 0], [38.7670674, 48.71432, 0], [38.8084379, 48.7134138, 0], [38.8300673, 48.7170382, 0], [38.8360755, 48.7232671, 0], [38.8471476, 48.7429112, 0], [38.8553874, 48.7496462, 0], [38.8593783, 48.7495899, 0], [38.8606013, 48.749788, 0], [38.8609553, 48.7507359, 0], [38.863879, 48.7513796, 0], [38.8716924, 48.7513053, 0], [38.8776176, 48.7525889, 0], [38.8790769, 48.752476, 0], [38.8802356, 48.7506085, 0], [38.8813299, 48.7501841, 0], [38.8920372, 48.7504385, 0], [38.8988178, 48.750184, 0], [38.9010923, 48.7509054, 0], [38.9047401, 48.7506082, 0], [38.9087746, 48.7492502, 0], [38.9111349, 48.7480051, 0], [38.9125725, 48.7468732, 0], [38.9143212, 48.7443829, 0], [38.9180279, 48.7429113, 0], [38.9199671, 48.7434206, 0], [38.9213055, 48.7446091, 0], [38.9227216, 48.7450054, 0], [38.9306501, 48.7452743, 0], [38.9336652, 48.7460241, 0], [38.9350546, 48.7468536, 0], [38.9369591, 48.7471171, 0], [38.9382788, 48.746682, 0], [38.9388581, 48.7458118, 0], [38.9379568, 48.7440714, 0], [38.9343519, 48.7429112, 0], [38.9324635, 48.736798, 0], [38.9340086, 48.7357792, 0], [38.9437074, 48.7338543, 0], [38.9460674, 48.7344489, 0], [38.9569464, 48.7340668, 0], [38.9610453, 48.736515, 0], [38.961217, 48.739911, 0], [38.9599296, 48.7429109, 0], [38.9611311, 48.7461373, 0], [38.9640925, 48.7461943, 0], [38.9669464, 48.7452039, 0], [38.9698324, 48.7437464, 0], [38.9725628, 48.7435836, 0], [38.9749968, 48.7447632, 0], [38.9788122, 48.7448922, 0], [38.981216, 48.7438449, 0], [38.9823319, 48.7421893, 0], [38.9822031, 48.7402861, 0], [38.9844561, 48.7375798, 0], [38.9895411, 48.7349866, 0], [38.9914368, 48.7306084, 0], [38.9983893, 48.7242672, 0], [38.9993333, 48.7196241, 0], [38.9980459, 48.7174722, 0], [38.9939184, 48.7161888, 0], [38.9888619, 48.715207, 0], [38.9847421, 48.7136213, 0], [38.9843054, 48.7118281, 0], [38.9869231, 48.7101575, 0], [38.9919227, 48.7100017, 0], [38.9969225, 48.7116016, 0], [38.9989862, 48.7111956, 0], [38.9982176, 48.7076745, 0], [38.999505, 48.7039927, 0], [38.9998483, 48.7001975, 0], [39.0018149, 48.6980072, 0], [39.0048265, 48.6963452, 0], [39.0155478, 48.6948913, 0], [39.015727, 48.6886399, 0], [39.0143537, 48.6834267, 0], [39.0163671, 48.6809428, 0], [39.0195819, 48.6791389, 0], [39.0202761, 48.6756061, 0], [39.0205336, 48.6722621, 0], [39.0238809, 48.6698815, 0], [39.0262842, 48.667274, 0], [39.0274858, 48.6632492, 0], [39.0254258, 48.6619737, 0], [39.0216493, 48.6623989, 0], [39.0185594, 48.6640995, 0], [39.0129804, 48.6640429, 0], [39.009633, 48.6626256, 0], [39.010316, 48.660084, 0], [39.0123721, 48.658336, 0], [39.0191528, 48.6569753, 0], [39.0285083, 48.6530064, 0], [39.0322065, 48.6528738, 0], [39.0334474, 48.6519761, 0], [39.0355464, 48.6482432, 0], [39.0380823, 48.6471847, 0], [39.042678, 48.6464662, 0], [39.0548659, 48.6470333, 0], [39.0743495, 48.6504357, 0], [39.0758944, 48.6516264, 0], [39.0849068, 48.6506625, 0], [39.0985539, 48.6508893, 0], [39.1036178, 48.6498687, 0], [39.1119359, 48.6533466, 0], [39.1168282, 48.6567485, 0], [39.1231872, 48.6600178, 0], [39.1273071, 48.6604713, 0], [39.1394876, 48.65964, 0], [39.1419842, 48.6608682, 0], [39.1426709, 48.6635326, 0], [39.141641, 48.6650633, 0], [39.1418984, 48.6666505, 0], [39.1445122, 48.6709112, 0], [39.1486715, 48.6752851, 0], [39.1519406, 48.6762862, 0], [39.1574337, 48.6753794, 0], [39.1633486, 48.6757386, 0], [39.1742491, 48.680329, 0], [39.1816381, 48.6857501, 0], [39.1854146, 48.6933991, 0], [39.1909003, 48.6998199, 0], [39.1951061, 48.7038985, 0], [39.1965081, 48.7065134, 0], [39.1975167, 48.706485, 0], [39.1983536, 48.705777, 0], [39.1991476, 48.702265, 0], [39.2003706, 48.6999993, 0], [39.2031818, 48.6986114, 0], [39.2071728, 48.6982998, 0], [39.2194036, 48.7051822, 0], [39.2248968, 48.7067682, 0], [39.2267852, 48.7089771, 0], [39.2323641, 48.7114125, 0], [39.2359905, 48.711088, 0], [39.2395879, 48.7091247, 0], [39.2435147, 48.7096192, 0], [39.2497802, 48.7125643, 0], [39.2539001, 48.7201527, 0], [39.2533069, 48.7220589, 0], [39.2539624, 48.7244016, 0], [39.2561392, 48.7268717, 0], [39.2592291, 48.7338353, 0], [39.255282, 48.7387742, 0], [39.2550234, 48.7406847, 0], [39.256311, 48.7422696, 0], [39.258535, 48.7427414, 0], [39.264468, 48.7412523, 0], [39.2686631, 48.741949, 0], [39.270809, 48.7439866, 0], [39.2716747, 48.7477596, 0], [39.2703015, 48.7512117, 0], [39.2708089, 48.7527587, 0], [39.2723828, 48.7538866, 0], [39.2747755, 48.753681, 0], [39.2766585, 48.7523332, 0], [39.2788874, 48.749339, 0], [39.2820603, 48.7486084, 0], [39.2864338, 48.7489009, 0], [39.28952, 48.7515136, 0], [39.2892807, 48.7536832, 0], [39.2906433, 48.756248, 0], [39.2914941, 48.7594358, 0], [39.2926174, 48.760605, 0], [39.2999129, 48.7630378, 0], [39.3030887, 48.765414, 0], [39.3088319, 48.7719953, 0], [39.3118435, 48.7740692, 0], [39.3145901, 48.7748045, 0], [39.3245465, 48.776049, 0], [39.3262557, 48.7755589, 0], [39.3279722, 48.7736923, 0], [39.3274828, 48.7721084, 0], [39.326084, 48.7700153, 0], [39.3266028, 48.7683087, 0], [39.3316705, 48.766602, 0], [39.3361337, 48.7659798, 0], [39.3403355, 48.7663007, 0], [39.3472429, 48.7683845, 0], [39.3510607, 48.7685446, 0], [39.3527812, 48.7679412, 0], [39.3545015, 48.7668284, 0], [39.3538932, 48.7654897, 0], [39.3513257, 48.7630943, 0], [39.3491724, 48.7621516, 0], [39.3455281, 48.7616611, 0], [39.3433628, 48.7592092, 0], [39.3431385, 48.7573608, 0], [39.3461759, 48.751042, 0], [39.3470266, 48.7502121, 0], [39.3472058, 48.7457787, 0], [39.3492658, 48.742496, 0], [39.3581923, 48.7370054, 0], [39.3588714, 48.7361753, 0], [39.3588751, 48.7339014, 0], [39.3540724, 48.729646, 0], [39.3537216, 48.7268908, 0], [39.3552238, 48.7252488, 0], [39.3615322, 48.7223045, 0], [39.3691283, 48.7200679, 0], [39.3726043, 48.7198696, 0], [39.3741826, 48.7186523, 0], [39.3737867, 48.7174915, 0], [39.3720796, 48.7159341, 0], [39.3704585, 48.7159622, 0], [39.3652658, 48.7168401, 0], [39.3601589, 48.7156791, 0], [39.3541314, 48.7132442, 0], [39.3486382, 48.7134707, 0], [39.346855, 48.7122245, 0], [39.3486574, 48.708713, 0], [39.3505029, 48.7076367, 0], [39.3559531, 48.697214, 0], [39.3603112, 48.695798, 0], [39.3658902, 48.6922287, 0], [39.3673165, 48.6919737, 0], [39.3779859, 48.6862368, 0], [39.3795566, 48.6862791, 0], [39.3817025, 48.6855142, 0], [39.3895988, 48.6847492, 0], [39.3909291, 48.6837575, 0], [39.3891696, 48.6803857, 0], [39.3905237, 48.6787991, 0], [39.3979909, 48.6746052, 0], [39.4026452, 48.6744349, 0], [39.4058209, 48.6738115, 0], [39.4117239, 48.6705243, 0], [39.4138697, 48.6684271, 0], [39.4135262, 48.6668399, 0], [39.4082049, 48.6614545, 0], [39.4080332, 48.6598104, 0], [39.4106939, 48.6576559, 0], [39.4142323, 48.6566918, 0], [39.4207457, 48.6582229, 0], [39.4323232, 48.6567488, 0], [39.4389481, 48.6549401, 0], [39.4465013, 48.6563009, 0], [39.4501761, 48.6556715, 0], [39.4523728, 48.6547104, 0], [39.4533852, 48.6528124, 0], [39.4513078, 48.6517082, 0], [39.4497978, 48.6504011, 0], [39.4495753, 48.6445574, 0], [39.45164, 48.6410333, 0], [39.4542149, 48.6397855, 0], [39.4575623, 48.6386512, 0], [39.4658132, 48.6386649, 0], [39.4673899, 48.6372332, 0], [39.4642683, 48.6340137, 0], [39.4640108, 48.6310641, 0], [39.4656304, 48.6281857, 0], [39.4685916, 48.6274483, 0], [39.4761018, 48.628753, 0], [39.4841484, 48.6282, 0], [39.4862727, 48.6288949, 0], [39.4930106, 48.6304265, 0], [39.4955426, 48.6321283, 0], [39.5004348, 48.6325537, 0], [39.5104342, 48.6344539, 0], [39.5140876, 48.6338368, 0], [39.5160243, 48.6321987, 0], [39.5167109, 48.6299864, 0], [39.5162691, 48.6279705, 0], [39.5154235, 48.6261855, 0], [39.5119776, 48.6235455, 0], [39.5116469, 48.6218737, 0], [39.5167841, 48.6180986, 0], [39.5257232, 48.613022, 0], [39.5271823, 48.6112629, 0], [39.5278196, 48.6094601, 0], [39.5272799, 48.6082749, 0], [39.5234788, 48.6051034, 0], [39.5226333, 48.6029769, 0], [39.5253848, 48.5981984, 0], [39.5280455, 48.5971767, 0], [39.5324228, 48.5964387, 0], [39.5335878, 48.5954605, 0], [39.5332079, 48.5936307, 0], [39.5281312, 48.5918406, 0], [39.5269121, 48.58955, 0], [39.5287147, 48.5859448, 0], [39.5312037, 48.5842699, 0], [39.5373836, 48.58339, 0], [39.5450225, 48.5839292, 0], [39.549314, 48.5859732, 0], [39.5505587, 48.5885848, 0], [39.5494857, 48.5932401, 0], [39.5512023, 48.5955676, 0], [39.5586696, 48.5980085, 0], [39.5617595, 48.5980085, 0], [39.5633045, 48.5974408, 0], [39.5656345, 48.5939516, 0], [39.5673018, 48.5921198, 0], [39.5672772, 48.5902388, 0], [39.5660509, 48.588301, 0], [39.5631454, 48.5862306, 0], [39.5629675, 48.5836321, 0], [39.5680714, 48.5818502, 0], [39.5733466, 48.5805224, 0], [39.576535, 48.581234, 0], [39.5777793, 48.5828806, 0], [39.5817707, 48.5850383, 0], [39.5925357, 48.5912967, 0], [39.5963493, 48.5923886, 0], [39.6017566, 48.591537, 0], [39.6045891, 48.5888119, 0], [39.6050182, 48.5867681, 0], [39.604074, 48.5862571, 0], [39.6006408, 48.5857461, 0], [39.5948044, 48.5793299, 0], [39.5949886, 48.5766912, 0], [39.5963128, 48.5750293, 0], [39.6036449, 48.5741055, 0], [39.6080223, 48.5727141, 0], [39.6124855, 48.5729129, 0], [39.6137299, 48.5749004, 0], [39.6175495, 48.5771153, 0], [39.6212402, 48.5819417, 0], [39.6219268, 48.5858029, 0], [39.6228281, 48.5863707, 0], [39.6236436, 48.5860867, 0], [39.6319692, 48.5806927, 0], [39.6353165, 48.5800397, 0], [39.6575468, 48.5846673, 0], [39.6587483, 48.5856325, 0], [39.6675887, 48.5867682, 0], [39.6722238, 48.5884145, 0], [39.6765155, 48.5881875, 0], [39.6772879, 48.5875629, 0], [39.6872709, 48.5870843, 0], [39.6916351, 48.586378, 0], [39.697765, 48.5871601, 0], [39.7025463, 48.5877777, 0], [39.714893, 48.5852475, 0], [39.7212371, 48.5848336, 0], [39.7233788, 48.5862164, 0], [39.726252, 48.5866238, 0], [39.7301775, 48.585919, 0], [39.7346291, 48.5858506, 0], [39.7387429, 48.5868384, 0], [39.7443186, 48.5900574, 0], [39.7467209, 48.5906731, 0], [39.7490377, 48.5902429, 0], [39.7510542, 48.5888356, 0], [39.7505496, 48.5833377, 0], [39.7512953, 48.5820902, 0], [39.754759, 48.5829996, 0], [39.7703675, 48.5879945, 0], [39.7720625, 48.5916013, 0], [39.7734252, 48.5923258, 0], [39.7899853, 48.5933692, 0], [39.796119, 48.5918468, 0], [39.8002156, 48.5895529, 0], [39.8044954, 48.5854536, 0], [39.8086096, 48.5839718, 0], [39.8128554, 48.5838551, 0], [39.8223596, 48.5866356, 0], [39.8250511, 48.5861523, 0], [39.8263109, 48.5842074, 0], [39.8254818, 48.5816452, 0], [39.8206043, 48.5792853, 0], [39.8216849, 48.5783323, 0], [39.846829, 48.5729337, 0], [39.8576295, 48.5614133, 0], [39.8545326, 48.5529988, 0], [39.8580446, 48.5453656, 0], [39.8574855, 48.5374008, 0], [39.8667561, 48.5088826, 0], [39.8661347, 48.5047748, 0], [39.861877, 48.5019244, 0], [39.8566588, 48.5016359, 0], [39.8531911, 48.5034246, 0], [39.84871, 48.5028401, 0], [39.8464694, 48.4993057, 0], [39.8478837, 48.4951083, 0], [39.847753, 48.4856779, 0], [39.8463375, 48.4737119, 0], [39.8577522, 48.4633633, 0], [39.8973265, 48.4481115, 0], [39.8985547, 48.4459723, 0], [39.8967662, 48.4442197, 0], [39.8898644, 48.4435709, 0], [39.8888169, 48.4419929, 0], [39.8959257, 48.4292418, 0], [39.9102969, 48.4219558, 0], [39.9127632, 48.4155801, 0], [39.9064839, 48.4074937, 0], [39.906312, 48.403562, 0], [39.9084587, 48.4020517, 0], [39.9160499, 48.4006103, 0], [39.9186437, 48.3976109, 0], [39.9174051, 48.3948097, 0], [39.9067434, 48.3922694, 0], [39.9059615, 48.3903159, 0], [39.9078019, 48.3887123, 0], [39.9145583, 48.3868273, 0], [39.9163055, 48.3842314, 0], [39.9175221, 48.3792278, 0], [39.9212199, 48.3759275, 0], [39.9268452, 48.3750751, 0], [39.9318897, 48.3769292, 0], [39.9352706, 48.384697, 0], [39.9383089, 48.3875623, 0], [39.9415351, 48.3870715, 0], [39.9432775, 48.3837913, 0], [39.9347511, 48.3722742, 0], [39.9367499, 48.3671357, 0], [39.9406678, 48.365023, 0], [39.939451, 48.3607734, 0], [39.944422, 48.3571657, 0], [39.9425304, 48.3549629, 0], [39.9475073, 48.3552302, 0], [39.9436441, 48.3481202, 0], [39.9307271, 48.348957, 0], [39.9186034, 48.3472072, 0], [39.9185813, 48.3416921, 0], [39.8779341, 48.3340733, 0], [39.8597034, 48.3345658, 0], [39.8455931, 48.3327736, 0], [39.8452167, 48.3294989, 0], [39.8403939, 48.3291167, 0], [39.8421021, 48.3183104, 0], [39.8410685, 48.3100513, 0], [39.8871988, 48.3087771, 0], [39.8879682, 48.3073167, 0], [39.8869156, 48.3040891, 0], [39.9031174, 48.2988902, 0], [39.9101881, 48.2929821, 0], [39.9126952, 48.2882023, 0], [39.9097451, 48.2875265, 0], [39.911103, 48.2850178, 0], [39.910753, 48.282907, 0], [39.9093774, 48.2807664, 0], [39.9100639, 48.2790105, 0], [39.9084339, 48.2781327, 0], [39.9082201, 48.277008, 0], [39.9095085, 48.276717, 0], [39.9096855, 48.2760119, 0], [39.9104178, 48.2760308, 0], [39.9113847, 48.275269, 0], [39.9122543, 48.2737457, 0], [39.9118308, 48.2727698, 0], [39.9105891, 48.2721534, 0], [39.9102688, 48.2716453, 0], [39.9111386, 48.2710199, 0], [39.9130755, 48.2711929, 0], [39.9140654, 48.2719578, 0], [39.9147533, 48.2718867, 0], [39.915049, 48.2713442, 0], [39.9145799, 48.2707552, 0], [39.9142596, 48.2698466, 0], [39.9148291, 48.2696779, 0], [39.9174956, 48.2700935, 0], [39.9189796, 48.2706011, 0], [39.9196571, 48.2712977, 0], [39.9210688, 48.2716602, 0], [39.9229547, 48.2713059, 0], [39.9249068, 48.2714851, 0], [39.9259687, 48.2721603, 0], [39.9258988, 48.2729692, 0], [39.9256277, 48.2735879, 0], [39.9258355, 48.2739687, 0], [39.9272912, 48.2753873, 0], [39.927869, 48.2765821, 0], [39.9296385, 48.2777793, 0], [39.9315961, 48.2779922, 0], [39.9328753, 48.2792411, 0], [39.9346951, 48.2790658, 0], [39.9349784, 48.2797503, 0], [39.9341115, 48.2807351, 0], [39.932176, 48.2812133, 0], [39.9302856, 48.2823805, 0], [39.9301559, 48.2827643, 0], [39.9305846, 48.2832846, 0], [39.9321079, 48.2837303, 0], [39.9332772, 48.2837532, 0], [39.9340979, 48.2834791, 0], [39.9350232, 48.2837704, 0], [39.9362154, 48.2850583, 0], [39.9366398, 48.2868873, 0], [39.9370235, 48.288116, 0], [39.9366146, 48.2899582, 0], [39.9368823, 48.2915646, 0], [39.9377029, 48.292225, 0], [39.9385209, 48.2921268, 0], [39.9416121, 48.2928487, 0], [39.9437155, 48.2919104, 0], [39.9448101, 48.2920266, 0], [39.9459582, 48.2927414, 0], [39.9465323, 48.293784, 0], [39.947227, 48.2941626, 0], [39.9484112, 48.2942947, 0], [39.9484261, 48.2961002, 0], [39.9490366, 48.2967152, 0], [39.9507366, 48.2972225, 0], [39.9508356, 48.2977331, 0], [39.949619, 48.2988449, 0], [39.9498477, 48.2994008, 0], [39.9519575, 48.3000927, 0], [39.9522186, 48.3010381, 0], [39.9517688, 48.3021309, 0], [39.9519946, 48.3023918, 0], [39.9517212, 48.3030504, 0], [39.9519708, 48.303551, 0], [39.9529753, 48.3039154, 0], [39.954057, 48.304012, 0], [39.9556063, 48.3037463, 0], [39.9566599, 48.3031852, 0], [39.9568219, 48.3026192, 0], [39.9567444, 48.3021637, 0], [39.9568814, 48.3011087, 0], [39.9563748, 48.3005247, 0], [39.9559284, 48.3003326, 0], [39.9557481, 48.299894, 0], [39.9559754, 48.2992555, 0], [39.9582829, 48.2980501, 0], [39.9593054, 48.2988376, 0], [39.9596904, 48.2992401, 0], [39.9606769, 48.2994413, 0], [39.9633373, 48.2990852, 0], [39.9649464, 48.2996493, 0], [39.9661587, 48.2998029, 0], [39.9667219, 48.2996514, 0], [39.9674541, 48.2991473, 0], [39.9695797, 48.2986384, 0], [39.9702238, 48.2987467, 0], [39.9706103, 48.2989864, 0], [39.9702131, 48.3003911, 0], [39.9706155, 48.3011791, 0], [39.9710313, 48.3014874, 0], [39.9710106, 48.3027963, 0], [39.9694631, 48.3031312, 0], [39.9680178, 48.3028349, 0], [39.9669698, 48.3028323, 0], [39.9657931, 48.3027154, 0], [39.9644662, 48.3020989, 0], [39.9635452, 48.3021261, 0], [39.9630632, 48.3025965, 0], [39.9632084, 48.3032599, 0], [39.9638819, 48.3034631, 0], [39.9648377, 48.3044577, 0], [39.9654414, 48.3046777, 0], [39.9658139, 48.3056564, 0], [39.9656782, 48.3064027, 0], [39.9663829, 48.3067758, 0], [39.9676365, 48.3068053, 0], [39.9687353, 48.3071341, 0], [39.9708083, 48.3070844, 0], [39.9712653, 48.3073022, 0], [39.9712364, 48.3077965, 0], [39.9707928, 48.3089713, 0], [39.9718799, 48.3097157, 0], [39.9710288, 48.3116291, 0], [39.9724916, 48.3129711, 0], [39.9744246, 48.3134708, 0], [39.9754983, 48.31432, 0], [39.9776231, 48.3151726, 0], [39.9788999, 48.315713, 0], [39.9803108, 48.3157835, 0], [39.9825182, 48.3157045, 0], [39.9841797, 48.3162073, 0], [39.9853108, 48.317001, 0], [39.9869491, 48.3175119, 0], [39.9908152, 48.3170825, 0], [39.9910744, 48.3165824, 0], [39.9909894, 48.3160613, 0], [39.9932215, 48.3135961, 0], [39.9935222, 48.3128773, 0], [39.9941876, 48.3126963, 0], [39.9939839, 48.3120065, 0], [39.9920796, 48.3097349, 0], [39.9919216, 48.3060016, 0], [39.9926583, 48.3056192, 0], [39.994253, 48.303181, 0], [39.9950166, 48.3008469, 0], [39.9966002, 48.2979383, 0], [40.0005341, 48.2917165, 0], [39.9997448, 48.28929, 0], [40.0089633, 48.2726545, 0], [40.0138295, 48.2715898, 0], [40.0167773, 48.2694579, 0], [40.0155045, 48.2626787, 0], [40.0189886, 48.2570604, 0], [40.018671, 48.2550513, 0], [40.0189201, 48.2541039, 0], [40.0188624, 48.2531159, 0], [40.0195095, 48.2525075, 0], [40.0073233, 48.2420581, 0], [40.0030757, 48.2394758, 0], [40.0027322, 48.2375353, 0], [40.0039768, 48.2360612, 0], [40.0043418, 48.2323477, 0], [40.007443, 48.2300907, 0], [40.0082215, 48.2281045, 0], [40.0083965, 48.2251387, 0], [40.0075402, 48.2233125, 0], [40.0033787, 48.2236859, 0], [40.0008684, 48.2252447, 0], [39.9722759, 48.2270247, 0], [39.9533041, 48.2294084, 0], [39.9421938, 48.2307436, 0], [39.9409345, 48.1808104, 0], [39.9138857, 48.178015, 0], [39.9091838, 48.1693296, 0], [39.9102753, 48.1384164, 0], [39.8799506, 48.1151645, 0], [39.8685845, 48.0794444, 0], [39.8322015, 48.0664997, 0], [39.8858862, 48.0478658, 0], [39.8772075, 48.0413783, 0], [39.7796623, 48.0393364, 0], [39.7867767, 48.0250342, 0], [39.7853113, 48.0230784, 0], [39.7952175, 48.0107026, 0], [39.7976869, 48.0093062, 0], [39.8029984, 48.0079476, 0], [39.8045408, 48.0064594, 0], [39.8109753, 48.0048562, 0], [39.8171489, 48.001477, 0], [39.8165185, 48.0001159, 0], [39.8139717, 47.9984877, 0], [39.8141575, 47.9968407, 0], [39.8180234, 47.9954669, 0], [39.8192697, 47.989754, 0], [39.8167173, 47.9845419, 0], [39.8230314, 47.9835403, 0], [39.8227982, 47.979535, 0], [39.8198493, 47.9774461, 0], [39.8175382, 47.9766456, 0], [39.8151166, 47.9736166, 0], [39.8154078, 47.9708664, 0], [39.8198438, 47.9677616, 0], [39.8273909, 47.9508344, 0], [39.8058884, 47.9505616, 0], [39.8065943, 47.9336659, 0], [39.7939036, 47.9158973, 0], [39.7949406, 47.8668329, 0], [39.7625051, 47.8701448, 0], [39.7631843, 47.8465373, 0], [39.7379104, 47.8277291, 0], [39.5655871, 47.836556, 0], [39.542168, 47.8249813, 0], [39.5344907, 47.83253, 0], [39.5203078, 47.825141, 0], [39.4784743, 47.8594741, 0], [39.4462501, 47.850644, 0], [39.4373545, 47.8398339, 0], [39.4257838, 47.8358944, 0], [39.4125292, 47.830898, 0], [39.3904498, 47.8661846, 0], [39.2417337, 47.8670136, 0], [39.2362131, 47.8539532, 0], [39.1496824, 47.8425817, 0], [39.1095354, 47.8427473, 0], [39.1093893, 47.8517524, 0], [39.0828906, 47.8516037, 0]]]}}, {"type": "Feature", "properties": {"name": "\u041e\u043a\u0443\u043f\u043e\u0432\u0430\u043d\u043e /// Occupied\n", "date": "2022-08-31", "layer_type": "russian_occupied"}, "geometry": {"type": "Polygon", "coordinates": [[[37.7730529, 48.0920319, 0], [37.7665297, 48.1010318, 0], [37.7696197, 48.104127, 0], [37.7819793, 48.1035538, 0], [37.7885882, 48.1034965, 0], [37.7920214, 48.1045282, 0], [37.7892831, 48.1001774, 0], [37.7730529, 48.0920319, 0]]]}}, {"type": "Feature", "properties": {"name": "\u041e\u043a\u0443\u043f\u043e\u0432\u0430\u043d\u043e /// Occupied", "date": "2022-08-31", "layer_type": "russian_occupied"}, "geometry": {"type": "Polygon", "coordinates": [[[38.402637, 48.5919397, 0], [38.402637, 48.5478669, 0], [38.4143026, 48.5206053, 0], [38.4115634, 48.5105796, 0], [38.4053767, 48.4733655, 0], [38.3930237, 48.436606, 0], [38.3892474, 48.4322779, 0], [38.390964, 48.4158739, 0], [38.3799702, 48.4086007, 0], [38.3672748, 48.3996925, 0], [38.3542284, 48.390346, 0], [38.3435779, 48.3844372, 0], [38.3217544, 48.3710529, 0], [38.2907061, 48.361631, 0], [38.2736891, 48.3591918, 0], [38.2591203, 48.359806, 0], [38.2276837, 48.3671755, 0], [38.2149807, 48.3690002, 0], [38.2074276, 48.371509, 0], [38.1847683, 48.3749299, 0], [38.1500926, 48.3854193, 0], [38.1544451, 48.395536, 0], [38.1630936, 48.4021166, 0], [38.1484618, 48.4144818, 0], [38.135158, 48.4190391, 0], [38.1174769, 48.420805, 0], [38.1137059, 48.4080126, 0], [38.0421228, 48.4090856, 0], [38.0325403, 48.4403878, 0], [38.0390929, 48.4467484, 0], [38.0523785, 48.4433943, 0], [38.0646853, 48.4750385, 0], [38.0813665, 48.472298, 0], [38.1069069, 48.5210443, 0], [38.093967, 48.5393604, 0], [38.0933811, 48.5631316, 0], [38.0910651, 48.5795849, 0], [38.0639254, 48.6026629, 0], [38.0602614, 48.6127701, 0], [38.0505253, 48.6255409, 0], [38.1019115, 48.6532773, 0], [38.1060002, 48.6629577, 0], [38.0973644, 48.6681695, 0], [38.1024185, 48.6738344, 0], [38.1040733, 48.6850489, 0], [38.1260101, 48.6942159, 0], [38.161815, 48.701557, 0], [38.1706768, 48.7107277, 0], [38.1941429, 48.7291851, 0], [38.2088754, 48.7431207, 0], [38.21732, 48.7460305, 0], [38.2247224, 48.7716926, 0], [38.2292058, 48.7984233, 0], [38.2184009, 48.8403363, 0], [38.2249316, 48.8593081, 0], [38.2204335, 48.8789759, 0], [38.1999876, 48.89987, 0], [38.2062636, 48.9229316, 0], [38.2113504, 48.9313209, 0], [38.2337122, 48.9418302, 0], [38.2367067, 48.956746, 0], [38.2584284, 48.9692683, 0], [38.2406324, 49.005535, 0], [38.2622683, 49.0244189, 0], [38.2844417, 49.0264547, 0], [38.2997041, 49.0248792, 0], [38.3698935, 48.9817692, 0], [38.4022715, 48.9556589, 0], [38.413393, 48.9399705, 0], [38.4748205, 48.9035945, 0], [38.4952068, 48.8707374, 0], [38.5304354, 48.8497759, 0], [38.5596882, 48.8300656, 0], [38.7055541, 48.7754591, 0], [38.6917155, 48.7293629, 0], [38.6745492, 48.7293629, 0], [38.6784116, 48.723701, 0], [38.6301672, 48.721172, 0], [38.5832177, 48.7198696, 0], [38.5784187, 48.7094303, 0], [38.577732, 48.6967418, 0], [38.5722313, 48.6890556, 0], [38.5594455, 48.6866947, 0], [38.5489783, 48.6752945, 0], [38.5394514, 48.6735091, 0], [38.5272842, 48.6746424, 0], [38.5161483, 48.6705617, 0], [38.5152472, 48.6663671, 0], [38.4967076, 48.6631925, 0], [38.4802281, 48.6591107, 0], [38.4644278, 48.6564083, 0], [38.4452016, 48.6550476, 0], [38.4314762, 48.6504924, 0], [38.4198032, 48.6450485, 0], [38.4143025, 48.6382619, 0], [38.4088093, 48.62964, 0], [38.4046894, 48.6169314, 0], [38.4048036, 48.6090985, 0], [38.4060702, 48.6019302, 0], [38.402637, 48.5919397, 0]]]}}, {"type": "Feature", "properties": {"name": "\u041e\u043a\u0443\u043f\u043e\u0432\u0430\u043d\u043e /// Occupied", "date": "2022-08-31", "layer_type": "russian_occupied"}, "geometry": {"type": "Polygon", "coordinates": [[[37.8562077, 48.1928465, 0], [37.8285927, 48.1751503, 0], [37.824622, 48.1578177, 0], [37.8198549, 48.1438969, 0], [37.8094909, 48.1524009, 0], [37.8103277, 48.1553785, 0], [37.80971, 48.1649436, 0], [37.7938695, 48.1889643, 0], [37.7843355, 48.1941874, 0], [37.76948, 48.2044644, 0], [37.7478328, 48.2181878, 0], [37.7712588, 48.2370691, 0], [37.7849065, 48.2446757, 0], [37.7761512, 48.2501586, 0], [37.7834469, 48.2548452, 0], [37.8012386, 48.2582824, 0], [37.8048352, 48.2662158, 0], [37.8006261, 48.272697, 0], [37.7783907, 48.2719789, 0], [37.784159, 48.2832303, 0], [37.8082985, 48.2875112, 0], [37.8217294, 48.2899051, 0], [37.8423308, 48.2832692, 0], [37.8696933, 48.2818506, 0], [37.8901968, 48.2991598, 0], [37.8881602, 48.2836394, 0], [37.8953466, 48.268546, 0], [37.89157, 48.2550609, 0], [37.8929432, 48.2335689, 0], [37.8965706, 48.2154292, 0], [37.8833302, 48.1997121, 0], [37.8562077, 48.1928465, 0]]]}}, {"type": "Feature", "properties": {"name": "\u041e\u043a\u0443\u043f\u043e\u0432\u0430\u043d\u043e /// Occupied", "date": "2022-08-31", "layer_type": "russian_occupied"}, "geometry": {"type": "MultiPolygon", "coordinates": [[[[32.4242085, 46.5677111, 0], [32.320535, 46.5533911, 0], [32.2785946, 46.5809827, 0], [32.2594448, 46.5903752, 0], [32.2463986, 46.5922626, 0], [32.2089766, 46.5762173, 0], [32.1846008, 46.5752733, 0], [32.1385957, 46.5568622, 0], [32.119713, 46.596745, 0], [32.1133517, 46.6045799, 0], [32.1042415, 46.6124143, 0], [32.0880776, 46.6167605, 0], [32.0948902, 46.6340049, 0], [32.1181862, 46.6309714, 0], [32.1439238, 46.6327372, 0], [32.1461669, 46.7062436, 0], [32.1657363, 46.7021234, 0], [32.1704922, 46.7457019, 0], [32.1872734, 46.7471601, 0], [32.217432, 46.7495852, 0], [32.2449066, 46.7704252, 0], [32.3041622, 46.7772851, 0], [32.3637473, 46.8318811, 0], [32.3611987, 46.8561673, 0], [32.3567438, 46.8668509, 0], [32.3540139, 46.8798796, 0], [32.3612991, 46.8964354, 0], [32.3751395, 46.911193, 0], [32.4225553, 46.9589532, 0], [32.4764465, 46.9847194, 0], [32.4871751, 46.9980677, 0], [32.5070011, 47.0057138, 0], [32.5149883, 47.0206158, 0], [32.5158461, 47.0272262, 0], [32.5198554, 47.0443287, 0], [32.5648767, 47.0523604, 0], [32.5970774, 47.0581553, 0], [32.605647, 47.059482, 0], [32.6102365, 47.0604502, 0], [32.6233347, 47.0631859, 0], [32.6389075, 47.0656636, 0], [32.6530131, 47.0665, 0], [32.6695009, 47.0668375, 0], [32.6856564, 47.0678403, 0], [32.6950885, 47.0677757, 0], [32.7180866, 47.0681507, 0], [32.7615308, 47.0822634, 0], [32.7795868, 47.0987058, 0], [32.8135422, 47.0982767, 0], [32.8455385, 47.0886603, 0], [32.8438856, 47.0857617, 0], [32.846244, 47.0845811, 0], [32.8478699, 47.0826875, 0], [32.8488892, 47.0799524, 0], [32.8526432, 47.0786899, 0], [32.8623813, 47.0792023, 0], [32.8645192, 47.0788238, 0], [32.8701662, 47.0767799, 0], [32.8715037, 47.0769002, 0], [32.8752089, 47.0786593, 0], [32.8845084, 47.0822908, 0], [32.8943128, 47.0867521, 0], [32.8976385, 47.0880569, 0], [32.8982819, 47.0890887, 0], [32.8972404, 47.0918796, 0], [32.8952545, 47.0949627, 0], [32.894716, 47.0965711, 0], [32.8908917, 47.1033521, 0], [32.8906651, 47.1064542, 0], [32.8911251, 47.1090889, 0], [32.8919595, 47.1110868, 0], [32.8931562, 47.1126876, 0], [32.8938332, 47.1132605, 0], [32.8949322, 47.1135768, 0], [32.8998935, 47.1128999, 0], [32.9019196, 47.1121887, 0], [32.9057142, 47.1102989, 0], [32.9106541, 47.1076498, 0], [32.9131046, 47.1052342, 0], [32.9135423, 47.1043174, 0], [32.9132489, 47.1034487, 0], [32.9105095, 47.1005644, 0], [32.9086358, 47.0969575, 0], [32.908864, 47.0935795, 0], [32.9095212, 47.0918377, 0], [32.9107499, 47.0905746, 0], [32.9133145, 47.0879109, 0], [32.9136047, 47.0871757, 0], [32.9153006, 47.0856468, 0], [32.9165467, 47.0850436, 0], [32.9236608, 47.0839158, 0], [32.924836, 47.0834833, 0], [32.9261828, 47.0834599, 0], [32.9302551, 47.0845172, 0], [32.9333834, 47.0863925, 0], [32.9343833, 47.0877858, 0], [32.9357267, 47.0941462, 0], [32.9375556, 47.1002053, 0], [32.9384671, 47.1016309, 0], [32.9390026, 47.1030799, 0], [32.9395726, 47.1039655, 0], [32.942175, 47.1053138, 0], [32.9445201, 47.105961, 0], [32.9486465, 47.1061846, 0], [32.9500264, 47.1059407, 0], [32.950994, 47.1053685, 0], [32.9553087, 47.1007651, 0], [32.959217, 47.0985104, 0], [32.9614924, 47.0975557, 0], [32.9642827, 47.0970392, 0], [32.9671159, 47.0969901, 0], [32.9699491, 47.0974668, 0], [32.9726105, 47.0994141, 0], [32.9729545, 47.100368, 0], [32.9735567, 47.1012827, 0], [32.973804, 47.1032933, 0], [32.9737937, 47.1049534, 0], [32.9727965, 47.107183, 0], [32.9723141, 47.10766, 0], [32.9715672, 47.1080277, 0], [32.9699191, 47.1083077, 0], [32.9662794, 47.1082834, 0], [32.9635492, 47.1086438, 0], [32.9593759, 47.1095395, 0], [32.9565653, 47.1103962, 0], [32.9537438, 47.111672, 0], [32.9520111, 47.1127188, 0], [32.9508791, 47.114116, 0], [32.9502892, 47.1156843, 0], [32.9505904, 47.1170036, 0], [32.9520932, 47.1173006, 0], [32.9595619, 47.1162592, 0], [32.9627391, 47.1158017, 0], [32.9661737, 47.1156946, 0], [32.9701065, 47.1160389, 0], [32.9726232, 47.1170256, 0], [32.9763692, 47.1182981, 0], [32.9818875, 47.1196161, 0], [32.9875675, 47.120636, 0], [32.9925612, 47.1226778, 0], [32.994309, 47.1240164, 0], [32.9963224, 47.1253017, 0], [32.9988903, 47.126646, 0], [32.9999062, 47.1278747, 0], [33.0009941, 47.1296312, 0], [33.0018825, 47.1298157, 0], [33.0027152, 47.1315863, 0], [33.0024925, 47.132383, 0], [33.001721, 47.1344905, 0], [33.0016371, 47.1358443, 0], [33.0001815, 47.1386686, 0], [32.9980427, 47.141573, 0], [32.9959104, 47.1449299, 0], [32.9955079, 47.1462145, 0], [32.9930715, 47.150185, 0], [32.9913741, 47.1511212, 0], [32.9900896, 47.1515696, 0], [32.987559, 47.1517355, 0], [32.9852859, 47.152018, 0], [32.9846757, 47.1528117, 0], [32.9850096, 47.1542766, 0], [32.9861168, 47.1558002, 0], [32.9878839, 47.1557221, 0], [32.9888786, 47.1552355, 0], [32.990267, 47.1540288, 0], [32.9917564, 47.1532495, 0], [32.9930695, 47.153268, 0], [32.9939105, 47.1539285, 0], [32.9938507, 47.1564857, 0], [32.9918083, 47.1578619, 0], [32.9912679, 47.158742, 0], [32.9906014, 47.1648447, 0], [32.9892052, 47.1669499, 0], [32.9877685, 47.1675446, 0], [32.9876239, 47.1680872, 0], [32.9878227, 47.1686297, 0], [32.9889655, 47.168122, 0], [32.9900226, 47.1673808, 0], [32.9914655, 47.1660763, 0], [32.9932354, 47.1653347, 0], [32.9947478, 47.1652639, 0], [32.9958903, 47.1661913, 0], [32.9960028, 47.1674688, 0], [32.9956732, 47.169493, 0], [32.9922535, 47.1746681, 0], [32.9910785, 47.1800004, 0], [32.9917621, 47.1850455, 0], [32.9919974, 47.1864088, 0], [32.991031, 47.1884722, 0], [32.9913299, 47.1893323, 0], [32.9953426, 47.190594, 0], [33.0022412, 47.1892999, 0], [33.0038371, 47.1901136, 0], [33.0040597, 47.191394, 0], [33.0027098, 47.1923046, 0], [33.0001583, 47.1925152, 0], [33.0003202, 47.1943557, 0], [33.0011688, 47.1957296, 0], [33.0034766, 47.196287, 0], [33.0062993, 47.1960278, 0], [33.0113246, 47.1909666, 0], [33.0127445, 47.1885883, 0], [33.0129479, 47.1870605, 0], [33.0114348, 47.1845993, 0], [33.0126572, 47.1827834, 0], [33.0156816, 47.1800045, 0], [33.021066, 47.1789026, 0], [33.0237976, 47.1772518, 0], [33.0245035, 47.1770901, 0], [33.0246666, 47.1769804, 0], [33.0251623, 47.1769071, 0], [33.0253489, 47.1765564, 0], [33.0256698, 47.1764574, 0], [33.0269349, 47.1765626, 0], [33.0288999, 47.1771834, 0], [33.0308221, 47.177702, 0], [33.0422129, 47.1677955, 0], [33.0511214, 47.1634535, 0], [33.1041676, 47.1517551, 0], [33.1190175, 47.1639204, 0], [33.1352492, 47.1950381, 0], [33.1397509, 47.1941044, 0], [33.1466987, 47.1961447, 0], [33.14399, 47.1990706, 0], [33.1428689, 47.2097468, 0], [33.1427527, 47.2107196, 0], [33.142379, 47.2110802, 0], [33.1366534, 47.2123844, 0], [33.1353301, 47.2126605, 0], [33.1339708, 47.2132128, 0], [33.129316, 47.2192247, 0], [33.1284378, 47.2206017, 0], [33.1276254, 47.2223648, 0], [33.1270306, 47.225716, 0], [33.1266135, 47.2287461, 0], [33.1266375, 47.2297938, 0], [33.1272864, 47.2308984, 0], [33.1328681, 47.2329508, 0], [33.1387504, 47.2313893, 0], [33.1409017, 47.230481, 0], [33.1422001, 47.230063, 0], [33.1477152, 47.2304506, 0], [33.1487893, 47.2309342, 0], [33.1502511, 47.2326007, 0], [33.1506859, 47.2334857, 0], [33.1513841, 47.2341485, 0], [33.1526088, 47.2345995, 0], [33.1563461, 47.2355596, 0], [33.1590143, 47.2355561, 0], [33.1616648, 47.2363207, 0], [33.1628132, 47.2359198, 0], [33.1625351, 47.235526, 0], [33.1592324, 47.2343886, 0], [33.1583777, 47.23258, 0], [33.1601014, 47.2312941, 0], [33.1637703, 47.2315634, 0], [33.1661089, 47.2340473, 0], [33.1666662, 47.2341196, 0], [33.1678665, 47.2333316, 0], [33.172928, 47.2335621, 0], [33.1750691, 47.2368204, 0], [33.1762616, 47.2377423, 0], [33.1776166, 47.237488, 0], [33.1786959, 47.2368628, 0], [33.1798244, 47.236603, 0], [33.1820816, 47.2369572, 0], [33.1841072, 47.2379571, 0], [33.1845536, 47.2389077, 0], [33.1845889, 47.2416249, 0], [33.1850029, 47.2426307, 0], [33.1855736, 47.2431854, 0], [33.1859427, 47.2437122, 0], [33.1863377, 47.2441248, 0], [33.1866986, 47.2439011, 0], [33.1867336, 47.2432788, 0], [33.1872325, 47.2426751, 0], [33.189518, 47.2419335, 0], [33.1916, 47.2420234, 0], [33.192846, 47.2424943, 0], [33.1951672, 47.2447763, 0], [33.1952608, 47.2454944, 0], [33.1948983, 47.2464027, 0], [33.1938062, 47.2472527, 0], [33.1920511, 47.2483117, 0], [33.1914591, 47.2490898, 0], [33.1913909, 47.2497136, 0], [33.1919411, 47.2500292, 0], [33.1932133, 47.2499611, 0], [33.1957577, 47.2495919, 0], [33.1978426, 47.2498439, 0], [33.1995233, 47.2507558, 0], [33.2000524, 47.2514726, 0], [33.1998232, 47.2522655, 0], [33.1976481, 47.2537347, 0], [33.1969027, 47.2545177, 0], [33.1963559, 47.2555013, 0], [33.195434, 47.2565363, 0], [33.1943627, 47.2572084, 0], [33.1939135, 47.2573562, 0], [33.1938506, 47.2576205, 0], [33.1936847, 47.2611247, 0], [33.1940397, 47.2620167, 0], [33.1958631, 47.263245, 0], [33.1976007, 47.2640657, 0], [33.198072, 47.2645711, 0], [33.1980705, 47.2664556, 0], [33.1984109, 47.2681862, 0], [33.2009845, 47.2720654, 0], [33.2021849, 47.2732656, 0], [33.2040711, 47.2763066, 0], [33.2050062, 47.2772892, 0], [33.2075848, 47.2792176, 0], [33.2087475, 47.2805927, 0], [33.2095279, 47.2818872, 0], [33.209458, 47.2830206, 0], [33.2090608, 47.283366, 0], [33.2098653, 47.2840316, 0], [33.2109273, 47.2845808, 0], [33.211828, 47.2850307, 0], [33.2135438, 47.2857559, 0], [33.2144007, 47.286624, 0], [33.2162006, 47.2877199, 0], [33.2201443, 47.2894457, 0], [33.2246852, 47.2908594, 0], [33.2266323, 47.2913346, 0], [33.2281504, 47.2912857, 0], [33.2288691, 47.2920029, 0], [33.229736, 47.2923074, 0], [33.2309033, 47.2920297, 0], [33.231607, 47.2902517, 0], [33.2318128, 47.2894901, 0], [33.2326535, 47.2887819, 0], [33.2387827, 47.2888023, 0], [33.2398908, 47.2886189, 0], [33.2427934, 47.2867965, 0], [33.2471392, 47.2861207, 0], [33.249136, 47.2865157, 0], [33.2496964, 47.2863159, 0], [33.2566232, 47.2865519, 0], [33.2597933, 47.2870187, 0], [33.2610322, 47.2875437, 0], [33.2616217, 47.288128, 0], [33.2629724, 47.2878409, 0], [33.2639137, 47.2878724, 0], [33.2676446, 47.2906111, 0], [33.2688407, 47.2916056, 0], [33.269774, 47.2921973, 0], [33.2717265, 47.2929731, 0], [33.2737435, 47.2949905, 0], [33.274516, 47.2959398, 0], [33.2754291, 47.297325, 0], [33.2756556, 47.2990593, 0], [33.2749927, 47.3004907, 0], [33.2748687, 47.3010833, 0], [33.2751357, 47.3029672, 0], [33.2754981, 47.3041158, 0], [33.2756308, 47.3058082, 0], [33.2746048, 47.3064822, 0], [33.2740118, 47.3071317, 0], [33.27068, 47.307383, 0], [33.269767, 47.3075947, 0], [33.2671407, 47.3076986, 0], [33.26224, 47.3057654, 0], [33.2582752, 47.3055073, 0], [33.2556194, 47.3061513, 0], [33.2504314, 47.3067368, 0], [33.2464969, 47.3076125, 0], [33.2448795, 47.3086045, 0], [33.2417607, 47.3093816, 0], [33.238041, 47.311439, 0], [33.2363521, 47.3127603, 0], [33.2354631, 47.3143263, 0], [33.23523, 47.315189, 0], [33.2342486, 47.3167398, 0], [33.2330483, 47.320415, 0], [33.2333928, 47.3215884, 0], [33.2342536, 47.3221315, 0], [33.2376226, 47.3231366, 0], [33.2405628, 47.324636, 0], [33.2424082, 47.325909, 0], [33.2453695, 47.3280546, 0], [33.2467433, 47.3300769, 0], [33.2488044, 47.3320853, 0], [33.2507579, 47.3335484, 0], [33.251982, 47.3341099, 0], [33.2536579, 47.3347674, 0], [33.2548641, 47.3348133, 0], [33.2560702, 47.3345392, 0], [33.25668, 47.3341656, 0], [33.2606545, 47.3307502, 0], [33.2622253, 47.3294872, 0], [33.2648557, 47.3280736, 0], [33.2667565, 47.3271835, 0], [33.2765926, 47.3233065, 0], [33.2792618, 47.3223094, 0], [33.2852865, 47.3210131, 0], [33.2868645, 47.3209806, 0], [33.2892463, 47.3220427, 0], [33.290169, 47.3221158, 0], [33.2914994, 47.3217382, 0], [33.293731, 47.3214485, 0], [33.2961344, 47.3219163, 0], [33.2974221, 47.3226773, 0], [33.2981094, 47.3234429, 0], [33.298969, 47.3239268, 0], [33.2989564, 47.3252137, 0], [33.2976134, 47.3264423, 0], [33.2969022, 47.3273857, 0], [33.2978217, 47.3278926, 0], [33.2989774, 47.3281378, 0], [33.299438, 47.3284754, 0], [33.3002076, 47.3285162, 0], [33.3009772, 47.3296332, 0], [33.3008856, 47.330471, 0], [33.3009201, 47.3314627, 0], [33.2995813, 47.3329489, 0], [33.2981053, 47.3335943, 0], [33.2968698, 47.3341871, 0], [33.2950855, 47.3353728, 0], [33.2908299, 47.3375114, 0], [33.2889274, 47.3385894, 0], [33.287697, 47.3396984, 0], [33.2864681, 47.3422627, 0], [33.2860702, 47.3433783, 0], [33.2851027, 47.344039, 0], [33.284541, 47.3449533, 0], [33.2845329, 47.3454345, 0], [33.2852114, 47.3459738, 0], [33.2881995, 47.3476338, 0], [33.2905708, 47.348744, 0], [33.2914511, 47.3494524, 0], [33.2920961, 47.3509854, 0], [33.2919259, 47.3521841, 0], [33.2914057, 47.3529046, 0], [33.289641, 47.3538576, 0], [33.2892015, 47.3546298, 0], [33.2901247, 47.3572788, 0], [33.292019, 47.3603299, 0], [33.2934965, 47.3641625, 0], [33.2952317, 47.3653499, 0], [33.2973289, 47.3652828, 0], [33.2991203, 47.3663112, 0], [33.2997092, 47.3680905, 0], [33.3055223, 47.3688593, 0], [33.3106256, 47.3701649, 0], [33.3151682, 47.3674278, 0], [33.321679, 47.3648602, 0], [33.3259461, 47.3643755, 0], [33.3298456, 47.3638712, 0], [33.3321515, 47.3642578, 0], [33.33539, 47.3629378, 0], [33.3377473, 47.3625069, 0], [33.3390283, 47.3602497, 0], [33.3424551, 47.3600562, 0], [33.3455387, 47.3605602, 0], [33.3463718, 47.3618207, 0], [33.3457798, 47.3639682, 0], [33.3454926, 47.3650966, 0], [33.3458639, 47.3654573, 0], [33.3467503, 47.3649459, 0], [33.3480641, 47.364412, 0], [33.3500229, 47.3642673, 0], [33.3547989, 47.3650245, 0], [33.3583431, 47.3678177, 0], [33.3618271, 47.3689859, 0], [33.368453, 47.3728337, 0], [33.368861, 47.3756685, 0], [33.3697399, 47.3766861, 0], [33.369074, 47.3786917, 0], [33.3699739, 47.3793319, 0], [33.3717736, 47.3793337, 0], [33.3755452, 47.3817783, 0], [33.3763941, 47.3857377, 0], [33.3762036, 47.3869152, 0], [33.3737625, 47.3882243, 0], [33.3702533, 47.390843, 0], [33.3698922, 47.3922954, 0], [33.3696847, 47.394038, 0], [33.3683614, 47.3958967, 0], [33.3672096, 47.3976391, 0], [33.3670658, 47.3992636, 0], [33.3660912, 47.4014666, 0], [33.3653432, 47.4056402, 0], [33.365392, 47.4077135, 0], [33.3654894, 47.4104662, 0], [33.3661468, 47.4119463, 0], [33.365745, 47.413164, 0], [33.3666578, 47.4165284, 0], [33.3671101, 47.4173329, 0], [33.3687013, 47.4187098, 0], [33.3696523, 47.4193728, 0], [33.3736073, 47.4184677, 0], [33.3765323, 47.4170979, 0], [33.378791, 47.4162648, 0], [33.3877733, 47.4163413, 0], [33.3967559, 47.4175787, 0], [33.402417, 47.4212474, 0], [33.4071909, 47.4233973, 0], [33.4075877, 47.425373, 0], [33.4126516, 47.4275306, 0], [33.411708, 47.4428104, 0], [33.4075553, 47.4567261, 0], [33.4662878, 47.4645429, 0], [33.4702187, 47.4742303, 0], [33.4738362, 47.4866607, 0], [33.507049, 47.4973199, 0], [33.5141124, 47.5058632, 0], [33.5201479, 47.5103474, 0], [33.5317347, 47.5114353, 0], [33.5458373, 47.5098925, 0], [33.5601605, 47.5027082, 0], [33.5605299, 47.4933511, 0], [33.5553104, 47.4856931, 0], [33.5581594, 47.4736268, 0], [33.5649605, 47.4622771, 0], [33.6011116, 47.4636318, 0], [33.6146149, 47.4497577, 0], [33.6340199, 47.4392032, 0], [33.7212299, 47.4308333, 0], [33.731076, 47.41527, 0], [33.8299179, 47.427781, 0], [33.8355409, 47.4341268, 0], [33.8766048, 47.4342063, 0], [33.9094933, 47.4216948, 0], [33.9571325, 47.4182281, 0], [33.9748945, 47.3872401, 0], [33.9758227, 47.3560188, 0], [33.9663379, 47.3030111, 0], [33.9186393, 47.2721917, 0], [33.9138897, 47.2448994, 0], [33.9028044, 47.2324174, 0], [33.8847003, 47.2200357, 0], [33.8655878, 47.2096232, 0], [33.8548273, 47.2071725, 0], [33.8249067, 47.1959862, 0], [33.7896706, 47.1836219, 0], [33.7816567, 47.1786881, 0], [33.7872047, 47.1308085, 0], [33.763927, 47.0979765, 0], [33.7499326, 47.0920155, 0], [33.6573283, 47.0484019, 0], [33.6619659, 46.9998455, 0], [33.6550291, 46.9850037, 0], [33.5952613, 46.9345462, 0], [33.5990403, 46.894156, 0], [33.5904632, 46.8537657, 0], [33.508568, 46.8580732, 0], [33.4697722, 46.8467501, 0], [33.4418265, 46.8417292, 0], [33.4121732, 46.8296556, 0], [33.3805316, 46.8051472, 0], [33.3654075, 46.7913863, 0], [33.3620449, 46.7892299, 0], [33.3590776, 46.7869083, 0], [33.359021, 46.7856416, 0], [33.3566199, 46.782589, 0], [33.3566788, 46.782027, 0], [33.3534253, 46.7795566, 0], [33.351116, 46.7790846, 0], [33.3292905, 46.7799378, 0], [33.3091201, 46.7741186, 0], [33.2298124, 46.7865792, 0], [33.1559977, 46.7884599, 0], [33.0948859, 46.7689454, 0], [33.0458696, 46.7467111, 0], [33.0135971, 46.7420058, 0], [32.9421856, 46.7396531, 0], [32.8697013, 46.7075272, 0], [32.8379818, 46.6941554, 0], [32.8344628, 46.6906415, 0], [32.8181765, 46.6842131, 0], [32.8136076, 46.6834066, 0], [32.8120658, 46.6844213, 0], [32.802611, 46.6802873, 0], [32.7932433, 46.6765945, 0], [32.7831781, 46.6739781, 0], [32.7776397, 46.673338, 0], [32.7679407, 46.6727274, 0], [32.7580702, 46.6725576, 0], [32.7502143, 46.6733071, 0], [32.7412424, 46.6748364, 0], [32.7406364, 46.6744792, 0], [32.7388236, 46.6745009, 0], [32.7385127, 46.6748759, 0], [32.7374131, 46.6750781, 0], [32.7364423, 46.675457, 0], [32.7351988, 46.6753077, 0], [32.7313385, 46.6754506, 0], [32.7298405, 46.67553, 0], [32.7294409, 46.6750557, 0], [32.7263886, 46.6752993, 0], [32.7237869, 46.6748947, 0], [32.7212711, 46.6746668, 0], [32.72036, 46.6740652, 0], [32.7211245, 46.6655909, 0], [32.7198636, 46.6658863, 0], [32.7191113, 46.6739601, 0], [32.7176619, 46.6736416, 0], [32.7143887, 46.672303, 0], [32.7111215, 46.6709121, 0], [32.709764, 46.6704488, 0], [32.708982, 46.6705518, 0], [32.7073192, 46.6702444, 0], [32.7056244, 46.6693058, 0], [32.7001964, 46.6680724, 0], [32.6949403, 46.6665148, 0], [32.6841741, 46.6629047, 0], [32.6797814, 46.6620687, 0], [32.6759038, 46.6610263, 0], [32.6723546, 46.6597957, 0], [32.6714359, 46.6598673, 0], [32.6617889, 46.6566227, 0], [32.6544025, 46.6529993, 0], [32.637241, 46.638298, 0], [32.5896907, 46.6024557, 0], [32.5795298, 46.6014981, 0], [32.5805273, 46.5981814, 0], [32.5790891, 46.5970914, 0], [32.5606573, 46.5980648, 0], [32.5573638, 46.599494, 0], [32.5439427, 46.5956148, 0], [32.5205054, 46.5962693, 0], [32.5109726, 46.5953881, 0], [32.503159, 46.5929626, 0], [32.497063, 46.5872337, 0], [32.4841335, 46.5817975, 0], [32.4799602, 46.5776585, 0], [32.4776225, 46.574572, 0], [32.47209, 46.5721745, 0], [32.467975, 46.571183, 0], [32.4487507, 46.5632228, 0], [32.4302168, 46.5602164, 0], [32.4242085, 46.5677111, 0]]], [[[32.4242085, 46.5677111, 0], [32.4242026, 46.5676981, 0], [32.4242018, 46.5677046, 0], [32.4242085, 46.5677111, 0]]]]}}, {"type": "Feature", "properties": {"name": "\u041e\u043a\u0443\u043f\u043e\u0432\u0430\u043d\u043e /// Occupied", "date": "2022-08-31", "layer_type": "russian_occupied"}, "geometry": {"type": "Polygon", "coordinates": [[[36.2636948, 50.2352085, 0], [36.2487199, 50.2421778, 0], [36.2465751, 50.2441238, 0], [36.2373059, 50.2455451, 0], [36.2252736, 50.252947, 0], [36.2193875, 50.2661829, 0], [36.1850342, 50.2795968, 0], [36.1431998, 50.2850116, 0], [36.1268919, 50.292689, 0], [36.1312684, 50.3149039, 0], [36.12689, 50.3248327, 0], [36.1361202, 50.3845705, 0], [36.1057218, 50.395084, 0], [36.0899158, 50.3905971, 0], [36.0761933, 50.396836, 0], [36.0638233, 50.4121524, 0], [36.0896516, 50.4244097, 0], [36.103476, 50.4419129, 0], [36.1174627, 50.4383144, 0], [36.1362544, 50.4377749, 0], [36.1614817, 50.4314486, 0], [36.1703923, 50.4109105, 0], [36.1779245, 50.4021858, 0], [36.1839372, 50.4056319, 0], [36.2033378, 50.3961656, 0], [36.2141177, 50.3837698, 0], [36.2314135, 50.3715912, 0], [36.2336046, 50.3647203, 0], [36.2416309, 50.3585062, 0], [36.2560488, 50.3552215, 0], [36.2774956, 50.3404331, 0], [36.2847054, 50.3349548, 0], [36.2740623, 50.3242156, 0], [36.2792121, 50.3233388, 0], [36.2764656, 50.3174201, 0], [36.2850488, 50.3064576, 0], [36.2862504, 50.3034971, 0], [36.286422, 50.2990016, 0], [36.2996634, 50.2990622, 0], [36.2977977, 50.2921045, 0], [36.3292536, 50.2898094, 0], [36.3550886, 50.289054, 0], [36.3621251, 50.2874317, 0], [36.3672315, 50.2882545, 0], [36.3795489, 50.2939025, 0], [36.3749141, 50.3005367, 0], [36.3763731, 50.3007561, 0], [36.4004917, 50.3071702, 0], [36.4093421, 50.3122541, 0], [36.4140741, 50.316351, 0], [36.4165843, 50.3185706, 0], [36.4223348, 50.3241056, 0], [36.4238476, 50.3266264, 0], [36.4253606, 50.3273388, 0], [36.4257579, 50.3281882, 0], [36.4289019, 50.3296951, 0], [36.4342234, 50.3309005, 0], [36.4350817, 50.3294759, 0], [36.4409182, 50.3121584, 0], [36.4882969, 50.3125969, 0], [36.490509, 50.3101711, 0], [36.4907188, 50.3082491, 0], [36.4923686, 50.306137, 0], [36.498138, 50.3027089, 0], [36.5013026, 50.2997418, 0], [36.5124156, 50.2957669, 0], [36.5140335, 50.2959291, 0], [36.5164302, 50.296065, 0], [36.5172853, 50.2953104, 0], [36.5172398, 50.293922, 0], [36.5193747, 50.2938886, 0], [36.5217669, 50.2931423, 0], [36.5248349, 50.2936236, 0], [36.527984, 50.292686, 0], [36.5263849, 50.2864243, 0], [36.5570723, 50.2816126, 0], [36.5604459, 50.2842356, 0], [36.5630201, 50.2848067, 0], [36.5706158, 50.2857503, 0], [36.5843917, 50.2862541, 0], [36.5873951, 50.2851999, 0], [36.5893674, 50.2839138, 0], [36.5886766, 50.2817804, 0], [36.5889255, 50.2811334, 0], [36.5902811, 50.2792907, 0], [36.5918761, 50.278567, 0], [36.5941217, 50.2780517, 0], [36.5944063, 50.2758146, 0], [36.5742063, 50.2753467, 0], [36.5762065, 50.2744108, 0], [36.5782966, 50.268268, 0], [36.5813302, 50.2628383, 0], [36.5757658, 50.2606201, 0], [36.5787847, 50.2585664, 0], [36.5749522, 50.2552273, 0], [36.5693473, 50.2577129, 0], [36.5607145, 50.2505013, 0], [36.596035, 50.2307066, 0], [36.6148193, 50.2233415, 0], [36.6159689, 50.227564, 0], [36.6419506, 50.222207, 0], [36.6491035, 50.2179886, 0], [36.6644961, 50.2216773, 0], [36.6817298, 50.2388939, 0], [36.6893621, 50.2666486, 0], [36.6942955, 50.2690885, 0], [36.7204932, 50.2775807, 0], [36.7296344, 50.2774529, 0], [36.739678, 50.2829073, 0], [36.7494721, 50.2806537, 0], [36.7515754, 50.2833032, 0], [36.7512755, 50.2859527, 0], [36.7486184, 50.287515, 0], [36.7543712, 50.2896261, 0], [36.7585997, 50.2896258, 0], [36.7648883, 50.2908592, 0], [36.7681069, 50.3027299, 0], [36.7998604, 50.3063524, 0], [36.8068133, 50.3107914, 0], [36.8336818, 50.3139125, 0], [36.8518608, 50.3269614, 0], [36.8554621, 50.3306348, 0], [36.8740865, 50.3368543, 0], [36.8885933, 50.337812, 0], [36.9181262, 50.3475604, 0], [36.9387393, 50.3507306, 0], [37.0376201, 50.3486626, 0], [37.0461999, 50.3450344, 0], [37.0594155, 50.3468997, 0], [37.0716892, 50.3472837, 0], [37.1045652, 50.3529213, 0], [37.1040501, 50.3577404, 0], [37.1430174, 50.3616829, 0], [37.1495412, 50.3557691, 0], [37.1605271, 50.3588355, 0], [37.1833259, 50.363709, 0], [37.2240444, 50.3781199, 0], [37.2225405, 50.3793899, 0], [37.2569715, 50.3928697, 0], [37.2580148, 50.3914822, 0], [37.2933938, 50.401692, 0], [37.2985649, 50.4052956, 0], [37.3007317, 50.4065468, 0], [37.3035207, 50.4118936, 0], [37.3055788, 50.4152569, 0], [37.3108083, 50.4230588, 0], [37.3096504, 50.4257559, 0], [37.3166258, 50.4302759, 0], [37.320974, 50.4330814, 0], [37.3332773, 50.4371074, 0], [37.353091, 50.4376761, 0], [37.3765092, 50.4329954, 0], [37.3970779, 50.4312803, 0], [37.421786, 50.4353306, 0], [37.4332843, 50.4439138, 0], [37.4437555, 50.4476858, 0], [37.4684791, 50.4532587, 0], [37.4742346, 50.455825, 0], [37.4782742, 50.4599212, 0], [37.4914069, 50.4579543, 0], [37.485612, 50.4452731, 0], [37.486514, 50.4357634, 0], [37.4821358, 50.4316633, 0], [37.4702486, 50.4312533, 0], [37.4669444, 50.4301868, 0], [37.4644122, 50.4248274, 0], [37.4656566, 50.4212178, 0], [37.4667296, 50.4181555, 0], [37.4659145, 50.4133435, 0], [37.4672924, 50.4073776, 0], [37.467125, 50.39791, 0], [37.4667836, 50.3883334, 0], [37.4659249, 50.384422, 0], [37.4685218, 50.3788701, 0], [37.4718047, 50.3755075, 0], [37.4721902, 50.370534, 0], [37.483388, 50.3621663, 0], [37.4838357, 50.3594058, 0], [37.4861192, 50.3568208, 0], [37.5071134, 50.3527022, 0], [37.5066284, 50.3502926, 0], [37.5215906, 50.3367092, 0], [37.5556259, 50.3305717, 0], [37.5780101, 50.3064577, 0], [37.5864204, 50.3147897, 0], [37.6010129, 50.3165433, 0], [37.6303684, 50.3146811, 0], [37.6349169, 50.3126525, 0], [37.6374053, 50.3104045, 0], [37.6391171, 50.3029405, 0], [37.6293302, 50.2961382, 0], [37.6277844, 50.2928447, 0], [37.6277811, 50.2643172, 0], [37.6260667, 50.2450055, 0], [37.6279579, 50.2423769, 0], [37.6140591, 50.2195455, 0], [37.6432907, 50.1909652, 0], [37.6401875, 50.1815087, 0], [37.641815, 50.1759566, 0], [37.6461887, 50.1752416, 0], [37.6556207, 50.1663355, 0], [37.6720798, 50.1513791, 0], [37.6775489, 50.14962, 0], [37.6904973, 50.1430233, 0], [37.7115634, 50.1236707, 0], [37.7366365, 50.0985675, 0], [37.747448, 50.0921813, 0], [37.7555089, 50.0783052, 0], [37.7980813, 50.0842535, 0], [37.8193743, 50.0722472, 0], [37.8509532, 50.0593534, 0], [37.8622877, 50.0557202, 0], [37.8928447, 50.0512016, 0], [37.9257981, 50.0353224, 0], [37.9561823, 49.9948394, 0], [37.9656238, 49.9794977, 0], [37.9797021, 49.9772907, 0], [37.9999562, 49.9642616, 0], [38.0059645, 49.9676846, 0], [38.0096568, 49.964979, 0], [38.0099158, 49.9629359, 0], [38.0248508, 49.9520022, 0], [38.0337738, 49.9441602, 0], [38.0447601, 49.9330013, 0], [38.0177233, 49.9248239, 0], [38.0207382, 49.9212595, 0], [38.0132819, 49.9188002, 0], [38.0204278, 49.9124449, 0], [38.0271444, 49.9064199, 0], [38.0367778, 49.9043743, 0], [38.046732, 49.9155391, 0], [38.0590081, 49.9247134, 0], [38.1256131, 49.9423926, 0], [38.1297336, 49.930459, 0], [38.1276731, 49.9225031, 0], [38.1352217, 49.9284719, 0], [38.1723052, 49.9423926, 0], [38.1635505, 49.9518925, 0], [38.1987413, 49.9626052, 0], [38.1968529, 49.966249, 0], [38.1966813, 49.9697825, 0], [38.2162938, 49.9778143, 0], [38.2171243, 49.9871793, 0], [38.256068, 49.9099877, 0], [38.1776544, 49.8422717, 0], [38.1887762, 49.7398852, 0], [38.133844, 49.5976759, 0], [38.16955, 49.5549321, 0], [38.1091244, 49.4443371, 0], [38.1448304, 49.3889459, 0], [38.2349252, 49.3696932, 0], [38.2259986, 49.2160885, 0], [38.1846644, 49.2021756, 0], [38.1792719, 49.1336855, 0], [38.2287408, 49.063784, 0], [38.268211, 49.0401423, 0], [38.2622683, 49.0244189, 0], [38.2406324, 49.005535, 0], [38.2584284, 48.9692683, 0], [38.2367067, 48.956746, 0], [38.2337122, 48.9418302, 0], [38.2113504, 48.9313209, 0], [38.1993997, 48.9288467, 0], [38.1947919, 48.9284968, 0], [38.1853211, 48.9298441, 0], [38.1820875, 48.929756, 0], [38.1680389, 48.9318383, 0], [38.1629661, 48.9311821, 0], [38.1579363, 48.9312306, 0], [38.1534473, 48.9314451, 0], [38.1479711, 48.9328717, 0], [38.1445548, 48.9332691, 0], [38.1429838, 48.9333, 0], [38.1416225, 48.9324937, 0], [38.1401755, 48.9318002, 0], [38.1402243, 48.9311784, 0], [38.137398, 48.9259328, 0], [38.13387, 48.9241396, 0], [38.133235, 48.9243716, 0], [38.1303897, 48.9264505, 0], [38.1281324, 48.9269989, 0], [38.1262182, 48.927082, 0], [38.1205703, 48.9268548, 0], [38.118905, 48.9274389, 0], [38.1180551, 48.9281921, 0], [38.1176623, 48.9300489, 0], [38.116969, 48.9316802, 0], [38.1154603, 48.9323952, 0], [38.1134367, 48.9330678, 0], [38.096415, 48.9352294, 0], [38.0960011, 48.9356143, 0], [38.0950488, 48.9384887, 0], [38.093564, 48.9397638, 0], [38.0911779, 48.9405456, 0], [38.0845385, 48.9403916, 0], [38.0794012, 48.939758, 0], [38.0650505, 48.9373904, 0], [38.0581494, 48.9400962, 0], [38.0548361, 48.9400369, 0], [38.051909, 48.939442, 0], [38.0445964, 48.9352779, 0], [38.0426021, 48.9325592, 0], [38.042539, 48.9296432, 0], [38.0399441, 48.9274954, 0], [38.0383464, 48.9252937, 0], [38.0365341, 48.9241774, 0], [38.0320104, 48.9171322, 0], [38.0309292, 48.9147447, 0], [38.0297623, 48.9142467, 0], [38.0288722, 48.9146783, 0], [38.0278962, 48.9163509, 0], [38.0262876, 48.9173834, 0], [38.0235769, 48.9175082, 0], [38.0214921, 48.9173309, 0], [38.0206946, 48.9165613, 0], [38.0213886, 48.9146141, 0], [38.0211814, 48.9134003, 0], [38.019973, 48.9127214, 0], [38.0181222, 48.9121207, 0], [38.0171028, 48.9116525, 0], [38.0166843, 48.9103101, 0], [38.0165019, 48.9089254, 0], [38.0154935, 48.908088, 0], [38.0141418, 48.9082237, 0], [38.0120824, 48.9096689, 0], [38.0101096, 48.9094002, 0], [38.0091681, 48.9088063, 0], [38.0085273, 48.9079446, 0], [38.0079724, 48.9056443, 0], [38.0068689, 48.9049053, 0], [38.0062068, 48.905176, 0], [38.0060358, 48.907486, 0], [38.0049636, 48.9089497, 0], [38.000673, 48.9112565, 0], [37.9977565, 48.9113007, 0], [37.9962426, 48.9105549, 0], [37.9952652, 48.9095835, 0], [37.9953704, 48.9074997, 0], [37.9950144, 48.9065723, 0], [37.994315, 48.9061244, 0], [37.9931913, 48.9064204, 0], [37.9921454, 48.9089301, 0], [37.9897959, 48.9109595, 0], [37.9886481, 48.911381, 0], [37.9871569, 48.9115204, 0], [37.9841106, 48.9112319, 0], [37.9796489, 48.910993, 0], [37.9756204, 48.9071047, 0], [37.9743174, 48.9039356, 0], [37.9707034, 48.9027313, 0], [37.9644149, 48.9013654, 0], [37.9617313, 48.9015508, 0], [37.9597129, 48.9011789, 0], [37.9539394, 48.9020623, 0], [37.9528218, 48.903397, 0], [37.9555089, 48.905589, 0], [37.9568228, 48.9075552, 0], [37.9575624, 48.9088361, 0], [37.9552843, 48.912098, 0], [37.9515914, 48.9124173, 0], [37.9475551, 48.9114954, 0], [37.9415432, 48.9075077, 0], [37.9384937, 48.9052877, 0], [37.9362169, 48.9027292, 0], [37.9332323, 48.8990422, 0], [37.9327057, 48.8979322, 0], [37.9326082, 48.8968222, 0], [37.9313015, 48.8934775, 0], [37.9314638, 48.8918617, 0], [37.9276, 48.8869543, 0], [37.9266118, 48.8855742, 0], [37.9245498, 48.8840557, 0], [37.9225095, 48.883158, 0], [37.9212417, 48.8820345, 0], [37.9150092, 48.8798268, 0], [37.911507, 48.8802892, 0], [37.9070093, 48.8787845, 0], [37.9062453, 48.8782676, 0], [37.9045584, 48.8781635, 0], [37.9018283, 48.8794086, 0], [37.9017158, 48.8812394, 0], [37.9049641, 48.8835271, 0], [37.9038953, 48.885193, 0], [37.9015819, 48.8875079, 0], [37.8990323, 48.8885529, 0], [37.8960963, 48.8890053, 0], [37.8937288, 48.888579, 0], [37.8907606, 48.8872496, 0], [37.8844021, 48.8864845, 0], [37.8827216, 48.8854089, 0], [37.883438, 48.8823266, 0], [37.8851266, 48.8811806, 0], [37.8844259, 48.8791118, 0], [37.8811503, 48.8781155, 0], [37.8792063, 48.87849, 0], [37.876962, 48.878554, 0], [37.8757475, 48.8772349, 0], [37.8717714, 48.8777466, 0], [37.8691825, 48.8786797, 0], [37.8667722, 48.8803034, 0], [37.8627309, 48.8811367, 0], [37.8619274, 48.8819277, 0], [37.8624483, 48.8824502, 0], [37.8656269, 48.883671, 0], [37.8652208, 48.8860593, 0], [37.8625071, 48.8872816, 0], [37.8600508, 48.886839, 0], [37.8576065, 48.8858281, 0], [37.8520393, 48.886154, 0], [37.8438481, 48.8889129, 0], [37.8410637, 48.8915586, 0], [37.8239604, 48.8945778, 0], [37.806815, 48.893973, 0], [37.7894985, 48.8926885, 0], [37.7794635, 48.8871095, 0], [37.7771506, 48.8843197, 0], [37.7705896, 48.8819247, 0], [37.7671899, 48.8820707, 0], [37.7630174, 48.8870705, 0], [37.7595641, 48.8895917, 0], [37.7647025, 48.8911491, 0], [37.7685976, 48.9034846, 0], [37.7703928, 48.9096578, 0], [37.7667803, 48.9205692, 0], [37.7409393, 48.9374272, 0], [37.7344354, 48.9441596, 0], [37.7318696, 48.9447632, 0], [37.7268284, 48.9436226, 0], [37.7250486, 48.9462026, 0], [37.7249492, 48.9474234, 0], [37.7269819, 48.949189, 0], [37.7265838, 48.952044, 0], [37.7184036, 48.9575284, 0], [37.710625, 48.9562094, 0], [37.7001204, 48.9592671, 0], [37.6953664, 48.9575906, 0], [37.6959866, 48.9542376, 0], [37.6932597, 48.9527443, 0], [37.6903614, 48.9492219, 0], [37.6839182, 48.9478704, 0], [37.6743364, 48.9435299, 0], [37.666815, 48.9438118, 0], [37.6643035, 48.9450518, 0], [37.6604822, 48.9447131, 0], [37.6487198, 48.9469658, 0], [37.6388359, 48.9489217, 0], [37.6347878, 48.9520044, 0], [37.6332142, 48.9545625, 0], [37.6283499, 48.9551692, 0], [37.6158715, 48.9620177, 0], [37.615326, 48.9635612, 0], [37.6173125, 48.9669362, 0], [37.6209087, 48.9672542, 0], [37.6243806, 48.9667652, 0], [37.627876, 48.9673376, 0], [37.6289684, 48.9695441, 0], [37.6324558, 48.9829295, 0], [37.6274082, 48.9855881, 0], [37.6268326, 48.9869004, 0], [37.6319522, 48.989021, 0], [37.6339821, 48.9918174, 0], [37.6322782, 48.9930087, 0], [37.6262828, 48.9922851, 0], [37.6237329, 48.9950054, 0], [37.6403169, 49.0063392, 0], [37.6466034, 49.0041584, 0], [37.6498024, 49.0107602, 0], [37.6674237, 49.0173611, 0], [37.6672706, 49.0191766, 0], [37.6654009, 49.0205418, 0], [37.6622344, 49.0211119, 0], [37.6587245, 49.0205561, 0], [37.6553706, 49.0224701, 0], [37.6562042, 49.0243138, 0], [37.6602472, 49.0260376, 0], [37.6632606, 49.0282116, 0], [37.6634509, 49.0309838, 0], [37.6587406, 49.0331087, 0], [37.6490542, 49.0352181, 0], [37.6381653, 49.0371015, 0], [37.6284033, 49.0378288, 0], [37.6265663, 49.0400778, 0], [37.6259307, 49.0429457, 0], [37.6235782, 49.0447735, 0], [37.620195, 49.0456352, 0], [37.6150701, 49.044997, 0], [37.6084003, 49.0455963, 0], [37.6033836, 49.0454457, 0], [37.5859409, 49.0398002, 0], [37.5750768, 49.0349791, 0], [37.573003, 49.0320782, 0], [37.5563462, 49.0258999, 0], [37.5361748, 49.0220194, 0], [37.5128365, 49.0238716, 0], [37.5070445, 49.0273334, 0], [37.4956505, 49.0320466, 0], [37.4894905, 49.0366462, 0], [37.4873266, 49.0489691, 0], [37.4860492, 49.0563345, 0], [37.4692146, 49.054646, 0], [37.4448322, 49.0585253, 0], [37.4183606, 49.0613731, 0], [37.3709583, 49.0423853, 0], [37.3636695, 49.0266049, 0], [37.3996294, 49.007671, 0], [37.395228, 48.9986526, 0], [37.3070897, 49.0103584, 0], [37.2778463, 49.0182675, 0], [37.2381087, 49.0246161, 0], [37.2288271, 49.0598108, 0], [37.1742268, 49.0630025, 0], [37.1463963, 49.0715953, 0], [37.1216326, 49.0752493, 0], [37.116095, 49.0855309, 0], [37.1019691, 49.0933697, 0], [37.0799414, 49.1091932, 0], [37.0522967, 49.1128026, 0], [36.9958988, 49.1151669, 0], [36.9825925, 49.1012893, 0], [36.97208, 49.113693, 0], [36.9852547, 49.1228908, 0], [37.0111282, 49.1402943, 0], [37.031079, 49.1335092, 0], [37.0380892, 49.1553689, 0], [37.0265584, 49.1693695, 0], [37.0164187, 49.1725606, 0], [37.0083377, 49.1758632, 0], [37.0066558, 49.1786363, 0], [37.0013687, 49.1802871, 0], [36.9949477, 49.1795697, 0], [36.9905012, 49.1777861, 0], [36.983254, 49.1760087, 0], [36.980884, 49.1747196, 0], [36.9764997, 49.172279, 0], [36.9692836, 49.1714095, 0], [36.9681184, 49.174131, 0], [36.9658292, 49.1759265, 0], [36.9648772, 49.1796018, 0], [36.9592906, 49.1817626, 0], [36.957207, 49.1810126, 0], [36.9551235, 49.1795893, 0], [36.9499494, 49.1800173, 0], [36.9491321, 49.1791371, 0], [36.9484865, 49.1754515, 0], [36.9450526, 49.1754605, 0], [36.9374986, 49.1773769, 0], [36.9330338, 49.1761596, 0], [36.9283923, 49.1771262, 0], [36.9259754, 49.179508, 0], [36.9218271, 49.1835978, 0], [36.920499, 49.1874478, 0], [36.9213798, 49.1894851, 0], [36.9235483, 49.1913543, 0], [36.9239651, 49.1946283, 0], [36.9266994, 49.1961074, 0], [36.9268204, 49.1977731, 0], [36.9261943, 49.1993351, 0], [36.9257095, 49.2013499, 0], [36.9265981, 49.2023552, 0], [36.9301151, 49.2032165, 0], [36.9313588, 49.2047688, 0], [36.9311224, 49.2066104, 0], [36.9318301, 49.2090127, 0], [36.9311659, 49.2093963, 0], [36.9309197, 49.2099245, 0], [36.9325618, 49.2113499, 0], [36.9323269, 49.2130793, 0], [36.9338346, 49.2143063, 0], [36.9398329, 49.2151103, 0], [36.9436859, 49.2168116, 0], [36.9466951, 49.2196943, 0], [36.9451958, 49.2237145, 0], [36.9445547, 49.2254363, 0], [36.9448818, 49.2262879, 0], [36.9460753, 49.2278909, 0], [36.9456421, 49.229197, 0], [36.9422497, 49.2301864, 0], [36.9408966, 49.2316339, 0], [36.9386749, 49.239195, 0], [36.9398862, 49.2442339, 0], [36.9388095, 49.2479258, 0], [36.9360395, 49.2519008, 0], [36.9360159, 49.2545312, 0], [36.9331653, 49.2553553, 0], [36.9309673, 49.2563275, 0], [36.9277224, 49.2602866, 0], [36.9251556, 49.2608098, 0], [36.9247344, 49.2617812, 0], [36.9253293, 49.2640434, 0], [36.9253694, 49.2694311, 0], [36.9226428, 49.271901, 0], [36.9225669, 49.273192, 0], [36.9237786, 49.2761629, 0], [36.9263755, 49.2762019, 0], [36.9317939, 49.2752694, 0], [36.9345032, 49.2760909, 0], [36.9351713, 49.2773976, 0], [36.9347329, 49.2784428, 0], [36.9363162, 49.2781256, 0], [36.9410561, 49.2784149, 0], [36.9442511, 49.2800479, 0], [36.9456153, 49.2821359, 0], [36.9451817, 49.283012, 0], [36.945909, 49.283562, 0], [36.9508217, 49.2835571, 0], [36.9518191, 49.2847304, 0], [36.951202, 49.2862128, 0], [36.9491768, 49.2866741, 0], [36.9461901, 49.2862329, 0], [36.9483874, 49.2873, 0], [36.9496407, 49.288591, 0], [36.9517417, 49.2891019, 0], [36.9669749, 49.2909005, 0], [36.9814393, 49.2931458, 0], [36.9952841, 49.2924447, 0], [37.0129318, 49.2917264, 0], [37.0186073, 49.2902439, 0], [37.0218742, 49.2878789, 0], [37.0248809, 49.2881519, 0], [37.0257835, 49.2897999, 0], [37.0258915, 49.2923032, 0], [37.0266863, 49.2927354, 0], [37.0283835, 49.292217, 0], [37.0293179, 49.29151, 0], [37.0303, 49.2904846, 0], [37.0306193, 49.2885723, 0], [37.031723, 49.287896, 0], [37.0339055, 49.2882856, 0], [37.0356835, 49.2898799, 0], [37.0376885, 49.2902852, 0], [37.0410084, 49.2899839, 0], [37.0477617, 49.2910819, 0], [37.0492107, 49.2905579, 0], [37.0521666, 49.2887283, 0], [37.0561333, 49.2879812, 0], [37.0571724, 49.2872156, 0], [37.0589793, 49.2841454, 0], [37.0608265, 49.283394, 0], [37.0631233, 49.2835221, 0], [37.0653876, 49.2843139, 0], [37.0714121, 49.2854935, 0], [37.0740812, 49.2850194, 0], [37.0779048, 49.285902, 0], [37.0768361, 49.2830334, 0], [37.0748911, 49.2816672, 0], [37.0752919, 49.2800323, 0], [37.0777237, 49.2796068, 0], [37.0790254, 49.2803458, 0], [37.0808779, 49.2824511, 0], [37.0827484, 49.2832236, 0], [37.0835977, 49.2821541, 0], [37.0832499, 49.2812274, 0], [37.0821318, 49.2802042, 0], [37.0822594, 49.2785727, 0], [37.0836106, 49.277309, 0], [37.086335, 49.2771092, 0], [37.0888032, 49.2776687, 0], [37.0928964, 49.2779207, 0], [37.1033413, 49.2796281, 0], [37.1057185, 49.2811112, 0], [37.1110146, 49.2825941, 0], [37.1182935, 49.2840189, 0], [37.1194445, 49.285179, 0], [37.1224235, 49.2862628, 0], [37.1229691, 49.2871966, 0], [37.1269327, 49.2885592, 0], [37.1290865, 49.29064, 0], [37.1329101, 49.292688, 0], [37.1384511, 49.2939521, 0], [37.1429875, 49.2965514, 0], [37.1435399, 49.2982429, 0], [37.148022, 49.2998724, 0], [37.1485469, 49.3011348, 0], [37.1517278, 49.303501, 0], [37.1544344, 49.3050759, 0], [37.1557021, 49.307934, 0], [37.1590397, 49.3105662, 0], [37.1632836, 49.3154634, 0], [37.1635796, 49.3164996, 0], [37.1631863, 49.3174493, 0], [37.1598139, 49.320358, 0], [37.1585567, 49.3217004, 0], [37.1593594, 49.3244974, 0], [37.1574544, 49.3264519, 0], [37.1575877, 49.3297908, 0], [37.1541633, 49.3316019, 0], [37.1434237, 49.3332312, 0], [37.1388894, 49.3327836, 0], [37.1358602, 49.3361986, 0], [37.1270012, 49.3361135, 0], [37.1234456, 49.3346566, 0], [37.1188157, 49.3357444, 0], [37.1112669, 49.3394045, 0], [37.1091676, 49.3407436, 0], [37.1068897, 49.3447401, 0], [37.1060908, 49.3458302, 0], [37.1030766, 49.3465284, 0], [37.1006491, 49.3485099, 0], [37.102306, 49.3495051, 0], [37.1059604, 49.3478459, 0], [37.1068259, 49.3479552, 0], [37.1072742, 49.3497417, 0], [37.1053526, 49.3521446, 0], [37.1033188, 49.3531784, 0], [37.103246, 49.3534996, 0], [37.1042824, 49.3539118, 0], [37.1046719, 49.3553758, 0], [37.1041371, 49.3568346, 0], [37.1029156, 49.3577064, 0], [37.1005469, 49.3582934, 0], [37.0978603, 49.3597328, 0], [37.0950148, 49.3617382, 0], [37.0930769, 49.3624893, 0], [37.0917645, 49.3624456, 0], [37.0898701, 49.3628958, 0], [37.0845422, 49.3651906, 0], [37.0831562, 49.3655878, 0], [37.0824996, 49.3665235, 0], [37.0821282, 49.3680534, 0], [37.0797107, 49.3709982, 0], [37.0763987, 49.373309, 0], [37.0755706, 49.3743756, 0], [37.0712083, 49.3780105, 0], [37.0700645, 49.3795217, 0], [37.0677552, 49.3810633, 0], [37.0653597, 49.3819065, 0], [37.0617997, 49.3835359, 0], [37.0592042, 49.3839874, 0], [37.0555461, 49.383319, 0], [37.0537171, 49.3835017, 0], [37.0519739, 49.3831535, 0], [37.0511607, 49.3825335, 0], [37.050797, 49.3814133, 0], [37.0502719, 49.3811605, 0], [37.0462277, 49.38074, 0], [37.0449009, 49.3805616, 0], [37.0443234, 49.3801649, 0], [37.0421893, 49.3802739, 0], [37.040221, 49.3808312, 0], [37.0310829, 49.3801039, 0], [37.0297756, 49.3797678, 0], [37.0270191, 49.3797394, 0], [37.0252975, 49.3790825, 0], [37.0230206, 49.3790614, 0], [37.0203801, 49.3781008, 0], [37.0157553, 49.3772013, 0], [37.0121984, 49.3778133, 0], [37.0077163, 49.3775605, 0], [37.0057326, 49.3786636, 0], [37.0053799, 49.3797665, 0], [37.0042807, 49.3801918, 0], [37.0018642, 49.3801948, 0], [36.9995831, 49.3805035, 0], [36.9980132, 49.380518, 0], [36.9965846, 49.3808604, 0], [36.9945398, 49.3813947, 0], [36.9928736, 49.3812148, 0], [36.9921263, 49.3806777, 0], [36.9900791, 49.3810517, 0], [36.9822318, 49.3821047, 0], [36.9753898, 49.3832455, 0], [36.9740408, 49.3856431, 0], [36.969822, 49.3875105, 0], [36.9629482, 49.3884719, 0], [36.9359772, 49.3960389, 0], [36.9246427, 49.3933688, 0], [36.9108219, 49.3788669, 0], [36.8894732, 49.3809177, 0], [36.8733954, 49.3873213, 0], [36.8383621, 49.4051672, 0], [36.8289822, 49.4072579, 0], [36.8256563, 49.4074254, 0], [36.8350974, 49.4207434, 0], [36.7918867, 49.4463834, 0], [36.7799642, 49.4724285, 0], [36.7807399, 49.4873179, 0], [36.8135795, 49.5067679, 0], [36.800154, 49.5634662, 0], [36.7734109, 49.6072751, 0], [36.812244, 49.6154882, 0], [36.8104065, 49.6612894, 0], [36.8023798, 49.7084238, 0], [36.7963969, 49.7163467, 0], [36.7989965, 49.7271553, 0], [36.808661, 49.7329028, 0], [36.8203233, 49.7278843, 0], [36.8647532, 49.7351359, 0], [36.9268057, 49.7668411, 0], [36.9246422, 49.7899968, 0], [37.0066968, 49.8300984, 0], [37.0035789, 49.8424104, 0], [36.9777568, 49.8821106, 0], [36.99951, 49.8958001, 0], [37.0102879, 49.9147951, 0], [36.9593673, 49.9311836, 0], [36.9421327, 49.9490913, 0], [36.9084075, 49.9519698, 0], [36.8979946, 49.9782533, 0], [36.9150506, 49.995705, 0], [36.8277151, 50.0277251, 0], [36.8117229, 50.0588401, 0], [36.8306123, 50.072338, 0], [36.8184304, 50.0826131, 0], [36.8122525, 50.0986154, 0], [36.8196776, 50.1464667, 0], [36.8335805, 50.1596947, 0], [36.8191993, 50.1536676, 0], [36.8041919, 50.1611711, 0], [36.7715545, 50.1607468, 0], [36.7517927, 50.1542719, 0], [36.7045055, 50.1783521, 0], [36.6793992, 50.1795928, 0], [36.6492056, 50.1756785, 0], [36.6070085, 50.1604745, 0], [36.5596924, 50.1678059, 0], [36.5357161, 50.1683658, 0], [36.4344162, 50.1704993, 0], [36.3438552, 50.1685107, 0], [36.3018452, 50.1838128, 0], [36.2897903, 50.1855236, 0], [36.2853644, 50.1861163, 0], [36.2813303, 50.1878748, 0], [36.2817045, 50.1941611, 0], [36.2905535, 50.1979644, 0], [36.2898714, 50.1994264, 0], [36.2873009, 50.2012181, 0], [36.2758947, 50.2072254, 0], [36.258564, 50.2139749, 0], [36.2633076, 50.224057, 0], [36.2636948, 50.2352085, 0]], [[36.8366414, 50.2336462, 0], [36.843088208, 50.178249736, 0], [36.8430907, 50.1782546, 0], [36.8366414, 50.2336462, 0]]]}}, {"type": "Feature", "properties": {"name": "\u041e\u043a\u0443\u043f\u043e\u0432\u0430\u043d\u043e /// Occupied", "date": "2022-08-31", "layer_type": "russian_occupied"}, "geometry": {"type": "Polygon", "coordinates": [[[38.5596882, 48.8300656, 0], [38.5304354, 48.8497759, 0], [38.4952068, 48.8707374, 0], [38.4748205, 48.9035945, 0], [38.413393, 48.9399705, 0], [38.4022715, 48.9556589, 0], [38.3698935, 48.9817692, 0], [38.2997041, 49.0248792, 0], [38.2844417, 49.0264547, 0], [38.2622683, 49.0244189, 0], [38.268211, 49.0401423, 0], [38.2287408, 49.063784, 0], [38.1792719, 49.1336855, 0], [38.1846644, 49.2021756, 0], [38.2259986, 49.2160885, 0], [38.2349252, 49.3696932, 0], [38.1448304, 49.3889459, 0], [38.1091244, 49.4443371, 0], [38.16955, 49.5549321, 0], [38.133844, 49.5976759, 0], [38.1887762, 49.7398852, 0], [38.1776544, 49.8422717, 0], [38.256068, 49.9099877, 0], [38.2171243, 49.9871793, 0], [38.2155322, 49.9881847, 0], [38.21085, 49.9892452, 0], [38.2098144, 49.9901953, 0], [38.2077102, 49.9915087, 0], [38.2050272, 49.9967451, 0], [38.2046727, 49.9982874, 0], [38.2050047, 50.0007676, 0], [38.202641, 50.0016684, 0], [38.2008054, 50.0036314, 0], [38.2009438, 50.0046565, 0], [38.1971766, 50.0082193, 0], [38.1924386, 50.0137928, 0], [38.1869793, 50.0214602, 0], [38.1853816, 50.0220685, 0], [38.1862524, 50.0227729, 0], [38.1881577, 50.0234077, 0], [38.1883893, 50.0244699, 0], [38.1886702, 50.0268599, 0], [38.1882313, 50.0307843, 0], [38.1880071, 50.0393948, 0], [38.1875578, 50.0410481, 0], [38.1838253, 50.0458296, 0], [38.1850647, 50.0556901, 0], [38.1819184, 50.0668677, 0], [38.1818466, 50.0678015, 0], [38.1790856, 50.0774198, 0], [38.1787134, 50.0777809, 0], [38.1785128, 50.0797945, 0], [38.2463336, 50.0731122, 0], [38.2770672, 50.0729966, 0], [38.2927791, 50.079324, 0], [38.300294, 50.0866717, 0], [38.3126358, 50.0885826, 0], [38.3290971, 50.0852049, 0], [38.333974, 50.0590905, 0], [38.3511987, 50.0347384, 0], [38.3541621, 50.019046, 0], [38.3495729, 50.0064418, 0], [38.3975608, 49.9905828, 0], [38.4160059, 49.9813358, 0], [38.4340933, 50.0010164, 0], [38.4680378, 49.9952445, 0], [38.465912, 49.9839589, 0], [38.4775179, 49.9832689, 0], [38.4832986, 49.9765256, 0], [38.4877041, 49.9635998, 0], [38.5078966, 49.9640277, 0], [38.5267136, 49.9582684, 0], [38.5815678, 49.9774138, 0], [38.6160761, 49.9743876, 0], [38.6461941, 49.9559349, 0], [38.6669388, 49.9721541, 0], [38.6797293, 49.9744915, 0], [38.6760522, 49.9928115, 0], [38.6797076, 50.0025228, 0], [38.6842822, 50.0074883, 0], [38.6874838, 50.0058341, 0], [38.7151347, 49.9877076, 0], [38.7153131, 49.9823814, 0], [38.685298, 49.9603414, 0], [38.6928985, 49.9347634, 0], [38.7232453, 49.927003, 0], [38.7338438, 49.9050226, 0], [38.742281, 49.8989189, 0], [38.7438449, 49.8973048, 0], [38.7682298, 49.8960418, 0], [38.777681, 49.8853176, 0], [38.7834858, 49.8811108, 0], [38.7901479, 49.8785076, 0], [38.7949557, 49.8833076, 0], [38.8224303, 49.878982, 0], [38.8244268, 49.8789324, 0], [38.8260257, 49.8783681, 0], [38.8270396, 49.8777541, 0], [38.827761, 49.8771566, 0], [38.8329709, 49.8747421, 0], [38.8344381, 49.8745717, 0], [38.8349355, 49.8743344, 0], [38.8356992, 49.8738284, 0], [38.8366818, 49.8721511, 0], [38.8346623, 49.8709528, 0], [38.8348111, 49.8690675, 0], [38.8363444, 49.8673642, 0], [38.8360165, 49.8671348, 0], [38.8389639, 49.8660243, 0], [38.8393432, 49.8657594, 0], [38.8432878, 49.8651428, 0], [38.8439298, 49.8651801, 0], [38.845667, 49.8658073, 0], [38.846128, 49.8657198, 0], [38.8467233, 49.8654823, 0], [38.8491023, 49.8651008, 0], [38.8506137, 49.8658643, 0], [38.8514124, 49.8661631, 0], [38.8520263, 49.8665061, 0], [38.8538353, 49.8671201, 0], [38.8541605, 49.8674272, 0], [38.8541729, 49.8678573, 0], [38.854455, 49.868193, 0], [38.855853, 49.8688883, 0], [38.8566102, 49.8686469, 0], [38.8571602, 49.8680113, 0], [38.8627136, 49.8658678, 0], [38.8653186, 49.8660268, 0], [38.8668357, 49.864889, 0], [38.8693967, 49.8644861, 0], [38.8745611, 49.8666358, 0], [38.87459, 49.8678766, 0], [38.8751339, 49.8685366, 0], [38.8764137, 49.8694205, 0], [38.898465, 49.8704141, 0], [38.9093357, 49.8601006, 0], [38.9195172, 49.8586388, 0], [38.9096681, 49.850847, 0], [38.9042752, 49.8488149, 0], [38.9065326, 49.8446545, 0], [38.9125661, 49.8435934, 0], [38.9143051, 49.8369976, 0], [38.9113965, 49.8345865, 0], [38.9150923, 49.8310564, 0], [38.9135056, 49.8286273, 0], [38.9073906, 49.8284099, 0], [38.9087973, 49.8227646, 0], [38.9098426, 49.8182812, 0], [38.9122526, 49.8180335, 0], [38.9182637, 49.8148081, 0], [38.9190365, 49.8138599, 0], [38.9161611, 49.8127213, 0], [38.9191867, 49.8089397, 0], [38.9203554, 49.804944, 0], [38.9259171, 49.8041649, 0], [38.9286977, 49.8038859, 0], [38.9274188, 49.8013787, 0], [38.9278092, 49.7985739, 0], [38.9307509, 49.7971714, 0], [38.9329084, 49.7975781, 0], [38.9334722, 49.7997759, 0], [38.9364393, 49.8002009, 0], [38.9394903, 49.8006646, 0], [38.946661, 49.7978041, 0], [38.9488141, 49.796072, 0], [38.9648911, 49.8038751, 0], [38.9711357, 49.8072184, 0], [38.9849036, 49.8077809, 0], [39.0216582, 49.8209079, 0], [39.0335202, 49.82237, 0], [39.066231, 49.8153466, 0], [39.0697611, 49.8187284, 0], [39.1111368, 49.839044, 0], [39.1285048, 49.8597951, 0], [39.1784, 49.8879987, 0], [39.1883931, 49.8862199, 0], [39.2256545, 49.8401819, 0], [39.2281121, 49.8165004, 0], [39.2289901, 49.8084299, 0], [39.2391442, 49.7982241, 0], [39.2403698, 49.7911204, 0], [39.2503694, 49.7777994, 0], [39.2646369, 49.7684778, 0], [39.2754686, 49.7680241, 0], [39.2799634, 49.7609078, 0], [39.2855581, 49.755664, 0], [39.3079217, 49.7530412, 0], [39.3769608, 49.7384218, 0], [39.4120602, 49.7531086, 0], [39.438199, 49.7600039, 0], [39.4787588, 49.7564723, 0], [39.5338327, 49.7408455, 0], [39.6083906, 49.7339069, 0], [39.591959, 49.7196306, 0], [39.6131314, 49.6903603, 0], [39.6383769, 49.6350974, 0], [39.6599932, 49.6148084, 0], [39.6869239, 49.6115557, 0], [39.6967454, 49.6042891, 0], [39.7127452, 49.6059205, 0], [39.7502298, 49.5967168, 0], [39.7683386, 49.5852892, 0], [39.8080571, 49.5580478, 0], [39.8389118, 49.5635154, 0], [39.8660215, 49.5597836, 0], [39.8902222, 49.5583566, 0], [39.9345988, 49.5727807, 0], [39.9522207, 49.5965467, 0], [40.0567267, 49.606571, 0], [40.0635357, 49.5992308, 0], [40.1352564, 49.6162513, 0], [40.139523, 49.5962718, 0], [40.1684327, 49.5689182, 0], [40.037597, 49.5198928, 0], [40.041758, 49.4991003, 0], [40.029445, 49.4537775, 0], [40.0480275, 49.4443722, 0], [40.0593769, 49.434088, 0], [40.0769068, 49.4099548, 0], [40.1124341, 49.3857491, 0], [40.1445965, 49.3776647, 0], [40.1620428, 49.3682539, 0], [40.1599319, 49.3654561, 0], [40.1701797, 49.3563977, 0], [40.1755684, 49.3566161, 0], [40.1918349, 49.3483315, 0], [40.1968119, 49.3452254, 0], [40.1910582, 49.3179433, 0], [40.188524, 49.3074409, 0], [40.1851963, 49.3042066, 0], [40.1859361, 49.2840058, 0], [40.2192618, 49.2651691, 0], [40.2208041, 49.2577711, 0], [40.2143684, 49.2448843, 0], [40.209671, 49.2417753, 0], [40.1768242, 49.2368702, 0], [40.1365378, 49.2391541, 0], [40.1217662, 49.2307081, 0], [40.1082875, 49.2108803, 0], [40.0927571, 49.2031613, 0], [40.0761276, 49.1868252, 0], [40.0315729, 49.1802382, 0], [39.9974614, 49.1473102, 0], [39.9727224, 49.1252911, 0], [39.9387357, 49.0832597, 0], [39.9425299, 49.0713444, 0], [39.9377233, 49.0560499, 0], [39.9088872, 49.0574038, 0], [39.8752387, 49.0654984, 0], [39.8203073, 49.0582996, 0], [39.8031412, 49.0591995, 0], [39.7887186, 49.0499747, 0], [39.7681225, 49.0402983, 0], [39.729675, 49.0430052, 0], [39.6929349, 49.0495248, 0], [39.6731505, 49.0391727, 0], [39.6835795, 49.0369223, 0], [39.6817337, 49.0287303, 0], [39.6756613, 49.0268858, 0], [39.6736555, 49.0149315, 0], [39.6792023, 49.0128842, 0], [39.6702746, 49.0031459, 0], [39.6634093, 49.0008695, 0], [39.6769283, 48.9895361, 0], [39.6912183, 48.9960549, 0], [39.6911752, 48.9967306, 0], [39.6933423, 48.9990394, 0], [39.696958, 48.9998926, 0], [39.6989215, 49.0006583, 0], [39.6999944, 49.0004556, 0], [39.7020651, 48.9994149, 0], [39.7039514, 48.9987228, 0], [39.7048355, 48.9973999, 0], [39.7069211, 48.9950622, 0], [39.7074231, 48.994063, 0], [39.7074317, 48.9933462, 0], [39.7076603, 48.9924296, 0], [39.7097347, 48.9919487, 0], [39.7107522, 48.9915328, 0], [39.7118016, 48.9901915, 0], [39.712101, 48.9899574, 0], [39.713503, 48.9895829, 0], [39.7150558, 48.9898974, 0], [39.7153475, 48.9897066, 0], [39.7154291, 48.9894, 0], [39.7154054, 48.9885779, 0], [39.7155438, 48.9882232, 0], [39.7157096, 48.9879895, 0], [39.7167673, 48.9870644, 0], [39.7169168, 48.9865476, 0], [39.7169164, 48.9862399, 0], [39.7164977, 48.9856079, 0], [39.7167214, 48.98491, 0], [39.7168955, 48.9846986, 0], [39.7174111, 48.9845859, 0], [39.7176153, 48.9843606, 0], [39.7179212, 48.9833749, 0], [39.7176885, 48.9827446, 0], [39.7176204, 48.982352, 0], [39.7189743, 48.9816269, 0], [39.7205544, 48.9814663, 0], [39.7215189, 48.9812862, 0], [39.7233621, 48.9805175, 0], [39.7252246, 48.9802334, 0], [39.7263788, 48.9794586, 0], [39.7264797, 48.9786763, 0], [39.7261598, 48.9785086, 0], [39.724476, 48.9780659, 0], [39.724818, 48.9765626, 0], [39.7270453, 48.9752932, 0], [39.7294443, 48.9778547, 0], [39.7329741, 48.9801996, 0], [39.7477808, 48.9879451, 0], [39.7887218, 48.9474884, 0], [39.7694958, 48.9303492, 0], [39.7942148, 48.9249356, 0], [39.818934, 48.9077887, 0], [39.8244272, 48.8906359, 0], [39.8367868, 48.9030496, 0], [39.8467438, 48.9028239, 0], [39.8532661, 48.8910875, 0], [39.9246772, 48.8942476, 0], [39.9415085, 48.8866888, 0], [39.9919682, 48.868735, 0], [40.0039777, 48.9007903, 0], [40.0180607, 48.9077888, 0], [40.0311927, 48.9157989, 0], [40.0484933, 48.9101839, 0], [40.0554925, 48.9100958, 0], [40.0712841, 48.8769726, 0], [40.0788287, 48.8698642, 0], [39.9761754, 48.7937025, 0], [39.958216, 48.797851, 0], [39.9522719, 48.7974751, 0], [39.9383224, 48.7998877, 0], [39.8862528, 48.8209434, 0], [39.8304368, 48.833552, 0], [39.8278294, 48.8314627, 0], [39.807501, 48.8385787, 0], [39.8080419, 48.8394778, 0], [39.80467, 48.843574, 0], [39.7971242, 48.8405734, 0], [39.7843065, 48.7973463, 0], [39.7652011, 48.765006, 0], [39.7414097, 48.7717615, 0], [39.7389251, 48.7484075, 0], [39.7227146, 48.7341074, 0], [39.7048355, 48.7214608, 0], [39.7110139, 48.713367, 0], [39.7027732, 48.7066325, 0], [39.7199333, 48.6979207, 0], [39.7155113, 48.6956862, 0], [39.7162393, 48.6902791, 0], [39.7221581, 48.6839973, 0], [39.7150311, 48.6810023, 0], [39.7118101, 48.6750602, 0], [39.7030004, 48.6704068, 0], [39.7025396, 48.6687306, 0], [39.7021215, 48.6679811, 0], [39.7032911, 48.6668348, 0], [39.703581, 48.6668044, 0], [39.7040159, 48.6667314, 0], [39.7044296, 48.6666742, 0], [39.7049797, 48.6666557, 0], [39.7054183, 48.6666326, 0], [39.7058167, 48.6667016, 0], [39.7062688, 48.6667812, 0], [39.7066875, 48.6668412, 0], [39.7071384, 48.6670465, 0], [39.7075152, 48.6672581, 0], [39.7084724, 48.6674193, 0], [39.7091533, 48.6673945, 0], [39.7097424, 48.6673448, 0], [39.7101921, 48.6671605, 0], [39.7103686, 48.6671038, 0], [39.71047, 48.6670046, 0], [39.7110026, 48.6665508, 0], [39.7110592, 48.6663801, 0], [39.7109742, 48.6655147, 0], [39.710739, 48.6648477, 0], [39.7107193, 48.6642648, 0], [39.7105939, 48.6638926, 0], [39.7101286, 48.6628507, 0], [39.7096205, 48.6623544, 0], [39.7096917, 48.661929, 0], [39.7095258, 48.6606526, 0], [39.7095347, 48.6599301, 0], [39.7096, 48.6592181, 0], [39.7099184, 48.6584498, 0], [39.7105344, 48.6574582, 0], [39.7108339, 48.6569202, 0], [39.7109495, 48.6560306, 0], [39.7108827, 48.6555273, 0], [39.7107812, 48.6551372, 0], [39.7106909, 48.6550161, 0], [39.7105399, 48.6548341, 0], [39.7103246, 48.6546555, 0], [39.7101675, 48.6545819, 0], [39.7099767, 48.6545215, 0], [39.7096917, 48.6544999, 0], [39.7095132, 48.6544603, 0], [39.7093547, 48.6544768, 0], [39.7090752, 48.6545593, 0], [39.7088114, 48.6547138, 0], [39.7086056, 48.6549235, 0], [39.7084729, 48.6550664, 0], [39.7081901, 48.655345, 0], [39.7080521, 48.6554428, 0], [39.7076504, 48.6557544, 0], [39.7073606, 48.6560479, 0], [39.70727, 48.656161, 0], [39.7071605, 48.6563164, 0], [39.7070258, 48.6565199, 0], [39.7068745, 48.6566577, 0], [39.7067006, 48.6567632, 0], [39.7065246, 48.6568252, 0], [39.7063324, 48.6568165, 0], [39.706194, 48.6567793, 0], [39.7060155, 48.6566237, 0], [39.7057444, 48.6565604, 0], [39.7054707, 48.6565545, 0], [39.7052662, 48.6564574, 0], [39.7051577, 48.6563059, 0], [39.7050696, 48.6561659, 0], [39.7047323, 48.6558079, 0], [39.7046372, 48.6555738, 0], [39.7045811, 48.6553608, 0], [39.7042382, 48.6549631, 0], [39.7039514, 48.6547359, 0], [39.7034609, 48.6544378, 0], [39.7028981, 48.6538559, 0], [39.7022995, 48.6532433, 0], [39.7022197, 48.6531967, 0], [39.7020917, 48.6531553, 0], [39.7018612, 48.6530965, 0], [39.701679, 48.6530126, 0], [39.7011645, 48.652797, 0], [39.7006826, 48.6526563, 0], [39.7001051, 48.6525521, 0], [39.6994651, 48.6523791, 0], [39.698979, 48.6520898, 0], [39.6986292, 48.6518515, 0], [39.6982514, 48.6516017, 0], [39.6972714, 48.6509001, 0], [39.6970131, 48.6507874, 0], [39.6967552, 48.6507204, 0], [39.6965295, 48.6506286, 0], [39.6957769, 48.6503501, 0], [39.6952803, 48.6501261, 0], [39.6949843, 48.6499155, 0], [39.6948485, 48.6498558, 0], [39.6946358, 48.649655, 0], [39.6944464, 48.6495404, 0], [39.6942233, 48.6494742, 0], [39.6938843, 48.6493985, 0], [39.6935766, 48.6492045, 0], [39.6934013, 48.6489557, 0], [39.6932018, 48.6487901, 0], [39.6929317, 48.6483987, 0], [39.6927025, 48.6481334, 0], [39.6924642, 48.6478756, 0], [39.6922611, 48.6477251, 0], [39.6920963, 48.6476368, 0], [39.6920894, 48.6473618, 0], [39.6920234, 48.6471505, 0], [39.6918914, 48.6468982, 0], [39.6915953, 48.6466805, 0], [39.6913153, 48.6464877, 0], [39.6911211, 48.646231, 0], [39.6911822, 48.6456807, 0], [39.6913261, 48.6453279, 0], [39.6915974, 48.644825, 0], [39.6921369, 48.6440597, 0], [39.6927009, 48.643621, 0], [39.6930349, 48.6434807, 0], [39.6935527, 48.6431434, 0], [39.6937515, 48.6427807, 0], [39.69387, 48.6417576, 0], [39.6938926, 48.6411435, 0], [39.6940449, 48.6404683, 0], [39.6942851, 48.6396001, 0], [39.694272, 48.6390262, 0], [39.6943531, 48.6386866, 0], [39.694365, 48.6381068, 0], [39.6943125, 48.6376262, 0], [39.6941313, 48.6372875, 0], [39.6939859, 48.6368542, 0], [39.6934808, 48.6364057, 0], [39.6928041, 48.6359714, 0], [39.6910956, 48.6354676, 0], [39.6905727, 48.6353325, 0], [39.6901786, 48.6350981, 0], [39.6884529, 48.6331968, 0], [39.6876815, 48.6327288, 0], [39.686953, 48.6324594, 0], [39.6856559, 48.6320765, 0], [39.6843588, 48.6315376, 0], [39.6800075, 48.6294245, 0], [39.6776137, 48.6280345, 0], [39.6745861, 48.6263606, 0], [39.6715329, 48.6243287, 0], [39.6689734, 48.6222967, 0], [39.6681735, 48.6214278, 0], [39.6678672, 48.6212822, 0], [39.6671865, 48.6203851, 0], [39.6669135, 48.6198355, 0], [39.6665069, 48.6192825, 0], [39.6663913, 48.6187437, 0], [39.666117, 48.6181769, 0], [39.6661432, 48.6178158, 0], [39.6660621, 48.6176532, 0], [39.6656414, 48.617145, 0], [39.6653173, 48.6165694, 0], [39.6651545, 48.6163105, 0], [39.6650748, 48.6161279, 0], [39.6648673, 48.6158973, 0], [39.6648008, 48.6156491, 0], [39.6648181, 48.6154539, 0], [39.6648313, 48.615241, 0], [39.6647986, 48.6151593, 0], [39.664186, 48.6146269, 0], [39.663991, 48.6138174, 0], [39.6637295, 48.6129645, 0], [39.6635915, 48.6126685, 0], [39.663314, 48.6123157, 0], [39.6629521, 48.6119985, 0], [39.662601, 48.6117948, 0], [39.6622157, 48.6113808, 0], [39.6616696, 48.6108816, 0], [39.6613911, 48.6107243, 0], [39.6612092, 48.6104889, 0], [39.661106, 48.6099358, 0], [39.6609385, 48.6095939, 0], [39.6607977, 48.6093476, 0], [39.6606209, 48.6090875, 0], [39.6605673, 48.6090177, 0], [39.660562, 48.6089054, 0], [39.6605517, 48.6086672, 0], [39.6606269, 48.6085002, 0], [39.6606539, 48.6083633, 0], [39.6605715, 48.6080828, 0], [39.6604193, 48.6077739, 0], [39.6604357, 48.6074381, 0], [39.660503, 48.6072064, 0], [39.6607404, 48.6069096, 0], [39.6608619, 48.6067878, 0], [39.6609189, 48.6066732, 0], [39.6610564, 48.6058846, 0], [39.6612543, 48.6056849, 0], [39.6615273, 48.6055384, 0], [39.6622441, 48.6053171, 0], [39.6625285, 48.6052088, 0], [39.6627593, 48.6050722, 0], [39.6633067, 48.6047707, 0], [39.6636073, 48.6046642, 0], [39.6638865, 48.6046215, 0], [39.6643429, 48.6045849, 0], [39.6649442, 48.6045945, 0], [39.6653313, 48.6046517, 0], [39.6658445, 48.6047906, 0], [39.6664246, 48.6048742, 0], [39.6676762, 48.6048852, 0], [39.668527, 48.6048222, 0], [39.6696063, 48.6046252, 0], [39.6704345, 48.6043162, 0], [39.6708034, 48.6039253, 0], [39.6710692, 48.6035975, 0], [39.6707163, 48.6030812, 0], [39.6698389, 48.6025027, 0], [39.6688566, 48.6021121, 0], [39.6684537, 48.6016293, 0], [39.6680079, 48.6011749, 0], [39.6679424, 48.6008763, 0], [39.66807, 48.6007337, 0], [39.6681511, 48.5997379, 0], [39.6680131, 48.5989383, 0], [39.6679514, 48.5978501, 0], [39.6683001, 48.5970077, 0], [39.6688258, 48.5962879, 0], [39.6694049, 48.5958135, 0], [39.6701842, 48.5954748, 0], [39.6709098, 48.5953135, 0], [39.6718245, 48.5952889, 0], [39.6728387, 48.5954668, 0], [39.6736869, 48.5957233, 0], [39.674482, 48.5961368, 0], [39.6750423, 48.5965239, 0], [39.6753905, 48.5967162, 0], [39.6760225, 48.5974414, 0], [39.6767071, 48.597799, 0], [39.6778834, 48.5979183, 0], [39.6781602, 48.5978991, 0], [39.6785766, 48.5978657, 0], [39.6789588, 48.597728, 0], [39.6794979, 48.5974385, 0], [39.6799001, 48.5971857, 0], [39.6800822, 48.5970137, 0], [39.680296, 48.5967051, 0], [39.6804663, 48.5962937, 0], [39.6803132, 48.5960245, 0], [39.6799642, 48.5957272, 0], [39.6795451, 48.5955158, 0], [39.6792435, 48.5955045, 0], [39.6788764, 48.5955955, 0], [39.6785928, 48.5957776, 0], [39.6781759, 48.5958578, 0], [39.6779105, 48.595784, 0], [39.6776343, 48.5954477, 0], [39.6768298, 48.5949987, 0], [39.6762185, 48.5944077, 0], [39.6757257, 48.5937894, 0], [39.6757272, 48.5930922, 0], [39.6763736, 48.5913004, 0], [39.6767651, 48.5907822, 0], [39.6777198, 48.5902284, 0], [39.6786419, 48.5901143, 0], [39.6790701, 48.5901982, 0], [39.6795833, 48.5906215, 0], [39.6794939, 48.5919507, 0], [39.680002, 48.5923098, 0], [39.6830348, 48.5924033, 0], [39.683221, 48.5921079, 0], [39.6833787, 48.5914318, 0], [39.6839086, 48.5907325, 0], [39.6854832, 48.5899583, 0], [39.6861432, 48.5898291, 0], [39.6866907, 48.5895424, 0], [39.6867984, 48.5877484, 0], [39.6872709, 48.5870843, 0], [39.6772879, 48.5875629, 0], [39.6765155, 48.5881875, 0], [39.6722238, 48.5884145, 0], [39.6675887, 48.5867682, 0], [39.6587483, 48.5856325, 0], [39.6575468, 48.5846673, 0], [39.6353165, 48.5800397, 0], [39.6319692, 48.5806927, 0], [39.6236436, 48.5860867, 0], [39.6228281, 48.5863707, 0], [39.6219268, 48.5858029, 0], [39.6212402, 48.5819417, 0], [39.6175495, 48.5771153, 0], [39.6137299, 48.5749004, 0], [39.6124855, 48.5729129, 0], [39.6080223, 48.5727141, 0], [39.6036449, 48.5741055, 0], [39.5963128, 48.5750293, 0], [39.5949886, 48.5766912, 0], [39.5948044, 48.5793299, 0], [39.6006408, 48.5857461, 0], [39.604074, 48.5862571, 0], [39.6050182, 48.5867681, 0], [39.6045891, 48.5888119, 0], [39.6017566, 48.591537, 0], [39.5963493, 48.5923886, 0], [39.5925357, 48.5912967, 0], [39.5817707, 48.5850383, 0], [39.5777793, 48.5828806, 0], [39.576535, 48.581234, 0], [39.5733466, 48.5805224, 0], [39.5680714, 48.5818502, 0], [39.5629675, 48.5836321, 0], [39.5631454, 48.5862306, 0], [39.5660509, 48.588301, 0], [39.5672772, 48.5902388, 0], [39.5673018, 48.5921198, 0], [39.5656345, 48.5939516, 0], [39.5633045, 48.5974408, 0], [39.5617595, 48.5980085, 0], [39.5586696, 48.5980085, 0], [39.5512023, 48.5955676, 0], [39.5494857, 48.5932401, 0], [39.5505587, 48.5885848, 0], [39.549314, 48.5859732, 0], [39.5450225, 48.5839292, 0], [39.5373836, 48.58339, 0], [39.5312037, 48.5842699, 0], [39.5287147, 48.5859448, 0], [39.5269121, 48.58955, 0], [39.5281312, 48.5918406, 0], [39.5332079, 48.5936307, 0], [39.5335878, 48.5954605, 0], [39.5324228, 48.5964387, 0], [39.5280455, 48.5971767, 0], [39.5253848, 48.5981984, 0], [39.5226333, 48.6029769, 0], [39.5234788, 48.6051034, 0], [39.5272799, 48.6082749, 0], [39.5278196, 48.6094601, 0], [39.5271823, 48.6112629, 0], [39.5257232, 48.613022, 0], [39.5167841, 48.6180986, 0], [39.5116469, 48.6218737, 0], [39.5119776, 48.6235455, 0], [39.5154235, 48.6261855, 0], [39.5162691, 48.6279705, 0], [39.5167109, 48.6299864, 0], [39.5160243, 48.6321987, 0], [39.5140876, 48.6338368, 0], [39.5104342, 48.6344539, 0], [39.5004348, 48.6325537, 0], [39.4955426, 48.6321283, 0], [39.4930106, 48.6304265, 0], [39.4862727, 48.6288949, 0], [39.4841484, 48.6282, 0], [39.4761018, 48.628753, 0], [39.4685916, 48.6274483, 0], [39.4656304, 48.6281857, 0], [39.4640108, 48.6310641, 0], [39.4642683, 48.6340137, 0], [39.4673899, 48.6372332, 0], [39.4658132, 48.6386649, 0], [39.4575623, 48.6386512, 0], [39.4542149, 48.6397855, 0], [39.45164, 48.6410333, 0], [39.4495753, 48.6445574, 0], [39.4497978, 48.6504011, 0], [39.4513078, 48.6517082, 0], [39.4533852, 48.6528124, 0], [39.4523728, 48.6547104, 0], [39.4501761, 48.6556715, 0], [39.4465013, 48.6563009, 0], [39.4389481, 48.6549401, 0], [39.4323232, 48.6567488, 0], [39.4207457, 48.6582229, 0], [39.4142323, 48.6566918, 0], [39.4106939, 48.6576559, 0], [39.4080332, 48.6598104, 0], [39.4082049, 48.6614545, 0], [39.4135262, 48.6668399, 0], [39.4138697, 48.6684271, 0], [39.4117239, 48.6705243, 0], [39.4058209, 48.6738115, 0], [39.4026452, 48.6744349, 0], [39.3979909, 48.6746052, 0], [39.3905237, 48.6787991, 0], [39.3891696, 48.6803857, 0], [39.3909291, 48.6837575, 0], [39.3895988, 48.6847492, 0], [39.3817025, 48.6855142, 0], [39.3795566, 48.6862791, 0], [39.3779859, 48.6862368, 0], [39.3673165, 48.6919737, 0], [39.3658902, 48.6922287, 0], [39.3603112, 48.695798, 0], [39.3559531, 48.697214, 0], [39.3505029, 48.7076367, 0], [39.3486574, 48.708713, 0], [39.346855, 48.7122245, 0], [39.3486382, 48.7134707, 0], [39.3541314, 48.7132442, 0], [39.3601589, 48.7156791, 0], [39.3652658, 48.7168401, 0], [39.3704585, 48.7159622, 0], [39.3720796, 48.7159341, 0], [39.3737867, 48.7174915, 0], [39.3741826, 48.7186523, 0], [39.3726043, 48.7198696, 0], [39.3691283, 48.7200679, 0], [39.3615322, 48.7223045, 0], [39.3552238, 48.7252488, 0], [39.3537216, 48.7268908, 0], [39.3540724, 48.729646, 0], [39.3570764, 48.7323068, 0], [39.3588751, 48.7339014, 0], [39.3588714, 48.7361753, 0], [39.3581923, 48.7370054, 0], [39.3492658, 48.742496, 0], [39.3472058, 48.7457787, 0], [39.3470266, 48.7502121, 0], [39.3461759, 48.751042, 0], [39.3431385, 48.7573608, 0], [39.3433628, 48.7592092, 0], [39.3455281, 48.7616611, 0], [39.3491724, 48.7621516, 0], [39.3513257, 48.7630943, 0], [39.3538932, 48.7654897, 0], [39.3545015, 48.7668284, 0], [39.3527812, 48.7679412, 0], [39.3510607, 48.7685446, 0], [39.3472429, 48.7683845, 0], [39.3403355, 48.7663007, 0], [39.3361337, 48.7659798, 0], [39.3316705, 48.766602, 0], [39.3266028, 48.7683087, 0], [39.326084, 48.7700153, 0], [39.3274828, 48.7721084, 0], [39.3279722, 48.7736923, 0], [39.3262557, 48.7755589, 0], [39.3245465, 48.776049, 0], [39.3228224, 48.7758983, 0], [39.3145901, 48.7748045, 0], [39.3118435, 48.7740692, 0], [39.3088319, 48.7719953, 0], [39.3030887, 48.765414, 0], [39.2999129, 48.7630378, 0], [39.2926174, 48.760605, 0], [39.2914941, 48.7594358, 0], [39.2906433, 48.756248, 0], [39.2892807, 48.7536832, 0], [39.28952, 48.7515136, 0], [39.2864338, 48.7489009, 0], [39.2820603, 48.7486084, 0], [39.2788874, 48.749339, 0], [39.2766585, 48.7523332, 0], [39.2747755, 48.753681, 0], [39.2723828, 48.7538866, 0], [39.2708089, 48.7527587, 0], [39.2703015, 48.7512117, 0], [39.2716747, 48.7477596, 0], [39.270809, 48.7439866, 0], [39.2686631, 48.741949, 0], [39.264468, 48.7412523, 0], [39.258535, 48.7427414, 0], [39.256311, 48.7422696, 0], [39.2550234, 48.7406847, 0], [39.255282, 48.7387742, 0], [39.2592291, 48.7338353, 0], [39.2561392, 48.7268717, 0], [39.2539624, 48.7244016, 0], [39.2533069, 48.7220589, 0], [39.2539001, 48.7201527, 0], [39.2497802, 48.7125643, 0], [39.2435147, 48.7096192, 0], [39.2395879, 48.7091247, 0], [39.2359905, 48.711088, 0], [39.2323641, 48.7114125, 0], [39.2267852, 48.7089771, 0], [39.2248968, 48.7067682, 0], [39.2194036, 48.7051822, 0], [39.2125372, 48.7012172, 0], [39.2071728, 48.6982998, 0], [39.2031818, 48.6986114, 0], [39.2003706, 48.6999993, 0], [39.1991476, 48.702265, 0], [39.1983536, 48.705777, 0], [39.1975167, 48.706485, 0], [39.1965081, 48.7065134, 0], [39.1951061, 48.7038985, 0], [39.1909003, 48.6998199, 0], [39.1854146, 48.6933991, 0], [39.1816381, 48.6857501, 0], [39.1742491, 48.680329, 0], [39.1633486, 48.6757386, 0], [39.1574337, 48.6753794, 0], [39.1519406, 48.6762862, 0], [39.1486715, 48.6752851, 0], [39.1445122, 48.6709112, 0], [39.1418984, 48.6666505, 0], [39.141641, 48.6650633, 0], [39.1426709, 48.6635326, 0], [39.1419842, 48.6608682, 0], [39.1394876, 48.65964, 0], [39.1273071, 48.6604713, 0], [39.1231872, 48.6600178, 0], [39.1168282, 48.6567485, 0], [39.1119359, 48.6533466, 0], [39.1036178, 48.6498687, 0], [39.0985539, 48.6508893, 0], [39.0849068, 48.6506625, 0], [39.0758944, 48.6516264, 0], [39.0743495, 48.6504357, 0], [39.0548659, 48.6470333, 0], [39.042678, 48.6464662, 0], [39.0380823, 48.6471847, 0], [39.0355464, 48.6482432, 0], [39.0334474, 48.6519761, 0], [39.0322065, 48.6528738, 0], [39.0285083, 48.6530064, 0], [39.0191528, 48.6569753, 0], [39.0123721, 48.658336, 0], [39.010316, 48.660084, 0], [39.009633, 48.6626256, 0], [39.0129804, 48.6640429, 0], [39.0185594, 48.6640995, 0], [39.0216493, 48.6623989, 0], [39.0254258, 48.6619737, 0], [39.0274858, 48.6632492, 0], [39.0262842, 48.667274, 0], [39.0238809, 48.6698815, 0], [39.0205336, 48.6722621, 0], [39.0202761, 48.6756061, 0], [39.0195819, 48.6791389, 0], [39.0163671, 48.6809428, 0], [39.0143537, 48.6834267, 0], [39.015727, 48.6886399, 0], [39.0155478, 48.6948913, 0], [39.0048265, 48.6963452, 0], [39.0018149, 48.6980072, 0], [38.9998483, 48.7001975, 0], [38.999505, 48.7039927, 0], [38.9982176, 48.7076745, 0], [38.9989862, 48.7111956, 0], [38.9969225, 48.7116016, 0], [38.9919227, 48.7100017, 0], [38.9869231, 48.7101575, 0], [38.9843054, 48.7118281, 0], [38.9847421, 48.7136213, 0], [38.9888619, 48.715207, 0], [38.9939184, 48.7161888, 0], [38.9980459, 48.7174722, 0], [38.9993333, 48.7196241, 0], [38.9983893, 48.7242672, 0], [38.9914368, 48.7306084, 0], [38.9895411, 48.7349866, 0], [38.9844561, 48.7375798, 0], [38.9822031, 48.7402861, 0], [38.9823319, 48.7421893, 0], [38.981216, 48.7438449, 0], [38.9788122, 48.7448922, 0], [38.9749968, 48.7447632, 0], [38.9725628, 48.7435836, 0], [38.9698324, 48.7437464, 0], [38.9669464, 48.7452039, 0], [38.9640925, 48.7461943, 0], [38.9611311, 48.7461373, 0], [38.9599296, 48.7429109, 0], [38.961217, 48.739911, 0], [38.9610453, 48.736515, 0], [38.9569464, 48.7340668, 0], [38.9460674, 48.7344489, 0], [38.9437074, 48.7338543, 0], [38.9340086, 48.7357792, 0], [38.9324635, 48.736798, 0], [38.9343519, 48.7429112, 0], [38.9379568, 48.7440714, 0], [38.9388581, 48.7458118, 0], [38.9382788, 48.746682, 0], [38.9369591, 48.7471171, 0], [38.9350546, 48.7468536, 0], [38.9336652, 48.7460241, 0], [38.9306501, 48.7452743, 0], [38.9246312, 48.7450338, 0], [38.9227216, 48.7450054, 0], [38.9213055, 48.7446091, 0], [38.9199671, 48.7434206, 0], [38.9180279, 48.7429113, 0], [38.9143212, 48.7443829, 0], [38.9125725, 48.7468732, 0], [38.9111349, 48.7480051, 0], [38.9087746, 48.7492502, 0], [38.9047401, 48.7506082, 0], [38.9010923, 48.7509054, 0], [38.8988178, 48.750184, 0], [38.8920372, 48.7504385, 0], [38.8813299, 48.7501841, 0], [38.8802356, 48.7506085, 0], [38.8790769, 48.752476, 0], [38.8776176, 48.7525889, 0], [38.8716924, 48.7513053, 0], [38.863879, 48.7513796, 0], [38.8609553, 48.7507359, 0], [38.8606013, 48.749788, 0], [38.8593783, 48.7495899, 0], [38.8553874, 48.7496462, 0], [38.8471476, 48.7429112, 0], [38.8360755, 48.7232671, 0], [38.8300673, 48.7170382, 0], [38.8084379, 48.7134138, 0], [38.7670674, 48.71432, 0], [38.7535137, 48.7184915, 0], [38.6917155, 48.7293629, 0], [38.7055541, 48.7754591, 0], [38.5596882, 48.8300656, 0]]]}}, {"type": "Feature", "properties": {"name": "\u041e\u043a\u0443\u043f\u043e\u0432\u0430\u043d\u043e /// Occupied\n", "date": "2022-08-31", "layer_type": "russian_occupied"}, "geometry": {"type": "Polygon", "coordinates": [[[37.6878504, 48.0547535, 0], [37.6794605, 48.049407, 0], [37.6699861, 48.0433634, 0], [37.6478104, 48.0289444, 0], [37.6226618, 48.0194438, 0], [37.6274865, 48.0485314, 0], [37.6417223, 48.0576579, 0], [37.6516519, 48.0690114, 0], [37.6581134, 48.0760632, 0], [37.6997015, 48.0722042, 0], [37.6930492, 48.0693073, 0], [37.6877494, 48.0618935, 0], [37.6942941, 48.0565448, 0], [37.6911989, 48.0534065, 0], [37.6878504, 48.0547535, 0]]]}}, {"type": "Feature", "properties": {"name": "\u041e\u043a\u0443\u043f\u043e\u0432\u0430\u043d\u043e /// Occupied", "date": "2022-08-31", "layer_type": "russian_occupied"}, "geometry": {"type": "Polygon", "coordinates": [[[35.3333724, 46.358338, 0], [35.3218423, 46.3333256, 0], [35.3175029, 46.3315886, 0], [35.3185209, 46.3351659, 0], [35.3179978, 46.3403797, 0], [35.3140408, 46.3451194, 0], [35.3087962, 46.3484962, 0], [35.3080145, 46.3496215, 0], [35.3054021, 46.3543601, 0], [35.3018946, 46.3556784, 0], [35.2903186, 46.3573518, 0], [35.2747197, 46.3560763, 0], [35.2695281, 46.3560717, 0], [35.2663605, 46.3536289, 0], [35.263101, 46.3657588, 0], [35.2574363, 46.3758749, 0], [35.1997346, 46.3814907, 0], [35.1900829, 46.371396, 0], [35.1851998, 46.3696785, 0], [35.1754386, 46.3633927, 0], [35.1620994, 46.3588658, 0], [35.1395474, 46.3516888, 0], [35.1274178, 46.3420617, 0], [35.1176139, 46.3223204, 0], [35.1124487, 46.3103305, 0], [35.1021402, 46.3005696, 0], [35.0767731, 46.2786536, 0], [35.0521723, 46.2670622, 0], [35.0215523, 46.2585594, 0], [34.8995709, 46.2382894, 0], [34.8293198, 46.2041729, 0], [34.8346407, 46.1155296, 0], [34.8524739, 46.0092176, 0], [34.8921877, 45.8988106, 0], [34.9770528, 45.765285, 0], [34.9731806, 45.7637409, 0], [34.968107, 45.7623163, 0], [34.9582188, 45.7600372, 0], [34.9493437, 45.7629357, 0], [34.9554943, 45.7675069, 0], [34.9456473, 45.7804344, 0], [34.9403705, 45.7873712, 0], [34.9353089, 45.8055526, 0], [34.9004183, 45.8581853, 0], [34.8862317, 45.8605136, 0], [34.8751355, 45.8556675, 0], [34.8707261, 45.8468811, 0], [34.8674115, 45.8292986, 0], [34.8250886, 45.8113301, 0], [34.8158713, 45.8358401, 0], [34.84002, 45.873859, 0], [34.7008834, 45.9591791, 0], [34.6514148, 45.9739079, 0], [34.5560425, 45.988691, 0], [34.4785519, 45.9469467, 0], [34.3824645, 46.0346918, 0], [34.2253509, 46.0639134, 0], [34.1607715, 46.0804296, 0], [34.1225822, 46.1081224, 0], [34.0383336, 46.1169353, 0], [33.82395, 46.1870691, 0], [33.7548923, 46.1408023, 0], [33.7495407, 46.1375786, 0], [33.7475156, 46.1379718, 0], [33.7408734, 46.1442412, 0], [33.7356035, 46.1472395, 0], [33.7350527, 46.1500004, 0], [33.7281125, 46.1552848, 0], [33.7265893, 46.1580037, 0], [33.7262883, 46.1617772, 0], [33.7253409, 46.1650441, 0], [33.7261916, 46.1668223, 0], [33.7292662, 46.1691906, 0], [33.7299217, 46.1710752, 0], [33.7405319, 46.1851281, 0], [33.7386119, 46.185275, 0], [33.7358617, 46.1860384, 0], [33.7248006, 46.1917179, 0], [33.7145537, 46.1968941, 0], [33.7079213, 46.200273, 0], [33.6970944, 46.2034177, 0], [33.6897001, 46.204334, 0], [33.6066801, 46.1468776, 0], [33.573746, 46.1257086, 0], [33.5573389, 46.1222518, 0], [33.5247998, 46.1156966, 0], [33.5637495, 46.0747405, 0], [33.4967004, 46.0702854, 0], [33.5148167, 46.0272313, 0], [33.4288627, 46.0273475, 0], [33.2991922, 46.0701686, 0], [33.1775496, 46.1204739, 0], [32.9126433, 46.102317, 0], [32.7101943, 46.1028118, 0], [32.5346945, 46.0653849, 0], [32.2477907, 46.1246094, 0], [32.2262152, 46.1325411, 0], [32.2304404, 46.1395103, 0], [32.2366721, 46.1501329, 0], [32.2287997, 46.1666233, 0], [32.225887, 46.1701135, 0], [32.2398791, 46.1785152, 0], [32.2218112, 46.18771, 0], [32.2081053, 46.1867989, 0], [32.2067609, 46.1754285, 0], [32.2061324, 46.1721801, 0], [32.1870241, 46.175666, 0], [32.1659652, 46.196893, 0], [32.1264736, 46.203145, 0], [32.0878278, 46.2214609, 0], [32.077753, 46.2389204, 0], [32.0514181, 46.2497849, 0], [32.0286297, 46.24524, 0], [31.9695132, 46.2572078, 0], [31.9591361, 46.2653669, 0], [31.9565426, 46.2655395, 0], [31.9437442, 46.2855591, 0], [31.9364344, 46.2908668, 0], [31.904104, 46.2964305, 0], [31.8950685, 46.2807445, 0], [31.8832899, 46.2734161, 0], [31.8740032, 46.2652566, 0], [31.8708329, 46.2657735, 0], [31.862982, 46.2721427, 0], [31.8520165, 46.2705796, 0], [31.8507402, 46.268254, 0], [31.8476993, 46.2683372, 0], [31.8351926, 46.2728282, 0], [31.8331443, 46.2697922, 0], [31.8346957, 46.266138, 0], [31.8183057, 46.2643109, 0], [31.8132429, 46.2647435, 0], [31.8143596, 46.2694483, 0], [31.8097262, 46.2720936, 0], [31.7963809, 46.2735839, 0], [31.7917038, 46.2738877, 0], [31.7845155, 46.2688628, 0], [31.784366, 46.2656769, 0], [31.7796043, 46.2644672, 0], [31.7771981, 46.2681276, 0], [31.7832894, 46.2725096, 0], [31.78213, 46.2768377, 0], [31.775112, 46.282265, 0], [31.7755462, 46.2854607, 0], [31.7712141, 46.288838, 0], [31.7745083, 46.2939227, 0], [31.7680176, 46.2965165, 0], [31.7573207, 46.2951961, 0], [31.7564087, 46.2956546, 0], [31.7477398, 46.2981388, 0], [31.7473078, 46.3006251, 0], [31.7727115, 46.3224026, 0], [31.8386419, 46.3357385, 0], [31.8655305, 46.3334066, 0], [31.905239, 46.3395834, 0], [31.9439245, 46.3429025, 0], [31.9757788, 46.3481227, 0], [32.0090507, 46.3641139, 0], [32.0219162, 46.382457, 0], [32.0255314, 46.3854782, 0], [32.049656, 46.3835551, 0], [32.058461, 46.3937231, 0], [32.0355703, 46.4165629, 0], [32.0290404, 46.4375397, 0], [32.0022447, 46.453429, 0], [31.9748459, 46.4392025, 0], [31.9528254, 46.4374539, 0], [31.8969265, 46.4577466, 0], [31.7987367, 46.4797645, 0], [31.7413541, 46.4892095, 0], [31.7052712, 46.4743976, 0], [31.6972279, 46.4651296, 0], [31.6971262, 46.4472352, 0], [31.7086949, 46.4406947, 0], [31.7095155, 46.4351847, 0], [31.7005543, 46.4341696, 0], [31.691592, 46.4414349, 0], [31.6559413, 46.4718525, 0], [31.6085151, 46.5058215, 0], [31.5538186, 46.5362231, 0], [31.5216224, 46.561578, 0], [31.5112983, 46.5766614, 0], [31.5129891, 46.5806523, 0], [31.5305196, 46.5576033, 0], [31.5540849, 46.5454363, 0], [31.5810734, 46.5363334, 0], [31.6003732, 46.5378419, 0], [31.6315001, 46.5404893, 0], [31.6690382, 46.5363758, 0], [31.6976527, 46.5450053, 0], [31.7544342, 46.5478666, 0], [31.8043262, 46.5290811, 0], [31.8610534, 46.5159396, 0], [31.8777017, 46.5192436, 0], [31.9108582, 46.5166866, 0], [32.002714, 46.491635, 0], [32.0439937, 46.4915104, 0], [32.0784128, 46.4998821, 0], [32.1216244, 46.4984958, 0], [32.1565911, 46.4928421, 0], [32.1866978, 46.4861634, 0], [32.2593625, 46.4778177, 0], [32.3272462, 46.4659372, 0], [32.3586744, 46.4651814, 0], [32.3994017, 46.474687, 0], [32.4116418, 46.4830042, 0], [32.4182718, 46.4856886, 0], [32.4853405, 46.5249416, 0], [32.4542467, 46.5605294, 0], [32.4784548, 46.5719115, 0], [32.5076916, 46.5894803, 0], [32.5558893, 46.5966452, 0], [32.5917838, 46.594635, 0], [32.6158918, 46.6173811, 0], [32.6593408, 46.6503611, 0], [32.7017971, 46.6630314, 0], [32.7140488, 46.6655195, 0], [32.7198636, 46.6658863, 0], [32.7211245, 46.6655909, 0], [32.7318311, 46.6648554, 0], [32.7588567, 46.6656057, 0], [32.7728632, 46.667364, 0], [32.7864417, 46.6702986, 0], [32.8027755, 46.6760847, 0], [32.8153649, 46.6769739, 0], [32.8259943, 46.6801262, 0], [32.8451243, 46.6890472, 0], [32.8621856, 46.6985771, 0], [32.9214063, 46.7120972, 0], [33.0015047, 46.7182684, 0], [33.1197127, 46.7756086, 0], [33.1457652, 46.7819482, 0], [33.1987729, 46.7690015, 0], [33.2238349, 46.7675089, 0], [33.2571296, 46.7556612, 0], [33.2866502, 46.7489573, 0], [33.3248985, 46.754623, 0], [33.3592099, 46.7656871, 0], [33.3689582, 46.7708781, 0], [33.3566788, 46.782027, 0], [33.3566199, 46.782589, 0], [33.359021, 46.7856416, 0], [33.3691524, 46.7822006, 0], [33.377036, 46.7749545, 0], [33.4642591, 46.8183475, 0], [33.5234834, 46.8232138, 0], [33.6022749, 46.8278306, 0], [33.6340293, 46.8662278, 0], [33.6341722, 46.8823598, 0], [33.6338234, 46.8994853, 0], [33.6576756, 46.9035938, 0], [33.6784469, 46.9008966, 0], [33.689791, 46.9215339, 0], [33.6973272, 46.9623034, 0], [33.6976692, 46.9951021, 0], [33.7227502, 47.0173544, 0], [33.8023184, 47.0589876, 0], [33.8407881, 47.0984953, 0], [33.8532138, 47.1398666, 0], [33.9098134, 47.1702169, 0], [33.9826473, 47.2283016, 0], [34.0196507, 47.3580093, 0], [34.039918, 47.4025579, 0], [34.0466778, 47.4176252, 0], [34.0648743, 47.4242885, 0], [34.1183461, 47.4205374, 0], [34.1457254, 47.4244375, 0], [34.19929, 47.4120751, 0], [34.2696797, 47.4395195, 0], [34.2961027, 47.4286586, 0], [34.3349123, 47.4469725, 0], [34.3395738, 47.4681381, 0], [34.3637994, 47.4938613, 0], [34.3727587, 47.5106463, 0], [34.3869488, 47.5138458, 0], [34.4358396, 47.4968841, 0], [34.5013959, 47.4986586, 0], [34.5331376, 47.5304299, 0], [34.5445304, 47.5326781, 0], [34.5862489, 47.5217799, 0], [34.5990399, 47.5346411, 0], [34.6059976, 47.5375327, 0], [34.6180346, 47.5444616, 0], [34.6283781, 47.5458007, 0], [34.6440887, 47.5420432, 0], [34.6594825, 47.5267139, 0], [34.6801991, 47.5107016, 0], [34.6864098, 47.4929504, 0], [34.708982, 47.4905527, 0], [34.7356732, 47.4909335, 0], [34.7472225, 47.4930939, 0], [34.7923046, 47.467718, 0], [34.8252023, 47.4647735, 0], [34.8599235, 47.4512248, 0], [34.8717802, 47.4495574, 0], [34.8723386, 47.4365999, 0], [34.8619132, 47.4208554, 0], [34.880882, 47.4088772, 0], [34.9284064, 47.3927069, 0], [34.9686931, 47.3892045, 0], [35.0165468, 47.4114939, 0], [35.044613, 47.4377275, 0], [35.0589987, 47.4473587, 0], [35.0775092, 47.4532726, 0], [35.1486619, 47.445657, 0], [35.2026425, 47.4449743, 0], [35.2492289, 47.4675939, 0], [35.2663324, 47.4732687, 0], [35.2711192, 47.471978, 0], [35.2649168, 47.4544999, 0], [35.2732173, 47.4559165, 0], [35.2839712, 47.4712358, 0], [35.2742981, 47.494214, 0], [35.278965, 47.5012958, 0], [35.2878203, 47.5072123, 0], [35.2997674, 47.5108088, 0], [35.324817, 47.5161493, 0], [35.3351085, 47.525197, 0], [35.395015, 47.5209279, 0], [35.3950278, 47.5209199, 0], [35.4443467, 47.5277912, 0], [35.4345108, 47.5141379, 0], [35.4549898, 47.5104016, 0], [35.5074074, 47.5136924, 0], [35.5593185, 47.5212867, 0], [35.6546633, 47.5009618, 0], [35.7059656, 47.4820259, 0], [35.7132434, 47.4921281, 0], [35.8082162, 47.4970101, 0], [35.9589323, 47.4809483, 0], [35.9953037, 47.499107, 0], [36.0139186, 47.5103296, 0], [36.0333717, 47.5164133, 0], [36.0787899, 47.5254084, 0], [36.1649378, 47.5706581, 0], [36.2169684, 47.5732713, 0], [36.2676334, 47.5759913, 0], [36.3052024, 47.5967757, 0], [36.3683277, 47.6315602, 0], [36.4448402, 47.6502396, 0], [36.538214, 47.6689171, 0], [36.5552546, 47.6730363, 0], [36.5375529, 47.7167429, 0], [36.6065339, 47.7738529, 0], [36.6581247, 47.7764101, 0], [36.660036, 47.7841794, 0], [36.6945468, 47.7924877, 0], [36.7079481, 47.7921414, 0], [36.7220327, 47.7891402, 0], [36.7325091, 47.7804865, 0], [36.7695932, 47.7804734, 0], [36.7811671, 47.7931944, 0], [36.787934, 47.7966593, 0], [36.7906163, 47.7989076, 0], [36.7870329, 47.8083914, 0], [36.8008516, 47.8216192, 0], [36.8202493, 47.8216769, 0], [36.8360852, 47.8152793, 0], [36.8735563, 47.805457, 0], [36.8879868, 47.7953492, 0], [36.903955, 47.7868254, 0], [36.931931, 47.7748372, 0], [36.964522, 47.7635413, 0], [37.0535419, 47.7436656, 0], [37.1020021, 47.7446641, 0], [37.1039627, 47.7140795, 0], [37.1667805, 47.7171958, 0], [37.2025681, 47.7171854, 0], [37.2213503, 47.7115098, 0], [37.2440583, 47.7166472, 0], [37.2536497, 47.7149239, 0], [37.2639388, 47.7305232, 0], [37.2684675, 47.7519574, 0], [37.2841424, 47.7510841, 0], [37.286342, 47.7530951, 0], [37.2833064, 47.7554815, 0], [37.2797556, 47.7573485, 0], [37.2806592, 47.7593923, 0], [37.2868848, 47.7586953, 0], [37.2910934, 47.7623834, 0], [37.2962932, 47.7633797, 0], [37.3039992, 47.7586027, 0], [37.3171094, 47.7580051, 0], [37.3248494, 47.7573979, 0], [37.3323669, 47.7561416, 0], [37.3308037, 47.7516756, 0], [37.3319098, 47.7490964, 0], [37.3465338, 47.7473523, 0], [37.3544172, 47.7445792, 0], [37.3568995, 47.7442315, 0], [37.3678462, 47.7418087, 0], [37.3683547, 47.7428091, 0], [37.3790374, 47.7433381, 0], [37.3876407, 47.738956, 0], [37.3920715, 47.7401991, 0], [37.398621, 47.7366362, 0], [37.4108784, 47.7412695, 0], [37.4251051, 47.7510839, 0], [37.4377864, 47.773467, 0], [37.4696463, 47.7807851, 0], [37.4841197, 47.7934297, 0], [37.5329934, 47.818262, 0], [37.5058702, 47.845921, 0], [37.5280859, 47.8554011, 0], [37.5774368, 47.864179, 0], [37.5759066, 47.9077328, 0], [37.6440338, 47.8866264, 0], [37.6342622, 47.838423, 0], [37.6345486, 47.8025384, 0], [37.623169, 47.7731102, 0], [37.6375888, 47.7519939, 0], [37.6467557, 47.7456551, 0], [37.6726795, 47.7247168, 0], [37.7644947, 47.6847015, 0], [37.8039769, 47.6601962, 0], [37.801917, 47.6423879, 0], [37.7686147, 47.6354478, 0], [37.7823477, 47.5859162, 0], [37.8194267, 47.5463034, 0], [37.8925547, 47.4697729, 0], [37.8784784, 47.4416839, 0], [37.8637154, 47.4265885, 0], [37.855819, 47.403124, 0], [37.856849, 47.3928985, 0], [37.8503258, 47.3842983, 0], [37.8383096, 47.3780216, 0], [37.841643, 47.3690218, 0], [37.8515994, 47.3655338, 0], [37.8417428, 47.3584893, 0], [37.8376229, 47.3524422, 0], [37.8486092, 47.3501161, 0], [37.8591525, 47.3543707, 0], [37.8612124, 47.3478578, 0], [37.856849, 47.3436027, 0], [37.8444894, 47.3419742, 0], [37.8292834, 47.3425074, 0], [37.8273232, 47.3284792, 0], [37.8245766, 47.3214977, 0], [37.8317864, 47.3149807, 0], [37.8348763, 47.3082302, 0], [37.8276665, 47.3026429, 0], [37.8338464, 47.2854117, 0], [37.833503, 47.249301, 0], [37.8513558, 47.198938, 0], [37.8499825, 47.1742053, 0], [37.8180535, 47.1190987, 0], [37.8176104, 47.1011748, 0], [37.8148639, 47.0894884, 0], [37.7939977, 47.0848302, 0], [37.767699, 47.0887184, 0], [37.7394778, 47.0835189, 0], [37.7138365, 47.080388, 0], [37.6983471, 47.0799666, 0], [37.687215, 47.0811684, 0], [37.6850953, 47.0782199, 0], [37.6821437, 47.077174, 0], [37.6758112, 47.0778874, 0], [37.6705267, 47.0818853, 0], [37.6709432, 47.0853219, 0], [37.6664542, 47.0864085, 0], [37.6352395, 47.0941275, 0], [37.634523, 47.0932612, 0], [37.6336907, 47.0932812, 0], [37.6321966, 47.0947236, 0], [37.6295939, 47.0949238, 0], [37.6269053, 47.0945396, 0], [37.6243271, 47.0910824, 0], [37.6195177, 47.0872745, 0], [37.6082681, 47.0841581, 0], [37.5993159, 47.0831463, 0], [37.586171, 47.0786666, 0], [37.5805494, 47.0818671, 0], [37.5836822, 47.0875223, 0], [37.5376449, 47.0819428, 0], [37.5122278, 47.0646199, 0], [37.481465, 47.032329, 0], [37.3077307, 46.8659203, 0], [37.2886386, 46.870639, 0], [37.2925487, 46.8746537, 0], [37.3189188, 46.8962982, 0], [37.2972107, 46.9273264, 0], [37.235645, 46.951068, 0], [37.0193507, 46.8668666, 0], [36.9930792, 46.8624588, 0], [36.9589013, 46.8476259, 0], [36.9295332, 46.8285604, 0], [36.9043569, 46.805735, 0], [36.8859531, 46.7893837, 0], [36.8685198, 46.765691, 0], [36.855689, 46.7420834, 0], [36.8458418, 46.7241601, 0], [36.8380534, 46.7057614, 0], [36.8027555, 46.6608015, 0], [36.7592809, 46.6186557, 0], [36.742359, 46.6373607, 0], [36.7610148, 46.6658088, 0], [36.7783436, 46.6636496, 0], [36.7906962, 46.6747997, 0], [36.8013424, 46.7071432, 0], [36.8221156, 46.7018948, 0], [36.8105349, 46.7279896, 0], [36.7810826, 46.7489031, 0], [36.7464254, 46.7656208, 0], [36.7055683, 46.7776224, 0], [36.6471917, 46.7806732, 0], [36.6156003, 46.7733631, 0], [36.4958143, 46.7476084, 0], [36.3871346, 46.7170348, 0], [36.2695302, 46.6056823, 0], [36.1672409, 46.4951943, 0], [36.1187934, 46.4850717, 0], [36.0923227, 46.4891196, 0], [36.1154399, 46.4989522, 0], [36.1496652, 46.5147368, 0], [36.1530068, 46.5432758, 0], [36.1583491, 46.5401217, 0], [36.1665138, 46.5276778, 0], [36.1908498, 46.5346757, 0], [36.2191665, 46.5648526, 0], [36.2481044, 46.5922106, 0], [36.2598962, 46.6186212, 0], [36.2290436, 46.6505061, 0], [36.1898849, 46.6670306, 0], [36.0834475, 46.6584942, 0], [35.9364232, 46.6585947, 0], [35.7703355, 46.6019115, 0], [35.6146531, 46.4998176, 0], [35.4348268, 46.4154379, 0], [35.3825519, 46.3790648, 0], [35.3787653, 46.373385, 0], [35.3695722, 46.3644475, 0], [35.357291, 46.3528435, 0], [35.3475895, 46.340409, 0], [35.275482, 46.2556112, 0], [35.2282445, 46.202113, 0], [35.1954968, 46.1473924, 0], [35.1518034, 46.1216585, 0], [35.0708827, 46.0957873, 0], [34.976986, 46.0710333, 0], [34.980618, 46.0891656, 0], [34.9894068, 46.1101551, 0], [35.0184665, 46.1303093, 0], [35.0331236, 46.1499828, 0], [35.1356323, 46.166403, 0], [35.2090233, 46.1903722, 0], [35.2210679, 46.2268989, 0], [35.255264, 46.2511051, 0], [35.2893769, 46.2856338, 0], [35.2989871, 46.2989783, 0], [35.2940066, 46.3024786, 0], [35.2933153, 46.308174, 0], [35.2953734, 46.3077017, 0], [35.2986341, 46.310015, 0], [35.2988051, 46.314937, 0], [35.3036091, 46.3163639, 0], [35.3174416, 46.3170382, 0], [35.3334567, 46.3355704, 0], [35.3436987, 46.3481223, 0], [35.3438006, 46.3501144, 0], [35.3712937, 46.3711146, 0], [35.358615, 46.3619073, 0], [35.3569327, 46.3635236, 0], [35.3533621, 46.364429, 0], [35.3482807, 46.3635152, 0], [35.341784, 46.3611505, 0], [35.3333724, 46.358338, 0]]]}}, {"type": "Feature", "properties": {"name": "\u041e\u043a\u0443\u043f\u043e\u0432\u0430\u043d\u043e /// Occupied\n", "date": "2022-08-31", "layer_type": "russian_occupied"}, "geometry": {"type": "Polygon", "coordinates": [[[37.5078854, 47.9299295, 0], [37.5137189, 47.9330128, 0], [37.5182679, 47.9336454, 0], [37.5266259, 47.9355163, 0], [37.5285901, 47.9414985, 0], [37.5428393, 47.9324766, 0], [37.5380764, 47.9241494, 0], [37.5350286, 47.917986, 0], [37.5063169, 47.9264247, 0], [37.5078854, 47.9299295, 0]]]}}]}