{"type": "FeatureCollection", "features": [{"type": "Feature", "properties": {"name": "\u041e\u0441\u0442\u0440\u0456\u0432 \u0422\u0443\u0437\u043b\u0430 /// Occupied Tuzla Island", "date": "2022-09-30"}, "geometry": {"type": "Polygon", "coordinates": [[[36.5192425, 45.2939885, 0], [36.5317737, 45.2861989, 0], [36.5470516, 45.2796768, 0], [36.557012, 45.2670518, 0], [36.5782939, 45.2490485, 0], [36.5715991, 45.2500758, 0], [36.5491116, 45.2613139, 0], [36.54585, 45.2680798, 0], [36.5377819, 45.2739994, 0], [36.5333187, 45.2797976, 0], [36.5182982, 45.288856, 0], [36.5071402, 45.2955583, 0], [36.5192425, 45.2939885, 0]]]}}, {"type": "Feature", "properties": {"name": "\u041e\u0420\u0414\u041b\u041e /// CADR and CALR\n", "date": "2022-09-30"}, "geometry": {"type": "Polygon", "coordinates": [[[39.0828906, 47.8516037, 0], [39.0827779, 47.8699273, 0], [38.8421825, 47.8631185, 0], [38.8351025, 47.816059, 0], [38.7886773, 47.8159738, 0], [38.7981571, 47.7784404, 0], [38.7889429, 47.7370148, 0], [38.7708688, 47.7206292, 0], [38.7731639, 47.6857642, 0], [38.7540691, 47.6848875, 0], [38.7303052, 47.680361, 0], [38.7291235, 47.6988072, 0], [38.6707962, 47.6989544, 0], [38.6591995, 47.7000572, 0], [38.6656155, 47.6971765, 0], [38.6658873, 47.6694185, 0], [38.6292745, 47.6692783, 0], [38.6295892, 47.6533363, 0], [38.620087, 47.6448705, 0], [38.4562749, 47.6442531, 0], [38.4566884, 47.6170037, 0], [38.3501205, 47.6166892, 0], [38.3507371, 47.5762058, 0], [38.3109696, 47.5760278, 0], [38.3111495, 47.5536189, 0], [38.3051136, 47.5448513, 0], [38.2848038, 47.5444646, 0], [38.2849085, 47.5083765, 0], [38.2950717, 47.5080641, 0], [38.2940999, 47.4907448, 0], [38.2894022, 47.4767537, 0], [38.3020221, 47.4751206, 0], [38.3020854, 47.3928698, 0], [38.3004094, 47.391514, 0], [38.2864155, 47.3914768, 0], [38.2864922, 47.3735598, 0], [38.2587325, 47.3733532, 0], [38.2455592, 47.3631933, 0], [38.2473631, 47.3617371, 0], [38.2504613, 47.357713, 0], [38.246788, 47.3514449, 0], [38.2402401, 47.346223, 0], [38.2306932, 47.3431686, 0], [38.230493, 47.3389025, 0], [38.2220794, 47.3328526, 0], [38.2257943, 47.3321154, 0], [38.2272145, 47.3297102, 0], [38.2214722, 47.3273446, 0], [38.2209779, 47.3053796, 0], [38.3363045, 47.3064075, 0], [38.336361, 47.3055727, 0], [38.3345111, 47.3014077, 0], [38.3282045, 47.3000189, 0], [38.3270914, 47.2990089, 0], [38.3275474, 47.2975272, 0], [38.3296611, 47.297438, 0], [38.3332879, 47.2969749, 0], [38.3337391, 47.2962532, 0], [38.3333538, 47.2921318, 0], [38.3296901, 47.2896121, 0], [38.3290073, 47.2868501, 0], [38.3284365, 47.2848084, 0], [38.3257662, 47.2846011, 0], [38.3233941, 47.2811323, 0], [38.3271856, 47.2795435, 0], [38.3266414, 47.2786087, 0], [38.3256173, 47.2776124, 0], [38.3255863, 47.277134, 0], [38.3260824, 47.2767594, 0], [38.3276326, 47.27668, 0], [38.3316897, 47.2752191, 0], [38.3332862, 47.2725191, 0], [38.3332725, 47.270252, 0], [38.3337354, 47.2689381, 0], [38.3287371, 47.2662912, 0], [38.3287569, 47.2658623, 0], [38.3309967, 47.2645747, 0], [38.3307851, 47.2634492, 0], [38.3244906, 47.2568209, 0], [38.288043, 47.2564998, 0], [38.288189, 47.2385598, 0], [38.2605024, 47.2383163, 0], [38.2535413, 47.2336156, 0], [38.2477027, 47.2334227, 0], [38.2460906, 47.2341102, 0], [38.2427674, 47.2326826, 0], [38.2420348, 47.232812, 0], [38.2412565, 47.2326921, 0], [38.2409443, 47.23219, 0], [38.2405773, 47.2321475, 0], [38.2398865, 47.2324121, 0], [38.2378094, 47.2320427, 0], [38.237346, 47.2312165, 0], [38.2362475, 47.2308171, 0], [38.2351234, 47.2310967, 0], [38.2343344, 47.2309856, 0], [38.2329066, 47.2291897, 0], [38.2328621, 47.2284101, 0], [38.2336742, 47.2280166, 0], [38.2340111, 47.227113, 0], [38.2338694, 47.2258012, 0], [38.2346481, 47.2254071, 0], [38.2361448, 47.2256075, 0], [38.2364096, 47.2254132, 0], [38.2362738, 47.2244999, 0], [38.2364423, 47.2242619, 0], [38.2385172, 47.22364, 0], [38.2387188, 47.2234891, 0], [38.2387143, 47.2232165, 0], [38.2382548, 47.2224089, 0], [38.2383227, 47.2219524, 0], [38.2387591, 47.2217389, 0], [38.2397605, 47.2216179, 0], [38.2400467, 47.2213613, 0], [38.2400827, 47.2201486, 0], [38.2398971, 47.2199239, 0], [38.2398263, 47.218731, 0], [38.2400496, 47.2184367, 0], [38.240507, 47.2183364, 0], [38.2412876, 47.2184817, 0], [38.2425054, 47.2178107, 0], [38.2427899, 47.217117, 0], [38.2422804, 47.2162117, 0], [38.2422759, 47.2153019, 0], [38.2418929, 47.2148436, 0], [38.2415415, 47.2125292, 0], [38.2418471, 47.2121661, 0], [38.2412215, 47.2117534, 0], [38.2408246, 47.2108546, 0], [38.2411519, 47.2105429, 0], [38.2410554, 47.2101138, 0], [38.2402025, 47.2091611, 0], [38.2391299, 47.2084879, 0], [38.2370779, 47.2075891, 0], [38.234781, 47.2025886, 0], [38.2354243, 47.1998353, 0], [38.2359666, 47.1965918, 0], [38.2355903, 47.1961289, 0], [38.2363121, 47.1395266, 0], [38.2340685, 47.1355459, 0], [38.2319091, 47.129692, 0], [38.2292468, 47.1270853, 0], [38.2284514, 47.1226729, 0], [38.2301175, 47.119406, 0], [38.2115022, 47.1071826, 0], [38.1865557, 47.0937123, 0], [38.1632652, 47.0654551, 0], [38.0849876, 47.0204182, 0], [38.0804081, 47.0265446, 0], [38.1060463, 47.0471788, 0], [38.1317956, 47.0537286, 0], [38.1328256, 47.0640197, 0], [38.1228691, 47.0806216, 0], [38.1046619, 47.0956273, 0], [38.08885, 47.1059558, 0], [38.0626714, 47.1108045, 0], [38.054332, 47.1083022, 0], [38.0407846, 47.0962571, 0], [38.040012, 47.0918746, 0], [38.0325448, 47.0890697, 0], [37.9930627, 47.0990033, 0], [37.9758825, 47.0956826, 0], [37.9790722, 47.0928096, 0], [37.9902301, 47.0914656, 0], [37.9839645, 47.0835761, 0], [37.8954729, 47.1109213, 0], [37.8795803, 47.1066666, 0], [37.8621706, 47.1062479, 0], [37.8383095, 47.0997045, 0], [37.8292834, 47.1127418, 0], [37.8180535, 47.1190987, 0], [37.8499825, 47.1742053, 0], [37.8513558, 47.198938, 0], [37.833503, 47.249301, 0], [37.8338464, 47.2854117, 0], [37.8276665, 47.3026429, 0], [37.8348763, 47.3082302, 0], [37.8317864, 47.3149807, 0], [37.8245766, 47.3214977, 0], [37.8273232, 47.3284792, 0], [37.8292834, 47.3425074, 0], [37.8444894, 47.3419742, 0], [37.856849, 47.3436027, 0], [37.8612124, 47.3478578, 0], [37.8591525, 47.3543707, 0], [37.8486092, 47.3501161, 0], [37.8376229, 47.3524422, 0], [37.8417428, 47.3584893, 0], [37.8515994, 47.3655338, 0], [37.841643, 47.3690218, 0], [37.8383096, 47.3780216, 0], [37.8503258, 47.3842983, 0], [37.856849, 47.3928985, 0], [37.855819, 47.403124, 0], [37.8637154, 47.4265885, 0], [37.8784784, 47.4416839, 0], [37.8925547, 47.4697729, 0], [37.8194267, 47.5463034, 0], [37.7823477, 47.5859162, 0], [37.7686147, 47.6354478, 0], [37.801917, 47.6423879, 0], [37.8039769, 47.6601962, 0], [37.7644947, 47.6847015, 0], [37.6726795, 47.7247168, 0], [37.6467557, 47.7456551, 0], [37.6375888, 47.7519939, 0], [37.623169, 47.7731102, 0], [37.6345486, 47.8025384, 0], [37.6342622, 47.838423, 0], [37.6440338, 47.8866264, 0], [37.5759066, 47.9077328, 0], [37.5685999, 47.9077685, 0], [37.5350286, 47.917986, 0], [37.5380764, 47.9241494, 0], [37.5428393, 47.9324766, 0], [37.5285901, 47.9414985, 0], [37.5218536, 47.94582, 0], [37.5251581, 47.9572022, 0], [37.5394871, 47.9726323, 0], [37.548504, 47.9792696, 0], [37.5585462, 47.986451, 0], [37.5496206, 47.9973638, 0], [37.556143, 48.0098553, 0], [37.5733939, 48.0068986, 0], [37.575455, 48.0139608, 0], [37.6164821, 48.0180947, 0], [37.6226618, 48.0194438, 0], [37.6478104, 48.0289444, 0], [37.6699861, 48.0433634, 0], [37.6878504, 48.0547535, 0], [37.6911989, 48.0534065, 0], [37.6942941, 48.0565448, 0], [37.6877494, 48.0618935, 0], [37.6930492, 48.0693073, 0], [37.6997015, 48.0722042, 0], [37.7427884, 48.0727514, 0], [37.7463065, 48.0734746, 0], [37.7543362, 48.0840036, 0], [37.7564355, 48.0866703, 0], [37.7730529, 48.0920319, 0], [37.7892831, 48.1001774, 0], [37.7920214, 48.1045282, 0], [37.8061045, 48.1173377, 0], [37.8198549, 48.1438969, 0], [37.824622, 48.1578177, 0], [37.8285927, 48.1751503, 0], [37.8562077, 48.1928465, 0], [37.8833302, 48.1997121, 0], [37.8965706, 48.2154292, 0], [37.8929432, 48.2335689, 0], [37.89157, 48.2550609, 0], [37.8953466, 48.268546, 0], [37.8881602, 48.2836394, 0], [37.8901968, 48.2991598, 0], [37.9096311, 48.3518021, 0], [37.9210683, 48.3760438, 0], [37.9470402, 48.3751555, 0], [37.9569342, 48.3914893, 0], [38.0048018, 48.3939537, 0], [38.0421228, 48.4090856, 0], [38.0685038, 48.4086727, 0], [38.1137059, 48.4080126, 0], [38.1174769, 48.420805, 0], [38.135158, 48.4190391, 0], [38.1484618, 48.4144818, 0], [38.1630936, 48.4021166, 0], [38.1544451, 48.395536, 0], [38.1500926, 48.3854193, 0], [38.1847683, 48.3749299, 0], [38.2074276, 48.371509, 0], [38.2149807, 48.3690002, 0], [38.2276837, 48.3671755, 0], [38.2591203, 48.359806, 0], [38.2736891, 48.3591918, 0], [38.2907061, 48.361631, 0], [38.3217544, 48.3710529, 0], [38.3435779, 48.3844372, 0], [38.3542284, 48.390346, 0], [38.3672748, 48.3996925, 0], [38.390964, 48.4158739, 0], [38.3892474, 48.4322779, 0], [38.3930237, 48.436606, 0], [38.4053767, 48.4733655, 0], [38.4115634, 48.5105796, 0], [38.4143026, 48.5206053, 0], [38.402637, 48.5478669, 0], [38.402637, 48.5919397, 0], [38.4060702, 48.6019302, 0], [38.4048036, 48.6090985, 0], [38.4046894, 48.6169314, 0], [38.4088093, 48.62964, 0], [38.4143025, 48.6382619, 0], [38.4198032, 48.6450485, 0], [38.4314762, 48.6504924, 0], [38.4452016, 48.6550476, 0], [38.4644278, 48.6564083, 0], [38.4802281, 48.6591107, 0], [38.4967076, 48.6631925, 0], [38.5152472, 48.6663671, 0], [38.5161483, 48.6705617, 0], [38.5272842, 48.6746424, 0], [38.5394514, 48.6735091, 0], [38.5489783, 48.6752945, 0], [38.5594455, 48.6866947, 0], [38.5722313, 48.6890556, 0], [38.577732, 48.6967418, 0], [38.5784187, 48.7094303, 0], [38.5832177, 48.7198696, 0], [38.6301672, 48.721172, 0], [38.6784116, 48.723701, 0], [38.6745492, 48.7293629, 0], [38.6917155, 48.7293629, 0], [38.7535137, 48.7184915, 0], [38.7670674, 48.71432, 0], [38.8084379, 48.7134138, 0], [38.8300673, 48.7170382, 0], [38.8360755, 48.7232671, 0], [38.8471476, 48.7429112, 0], [38.8553874, 48.7496462, 0], [38.8593783, 48.7495899, 0], [38.8606013, 48.749788, 0], [38.8609553, 48.7507359, 0], [38.863879, 48.7513796, 0], [38.8716924, 48.7513053, 0], [38.8776176, 48.7525889, 0], [38.8790769, 48.752476, 0], [38.8802356, 48.7506085, 0], [38.8813299, 48.7501841, 0], [38.8920372, 48.7504385, 0], [38.8988178, 48.750184, 0], [38.9010923, 48.7509054, 0], [38.9047401, 48.7506082, 0], [38.9087746, 48.7492502, 0], [38.9111349, 48.7480051, 0], [38.9125725, 48.7468732, 0], [38.9143212, 48.7443829, 0], [38.9180279, 48.7429113, 0], [38.9199671, 48.7434206, 0], [38.9213055, 48.7446091, 0], [38.9227216, 48.7450054, 0], [38.9306501, 48.7452743, 0], [38.9336652, 48.7460241, 0], [38.9350546, 48.7468536, 0], [38.9369591, 48.7471171, 0], [38.9382788, 48.746682, 0], [38.9388581, 48.7458118, 0], [38.9379568, 48.7440714, 0], [38.9343519, 48.7429112, 0], [38.9324635, 48.736798, 0], [38.9340086, 48.7357792, 0], [38.9437074, 48.7338543, 0], [38.9460674, 48.7344489, 0], [38.9569464, 48.7340668, 0], [38.9610453, 48.736515, 0], [38.961217, 48.739911, 0], [38.9599296, 48.7429109, 0], [38.9611311, 48.7461373, 0], [38.9640925, 48.7461943, 0], [38.9669464, 48.7452039, 0], [38.9698324, 48.7437464, 0], [38.9725628, 48.7435836, 0], [38.9749968, 48.7447632, 0], [38.9788122, 48.7448922, 0], [38.981216, 48.7438449, 0], [38.9823319, 48.7421893, 0], [38.9822031, 48.7402861, 0], [38.9844561, 48.7375798, 0], [38.9895411, 48.7349866, 0], [38.9914368, 48.7306084, 0], [38.9983893, 48.7242672, 0], [38.9993333, 48.7196241, 0], [38.9980459, 48.7174722, 0], [38.9939184, 48.7161888, 0], [38.9888619, 48.715207, 0], [38.9847421, 48.7136213, 0], [38.9843054, 48.7118281, 0], [38.9869231, 48.7101575, 0], [38.9919227, 48.7100017, 0], [38.9969225, 48.7116016, 0], [38.9989862, 48.7111956, 0], [38.9982176, 48.7076745, 0], [38.999505, 48.7039927, 0], [38.9998483, 48.7001975, 0], [39.0018149, 48.6980072, 0], [39.0048265, 48.6963452, 0], [39.0155478, 48.6948913, 0], [39.015727, 48.6886399, 0], [39.0143537, 48.6834267, 0], [39.0163671, 48.6809428, 0], [39.0195819, 48.6791389, 0], [39.0202761, 48.6756061, 0], [39.0205336, 48.6722621, 0], [39.0238809, 48.6698815, 0], [39.0262842, 48.667274, 0], [39.0274858, 48.6632492, 0], [39.0254258, 48.6619737, 0], [39.0216493, 48.6623989, 0], [39.0185594, 48.6640995, 0], [39.0129804, 48.6640429, 0], [39.009633, 48.6626256, 0], [39.010316, 48.660084, 0], [39.0123721, 48.658336, 0], [39.0191528, 48.6569753, 0], [39.0285083, 48.6530064, 0], [39.0322065, 48.6528738, 0], [39.0334474, 48.6519761, 0], [39.0355464, 48.6482432, 0], [39.0380823, 48.6471847, 0], [39.042678, 48.6464662, 0], [39.0548659, 48.6470333, 0], [39.0743495, 48.6504357, 0], [39.0758944, 48.6516264, 0], [39.0849068, 48.6506625, 0], [39.0985539, 48.6508893, 0], [39.1036178, 48.6498687, 0], [39.1119359, 48.6533466, 0], [39.1168282, 48.6567485, 0], [39.1231872, 48.6600178, 0], [39.1273071, 48.6604713, 0], [39.1394876, 48.65964, 0], [39.1419842, 48.6608682, 0], [39.1426709, 48.6635326, 0], [39.141641, 48.6650633, 0], [39.1418984, 48.6666505, 0], [39.1445122, 48.6709112, 0], [39.1486715, 48.6752851, 0], [39.1519406, 48.6762862, 0], [39.1574337, 48.6753794, 0], [39.1633486, 48.6757386, 0], [39.1742491, 48.680329, 0], [39.1816381, 48.6857501, 0], [39.1854146, 48.6933991, 0], [39.1909003, 48.6998199, 0], [39.1951061, 48.7038985, 0], [39.1965081, 48.7065134, 0], [39.1975167, 48.706485, 0], [39.1983536, 48.705777, 0], [39.1991476, 48.702265, 0], [39.2003706, 48.6999993, 0], [39.2031818, 48.6986114, 0], [39.2071728, 48.6982998, 0], [39.2194036, 48.7051822, 0], [39.2248968, 48.7067682, 0], [39.2267852, 48.7089771, 0], [39.2323641, 48.7114125, 0], [39.2359905, 48.711088, 0], [39.2395879, 48.7091247, 0], [39.2435147, 48.7096192, 0], [39.2497802, 48.7125643, 0], [39.2539001, 48.7201527, 0], [39.2533069, 48.7220589, 0], [39.2539624, 48.7244016, 0], [39.2561392, 48.7268717, 0], [39.2592291, 48.7338353, 0], [39.255282, 48.7387742, 0], [39.2550234, 48.7406847, 0], [39.256311, 48.7422696, 0], [39.258535, 48.7427414, 0], [39.264468, 48.7412523, 0], [39.2686631, 48.741949, 0], [39.270809, 48.7439866, 0], [39.2716747, 48.7477596, 0], [39.2703015, 48.7512117, 0], [39.2708089, 48.7527587, 0], [39.2723828, 48.7538866, 0], [39.2747755, 48.753681, 0], [39.2766585, 48.7523332, 0], [39.2788874, 48.749339, 0], [39.2820603, 48.7486084, 0], [39.2864338, 48.7489009, 0], [39.28952, 48.7515136, 0], [39.2892807, 48.7536832, 0], [39.2906433, 48.756248, 0], [39.2914941, 48.7594358, 0], [39.2926174, 48.760605, 0], [39.2999129, 48.7630378, 0], [39.3030887, 48.765414, 0], [39.3088319, 48.7719953, 0], [39.3118435, 48.7740692, 0], [39.3145901, 48.7748045, 0], [39.3245465, 48.776049, 0], [39.3262557, 48.7755589, 0], [39.3279722, 48.7736923, 0], [39.3274828, 48.7721084, 0], [39.326084, 48.7700153, 0], [39.3266028, 48.7683087, 0], [39.3316705, 48.766602, 0], [39.3361337, 48.7659798, 0], [39.3403355, 48.7663007, 0], [39.3472429, 48.7683845, 0], [39.3510607, 48.7685446, 0], [39.3527812, 48.7679412, 0], [39.3545015, 48.7668284, 0], [39.3538932, 48.7654897, 0], [39.3513257, 48.7630943, 0], [39.3491724, 48.7621516, 0], [39.3455281, 48.7616611, 0], [39.3433628, 48.7592092, 0], [39.3431385, 48.7573608, 0], [39.3461759, 48.751042, 0], [39.3470266, 48.7502121, 0], [39.3472058, 48.7457787, 0], [39.3492658, 48.742496, 0], [39.3581923, 48.7370054, 0], [39.3588714, 48.7361753, 0], [39.3588751, 48.7339014, 0], [39.3540724, 48.729646, 0], [39.3537216, 48.7268908, 0], [39.3552238, 48.7252488, 0], [39.3615322, 48.7223045, 0], [39.3691283, 48.7200679, 0], [39.3726043, 48.7198696, 0], [39.3741826, 48.7186523, 0], [39.3737867, 48.7174915, 0], [39.3720796, 48.7159341, 0], [39.3704585, 48.7159622, 0], [39.3652658, 48.7168401, 0], [39.3601589, 48.7156791, 0], [39.3541314, 48.7132442, 0], [39.3486382, 48.7134707, 0], [39.346855, 48.7122245, 0], [39.3486574, 48.708713, 0], [39.3505029, 48.7076367, 0], [39.3559531, 48.697214, 0], [39.3603112, 48.695798, 0], [39.3658902, 48.6922287, 0], [39.3673165, 48.6919737, 0], [39.3779859, 48.6862368, 0], [39.3795566, 48.6862791, 0], [39.3817025, 48.6855142, 0], [39.3895988, 48.6847492, 0], [39.3909291, 48.6837575, 0], [39.3891696, 48.6803857, 0], [39.3905237, 48.6787991, 0], [39.3979909, 48.6746052, 0], [39.4026452, 48.6744349, 0], [39.4058209, 48.6738115, 0], [39.4117239, 48.6705243, 0], [39.4138697, 48.6684271, 0], [39.4135262, 48.6668399, 0], [39.4082049, 48.6614545, 0], [39.4080332, 48.6598104, 0], [39.4106939, 48.6576559, 0], [39.4142323, 48.6566918, 0], [39.4207457, 48.6582229, 0], [39.4323232, 48.6567488, 0], [39.4389481, 48.6549401, 0], [39.4465013, 48.6563009, 0], [39.4501761, 48.6556715, 0], [39.4523728, 48.6547104, 0], [39.4533852, 48.6528124, 0], [39.4513078, 48.6517082, 0], [39.4497978, 48.6504011, 0], [39.4495753, 48.6445574, 0], [39.45164, 48.6410333, 0], [39.4542149, 48.6397855, 0], [39.4575623, 48.6386512, 0], [39.4658132, 48.6386649, 0], [39.4673899, 48.6372332, 0], [39.4642683, 48.6340137, 0], [39.4640108, 48.6310641, 0], [39.4656304, 48.6281857, 0], [39.4685916, 48.6274483, 0], [39.4761018, 48.628753, 0], [39.4841484, 48.6282, 0], [39.4862727, 48.6288949, 0], [39.4930106, 48.6304265, 0], [39.4955426, 48.6321283, 0], [39.5004348, 48.6325537, 0], [39.5104342, 48.6344539, 0], [39.5140876, 48.6338368, 0], [39.5160243, 48.6321987, 0], [39.5167109, 48.6299864, 0], [39.5162691, 48.6279705, 0], [39.5154235, 48.6261855, 0], [39.5119776, 48.6235455, 0], [39.5116469, 48.6218737, 0], [39.5167841, 48.6180986, 0], [39.5257232, 48.613022, 0], [39.5271823, 48.6112629, 0], [39.5278196, 48.6094601, 0], [39.5272799, 48.6082749, 0], [39.5234788, 48.6051034, 0], [39.5226333, 48.6029769, 0], [39.5253848, 48.5981984, 0], [39.5280455, 48.5971767, 0], [39.5324228, 48.5964387, 0], [39.5335878, 48.5954605, 0], [39.5332079, 48.5936307, 0], [39.5281312, 48.5918406, 0], [39.5269121, 48.58955, 0], [39.5287147, 48.5859448, 0], [39.5312037, 48.5842699, 0], [39.5373836, 48.58339, 0], [39.5450225, 48.5839292, 0], [39.549314, 48.5859732, 0], [39.5505587, 48.5885848, 0], [39.5494857, 48.5932401, 0], [39.5512023, 48.5955676, 0], [39.5586696, 48.5980085, 0], [39.5617595, 48.5980085, 0], [39.5633045, 48.5974408, 0], [39.5656345, 48.5939516, 0], [39.5673018, 48.5921198, 0], [39.5672772, 48.5902388, 0], [39.5660509, 48.588301, 0], [39.5631454, 48.5862306, 0], [39.5629675, 48.5836321, 0], [39.5680714, 48.5818502, 0], [39.5733466, 48.5805224, 0], [39.576535, 48.581234, 0], [39.5777793, 48.5828806, 0], [39.5817707, 48.5850383, 0], [39.5925357, 48.5912967, 0], [39.5963493, 48.5923886, 0], [39.6017566, 48.591537, 0], [39.6045891, 48.5888119, 0], [39.6050182, 48.5867681, 0], [39.604074, 48.5862571, 0], [39.6006408, 48.5857461, 0], [39.5948044, 48.5793299, 0], [39.5949886, 48.5766912, 0], [39.5963128, 48.5750293, 0], [39.6036449, 48.5741055, 0], [39.6080223, 48.5727141, 0], [39.6124855, 48.5729129, 0], [39.6137299, 48.5749004, 0], [39.6175495, 48.5771153, 0], [39.6212402, 48.5819417, 0], [39.6219268, 48.5858029, 0], [39.6228281, 48.5863707, 0], [39.6236436, 48.5860867, 0], [39.6319692, 48.5806927, 0], [39.6353165, 48.5800397, 0], [39.6575468, 48.5846673, 0], [39.6587483, 48.5856325, 0], [39.6675887, 48.5867682, 0], [39.6722238, 48.5884145, 0], [39.6765155, 48.5881875, 0], [39.6772879, 48.5875629, 0], [39.6872709, 48.5870843, 0], [39.6916351, 48.586378, 0], [39.697765, 48.5871601, 0], [39.7025463, 48.5877777, 0], [39.714893, 48.5852475, 0], [39.7212371, 48.5848336, 0], [39.7233788, 48.5862164, 0], [39.726252, 48.5866238, 0], [39.7301775, 48.585919, 0], [39.7346291, 48.5858506, 0], [39.7387429, 48.5868384, 0], [39.7443186, 48.5900574, 0], [39.7467209, 48.5906731, 0], [39.7490377, 48.5902429, 0], [39.7510542, 48.5888356, 0], [39.7505496, 48.5833377, 0], [39.7512953, 48.5820902, 0], [39.754759, 48.5829996, 0], [39.7703675, 48.5879945, 0], [39.7720625, 48.5916013, 0], [39.7734252, 48.5923258, 0], [39.7899853, 48.5933692, 0], [39.796119, 48.5918468, 0], [39.8002156, 48.5895529, 0], [39.8044954, 48.5854536, 0], [39.8086096, 48.5839718, 0], [39.8128554, 48.5838551, 0], [39.8223596, 48.5866356, 0], [39.8250511, 48.5861523, 0], [39.8263109, 48.5842074, 0], [39.8254818, 48.5816452, 0], [39.8206043, 48.5792853, 0], [39.8216849, 48.5783323, 0], [39.846829, 48.5729337, 0], [39.8576295, 48.5614133, 0], [39.8545326, 48.5529988, 0], [39.8580446, 48.5453656, 0], [39.8574855, 48.5374008, 0], [39.8667561, 48.5088826, 0], [39.8661347, 48.5047748, 0], [39.861877, 48.5019244, 0], [39.8566588, 48.5016359, 0], [39.8531911, 48.5034246, 0], [39.84871, 48.5028401, 0], [39.8464694, 48.4993057, 0], [39.8478837, 48.4951083, 0], [39.847753, 48.4856779, 0], [39.8463375, 48.4737119, 0], [39.8577522, 48.4633633, 0], [39.8973265, 48.4481115, 0], [39.8985547, 48.4459723, 0], [39.8967662, 48.4442197, 0], [39.8898644, 48.4435709, 0], [39.8888169, 48.4419929, 0], [39.8959257, 48.4292418, 0], [39.9102969, 48.4219558, 0], [39.9127632, 48.4155801, 0], [39.9064839, 48.4074937, 0], [39.906312, 48.403562, 0], [39.9084587, 48.4020517, 0], [39.9160499, 48.4006103, 0], [39.9186437, 48.3976109, 0], [39.9174051, 48.3948097, 0], [39.9067434, 48.3922694, 0], [39.9059615, 48.3903159, 0], [39.9078019, 48.3887123, 0], [39.9145583, 48.3868273, 0], [39.9163055, 48.3842314, 0], [39.9175221, 48.3792278, 0], [39.9212199, 48.3759275, 0], [39.9268452, 48.3750751, 0], [39.9318897, 48.3769292, 0], [39.9352706, 48.384697, 0], [39.9383089, 48.3875623, 0], [39.9415351, 48.3870715, 0], [39.9432775, 48.3837913, 0], [39.9347511, 48.3722742, 0], [39.9367499, 48.3671357, 0], [39.9406678, 48.365023, 0], [39.939451, 48.3607734, 0], [39.944422, 48.3571657, 0], [39.9425304, 48.3549629, 0], [39.9475073, 48.3552302, 0], [39.9436441, 48.3481202, 0], [39.9307271, 48.348957, 0], [39.9186034, 48.3472072, 0], [39.9185813, 48.3416921, 0], [39.8779341, 48.3340733, 0], [39.8597034, 48.3345658, 0], [39.8455931, 48.3327736, 0], [39.8452167, 48.3294989, 0], [39.8403939, 48.3291167, 0], [39.8421021, 48.3183104, 0], [39.8410685, 48.3100513, 0], [39.8871988, 48.3087771, 0], [39.8879682, 48.3073167, 0], [39.8869156, 48.3040891, 0], [39.9031174, 48.2988902, 0], [39.9101881, 48.2929821, 0], [39.9126952, 48.2882023, 0], [39.9097451, 48.2875265, 0], [39.911103, 48.2850178, 0], [39.910753, 48.282907, 0], [39.9093774, 48.2807664, 0], [39.9100639, 48.2790105, 0], [39.9084339, 48.2781327, 0], [39.9082201, 48.277008, 0], [39.9095085, 48.276717, 0], [39.9096855, 48.2760119, 0], [39.9104178, 48.2760308, 0], [39.9113847, 48.275269, 0], [39.9122543, 48.2737457, 0], [39.9118308, 48.2727698, 0], [39.9105891, 48.2721534, 0], [39.9102688, 48.2716453, 0], [39.9111386, 48.2710199, 0], [39.9130755, 48.2711929, 0], [39.9140654, 48.2719578, 0], [39.9147533, 48.2718867, 0], [39.915049, 48.2713442, 0], [39.9145799, 48.2707552, 0], [39.9142596, 48.2698466, 0], [39.9148291, 48.2696779, 0], [39.9174956, 48.2700935, 0], [39.9189796, 48.2706011, 0], [39.9196571, 48.2712977, 0], [39.9210688, 48.2716602, 0], [39.9229547, 48.2713059, 0], [39.9249068, 48.2714851, 0], [39.9259687, 48.2721603, 0], [39.9258988, 48.2729692, 0], [39.9256277, 48.2735879, 0], [39.9258355, 48.2739687, 0], [39.9272912, 48.2753873, 0], [39.927869, 48.2765821, 0], [39.9296385, 48.2777793, 0], [39.9315961, 48.2779922, 0], [39.9328753, 48.2792411, 0], [39.9346951, 48.2790658, 0], [39.9349784, 48.2797503, 0], [39.9341115, 48.2807351, 0], [39.932176, 48.2812133, 0], [39.9302856, 48.2823805, 0], [39.9301559, 48.2827643, 0], [39.9305846, 48.2832846, 0], [39.9321079, 48.2837303, 0], [39.9332772, 48.2837532, 0], [39.9340979, 48.2834791, 0], [39.9350232, 48.2837704, 0], [39.9362154, 48.2850583, 0], [39.9366398, 48.2868873, 0], [39.9370235, 48.288116, 0], [39.9366146, 48.2899582, 0], [39.9368823, 48.2915646, 0], [39.9377029, 48.292225, 0], [39.9385209, 48.2921268, 0], [39.9416121, 48.2928487, 0], [39.9437155, 48.2919104, 0], [39.9448101, 48.2920266, 0], [39.9459582, 48.2927414, 0], [39.9465323, 48.293784, 0], [39.947227, 48.2941626, 0], [39.9484112, 48.2942947, 0], [39.9484261, 48.2961002, 0], [39.9490366, 48.2967152, 0], [39.9507366, 48.2972225, 0], [39.9508356, 48.2977331, 0], [39.949619, 48.2988449, 0], [39.9498477, 48.2994008, 0], [39.9519575, 48.3000927, 0], [39.9522186, 48.3010381, 0], [39.9517688, 48.3021309, 0], [39.9519946, 48.3023918, 0], [39.9517212, 48.3030504, 0], [39.9519708, 48.303551, 0], [39.9529753, 48.3039154, 0], [39.954057, 48.304012, 0], [39.9556063, 48.3037463, 0], [39.9566599, 48.3031852, 0], [39.9568219, 48.3026192, 0], [39.9567444, 48.3021637, 0], [39.9568814, 48.3011087, 0], [39.9563748, 48.3005247, 0], [39.9559284, 48.3003326, 0], [39.9557481, 48.299894, 0], [39.9559754, 48.2992555, 0], [39.9582829, 48.2980501, 0], [39.9593054, 48.2988376, 0], [39.9596904, 48.2992401, 0], [39.9606769, 48.2994413, 0], [39.9633373, 48.2990852, 0], [39.9649464, 48.2996493, 0], [39.9661587, 48.2998029, 0], [39.9667219, 48.2996514, 0], [39.9674541, 48.2991473, 0], [39.9695797, 48.2986384, 0], [39.9702238, 48.2987467, 0], [39.9706103, 48.2989864, 0], [39.9702131, 48.3003911, 0], [39.9706155, 48.3011791, 0], [39.9710313, 48.3014874, 0], [39.9710106, 48.3027963, 0], [39.9694631, 48.3031312, 0], [39.9680178, 48.3028349, 0], [39.9669698, 48.3028323, 0], [39.9657931, 48.3027154, 0], [39.9644662, 48.3020989, 0], [39.9635452, 48.3021261, 0], [39.9630632, 48.3025965, 0], [39.9632084, 48.3032599, 0], [39.9638819, 48.3034631, 0], [39.9648377, 48.3044577, 0], [39.9654414, 48.3046777, 0], [39.9658139, 48.3056564, 0], [39.9656782, 48.3064027, 0], [39.9663829, 48.3067758, 0], [39.9676365, 48.3068053, 0], [39.9687353, 48.3071341, 0], [39.9708083, 48.3070844, 0], [39.9712653, 48.3073022, 0], [39.9712364, 48.3077965, 0], [39.9707928, 48.3089713, 0], [39.9718799, 48.3097157, 0], [39.9710288, 48.3116291, 0], [39.9724916, 48.3129711, 0], [39.9744246, 48.3134708, 0], [39.9754983, 48.31432, 0], [39.9776231, 48.3151726, 0], [39.9788999, 48.315713, 0], [39.9803108, 48.3157835, 0], [39.9825182, 48.3157045, 0], [39.9841797, 48.3162073, 0], [39.9853108, 48.317001, 0], [39.9869491, 48.3175119, 0], [39.9908152, 48.3170825, 0], [39.9910744, 48.3165824, 0], [39.9909894, 48.3160613, 0], [39.9932215, 48.3135961, 0], [39.9935222, 48.3128773, 0], [39.9941876, 48.3126963, 0], [39.9939839, 48.3120065, 0], [39.9920796, 48.3097349, 0], [39.9919216, 48.3060016, 0], [39.9926583, 48.3056192, 0], [39.994253, 48.303181, 0], [39.9950166, 48.3008469, 0], [39.9966002, 48.2979383, 0], [40.0005341, 48.2917165, 0], [39.9997448, 48.28929, 0], [40.0089633, 48.2726545, 0], [40.0138295, 48.2715898, 0], [40.0167773, 48.2694579, 0], [40.0155045, 48.2626787, 0], [40.0189886, 48.2570604, 0], [40.018671, 48.2550513, 0], [40.0189201, 48.2541039, 0], [40.0188624, 48.2531159, 0], [40.0195095, 48.2525075, 0], [40.0073233, 48.2420581, 0], [40.0030757, 48.2394758, 0], [40.0027322, 48.2375353, 0], [40.0039768, 48.2360612, 0], [40.0043418, 48.2323477, 0], [40.007443, 48.2300907, 0], [40.0082215, 48.2281045, 0], [40.0083965, 48.2251387, 0], [40.0075402, 48.2233125, 0], [40.0033787, 48.2236859, 0], [40.0008684, 48.2252447, 0], [39.9722759, 48.2270247, 0], [39.9533041, 48.2294084, 0], [39.9421938, 48.2307436, 0], [39.9409345, 48.1808104, 0], [39.9138857, 48.178015, 0], [39.9091838, 48.1693296, 0], [39.9102753, 48.1384164, 0], [39.8799506, 48.1151645, 0], [39.8685845, 48.0794444, 0], [39.8322015, 48.0664997, 0], [39.8858862, 48.0478658, 0], [39.8772075, 48.0413783, 0], [39.7796623, 48.0393364, 0], [39.7867767, 48.0250342, 0], [39.7853113, 48.0230784, 0], [39.7952175, 48.0107026, 0], [39.7976869, 48.0093062, 0], [39.8029984, 48.0079476, 0], [39.8045408, 48.0064594, 0], [39.8109753, 48.0048562, 0], [39.8171489, 48.001477, 0], [39.8165185, 48.0001159, 0], [39.8139717, 47.9984877, 0], [39.8141575, 47.9968407, 0], [39.8180234, 47.9954669, 0], [39.8192697, 47.989754, 0], [39.8167173, 47.9845419, 0], [39.8230314, 47.9835403, 0], [39.8227982, 47.979535, 0], [39.8198493, 47.9774461, 0], [39.8175382, 47.9766456, 0], [39.8151166, 47.9736166, 0], [39.8154078, 47.9708664, 0], [39.8198438, 47.9677616, 0], [39.8273909, 47.9508344, 0], [39.8058884, 47.9505616, 0], [39.8065943, 47.9336659, 0], [39.7939036, 47.9158973, 0], [39.7949406, 47.8668329, 0], [39.7625051, 47.8701448, 0], [39.7631843, 47.8465373, 0], [39.7379104, 47.8277291, 0], [39.5655871, 47.836556, 0], [39.542168, 47.8249813, 0], [39.5344907, 47.83253, 0], [39.5203078, 47.825141, 0], [39.4784743, 47.8594741, 0], [39.4462501, 47.850644, 0], [39.4373545, 47.8398339, 0], [39.4257838, 47.8358944, 0], [39.4125292, 47.830898, 0], [39.3904498, 47.8661846, 0], [39.2417337, 47.8670136, 0], [39.2362131, 47.8539532, 0], [39.1496824, 47.8425817, 0], [39.1095354, 47.8427473, 0], [39.1093893, 47.8517524, 0], [39.0828906, 47.8516037, 0]]]}}, {"type": "Feature", "properties": {"name": "\u041e\u043a\u0443\u043f\u043e\u0432\u0430\u043d\u043e /// Occupied\n", "date": "2022-09-30"}, "geometry": {"type": "Polygon", "coordinates": [[[37.7730529, 48.0920319, 0], [37.7665297, 48.1010318, 0], [37.7696197, 48.104127, 0], [37.7885882, 48.1034965, 0], [37.7920214, 48.1045282, 0], [37.7892831, 48.1001774, 0], [37.7730529, 48.0920319, 0]]]}}, {"type": "Feature", "properties": {"name": "\u041e\u043a\u0443\u043f\u043e\u0432\u0430\u043d\u043e /// Occupied", "date": "2022-09-30"}, "geometry": {"type": "Polygon", "coordinates": [[[38.402637, 48.5919397, 0], [38.402637, 48.5478669, 0], [38.4143026, 48.5206053, 0], [38.4115634, 48.5105796, 0], [38.4053767, 48.4733655, 0], [38.3930237, 48.436606, 0], [38.3892474, 48.4322779, 0], [38.390964, 48.4158739, 0], [38.3799702, 48.4086007, 0], [38.3672748, 48.3996925, 0], [38.3542284, 48.390346, 0], [38.3435779, 48.3844372, 0], [38.3217544, 48.3710529, 0], [38.2907061, 48.361631, 0], [38.2736891, 48.3591918, 0], [38.2591203, 48.359806, 0], [38.2276837, 48.3671755, 0], [38.2149807, 48.3690002, 0], [38.2074276, 48.371509, 0], [38.1847683, 48.3749299, 0], [38.1500926, 48.3854193, 0], [38.1544451, 48.395536, 0], [38.1630936, 48.4021166, 0], [38.1484618, 48.4144818, 0], [38.135158, 48.4190391, 0], [38.1174769, 48.420805, 0], [38.1137059, 48.4080126, 0], [38.0421228, 48.4090856, 0], [38.0239572, 48.4348073, 0], [37.9948042, 48.4403715, 0], [38.0115723, 48.4693209, 0], [38.0376156, 48.4736756, 0], [38.0366187, 48.4951206, 0], [38.0517389, 48.5072894, 0], [38.0775899, 48.4989222, 0], [38.1069069, 48.5210443, 0], [38.093967, 48.5393604, 0], [38.0852627, 48.5445413, 0], [38.0742142, 48.5646874, 0], [38.0794765, 48.5715944, 0], [38.0910651, 48.5795849, 0], [38.0639254, 48.6026629, 0], [38.0602614, 48.6127701, 0], [38.0505253, 48.6255409, 0], [38.1019115, 48.6532773, 0], [38.1080601, 48.6644033, 0], [38.1006689, 48.6684954, 0], [38.1032339, 48.6736077, 0], [38.1046741, 48.6740547, 0], [38.108817, 48.6799986, 0], [38.110503, 48.6837927, 0], [38.1260101, 48.6942159, 0], [38.161815, 48.701557, 0], [38.1706768, 48.7107277, 0], [38.1941429, 48.7291851, 0], [38.2088754, 48.7295349, 0], [38.2255597, 48.7383328, 0], [38.2247224, 48.7716926, 0], [38.2892873, 48.7862097, 0], [38.3028583, 48.8355909, 0], [38.3302969, 48.8373009, 0], [38.3362868, 48.8612617, 0], [38.3114278, 48.9081755, 0], [38.32215, 48.9356883, 0], [38.2986174, 48.9494312, 0], [38.23705, 48.956746, 0], [38.2587717, 48.9692683, 0], [38.2409757, 49.005535, 0], [38.2626116, 49.0244189, 0], [38.2844417, 49.0264547, 0], [38.2997041, 49.0248792, 0], [38.3698935, 48.9817692, 0], [38.4022715, 48.9556589, 0], [38.413393, 48.9399705, 0], [38.4748205, 48.9035945, 0], [38.4952068, 48.8707374, 0], [38.5304354, 48.8497759, 0], [38.5596882, 48.8300656, 0], [38.7055541, 48.7754591, 0], [38.6917155, 48.7293629, 0], [38.6745492, 48.7293629, 0], [38.6784116, 48.723701, 0], [38.6301672, 48.721172, 0], [38.5832177, 48.7198696, 0], [38.5784187, 48.7094303, 0], [38.577732, 48.6967418, 0], [38.5722313, 48.6890556, 0], [38.5594455, 48.6866947, 0], [38.5489783, 48.6752945, 0], [38.5394514, 48.6735091, 0], [38.5272842, 48.6746424, 0], [38.5161483, 48.6705617, 0], [38.5152472, 48.6663671, 0], [38.4967076, 48.6631925, 0], [38.4802281, 48.6591107, 0], [38.4644278, 48.6564083, 0], [38.4452016, 48.6550476, 0], [38.4314762, 48.6504924, 0], [38.4198032, 48.6450485, 0], [38.4143025, 48.6382619, 0], [38.4088093, 48.62964, 0], [38.4046894, 48.6169314, 0], [38.4048036, 48.6090985, 0], [38.4060702, 48.6019302, 0], [38.402637, 48.5919397, 0]]]}}, {"type": "Feature", "properties": {"name": "\u041e\u043a\u0443\u043f\u043e\u0432\u0430\u043d\u043e /// Occupied", "date": "2022-09-30"}, "geometry": {"type": "Polygon", "coordinates": [[[37.8562077, 48.1928465, 0], [37.8285927, 48.1751503, 0], [37.824622, 48.1578177, 0], [37.8198549, 48.1438969, 0], [37.8094909, 48.1524009, 0], [37.8103277, 48.1553785, 0], [37.80971, 48.1649436, 0], [37.7938695, 48.1889643, 0], [37.7843355, 48.1941874, 0], [37.76948, 48.2044644, 0], [37.7478328, 48.2181878, 0], [37.7712588, 48.2370691, 0], [37.7849065, 48.2446757, 0], [37.7761512, 48.2501586, 0], [37.7834469, 48.2548452, 0], [37.8012386, 48.2582824, 0], [37.8048352, 48.2662158, 0], [37.8006261, 48.272697, 0], [37.7783907, 48.2719789, 0], [37.784159, 48.2832303, 0], [37.8082985, 48.2875112, 0], [37.8217294, 48.2899051, 0], [37.8423308, 48.2832692, 0], [37.8696933, 48.2818506, 0], [37.8901968, 48.2991598, 0], [37.8881602, 48.2836394, 0], [37.8953466, 48.268546, 0], [37.89157, 48.2550609, 0], [37.8929432, 48.2335689, 0], [37.8965706, 48.2154292, 0], [37.8833302, 48.1997121, 0], [37.8562077, 48.1928465, 0]]]}}, {"type": "Feature", "properties": {"name": "\u041e\u043a\u0443\u043f\u043e\u0432\u0430\u043d\u043e /// Occupied", "date": "2022-09-30"}, "geometry": {"type": "Polygon", "coordinates": [[[38.5596903, 48.8300678, 0], [38.5304375, 48.8497781, 0], [38.4952089, 48.8707396, 0], [38.4748226, 48.9035967, 0], [38.4133951, 48.9399727, 0], [38.4022736, 48.9556611, 0], [38.3698955, 48.9817714, 0], [38.2997062, 49.0248814, 0], [38.2844437, 49.0264569, 0], [38.2626136, 49.0244211, 0], [38.2409777, 49.0055372, 0], [38.2587737, 48.9692705, 0], [38.237052, 48.9567482, 0], [38.1920833, 49.0104582, 0], [38.0962524, 48.9924883, 0], [37.9973196, 48.9971053, 0], [37.9801662, 48.9876783, 0], [37.9106813, 48.9800706, 0], [37.88016, 48.9693774, 0], [37.8714201, 48.957143, 0], [37.8544778, 48.9433069, 0], [37.8258496, 48.959259, 0], [37.7734917, 48.9927787, 0], [37.7686548, 49.0130792, 0], [37.7539747, 49.0180887, 0], [37.749929, 49.0341508, 0], [37.8162238, 49.0404427, 0], [37.9238773, 49.0452902, 0], [37.9304528, 49.0774513, 0], [37.9458817, 49.0971197, 0], [37.9539444, 49.1102703, 0], [37.9534245, 49.1303855, 0], [37.962772, 49.1950904, 0], [37.8828406, 49.2112, 0], [37.8209449, 49.2497023, 0], [37.7755056, 49.2881998, 0], [37.6976479, 49.3429879, 0], [37.609653, 49.3677103, 0], [37.5985122, 49.3917341, 0], [37.6354479, 49.4112872, 0], [37.6518343, 49.4597668, 0], [37.6687783, 49.4881039, 0], [37.7008533, 49.5133115, 0], [37.6956554, 49.5267181, 0], [37.7145728, 49.5453634, 0], [37.7576614, 49.5575863, 0], [37.7801653, 49.592067, 0], [37.7463308, 49.6271898, 0], [37.7349269, 49.6490429, 0], [37.7579176, 49.6686119, 0], [37.7530799, 49.682602, 0], [37.7081378, 49.7070341, 0], [37.6944111, 49.7302407, 0], [37.716509, 49.7599249, 0], [37.7070269, 49.7740827, 0], [37.7572439, 49.8285898, 0], [37.7334131, 49.8608183, 0], [37.7351733, 49.8714553, 0], [37.7548533, 49.8975943, 0], [37.7667561, 49.8996539, 0], [37.7737493, 49.9070916, 0], [37.7854396, 49.9323385, 0], [37.8036648, 49.9419956, 0], [37.8198726, 49.9562244, 0], [37.831706, 49.9716469, 0], [37.8546974, 49.9702386, 0], [37.8749089, 49.9800635, 0], [37.8866634, 49.9801715, 0], [37.8875152, 49.9877814, 0], [37.8928326, 49.9890988, 0], [37.9017572, 50.0036588, 0], [37.9130761, 50.0030781, 0], [37.9247364, 50.012396, 0], [37.940048, 50.0151423, 0], [37.9642728, 49.9829178, 0], [38.0072611, 49.9661411, 0], [38.04197, 49.9338915, 0], [38.0159717, 49.9193262, 0], [38.0339211, 49.9047607, 0], [38.0552625, 49.9235505, 0], [38.1215605, 49.9413368, 0], [38.1274332, 49.9228687, 0], [38.1721662, 49.9425085, 0], [38.1629598, 49.9514409, 0], [38.1963316, 49.9674407, 0], [38.2171261, 49.9871815, 0], [38.215534, 49.9881869, 0], [38.2108518, 49.9892474, 0], [38.207712, 49.9915109, 0], [38.205029, 49.9967473, 0], [38.2050065, 50.0007698, 0], [38.2026427, 50.0016706, 0], [38.2009456, 50.0046587, 0], [38.1971784, 50.0082215, 0], [38.1924403, 50.013795, 0], [38.1869811, 50.0214624, 0], [38.1853834, 50.0220707, 0], [38.1881595, 50.0234099, 0], [38.1883911, 50.0244721, 0], [38.1880089, 50.039397, 0], [38.1875596, 50.0410503, 0], [38.183827, 50.0458318, 0], [38.1850665, 50.0556923, 0], [38.1819201, 50.0668699, 0], [38.1790874, 50.077422, 0], [38.1787152, 50.0777831, 0], [38.1785146, 50.0797967, 0], [38.2463353, 50.0731144, 0], [38.2770689, 50.0729988, 0], [38.2927809, 50.0793262, 0], [38.3002957, 50.0866739, 0], [38.3126376, 50.0885848, 0], [38.3290988, 50.0852071, 0], [38.3339758, 50.0590927, 0], [38.3512004, 50.0347406, 0], [38.3541639, 50.0190482, 0], [38.3495747, 50.006444, 0], [38.3975626, 49.990585, 0], [38.4160076, 49.981338, 0], [38.4340951, 50.0010186, 0], [38.4680396, 49.9952467, 0], [38.4659138, 49.9839611, 0], [38.4775197, 49.9832711, 0], [38.4833004, 49.9765278, 0], [38.4877059, 49.963602, 0], [38.5078984, 49.9640299, 0], [38.5267154, 49.9582706, 0], [38.5815696, 49.977416, 0], [38.6160779, 49.9743898, 0], [38.6461959, 49.9559371, 0], [38.6669406, 49.9721563, 0], [38.6797311, 49.9744937, 0], [38.676054, 49.9928137, 0], [38.6797094, 50.002525, 0], [38.684284, 50.0074905, 0], [38.6874856, 50.0058363, 0], [38.7151365, 49.9877098, 0], [38.7153149, 49.9823836, 0], [38.6852998, 49.9603436, 0], [38.6929003, 49.9347656, 0], [38.7232471, 49.9270052, 0], [38.7338456, 49.9050248, 0], [38.7422828, 49.8989211, 0], [38.7438467, 49.897307, 0], [38.7682317, 49.896044, 0], [38.7776828, 49.8853198, 0], [38.7834876, 49.881113, 0], [38.7901498, 49.8785098, 0], [38.7949575, 49.8833098, 0], [38.8224322, 49.8789842, 0], [38.8244287, 49.8789346, 0], [38.8260275, 49.8783703, 0], [38.8270414, 49.8777563, 0], [38.8277628, 49.8771588, 0], [38.8329728, 49.8747443, 0], [38.8346799, 49.8746685, 0], [38.8362589, 49.8739412, 0], [38.8366836, 49.8721533, 0], [38.834813, 49.8690697, 0], [38.8363462, 49.8673664, 0], [38.839345, 49.8657616, 0], [38.8432897, 49.865145, 0], [38.8456689, 49.8658095, 0], [38.8467252, 49.8654845, 0], [38.8491041, 49.865103, 0], [38.8538372, 49.8671223, 0], [38.8545396, 49.8676106, 0], [38.8558549, 49.8688905, 0], [38.8566121, 49.8686491, 0], [38.8571621, 49.8680135, 0], [38.8627154, 49.86587, 0], [38.8653205, 49.866029, 0], [38.8668376, 49.8648912, 0], [38.8693985, 49.8644883, 0], [38.874563, 49.866638, 0], [38.8745919, 49.8678788, 0], [38.8764156, 49.8694227, 0], [38.8874411, 49.8692839, 0], [38.8984669, 49.8704163, 0], [38.9093376, 49.8601028, 0], [38.9164883, 49.8599253, 0], [38.9181325, 49.8581765, 0], [38.9161716, 49.8558743, 0], [38.90967, 49.8508492, 0], [38.904277, 49.8488171, 0], [38.9065345, 49.8446567, 0], [38.9125679, 49.8435956, 0], [38.9143069, 49.8369998, 0], [38.9113984, 49.8345887, 0], [38.9150941, 49.8310586, 0], [38.9135074, 49.8286295, 0], [38.9073925, 49.8284121, 0], [38.9087992, 49.8227668, 0], [38.9098445, 49.8182834, 0], [38.9122545, 49.8180357, 0], [38.9182656, 49.8148103, 0], [38.9190384, 49.8138621, 0], [38.9161629, 49.8127235, 0], [38.9191886, 49.8089419, 0], [38.9203573, 49.8049462, 0], [38.9286996, 49.8038881, 0], [38.9274206, 49.8013809, 0], [38.927811, 49.7985761, 0], [38.9307528, 49.7971736, 0], [38.9329103, 49.7975803, 0], [38.9334741, 49.7997781, 0], [38.9394922, 49.8006668, 0], [38.9466628, 49.7978063, 0], [38.9488159, 49.7960742, 0], [38.964893, 49.8038773, 0], [38.9711376, 49.8072206, 0], [38.9849055, 49.8077831, 0], [39.02166, 49.8209101, 0], [39.033522, 49.8223722, 0], [39.0662328, 49.8153488, 0], [39.069763, 49.8187306, 0], [39.1111387, 49.8390463, 0], [39.1285066, 49.8597974, 0], [39.1784018, 49.888001, 0], [39.188395, 49.8862222, 0], [39.2256563, 49.8401842, 0], [39.228114, 49.8165027, 0], [39.228992, 49.8084322, 0], [39.2391461, 49.7982264, 0], [39.2403717, 49.7911227, 0], [39.2503713, 49.7778017, 0], [39.2646388, 49.7684801, 0], [39.2754705, 49.7680264, 0], [39.2799653, 49.7609101, 0], [39.28556, 49.7556663, 0], [39.3079236, 49.7530435, 0], [39.3769627, 49.7384241, 0], [39.4120621, 49.7531109, 0], [39.4382009, 49.7600062, 0], [39.4787607, 49.7564746, 0], [39.5338346, 49.7408478, 0], [39.6083925, 49.7339093, 0], [39.5919609, 49.7196329, 0], [39.6131333, 49.6903627, 0], [39.6383788, 49.6350998, 0], [39.6599951, 49.6148107, 0], [39.6869259, 49.611558, 0], [39.6967474, 49.6042914, 0], [39.7127471, 49.6059228, 0], [39.7502318, 49.5967191, 0], [39.7683405, 49.5852915, 0], [39.8080591, 49.5580501, 0], [39.8389138, 49.5635177, 0], [39.8660234, 49.5597859, 0], [39.8902242, 49.5583589, 0], [39.9346008, 49.572783, 0], [39.9522226, 49.596549, 0], [40.0567287, 49.6065734, 0], [40.0635377, 49.5992332, 0], [40.1352584, 49.6162537, 0], [40.139525, 49.5962742, 0], [40.1684346, 49.5689206, 0], [40.037599, 49.5198952, 0], [40.04176, 49.4991027, 0], [40.029447, 49.4537799, 0], [40.0480295, 49.4443746, 0], [40.0593789, 49.4340904, 0], [40.0769088, 49.4099572, 0], [40.1124361, 49.3857515, 0], [40.1445985, 49.3776671, 0], [40.1620449, 49.3682563, 0], [40.159934, 49.3654585, 0], [40.1701818, 49.3564001, 0], [40.1755704, 49.3566185, 0], [40.1918369, 49.3483339, 0], [40.196814, 49.3452278, 0], [40.1910602, 49.3179457, 0], [40.1885261, 49.3074433, 0], [40.1851984, 49.304209, 0], [40.1859382, 49.2840082, 0], [40.2192639, 49.2651715, 0], [40.2208062, 49.2577735, 0], [40.2143705, 49.2448867, 0], [40.2096731, 49.2417777, 0], [40.1768263, 49.2368726, 0], [40.1365399, 49.2391565, 0], [40.1217682, 49.2307105, 0], [40.1082896, 49.2108827, 0], [40.0927592, 49.2031637, 0], [40.0761297, 49.1868276, 0], [40.031575, 49.1802406, 0], [39.9974635, 49.1473126, 0], [39.9727245, 49.1252934, 0], [39.9387378, 49.083262, 0], [39.942532, 49.0713467, 0], [39.9377254, 49.0560522, 0], [39.9088893, 49.0574061, 0], [39.8752408, 49.0655007, 0], [39.8203094, 49.0583019, 0], [39.8031433, 49.0592018, 0], [39.7887207, 49.049977, 0], [39.7681246, 49.0403006, 0], [39.7296771, 49.0430075, 0], [39.692937, 49.0495271, 0], [39.6731526, 49.039175, 0], [39.6835816, 49.0369246, 0], [39.6817358, 49.0287326, 0], [39.6756634, 49.0268881, 0], [39.6736576, 49.0149338, 0], [39.6792044, 49.0128865, 0], [39.6702767, 49.0031482, 0], [39.6634114, 49.0008718, 0], [39.6769304, 48.9895384, 0], [39.6912204, 48.9960572, 0], [39.6911773, 48.9967329, 0], [39.6933444, 48.9990417, 0], [39.6969601, 48.9998949, 0], [39.6989236, 49.0006606, 0], [39.6999965, 49.0004579, 0], [39.7020672, 48.9994172, 0], [39.7039535, 48.9987251, 0], [39.7048376, 48.9974022, 0], [39.7069232, 48.9950645, 0], [39.7074252, 48.9940653, 0], [39.7076624, 48.9924319, 0], [39.7097368, 48.991951, 0], [39.7107543, 48.9915351, 0], [39.7118037, 48.9901938, 0], [39.7121031, 48.9899597, 0], [39.7135051, 48.9895852, 0], [39.7150579, 48.9898997, 0], [39.7153496, 48.9897089, 0], [39.7154075, 48.9885802, 0], [39.7157117, 48.9879918, 0], [39.7167695, 48.9870667, 0], [39.7169186, 48.9862422, 0], [39.7164999, 48.9856102, 0], [39.7167236, 48.9849123, 0], [39.7174133, 48.9845882, 0], [39.7176175, 48.9843629, 0], [39.7179234, 48.9833772, 0], [39.7176226, 48.9823543, 0], [39.7189764, 48.9816292, 0], [39.721521, 48.9812885, 0], [39.7233642, 48.9805198, 0], [39.7252267, 48.9802357, 0], [39.7263809, 48.9794609, 0], [39.7264818, 48.9786786, 0], [39.7244781, 48.9780682, 0], [39.7248201, 48.9765649, 0], [39.7270474, 48.9752955, 0], [39.7294465, 48.977857, 0], [39.7329762, 48.9802019, 0], [39.7477829, 48.9879474, 0], [39.7641419, 48.9618605, 0], [39.7887239, 48.9474907, 0], [39.7694979, 48.9303515, 0], [39.7942169, 48.9249379, 0], [39.8189362, 48.907791, 0], [39.8244293, 48.8906382, 0], [39.8367889, 48.9030519, 0], [39.8467459, 48.9028262, 0], [39.8532683, 48.8910898, 0], [39.9246793, 48.8942499, 0], [39.9415107, 48.8866911, 0], [39.9919704, 48.8687374, 0], [40.0039798, 48.9007927, 0], [40.0180629, 48.9077912, 0], [40.0311949, 48.9158013, 0], [40.0484954, 48.9101863, 0], [40.0554947, 48.9100982, 0], [40.0712862, 48.876975, 0], [40.0788309, 48.8698666, 0], [39.9761775, 48.7937048, 0], [39.9582182, 48.7978533, 0], [39.9522741, 48.7974774, 0], [39.9383246, 48.79989, 0], [39.8862549, 48.8209457, 0], [39.8304389, 48.8335543, 0], [39.8278316, 48.831465, 0], [39.8075031, 48.838581, 0], [39.808044, 48.8394801, 0], [39.8046722, 48.8435763, 0], [39.7971263, 48.8405757, 0], [39.7843087, 48.7973486, 0], [39.7652033, 48.7650083, 0], [39.7414119, 48.7717638, 0], [39.7389273, 48.7484098, 0], [39.7227168, 48.7341097, 0], [39.7048377, 48.7214631, 0], [39.7110161, 48.7133693, 0], [39.7027753, 48.7066348, 0], [39.7199355, 48.697923, 0], [39.7155134, 48.6956885, 0], [39.7162415, 48.6902814, 0], [39.7221603, 48.6839996, 0], [39.7150333, 48.6810046, 0], [39.7118123, 48.6750625, 0], [39.7030026, 48.6704091, 0], [39.7025418, 48.6687329, 0], [39.7021237, 48.6679834, 0], [39.7032933, 48.6668371, 0], [39.7035832, 48.6668067, 0], [39.7040181, 48.6667337, 0], [39.7044318, 48.6666765, 0], [39.7049819, 48.666658, 0], [39.7054204, 48.6666349, 0], [39.7058189, 48.6667039, 0], [39.706271, 48.6667835, 0], [39.7066897, 48.6668435, 0], [39.7071406, 48.6670488, 0], [39.7075174, 48.6672604, 0], [39.7084746, 48.6674216, 0], [39.7091555, 48.6673968, 0], [39.7097446, 48.6673471, 0], [39.7101943, 48.6671628, 0], [39.7103708, 48.6671061, 0], [39.7104722, 48.6670069, 0], [39.7110048, 48.6665531, 0], [39.7110614, 48.6663824, 0], [39.7109764, 48.665517, 0], [39.7107412, 48.66485, 0], [39.7107215, 48.6642671, 0], [39.7105961, 48.6638949, 0], [39.7101308, 48.662853, 0], [39.7096227, 48.6623567, 0], [39.7096939, 48.6619313, 0], [39.709528, 48.6606549, 0], [39.7095369, 48.6599324, 0], [39.7096022, 48.6592204, 0], [39.7099206, 48.6584521, 0], [39.7105366, 48.6574605, 0], [39.7108361, 48.6569225, 0], [39.7109517, 48.6560329, 0], [39.7108849, 48.6555296, 0], [39.7107834, 48.6551395, 0], [39.7106931, 48.6550184, 0], [39.7105421, 48.6548364, 0], [39.7103268, 48.6546578, 0], [39.7101697, 48.6545842, 0], [39.7099789, 48.6545238, 0], [39.7096939, 48.6545022, 0], [39.7095154, 48.6544626, 0], [39.7093569, 48.6544791, 0], [39.7090774, 48.6545616, 0], [39.7088136, 48.6547161, 0], [39.7086078, 48.6549258, 0], [39.7084751, 48.6550687, 0], [39.7081923, 48.6553473, 0], [39.7080543, 48.6554451, 0], [39.7076526, 48.6557567, 0], [39.7073628, 48.6560502, 0], [39.7072722, 48.6561633, 0], [39.7071627, 48.6563187, 0], [39.707028, 48.6565222, 0], [39.7068767, 48.65666, 0], [39.7067028, 48.6567655, 0], [39.7065268, 48.6568275, 0], [39.7063346, 48.6568188, 0], [39.7061962, 48.6567816, 0], [39.7060177, 48.656626, 0], [39.7057466, 48.6565627, 0], [39.7054729, 48.6565568, 0], [39.7052684, 48.6564597, 0], [39.7051599, 48.6563082, 0], [39.7050718, 48.6561682, 0], [39.7047345, 48.6558102, 0], [39.7046394, 48.6555761, 0], [39.7045833, 48.6553631, 0], [39.7042404, 48.6549654, 0], [39.7039536, 48.6547382, 0], [39.7034631, 48.6544401, 0], [39.7029003, 48.6538582, 0], [39.7023017, 48.6532456, 0], [39.7022219, 48.653199, 0], [39.7020939, 48.6531576, 0], [39.7018634, 48.6530988, 0], [39.7016812, 48.6530149, 0], [39.7011667, 48.6527993, 0], [39.7006848, 48.6526586, 0], [39.7001073, 48.6525544, 0], [39.6994673, 48.6523814, 0], [39.6989812, 48.6520921, 0], [39.6986314, 48.6518538, 0], [39.6982536, 48.651604, 0], [39.6972736, 48.6509024, 0], [39.6970153, 48.6507897, 0], [39.6967574, 48.6507227, 0], [39.6965317, 48.6506309, 0], [39.6957791, 48.6503524, 0], [39.6952825, 48.6501284, 0], [39.6949865, 48.6499178, 0], [39.6948507, 48.6498581, 0], [39.694638, 48.6496573, 0], [39.6944486, 48.6495427, 0], [39.6942255, 48.6494765, 0], [39.6938865, 48.6494008, 0], [39.6935788, 48.6492068, 0], [39.6934035, 48.648958, 0], [39.693204, 48.6487924, 0], [39.6929339, 48.648401, 0], [39.6927047, 48.6481357, 0], [39.6924664, 48.6478779, 0], [39.6922633, 48.6477274, 0], [39.6920985, 48.6476391, 0], [39.6920916, 48.6473641, 0], [39.6920256, 48.6471528, 0], [39.6918936, 48.6469005, 0], [39.6915975, 48.6466828, 0], [39.6913175, 48.64649, 0], [39.6911233, 48.6462333, 0], [39.6911844, 48.645683, 0], [39.6913283, 48.6453302, 0], [39.6915996, 48.6448273, 0], [39.6921391, 48.644062, 0], [39.6927031, 48.6436233, 0], [39.6930371, 48.643483, 0], [39.6935549, 48.6431457, 0], [39.6937537, 48.642783, 0], [39.6938722, 48.6417599, 0], [39.6938948, 48.6411458, 0], [39.6940471, 48.6404706, 0], [39.6942873, 48.6396024, 0], [39.6942742, 48.6390285, 0], [39.6943553, 48.6386889, 0], [39.6943672, 48.6381091, 0], [39.6943147, 48.6376285, 0], [39.6941335, 48.6372898, 0], [39.6939881, 48.6368565, 0], [39.693483, 48.636408, 0], [39.6928063, 48.6359737, 0], [39.6910978, 48.6354699, 0], [39.6905749, 48.6353348, 0], [39.6901808, 48.6351004, 0], [39.6884551, 48.6331991, 0], [39.6876837, 48.6327311, 0], [39.6869552, 48.6324617, 0], [39.6856581, 48.6320788, 0], [39.684361, 48.6315399, 0], [39.6800097, 48.6294268, 0], [39.6776159, 48.6280368, 0], [39.6745883, 48.6263629, 0], [39.6715351, 48.624331, 0], [39.6689756, 48.622299, 0], [39.6681757, 48.6214301, 0], [39.6678694, 48.6212845, 0], [39.6671887, 48.6203874, 0], [39.6669157, 48.6198378, 0], [39.6665091, 48.6192848, 0], [39.6663935, 48.618746, 0], [39.6661192, 48.6181792, 0], [39.6661454, 48.6178181, 0], [39.6660643, 48.6176555, 0], [39.6656436, 48.6171473, 0], [39.6653195, 48.6165717, 0], [39.6651567, 48.6163128, 0], [39.665077, 48.6161302, 0], [39.6648695, 48.6158996, 0], [39.664803, 48.6156514, 0], [39.6648203, 48.6154562, 0], [39.6648335, 48.6152433, 0], [39.6648008, 48.6151616, 0], [39.6641882, 48.6146292, 0], [39.6639932, 48.6138197, 0], [39.6637318, 48.6129668, 0], [39.6635938, 48.6126708, 0], [39.6633163, 48.612318, 0], [39.6629543, 48.6120008, 0], [39.6626032, 48.6117971, 0], [39.6622179, 48.6113831, 0], [39.6616718, 48.6108839, 0], [39.6613933, 48.6107266, 0], [39.6612114, 48.6104912, 0], [39.6611082, 48.6099381, 0], [39.6609407, 48.6095962, 0], [39.6607999, 48.6093499, 0], [39.6606231, 48.6090898, 0], [39.6605695, 48.60902, 0], [39.6605642, 48.6089077, 0], [39.6605539, 48.6086695, 0], [39.6606291, 48.6085025, 0], [39.6606561, 48.6083656, 0], [39.6605737, 48.6080851, 0], [39.6604215, 48.6077762, 0], [39.6604379, 48.6074404, 0], [39.6605052, 48.6072087, 0], [39.6607426, 48.6069119, 0], [39.6608641, 48.6067901, 0], [39.6609211, 48.6066755, 0], [39.6610586, 48.6058869, 0], [39.6612565, 48.6056872, 0], [39.6615295, 48.6055407, 0], [39.6622463, 48.6053194, 0], [39.6625307, 48.6052111, 0], [39.6627615, 48.6050745, 0], [39.663309, 48.604773, 0], [39.6636096, 48.6046665, 0], [39.6638888, 48.6046238, 0], [39.6643451, 48.6045872, 0], [39.6649464, 48.6045968, 0], [39.6653335, 48.604654, 0], [39.6658467, 48.6047929, 0], [39.6664268, 48.6048765, 0], [39.6676784, 48.6048875, 0], [39.6685292, 48.6048245, 0], [39.6696085, 48.6046275, 0], [39.6704367, 48.6043185, 0], [39.6708056, 48.6039276, 0], [39.6710714, 48.6035998, 0], [39.6707185, 48.6030835, 0], [39.6698411, 48.602505, 0], [39.6688588, 48.6021144, 0], [39.6684559, 48.6016316, 0], [39.6680101, 48.6011772, 0], [39.6679446, 48.6008786, 0], [39.6680722, 48.600736, 0], [39.6681533, 48.5997402, 0], [39.6680153, 48.5989406, 0], [39.6679536, 48.5978524, 0], [39.6683023, 48.59701, 0], [39.668828, 48.5962902, 0], [39.6694071, 48.5958158, 0], [39.6701864, 48.5954771, 0], [39.670912, 48.5953158, 0], [39.6718267, 48.5952912, 0], [39.6728409, 48.5954691, 0], [39.6736891, 48.5957256, 0], [39.6744842, 48.5961391, 0], [39.6750446, 48.5965262, 0], [39.6753928, 48.5967185, 0], [39.6760247, 48.5974437, 0], [39.6767093, 48.5978013, 0], [39.6778856, 48.5979206, 0], [39.6781624, 48.5979014, 0], [39.6785788, 48.597868, 0], [39.678961, 48.5977303, 0], [39.6795001, 48.5974408, 0], [39.6799023, 48.597188, 0], [39.6800844, 48.597016, 0], [39.6802982, 48.5967074, 0], [39.6804685, 48.596296, 0], [39.6803154, 48.5960268, 0], [39.6799664, 48.5957295, 0], [39.6795473, 48.5955181, 0], [39.6792457, 48.5955068, 0], [39.6788786, 48.5955978, 0], [39.678595, 48.5957799, 0], [39.6781781, 48.5958601, 0], [39.6779127, 48.5957863, 0], [39.6776365, 48.59545, 0], [39.676832, 48.595001, 0], [39.6762207, 48.59441, 0], [39.675728, 48.5937917, 0], [39.6757295, 48.5930945, 0], [39.6763758, 48.5913027, 0], [39.6767673, 48.5907845, 0], [39.677722, 48.5902307, 0], [39.6786441, 48.5901166, 0], [39.6790723, 48.5902005, 0], [39.6795855, 48.5906238, 0], [39.6794961, 48.591953, 0], [39.6800042, 48.5923121, 0], [39.683037, 48.5924056, 0], [39.6832232, 48.5921102, 0], [39.6833809, 48.5914341, 0], [39.6839108, 48.5907348, 0], [39.6854854, 48.5899606, 0], [39.6861455, 48.5898314, 0], [39.686693, 48.5895447, 0], [39.6868007, 48.5877507, 0], [39.6872732, 48.5870866, 0], [39.6772901, 48.5875652, 0], [39.6765177, 48.5881898, 0], [39.672226, 48.5884168, 0], [39.6675909, 48.5867705, 0], [39.6587505, 48.5856348, 0], [39.657549, 48.5846696, 0], [39.6353187, 48.5800421, 0], [39.6319715, 48.5806951, 0], [39.6236458, 48.5860891, 0], [39.6228303, 48.5863731, 0], [39.621929, 48.5858053, 0], [39.6212424, 48.5819441, 0], [39.6175517, 48.5771177, 0], [39.6137321, 48.5749028, 0], [39.6124877, 48.5729153, 0], [39.6080245, 48.5727165, 0], [39.6036471, 48.5741079, 0], [39.596315, 48.5750316, 0], [39.5949908, 48.5766935, 0], [39.5948066, 48.5793322, 0], [39.600643, 48.5857484, 0], [39.6040762, 48.5862595, 0], [39.6050204, 48.5867705, 0], [39.6045913, 48.5888143, 0], [39.6017588, 48.5915393, 0], [39.5963515, 48.5923909, 0], [39.5925379, 48.591299, 0], [39.5817729, 48.5850406, 0], [39.5777815, 48.5828829, 0], [39.5765372, 48.5812363, 0], [39.5733488, 48.5805247, 0], [39.5680736, 48.5818525, 0], [39.5629697, 48.5836344, 0], [39.5631476, 48.5862329, 0], [39.5660531, 48.5883033, 0], [39.5672794, 48.5902411, 0], [39.567304, 48.5921221, 0], [39.5656367, 48.5939539, 0], [39.5633068, 48.5974431, 0], [39.5617617, 48.5980108, 0], [39.5586718, 48.5980108, 0], [39.5512045, 48.5955699, 0], [39.5494879, 48.5932424, 0], [39.5505609, 48.5885871, 0], [39.5493162, 48.5859755, 0], [39.5450247, 48.5839315, 0], [39.5373858, 48.5833923, 0], [39.5312059, 48.5842722, 0], [39.5287169, 48.5859471, 0], [39.5269143, 48.5895523, 0], [39.5281334, 48.5918429, 0], [39.5332101, 48.593633, 0], [39.53359, 48.5954628, 0], [39.532425, 48.596441, 0], [39.5280477, 48.597179, 0], [39.525387, 48.5982007, 0], [39.5226355, 48.6029792, 0], [39.523481, 48.6051057, 0], [39.5272821, 48.6082772, 0], [39.5278218, 48.6094624, 0], [39.5271845, 48.6112652, 0], [39.5257254, 48.6130243, 0], [39.5167863, 48.6181009, 0], [39.5116491, 48.621876, 0], [39.5119798, 48.6235478, 0], [39.5154257, 48.6261878, 0], [39.5162713, 48.6279728, 0], [39.5167131, 48.6299887, 0], [39.5160265, 48.632201, 0], [39.5140898, 48.6338391, 0], [39.5104364, 48.6344562, 0], [39.500437, 48.632556, 0], [39.4955448, 48.6321306, 0], [39.4930128, 48.6304288, 0], [39.4862749, 48.6288972, 0], [39.4841506, 48.6282023, 0], [39.476104, 48.6287553, 0], [39.4685938, 48.6274506, 0], [39.4656326, 48.628188, 0], [39.464013, 48.6310664, 0], [39.4642705, 48.634016, 0], [39.4673921, 48.6372355, 0], [39.4658154, 48.6386672, 0], [39.4575645, 48.6386535, 0], [39.4542171, 48.6397878, 0], [39.4516422, 48.6410356, 0], [39.4495774, 48.6445597, 0], [39.4497999, 48.6504034, 0], [39.45131, 48.6517105, 0], [39.4533874, 48.6528147, 0], [39.452375, 48.6547127, 0], [39.4501783, 48.6556738, 0], [39.4465035, 48.6563032, 0], [39.4389503, 48.6549424, 0], [39.4323254, 48.6567511, 0], [39.4207479, 48.6582252, 0], [39.4142345, 48.6566941, 0], [39.4106961, 48.6576582, 0], [39.4080354, 48.6598127, 0], [39.4082071, 48.6614568, 0], [39.4135284, 48.6668422, 0], [39.4138719, 48.6684294, 0], [39.4117261, 48.6705266, 0], [39.4058231, 48.6738138, 0], [39.4026474, 48.6744372, 0], [39.3979931, 48.6746075, 0], [39.3905259, 48.6788014, 0], [39.3891718, 48.680388, 0], [39.3909313, 48.6837598, 0], [39.389601, 48.6847515, 0], [39.3817046, 48.6855165, 0], [39.3795588, 48.6862814, 0], [39.3779881, 48.6862391, 0], [39.3673187, 48.691976, 0], [39.3658924, 48.692231, 0], [39.3603134, 48.6958003, 0], [39.3559553, 48.6972163, 0], [39.3505051, 48.707639, 0], [39.3486596, 48.7087153, 0], [39.3468571, 48.7122268, 0], [39.3486404, 48.713473, 0], [39.3541336, 48.7132465, 0], [39.3601611, 48.7156814, 0], [39.365268, 48.7168424, 0], [39.3704606, 48.7159645, 0], [39.3720818, 48.7159364, 0], [39.3737889, 48.7174938, 0], [39.3741848, 48.7186546, 0], [39.3726065, 48.7198719, 0], [39.3691304, 48.7200702, 0], [39.3615344, 48.7223068, 0], [39.355226, 48.7252511, 0], [39.3537238, 48.7268931, 0], [39.3540746, 48.7296483, 0], [39.3570785, 48.7323091, 0], [39.3588772, 48.7339037, 0], [39.3588735, 48.7361776, 0], [39.3581944, 48.7370077, 0], [39.349268, 48.7424983, 0], [39.3472079, 48.745781, 0], [39.3470287, 48.7502144, 0], [39.346178, 48.7510443, 0], [39.3431406, 48.7573631, 0], [39.3433649, 48.7592115, 0], [39.3455302, 48.7616634, 0], [39.3491746, 48.7621539, 0], [39.3513279, 48.7630966, 0], [39.3538953, 48.765492, 0], [39.3545036, 48.7668307, 0], [39.3527834, 48.7679435, 0], [39.3510629, 48.7685469, 0], [39.3472451, 48.7683868, 0], [39.3403377, 48.766303, 0], [39.3361358, 48.7659821, 0], [39.3316726, 48.7666043, 0], [39.326605, 48.768311, 0], [39.3260862, 48.7700176, 0], [39.327485, 48.7721107, 0], [39.3279744, 48.7736946, 0], [39.3262579, 48.7755612, 0], [39.3245486, 48.7760513, 0], [39.3228245, 48.7759006, 0], [39.3145923, 48.7748068, 0], [39.3118456, 48.7740715, 0], [39.308834, 48.7719976, 0], [39.3030909, 48.7654163, 0], [39.299915, 48.7630401, 0], [39.2926196, 48.7606073, 0], [39.2914962, 48.7594381, 0], [39.2906454, 48.7562503, 0], [39.2892828, 48.7536855, 0], [39.2895221, 48.7515159, 0], [39.286436, 48.7489032, 0], [39.2820625, 48.7486107, 0], [39.2788895, 48.7493413, 0], [39.2766606, 48.7523355, 0], [39.2747777, 48.7536833, 0], [39.272385, 48.7538889, 0], [39.2708111, 48.752761, 0], [39.2703037, 48.751214, 0], [39.2716769, 48.7477619, 0], [39.2708112, 48.7439889, 0], [39.2686652, 48.7419513, 0], [39.2644702, 48.7412546, 0], [39.2585371, 48.7427437, 0], [39.2563131, 48.7422719, 0], [39.2550255, 48.740687, 0], [39.2552841, 48.7387765, 0], [39.2592313, 48.7338376, 0], [39.2561413, 48.726874, 0], [39.2539646, 48.7244039, 0], [39.2533091, 48.7220612, 0], [39.2539023, 48.720155, 0], [39.2497824, 48.7125666, 0], [39.2435169, 48.7096215, 0], [39.2395901, 48.709127, 0], [39.2359926, 48.7110903, 0], [39.2323663, 48.7114148, 0], [39.2267874, 48.7089794, 0], [39.2248989, 48.7067705, 0], [39.2194058, 48.7051845, 0], [39.2125393, 48.7012195, 0], [39.207175, 48.6983021, 0], [39.2031839, 48.6986137, 0], [39.2003727, 48.7000016, 0], [39.1991498, 48.7022673, 0], [39.1983558, 48.7057793, 0], [39.1975189, 48.7064873, 0], [39.1965103, 48.7065157, 0], [39.1951083, 48.7039008, 0], [39.1909024, 48.6998222, 0], [39.1854168, 48.6934014, 0], [39.1816402, 48.6857524, 0], [39.1742513, 48.6803313, 0], [39.1633508, 48.6757409, 0], [39.1574358, 48.6753817, 0], [39.1519428, 48.6762885, 0], [39.1486736, 48.6752874, 0], [39.1445144, 48.6709135, 0], [39.1419006, 48.6666528, 0], [39.1416432, 48.6650656, 0], [39.1426731, 48.6635349, 0], [39.1419864, 48.6608705, 0], [39.1394898, 48.6596423, 0], [39.1273093, 48.6604736, 0], [39.1231894, 48.6600201, 0], [39.1168304, 48.6567508, 0], [39.1119381, 48.6533489, 0], [39.1036199, 48.6498709, 0], [39.0985561, 48.6508915, 0], [39.084909, 48.6506647, 0], [39.0758966, 48.6516286, 0], [39.0743517, 48.6504379, 0], [39.0548681, 48.6470355, 0], [39.0426802, 48.6464684, 0], [39.0380844, 48.6471869, 0], [39.0355485, 48.6482454, 0], [39.0334496, 48.6519783, 0], [39.0322087, 48.652876, 0], [39.0285105, 48.6530086, 0], [39.019155, 48.6569775, 0], [39.0123742, 48.6583382, 0], [39.0103182, 48.6600862, 0], [39.0096352, 48.6626278, 0], [39.0129825, 48.6640451, 0], [39.0185616, 48.6641017, 0], [39.0216515, 48.6624011, 0], [39.0254279, 48.6619759, 0], [39.027488, 48.6632514, 0], [39.0262863, 48.6672762, 0], [39.023883, 48.6698837, 0], [39.0205358, 48.6722643, 0], [39.0202783, 48.6756083, 0], [39.0195841, 48.6791411, 0], [39.0163693, 48.680945, 0], [39.0143558, 48.6834289, 0], [39.0157292, 48.6886421, 0], [39.01555, 48.6948935, 0], [39.0048287, 48.6963474, 0], [39.001817, 48.6980094, 0], [38.9998504, 48.7001997, 0], [38.9995071, 48.7039949, 0], [38.9982198, 48.7076767, 0], [38.9989883, 48.7111978, 0], [38.9969247, 48.7116038, 0], [38.9919248, 48.7100039, 0], [38.9869253, 48.7101597, 0], [38.9843076, 48.7118303, 0], [38.9847443, 48.7136235, 0], [38.988864, 48.7152092, 0], [38.9939206, 48.716191, 0], [38.9980481, 48.7174744, 0], [38.9993354, 48.7196263, 0], [38.9983914, 48.7242694, 0], [38.9914389, 48.7306106, 0], [38.9895432, 48.7349888, 0], [38.9844583, 48.737582, 0], [38.9822053, 48.7402883, 0], [38.9823341, 48.7421915, 0], [38.9812181, 48.7438471, 0], [38.9788143, 48.7448944, 0], [38.974999, 48.7447654, 0], [38.972565, 48.7435858, 0], [38.9698345, 48.7437486, 0], [38.9669485, 48.7452061, 0], [38.9640946, 48.7461965, 0], [38.9611333, 48.7461395, 0], [38.9599318, 48.7429131, 0], [38.9612192, 48.7399132, 0], [38.9610475, 48.7365172, 0], [38.9569485, 48.734069, 0], [38.9460695, 48.7344511, 0], [38.9437095, 48.7338565, 0], [38.9340107, 48.7357814, 0], [38.9324656, 48.7368002, 0], [38.934354, 48.7429134, 0], [38.937959, 48.7440736, 0], [38.9388603, 48.745814, 0], [38.938281, 48.7466842, 0], [38.9369612, 48.7471193, 0], [38.9350567, 48.7468558, 0], [38.9336673, 48.7460263, 0], [38.9306522, 48.7452765, 0], [38.9246333, 48.745036, 0], [38.9227237, 48.7450076, 0], [38.9213076, 48.7446113, 0], [38.9199692, 48.7434228, 0], [38.9180301, 48.7429135, 0], [38.9143233, 48.7443851, 0], [38.9125746, 48.7468754, 0], [38.911137, 48.7480073, 0], [38.9087767, 48.7492524, 0], [38.9047423, 48.7506104, 0], [38.9010944, 48.7509076, 0], [38.8988199, 48.7501862, 0], [38.8920393, 48.7504407, 0], [38.881332, 48.7501863, 0], [38.8802377, 48.7506107, 0], [38.879079, 48.7524782, 0], [38.8776197, 48.7525911, 0], [38.8716946, 48.7513075, 0], [38.8638811, 48.7513818, 0], [38.8609575, 48.7507381, 0], [38.8606035, 48.7497902, 0], [38.8593804, 48.7495921, 0], [38.8553895, 48.7496484, 0], [38.8471497, 48.7429134, 0], [38.8360776, 48.7232693, 0], [38.8300695, 48.7170404, 0], [38.8084401, 48.713416, 0], [38.7670695, 48.7143222, 0], [38.7535158, 48.7184937, 0], [38.6917176, 48.7293651, 0], [38.7055563, 48.7754613, 0], [38.5596903, 48.8300678, 0]]]}}, {"type": "Feature", "properties": {"name": "\u041e\u043a\u0443\u043f\u043e\u0432\u0430\u043d\u043e /// Occupied\n", "date": "2022-09-30"}, "geometry": {"type": "Polygon", "coordinates": [[[37.6878504, 48.0547535, 0], [37.6794605, 48.049407, 0], [37.6699861, 48.0433634, 0], [37.6478104, 48.0289444, 0], [37.6226618, 48.0194438, 0], [37.6095479, 48.0588584, 0], [37.6417223, 48.0576579, 0], [37.664269, 48.0643654, 0], [37.6637782, 48.0724502, 0], [37.6997015, 48.0722042, 0], [37.6930492, 48.0693073, 0], [37.6877494, 48.0618935, 0], [37.6942941, 48.0565448, 0], [37.6911989, 48.0534065, 0], [37.6878504, 48.0547535, 0]]]}}, {"type": "Feature", "properties": {"name": "\u041e\u043a\u0443\u043f\u043e\u0432\u0430\u043d\u043e /// Occupied\n", "date": "2022-09-30"}, "geometry": {"type": "Polygon", "coordinates": [[[37.5078854, 47.9299295, 0], [37.5137189, 47.9330128, 0], [37.5182679, 47.9336454, 0], [37.5266259, 47.9355163, 0], [37.5285901, 47.9414985, 0], [37.5428393, 47.9324766, 0], [37.5380764, 47.9241494, 0], [37.5350286, 47.917986, 0], [37.5063169, 47.9264247, 0], [37.5078854, 47.9299295, 0]]]}}, {"type": "Feature", "properties": {"name": "\u041e\u043a\u0443\u043f\u043e\u0432\u0430\u043d\u043e /// Occupied\n", "date": "2022-09-30"}, "geometry": {"type": "Polygon", "coordinates": [[[37.5585462, 47.986451, 0], [37.548504, 47.9792696, 0], [37.5482479, 47.9864508, 0], [37.5431833, 47.9954397, 0], [37.5432675, 47.9983549, 0], [37.5483099, 48.0072067, 0], [37.556143, 48.0098553, 0], [37.5496206, 47.9973638, 0], [37.5585462, 47.986451, 0]]]}}, {"type": "Feature", "properties": {"name": "\u041e\u043a\u0443\u043f\u043e\u0432\u0430\u043d\u0438\u0439 \u041a\u0440\u0438\u043c /// Occupied Crimea", "date": "2022-09-30"}, "geometry": {"type": "Polygon", "coordinates": [[[35.2014582, 45.5233432, 0], [35.3112561, 45.411424, 0], [35.3820643, 45.3525144, 0], [35.467835, 45.3075439, 0], [35.4987587, 45.3061765, 0], [35.5258253, 45.2911927, 0], [35.6329034, 45.3245839, 0], [35.7155703, 45.3384578, 0], [35.7248509, 45.3515944, 0], [35.7537278, 45.3665483, 0], [35.7609848, 45.3812582, 0], [35.7488888, 45.3846329, 0], [35.7457265, 45.3906603, 0], [35.7489289, 45.3963309, 0], [35.8023584, 45.4242928, 0], [35.8264752, 45.4401288, 0], [35.8183678, 45.4514182, 0], [35.8177466, 45.4588693, 0], [35.8236493, 45.4663203, 0], [35.8417749, 45.4744726, 0], [35.8678308, 45.4732506, 0], [35.8760595, 45.4638555, 0], [35.8636895, 45.4542195, 0], [35.8465069, 45.446506, 0], [35.8868417, 45.4077745, 0], [35.9412212, 45.3800441, 0], [35.99701, 45.3714908, 0], [36.0428495, 45.3840091, 0], [36.0689422, 45.404374, 0], [36.0687847, 45.4454632, 0], [36.1238705, 45.4636175, 0], [36.1703899, 45.4723606, 0], [36.2653446, 45.4785656, 0], [36.2936833, 45.483861, 0], [36.307976, 45.4754137, 0], [36.3228675, 45.4712969, 0], [36.3363024, 45.4742206, 0], [36.3400479, 45.4775846, 0], [36.3393304, 45.4825134, 0], [36.3448483, 45.4843068, 0], [36.3455144, 45.4808912, 0], [36.357563, 45.4716171, 0], [36.372894, 45.4713796, 0], [36.3766024, 45.4636891, 0], [36.40184, 45.450177, 0], [36.4154584, 45.4468248, 0], [36.4214228, 45.4460021, 0], [36.4324737, 45.4478753, 0], [36.4340095, 45.4506761, 0], [36.4420638, 45.4532818, 0], [36.4415354, 45.4554057, 0], [36.4471741, 45.4601348, 0], [36.4610927, 45.4564353, 0], [36.4705485, 45.4585138, 0], [36.4820621, 45.455771, 0], [36.495456, 45.450514, 0], [36.4997463, 45.4454839, 0], [36.506954, 45.4422601, 0], [36.5188279, 45.433521, 0], [36.5326724, 45.4271898, 0], [36.5478306, 45.4256107, 0], [36.5544666, 45.4243677, 0], [36.5659405, 45.4284433, 0], [36.5656719, 45.4366253, 0], [36.57528, 45.442252, 0], [36.5870361, 45.4412702, 0], [36.5982765, 45.438662, 0], [36.6063464, 45.4287203, 0], [36.6155303, 45.4222714, 0], [36.611498, 45.4149214, 0], [36.607593, 45.4125733, 0], [36.6112727, 45.407542, 0], [36.6346424, 45.391737, 0], [36.6411992, 45.3906659, 0], [36.6487328, 45.3829201, 0], [36.6432106, 45.3778134, 0], [36.6334998, 45.3756526, 0], [36.6301062, 45.3737863, 0], [36.6332174, 45.362811, 0], [36.6305692, 45.360521, 0], [36.6256434, 45.3607631, 0], [36.6120254, 45.3559382, 0], [36.6059899, 45.3477328, 0], [36.5965542, 45.3450314, 0], [36.5923381, 45.3465005, 0], [36.564437, 45.3471145, 0], [36.5443505, 45.3447352, 0], [36.5349814, 45.3456374, 0], [36.535225, 45.3499175, 0], [36.5182864, 45.351539, 0], [36.4836435, 45.3508635, 0], [36.4778117, 45.3491316, 0], [36.4720407, 45.3412333, 0], [36.4732904, 45.3307439, 0], [36.4888368, 45.3246085, 0], [36.499502, 45.3186747, 0], [36.4844376, 45.3054783, 0], [36.4351793, 45.2950728, 0], [36.4216626, 45.286584, 0], [36.4260118, 45.2786405, 0], [36.4363329, 45.2762391, 0], [36.4396195, 45.2716223, 0], [36.4357829, 45.2580657, 0], [36.4237068, 45.2452621, 0], [36.4230493, 45.2372296, 0], [36.4120194, 45.2258774, 0], [36.4039117, 45.2141617, 0], [36.4077336, 45.1934044, 0], [36.4077775, 45.1728889, 0], [36.4177792, 45.1642945, 0], [36.4214277, 45.1529159, 0], [36.4225424, 45.1369381, 0], [36.4258005, 45.1344018, 0], [36.4256283, 45.1288927, 0], [36.4331798, 45.1176913, 0], [36.4396986, 45.1167266, 0], [36.4546058, 45.105555, 0], [36.456018, 45.095623, 0], [36.4400958, 45.0833272, 0], [36.3909776, 45.0653589, 0], [36.372884, 45.0574746, 0], [36.3377238, 45.0583023, 0], [36.3093286, 45.0579225, 0], [36.2821366, 45.0549895, 0], [36.2491529, 45.0476867, 0], [36.2479305, 45.0406804, 0], [36.2256841, 45.0268156, 0], [36.2134931, 45.0280697, 0], [36.2010446, 45.0330226, 0], [36.1600369, 45.035925, 0], [36.07129, 45.0482523, 0], [36.035405, 45.0492158, 0], [36.0125613, 45.0449319, 0], [35.994952, 45.0351096, 0], [35.9842147, 45.0228593, 0], [35.9540827, 45.0112187, 0], [35.9258506, 45.019111, 0], [35.907658, 45.0180791, 0], [35.9002865, 45.0141894, 0], [35.8793425, 45.009765, 0], [35.870587, 45.0041863, 0], [35.8420962, 44.9983656, 0], [35.834801, 44.9992133, 0], [35.8282777, 45.0045517, 0], [35.8341133, 45.0091003, 0], [35.8297795, 45.0140758, 0], [35.8219474, 45.0192032, 0], [35.8101654, 45.0214182, 0], [35.8144831, 45.0333055, 0], [35.8048863, 45.0455584, 0], [35.7853272, 45.0576281, 0], [35.7778784, 45.0663038, 0], [35.7487927, 45.0814648, 0], [35.6921353, 45.1046258, 0], [35.6297695, 45.1223028, 0], [35.5849604, 45.1293588, 0], [35.5413462, 45.1258609, 0], [35.4510629, 45.0973661, 0], [35.4146384, 45.0754096, 0], [35.3893992, 45.0494442, 0], [35.3859656, 45.0352458, 0], [35.4126517, 45.0257778, 0], [35.4286932, 45.0129122, 0], [35.395224, 44.999343, 0], [35.3667392, 44.9925592, 0], [35.3584162, 44.9855521, 0], [35.3561029, 44.9773304, 0], [35.3940383, 44.954933, 0], [35.3829729, 44.943891, 0], [35.3518029, 44.954952, 0], [35.3443152, 44.9641879, 0], [35.3224657, 44.9592101, 0], [35.3228067, 44.9664406, 0], [35.3015176, 44.9657761, 0], [35.2949869, 44.9597113, 0], [35.2836408, 44.9661604, 0], [35.2712818, 44.9675955, 0], [35.2584087, 44.9609038, 0], [35.2498252, 44.9528227, 0], [35.2565197, 44.9384226, 0], [35.2436533, 44.9167916, 0], [35.2166123, 44.9090052, 0], [35.2056017, 44.9102155, 0], [35.1905563, 44.9078868, 0], [35.177573, 44.9009364, 0], [35.1693108, 44.9002472, 0], [35.1562446, 44.8869106, 0], [35.1441549, 44.8670023, 0], [35.1393909, 44.861252, 0], [35.1305686, 44.8293107, 0], [35.1331009, 44.8228116, 0], [35.1184551, 44.81723, 0], [35.1110222, 44.8070199, 0], [35.0939798, 44.8013751, 0], [35.0810615, 44.7906125, 0], [35.0644251, 44.7971082, 0], [35.0436659, 44.7994591, 0], [35.0472737, 44.8148367, 0], [35.0295032, 44.8282486, 0], [35.0007004, 44.8320303, 0], [34.9887006, 44.8280748, 0], [34.9809909, 44.8344654, 0], [34.9678234, 44.8380274, 0], [34.9425288, 44.8338415, 0], [34.9350343, 44.8300421, 0], [34.9209884, 44.8287508, 0], [34.9203178, 44.8215301, 0], [34.9120951, 44.8157703, 0], [34.8451661, 44.8132958, 0], [34.8309312, 44.8169077, 0], [34.763731, 44.815057, 0], [34.7479866, 44.8070582, 0], [34.7288112, 44.8078253, 0], [34.6778578, 44.7878556, 0], [34.6256282, 44.773956, 0], [34.5446135, 44.7410058, 0], [34.4749636, 44.7150709, 0], [34.4321494, 44.682765, 0], [34.4121761, 44.6588071, 0], [34.4039237, 44.6397506, 0], [34.3896775, 44.6288837, 0], [34.3834201, 44.6158768, 0], [34.3778919, 44.612309, 0], [34.3758165, 44.5917031, 0], [34.3543535, 44.5856814, 0], [34.349805, 44.5718498, 0], [34.3490348, 44.5467673, 0], [34.334843, 44.5455071, 0], [34.3201349, 44.5510937, 0], [34.3089458, 44.5520875, 0], [34.2603617, 44.5075556, 0], [34.1719835, 44.4910109, 0], [34.1289364, 44.4278782, 0], [34.0572323, 44.4165212, 0], [34.0349861, 44.4036735, 0], [33.9634064, 44.3888504, 0], [33.939412, 44.3896463, 0], [33.8824227, 44.4002681, 0], [33.8460272, 44.4011421, 0], [33.7787368, 44.3814524, 0], [33.7590046, 44.3869324, 0], [33.7330924, 44.3833316, 0], [33.7028925, 44.4169259, 0], [33.673869, 44.4128073, 0], [33.6455297, 44.4219238, 0], [33.6383395, 44.4586871, 0], [33.6270126, 44.4795789, 0], [33.6019479, 44.4917389, 0], [33.5540478, 44.4868769, 0], [33.5060714, 44.5008455, 0], [33.4862427, 44.4949678, 0], [33.4727333, 44.5111351, 0], [33.4601297, 44.522891, 0], [33.4036944, 44.5532389, 0], [33.373305, 44.5840556, 0], [33.4501548, 44.6159461, 0], [33.4946154, 44.6177665, 0], [33.5082713, 44.6319164, 0], [33.5124742, 44.6331489, 0], [33.5210499, 44.6402578, 0], [33.5256907, 44.6383616, 0], [33.5311908, 44.6411069, 0], [33.5356674, 44.6459898, 0], [33.5418641, 44.6589325, 0], [33.5463628, 44.6779794, 0], [33.5474419, 44.698563, 0], [33.5457743, 44.7077982, 0], [33.5475831, 44.7244447, 0], [33.5397766, 44.7443212, 0], [33.5407223, 44.7617581, 0], [33.533513, 44.7926079, 0], [33.5406327, 44.802652, 0], [33.54552, 44.8041697, 0], [33.5471428, 44.8101296, 0], [33.549545, 44.8108275, 0], [33.5502309, 44.8222419, 0], [33.5485127, 44.8345975, 0], [33.5529705, 44.8416549, 0], [33.556915, 44.840587, 0], [33.5610313, 44.8423184, 0], [33.5696937, 44.838843, 0], [33.5789642, 44.8404874, 0], [33.5868637, 44.8470001, 0], [33.5906429, 44.8457225, 0], [33.5946361, 44.847578, 0], [33.6008626, 44.857663, 0], [33.6052004, 44.8663859, 0], [33.6064479, 44.8717023, 0], [33.6105925, 44.8993192, 0], [33.6109623, 44.9257206, 0], [33.5976519, 44.9765496, 0], [33.6043773, 44.9804712, 0], [33.6025946, 44.9979727, 0], [33.5808605, 45.0508807, 0], [33.5614904, 45.0810729, 0], [33.5363775, 45.1095514, 0], [33.5092654, 45.1344501, 0], [33.4807573, 45.1558915, 0], [33.4508543, 45.1742382, 0], [33.4326521, 45.1840929, 0], [33.4159888, 45.1914041, 0], [33.408547, 45.1934437, 0], [33.4007706, 45.1960654, 0], [33.3911961, 45.1973752, 0], [33.3827498, 45.1964713, 0], [33.3764355, 45.1918448, 0], [33.3762863, 45.1876599, 0], [33.3802818, 45.1859091, 0], [33.3749698, 45.1836789, 0], [33.3584289, 45.1782517, 0], [33.3500155, 45.1736994, 0], [33.3315483, 45.1718832, 0], [33.3251431, 45.1741248, 0], [33.3183942, 45.1745814, 0], [33.3100572, 45.1740999, 0], [33.3052393, 45.1727705, 0], [33.3012214, 45.170642, 0], [33.2989631, 45.1677871, 0], [33.29792, 45.1656334, 0], [33.3001384, 45.1620272, 0], [33.2960348, 45.1577192, 0], [33.2882929, 45.1541048, 0], [33.2842888, 45.1482765, 0], [33.2751597, 45.1459006, 0], [33.2680362, 45.1456289, 0], [33.2572946, 45.1478037, 0], [33.2459386, 45.1569381, 0], [33.2343482, 45.1682187, 0], [33.2252923, 45.1746946, 0], [33.2019842, 45.1832253, 0], [33.1852357, 45.1837167, 0], [33.1798209, 45.1876511, 0], [33.1658262, 45.1934696, 0], [33.1573263, 45.1987744, 0], [33.1488252, 45.2021432, 0], [33.1434036, 45.2070898, 0], [33.1389117, 45.216317, 0], [33.124087, 45.225712, 0], [33.107907, 45.2315099, 0], [33.0931987, 45.2488335, 0], [33.0812306, 45.2584206, 0], [33.0627764, 45.2756598, 0], [33.0352435, 45.2901602, 0], [32.9918481, 45.3224993, 0], [32.9667646, 45.3366935, 0], [32.9070191, 45.3594365, 0], [32.8467096, 45.3652645, 0], [32.7652199, 45.3638364, 0], [32.7353927, 45.3549724, 0], [32.7121592, 45.3413068, 0], [32.6855021, 45.3321019, 0], [32.6756878, 45.3206142, 0], [32.6529901, 45.313322, 0], [32.622109, 45.317634, 0], [32.599462, 45.325318, 0], [32.578538, 45.3276418, 0], [32.5698164, 45.3328876, 0], [32.5518462, 45.3323851, 0], [32.4894526, 45.3461358, 0], [32.5103771, 45.3608842, 0], [32.5134582, 45.3720378, 0], [32.5074454, 45.3819566, 0], [32.4886441, 45.3849884, 0], [32.4789393, 45.3891629, 0], [32.4797029, 45.4042634, 0], [32.4880695, 45.4079563, 0], [32.500388, 45.4246631, 0], [32.5242712, 45.4388715, 0], [32.5382082, 45.4548835, 0], [32.562144, 45.4702233, 0], [32.5905805, 45.4855798, 0], [32.6917844, 45.523882, 0], [32.7232198, 45.5330262, 0], [32.7368771, 45.5430069, 0], [32.7721049, 45.5578694, 0], [32.7931783, 45.56389, 0], [32.8203169, 45.5598252, 0], [32.8259738, 45.5573298, 0], [32.8339615, 45.5602345, 0], [32.8406482, 45.56511, 0], [32.8431411, 45.5705971, 0], [32.8435558, 45.5768336, 0], [32.8410082, 45.582406, 0], [32.8372907, 45.5833543, 0], [32.8292518, 45.583603, 0], [32.8212988, 45.5830103, 0], [32.8201285, 45.5843929, 0], [32.8201811, 45.5868413, 0], [32.8250404, 45.5906112, 0], [32.908691, 45.6403382, 0], [32.9993935, 45.6811474, 0], [33.0063371, 45.6793833, 0], [33.0171537, 45.6870091, 0], [33.0501444, 45.6969593, 0], [33.0691004, 45.7068331, 0], [33.0776807, 45.7073927, 0], [33.0957044, 45.7155026, 0], [33.1146383, 45.7127746, 0], [33.1279075, 45.7198415, 0], [33.1378005, 45.7198138, 0], [33.1529186, 45.7333554, 0], [33.1591843, 45.749182, 0], [33.1657369, 45.7882695, 0], [33.1758381, 45.8057417, 0], [33.1823381, 45.8099302, 0], [33.1858308, 45.8079522, 0], [33.1806246, 45.7972106, 0], [33.1724861, 45.7866032, 0], [33.1821144, 45.7739016, 0], [33.2119202, 45.7577279, 0], [33.2386596, 45.7528042, 0], [33.2806132, 45.7626695, 0], [33.3224096, 45.7750369, 0], [33.3734938, 45.7971871, 0], [33.4170901, 45.8302054, 0], [33.4322068, 45.8385764, 0], [33.4829745, 45.8543957, 0], [33.5179512, 45.8677769, 0], [33.5405932, 45.8849133, 0], [33.5441019, 45.8803349, 0], [33.5200621, 45.8577082, 0], [33.5008905, 45.8483554, 0], [33.5076216, 45.8410719, 0], [33.5176551, 45.846594, 0], [33.527171, 45.849723, 0], [33.5371159, 45.8457964, 0], [33.5421287, 45.8402584, 0], [33.5482128, 45.8435307, 0], [33.5517154, 45.8516275, 0], [33.5586395, 45.8617199, 0], [33.5687155, 45.8740076, 0], [33.5816528, 45.8712065, 0], [33.5937246, 45.8852915, 0], [33.6162717, 45.892143, 0], [33.6340965, 45.8826144, 0], [33.642234, 45.8763254, 0], [33.6546628, 45.8752329, 0], [33.6622334, 45.8715236, 0], [33.6615976, 45.86426, 0], [33.6741263, 45.8574315, 0], [33.6841906, 45.8500979, 0], [33.6847163, 45.8588878, 0], [33.6790774, 45.8673135, 0], [33.6799532, 45.8750482, 0], [33.6783673, 45.8851388, 0], [33.6751147, 45.8988677, 0], [33.6762137, 45.9039535, 0], [33.6800935, 45.9085396, 0], [33.6877728, 45.9127518, 0], [33.6919706, 45.9134707, 0], [33.6975452, 45.911367, 0], [33.7019952, 45.9110037, 0], [33.7202438, 45.9246362, 0], [33.7309277, 45.9301884, 0], [33.7495064, 45.9282755, 0], [33.7560271, 45.9311086, 0], [33.7579871, 45.9344939, 0], [33.7557842, 45.9392824, 0], [33.7510765, 45.9487997, 0], [33.7472783, 45.9466852, 0], [33.744939, 45.9503295, 0], [33.7229645, 45.950158, 0], [33.6923145, 45.9552601, 0], [33.682856, 45.9528033, 0], [33.6597606, 45.9545864, 0], [33.640135, 45.9493564, 0], [33.6475011, 45.9451658, 0], [33.6420789, 45.942885, 0], [33.6349923, 45.9413261, 0], [33.6244967, 45.942516, 0], [33.6176055, 45.9442427, 0], [33.6164792, 45.9490678, 0], [33.6277585, 45.9588485, 0], [33.6296884, 45.9674259, 0], [33.6293845, 45.9774581, 0], [33.6285431, 45.9876045, 0], [33.6228726, 45.9976173, 0], [33.6187235, 46.0125197, 0], [33.6113376, 46.054819, 0], [33.623699, 46.0717219, 0], [33.6372819, 46.0813513, 0], [33.6330381, 46.0973809, 0], [33.616561, 46.11536, 0], [33.612957, 46.1291484, 0], [33.6125276, 46.1382376, 0], [33.6066801, 46.1468776, 0], [33.6897001, 46.204334, 0], [33.7145537, 46.1968941, 0], [33.7405319, 46.1851281, 0], [33.82395, 46.1870691, 0], [34.0383336, 46.1169353, 0], [34.1225822, 46.1081224, 0], [34.1607715, 46.0804296, 0], [34.2277542, 46.0608165, 0], [34.3824645, 46.0346918, 0], [34.4367261, 45.9681642, 0], [34.4785519, 45.9469467, 0], [34.5560425, 45.988691, 0], [34.6514148, 45.9739079, 0], [34.7008834, 45.9591791, 0], [34.7527159, 45.9102311, 0], [34.7828789, 45.9049747, 0], [34.796134, 45.8920532, 0], [34.8008812, 45.8047349, 0], [34.9493437, 45.7629357, 0], [34.9582188, 45.7600372, 0], [34.9770528, 45.765285, 0], [35.0500557, 45.6672021, 0], [35.1098671, 45.5990246, 0], [35.2014582, 45.5233432, 0]]]}}, {"type": "Feature", "properties": {"name": "\u041e\u043a\u0443\u043f\u043e\u0432\u0430\u043d\u043e /// Occupied", "date": "2022-09-30"}, "geometry": {"type": "Polygon", "coordinates": [[[35.2525174, 46.2505709, 0], [35.2989871, 46.2989783, 0], [35.293277, 46.302449, 0], [35.2925857, 46.3079961, 0], [35.2988051, 46.314937, 0], [35.3174416, 46.3170382, 0], [35.3165158, 46.3307144, 0], [35.3179201, 46.3378326, 0], [35.3142642, 46.3437571, 0], [35.307895, 46.3482888, 0], [35.3041691, 46.3538716, 0], [35.2898036, 46.3565521, 0], [35.2690989, 46.3553905, 0], [35.2654164, 46.3523256, 0], [35.2614702, 46.3658773, 0], [35.2567497, 46.3752827, 0], [35.2017945, 46.3797144, 0], [35.1931728, 46.3709222, 0], [35.1783568, 46.3629189, 0], [35.1380024, 46.3482526, 0], [35.1177702, 46.3142433, 0], [35.079863, 46.2766366, 0], [35.0248139, 46.2563043, 0], [34.9030041, 46.2363897, 0], [34.833783, 46.2001334, 0], [34.8346407, 46.1155296, 0], [34.8524739, 46.0092176, 0], [34.8959643, 45.8988106, 0], [34.9770528, 45.765285, 0], [34.9582188, 45.7600372, 0], [34.8008812, 45.8047349, 0], [34.796134, 45.8920532, 0], [34.7828789, 45.9049747, 0], [34.7527159, 45.9102311, 0], [34.7008834, 45.9591791, 0], [34.6514148, 45.9739079, 0], [34.5560425, 45.988691, 0], [34.4785519, 45.9469467, 0], [34.4367261, 45.9681642, 0], [34.3824645, 46.0346918, 0], [34.2277542, 46.0608165, 0], [34.1607715, 46.0804296, 0], [34.1225822, 46.1081224, 0], [34.0383336, 46.1169353, 0], [33.82395, 46.1870691, 0], [33.7405319, 46.1851281, 0], [33.7145537, 46.1968941, 0], [33.6897001, 46.204334, 0], [33.6066801, 46.1468776, 0], [33.5309796, 46.1101035, 0], [33.5721609, 46.0737878, 0], [33.4967004, 46.0702854, 0], [33.5256314, 46.0267545, 0], [33.429206, 46.0254405, 0], [33.2823694, 46.0723123, 0], [33.1679366, 46.119522, 0], [32.9365042, 46.1016028, 0], [32.7101943, 46.1028118, 0], [32.5431059, 46.0616925, 0], [32.2195204, 46.1279609, 0], [32.2366721, 46.1501329, 0], [32.2279414, 46.1683471, 0], [32.2398791, 46.1785152, 0], [32.2218112, 46.18771, 0], [32.2081053, 46.1867989, 0], [32.2061324, 46.1721801, 0], [32.1870241, 46.175666, 0], [32.1659652, 46.196893, 0], [32.1211521, 46.2043925, 0], [32.0878278, 46.2214609, 0], [32.077753, 46.2389204, 0], [32.0514181, 46.2497849, 0], [32.0285439, 46.2455961, 0], [31.9695132, 46.2572078, 0], [31.9555985, 46.2658955, 0], [31.9437442, 46.2855591, 0], [31.9368206, 46.2921419, 0], [31.9044902, 46.2974386, 0], [31.8950685, 46.2807445, 0], [31.8832899, 46.2734161, 0], [31.8740032, 46.2652566, 0], [31.8708329, 46.2657735, 0], [31.8612225, 46.2721427, 0], [31.8507402, 46.268254, 0], [31.8476993, 46.2679219, 0], [31.8351926, 46.2728282, 0], [31.8331443, 46.2697922, 0], [31.8346957, 46.266138, 0], [31.8183057, 46.2643109, 0], [31.8132429, 46.2647435, 0], [31.8143596, 46.2694483, 0], [31.8097262, 46.2720936, 0], [31.7917038, 46.2738877, 0], [31.7845155, 46.2688628, 0], [31.7844089, 46.2650835, 0], [31.7796043, 46.2644672, 0], [31.7771981, 46.2681276, 0], [31.7832894, 46.2725096, 0], [31.78213, 46.2768377, 0], [31.775112, 46.282265, 0], [31.7755462, 46.2854607, 0], [31.7712141, 46.288838, 0], [31.7745083, 46.2939227, 0], [31.7680176, 46.2965165, 0], [31.7580932, 46.2948403, 0], [31.7477398, 46.2981388, 0], [31.7455912, 46.306021, 0], [31.7725398, 46.3271444, 0], [31.8234499, 46.3371015, 0], [31.8682771, 46.3343548, 0], [31.9697707, 46.3483597, 0], [32.0090507, 46.3641139, 0], [32.0355703, 46.4165629, 0], [32.0290404, 46.4375397, 0], [32.0022447, 46.453429, 0], [31.9748459, 46.4392025, 0], [31.9528254, 46.4374539, 0], [31.89212, 46.4568005, 0], [31.7970201, 46.4781096, 0], [31.7420407, 46.4853092, 0], [31.704266, 46.4665485, 0], [31.6971262, 46.4472352, 0], [31.7083516, 46.446609, 0], [31.737668, 46.4261928, 0], [31.7892493, 46.3733802, 0], [31.7738399, 46.3585737, 0], [31.7460697, 46.3764563, 0], [31.7263209, 46.4086438, 0], [31.6567519, 46.4688867, 0], [31.5469521, 46.5387028, 0], [31.5216224, 46.561578, 0], [31.5112983, 46.5766614, 0], [31.5134183, 46.5807998, 0], [31.5305196, 46.5576033, 0], [31.5540849, 46.5454363, 0], [31.5816742, 46.537219, 0], [31.6315001, 46.5404893, 0], [31.6690382, 46.5387374, 0], [31.6976527, 46.5450053, 0], [31.7569233, 46.5479256, 0], [31.8070728, 46.5294354, 0], [31.8649158, 46.5175934, 0], [31.8815641, 46.5182691, 0], [31.879015, 46.5354656, 0], [31.9665383, 46.5082456, 0], [31.9941309, 46.4928168, 0], [32.0439937, 46.4915104, 0], [32.1166462, 46.517163, 0], [32.1486947, 46.5145828, 0], [32.1945942, 46.4882908, 0], [32.2504361, 46.4820732, 0], [32.2527452, 46.5056506, 0], [32.3066919, 46.4956161, 0], [32.4614565, 46.5648964, 0], [32.4788171, 46.5717038, 0], [32.4896464, 46.5796492, 0], [32.5123265, 46.5917217, 0], [32.5396214, 46.5925785, 0], [32.5578634, 46.5970285, 0], [32.5885651, 46.5925707, 0], [32.6149477, 46.6173221, 0], [32.6593408, 46.6503611, 0], [32.6977201, 46.6620595, 0], [32.713963, 46.6658582, 0], [32.7198636, 46.6658863, 0], [32.7211245, 46.6655909, 0], [32.7318311, 46.6648554, 0], [32.7588567, 46.6656057, 0], [32.7864417, 46.6702986, 0], [32.7971616, 46.6741048, 0], [32.8027755, 46.6760847, 0], [32.8153649, 46.6769739, 0], [32.836024, 46.6847162, 0], [32.8621856, 46.6985771, 0], [32.9039352, 46.7231427, 0], [32.9146024, 46.7277705, 0], [32.9353109, 46.732044, 0], [32.9870616, 46.7390543, 0], [33.0097302, 46.7369916, 0], [33.0257169, 46.7379188, 0], [33.0441353, 46.7405882, 0], [33.0621012, 46.7470944, 0], [33.0839853, 46.7597036, 0], [33.0972858, 46.7658777, 0], [33.1145381, 46.7729614, 0], [33.1287897, 46.7792791, 0], [33.1364617, 46.7810842, 0], [33.1455765, 46.7821922, 0], [33.1516875, 46.7819188, 0], [33.1919064, 46.7692367, 0], [33.2422885, 46.7633934, 0], [33.2557563, 46.7540735, 0], [33.2866502, 46.7489573, 0], [33.3248985, 46.754623, 0], [33.3662116, 46.7732883, 0], [33.3569043, 46.7818208, 0], [33.359107, 46.7856999, 0], [33.3691524, 46.7822006, 0], [33.375491, 46.7765416, 0], [33.4702672, 46.8209318, 0], [33.6202993, 46.8290051, 0], [33.6340293, 46.8662278, 0], [33.6338234, 46.8994853, 0], [33.6568173, 46.9046493, 0], [33.6784469, 46.9008966, 0], [33.689791, 46.9215339, 0], [33.6956106, 46.9553908, 0], [33.6976692, 46.9951021, 0], [33.7227502, 47.0173544, 0], [33.8023184, 47.0589876, 0], [33.8407881, 47.0984953, 0], [33.8499522, 47.1377648, 0], [33.9271512, 47.1814188, 0], [33.9826473, 47.2283016, 0], [34.0196507, 47.3580093, 0], [34.0422354, 47.4104, 0], [34.0466778, 47.4176252, 0], [34.0648743, 47.4242885, 0], [34.1183461, 47.4205374, 0], [34.1457254, 47.4244375, 0], [34.19929, 47.4120751, 0], [34.2696797, 47.4395195, 0], [34.2961027, 47.4286586, 0], [34.3349123, 47.4469725, 0], [34.3383722, 47.4677319, 0], [34.3727587, 47.5106463, 0], [34.3869488, 47.5138458, 0], [34.4358396, 47.4968841, 0], [34.5006234, 47.4996444, 0], [34.5331376, 47.5304299, 0], [34.5445304, 47.5326781, 0], [34.5862489, 47.5217799, 0], [34.5990399, 47.5346411, 0], [34.6180346, 47.5444616, 0], [34.6283781, 47.5458007, 0], [34.6420717, 47.5443897, 0], [34.6801991, 47.5107016, 0], [34.6894139, 47.4948642, 0], [34.708982, 47.4905527, 0], [34.7193654, 47.4920934, 0], [34.7491537, 47.492572, 0], [34.7923046, 47.467718, 0], [34.8252023, 47.4647735, 0], [34.8599235, 47.4512248, 0], [34.8741835, 47.4494994, 0], [34.8747419, 47.4375288, 0], [34.8633723, 47.4208554, 0], [34.8837144, 47.406089, 0], [34.9354445, 47.3916029, 0], [34.9686931, 47.3892045, 0], [35.0288206, 47.4181151, 0], [35.046158, 47.4377275, 0], [35.0624319, 47.4486647, 0], [35.0702994, 47.4507769, 0], [35.1190963, 47.4510955, 0], [35.1486619, 47.445657, 0], [35.2026425, 47.4449743, 0], [35.2644227, 47.4738779, 0], [35.2807955, 47.4721641, 0], [35.2736544, 47.4936921, 0], [35.2746786, 47.4968778, 0], [35.2808962, 47.5033687, 0], [35.2878203, 47.5072123, 0], [35.2993812, 47.5109537, 0], [35.3228214, 47.5155116, 0], [35.3347223, 47.525255, 0], [35.3950278, 47.5209199, 0], [35.4443467, 47.5277912, 0], [35.4345108, 47.5141379, 0], [35.4549898, 47.5104016, 0], [35.5065103, 47.5136471, 0], [35.5593185, 47.5212867, 0], [35.6546633, 47.5009618, 0], [35.6654653, 47.4972684, 0], [35.6851135, 47.5028427, 0], [35.691872, 47.4978572, 0], [35.6986295, 47.4956547, 0], [35.7022113, 47.5000623, 0], [35.7104288, 47.5001207, 0], [35.7132434, 47.4921281, 0], [35.8082162, 47.4970101, 0], [35.9589323, 47.4809483, 0], [35.9953037, 47.499107, 0], [36.0139186, 47.5103296, 0], [36.0304002, 47.516142, 0], [36.0787899, 47.5254084, 0], [36.1872538, 47.5405371, 0], [36.2255515, 47.5633106, 0], [36.2676334, 47.5759913, 0], [36.3052024, 47.5967757, 0], [36.3683277, 47.6315602, 0], [36.4448402, 47.6502396, 0], [36.538214, 47.6689171, 0], [36.5552546, 47.6730363, 0], [36.5375529, 47.7167429, 0], [36.6065339, 47.7738529, 0], [36.6581247, 47.7764101, 0], [36.660036, 47.7841794, 0], [36.6945468, 47.7924877, 0], [36.7079481, 47.7921414, 0], [36.7220327, 47.7891402, 0], [36.7325091, 47.7804865, 0], [36.7695932, 47.7804734, 0], [36.7811671, 47.7931944, 0], [36.787934, 47.7966593, 0], [36.7906163, 47.7989076, 0], [36.7870329, 47.8083914, 0], [36.8008516, 47.8216192, 0], [36.8202493, 47.8216769, 0], [36.8360852, 47.8152793, 0], [36.8735563, 47.805457, 0], [36.8879868, 47.7953492, 0], [36.903955, 47.7868254, 0], [36.931931, 47.7748372, 0], [36.964522, 47.7635413, 0], [37.0535419, 47.7436656, 0], [37.1020021, 47.7446641, 0], [37.1039627, 47.7140795, 0], [37.1667805, 47.7171958, 0], [37.2025681, 47.7171854, 0], [37.2213503, 47.7115098, 0], [37.2440583, 47.7166472, 0], [37.2536497, 47.7149239, 0], [37.2639388, 47.7305232, 0], [37.2684675, 47.7519574, 0], [37.2841424, 47.7510841, 0], [37.286342, 47.7530951, 0], [37.2833064, 47.7554815, 0], [37.2797556, 47.7573485, 0], [37.2806592, 47.7593923, 0], [37.2868848, 47.7586953, 0], [37.2910934, 47.7623834, 0], [37.2962932, 47.7633797, 0], [37.3039992, 47.7586027, 0], [37.3171094, 47.7580051, 0], [37.3248494, 47.7573979, 0], [37.3323669, 47.7561416, 0], [37.3308037, 47.7516756, 0], [37.3319098, 47.7490964, 0], [37.3465338, 47.7473523, 0], [37.3544172, 47.7445792, 0], [37.3568995, 47.7442315, 0], [37.3678462, 47.7418087, 0], [37.3683547, 47.7428091, 0], [37.3790374, 47.7433381, 0], [37.3876407, 47.738956, 0], [37.3920715, 47.7401991, 0], [37.398621, 47.7366362, 0], [37.4108784, 47.7412695, 0], [37.4251051, 47.7510839, 0], [37.4377864, 47.773467, 0], [37.4696463, 47.7807851, 0], [37.4841197, 47.7934297, 0], [37.4953996, 47.809155, 0], [37.5058702, 47.845921, 0], [37.5280859, 47.8554011, 0], [37.5407013, 47.8815661, 0], [37.5350286, 47.917986, 0], [37.5685999, 47.9077685, 0], [37.5759066, 47.9077328, 0], [37.6440338, 47.8866264, 0], [37.6342622, 47.838423, 0], [37.6345486, 47.8025384, 0], [37.623169, 47.7731102, 0], [37.6375888, 47.7519939, 0], [37.6726795, 47.7247168, 0], [37.7644947, 47.6847015, 0], [37.8039769, 47.6601962, 0], [37.801917, 47.6423879, 0], [37.7686147, 47.6354478, 0], [37.7823477, 47.5859162, 0], [37.8925547, 47.4697729, 0], [37.8784784, 47.4416839, 0], [37.8637154, 47.4265885, 0], [37.855819, 47.403124, 0], [37.856849, 47.3928985, 0], [37.8503258, 47.3842983, 0], [37.8383096, 47.3780216, 0], [37.841643, 47.3690218, 0], [37.8515994, 47.3655338, 0], [37.8417428, 47.3584893, 0], [37.8376229, 47.3524422, 0], [37.8486092, 47.3501161, 0], [37.8591525, 47.3543707, 0], [37.8612124, 47.3478578, 0], [37.856849, 47.3436027, 0], [37.8444894, 47.3419742, 0], [37.8292834, 47.3425074, 0], [37.8273232, 47.3284792, 0], [37.8245766, 47.3214977, 0], [37.8317864, 47.3149807, 0], [37.8348763, 47.3082302, 0], [37.8276665, 47.3026429, 0], [37.8338464, 47.2854117, 0], [37.833503, 47.249301, 0], [37.8513558, 47.198938, 0], [37.8499825, 47.1742053, 0], [37.8180535, 47.1190987, 0], [37.8292834, 47.1127418, 0], [37.8383095, 47.0997045, 0], [37.8219878, 47.0908909, 0], [37.7940835, 47.0837782, 0], [37.7743938, 47.0875496, 0], [37.7138794, 47.0798327, 0], [37.6858846, 47.0804963, 0], [37.684032, 47.0766772, 0], [37.6758112, 47.0778874, 0], [37.6273774, 47.0941014, 0], [37.6204618, 47.0865732, 0], [37.5878876, 47.0772638, 0], [37.5264869, 47.0697845, 0], [37.526304, 47.0495337, 0], [37.3214636, 46.8692065, 0], [37.2872851, 46.863351, 0], [37.2805705, 46.8736902, 0], [37.3189188, 46.8962982, 0], [37.2972107, 46.9273264, 0], [37.2380483, 46.9398175, 0], [37.0368602, 46.8654582, 0], [36.9930792, 46.8624588, 0], [36.9019536, 46.8087899, 0], [36.8685198, 46.765691, 0], [36.8380534, 46.7057614, 0], [36.8049871, 46.6591521, 0], [36.7589376, 46.6217212, 0], [36.742359, 46.6373607, 0], [36.7610148, 46.6658088, 0], [36.7783436, 46.6636496, 0], [36.7906962, 46.6747997, 0], [36.8012652, 46.7277543, 0], [36.7055683, 46.7776224, 0], [36.5871045, 46.7646623, 0], [36.3768491, 46.7055039, 0], [36.3170968, 46.6501447, 0], [36.1840637, 46.4980304, 0], [36.1167335, 46.4871992, 0], [36.0911211, 46.4924288, 0], [36.1472619, 46.508948, 0], [36.1516335, 46.5468178, 0], [36.1665138, 46.5276778, 0], [36.1908498, 46.5346757, 0], [36.2598962, 46.6186212, 0], [36.2290436, 46.6505061, 0], [36.1898849, 46.6670306, 0], [36.1170931, 46.6514246, 0], [35.9364232, 46.6585947, 0], [35.7360032, 46.5839813, 0], [35.6043534, 46.4804352, 0], [35.4578294, 46.4412316, 0], [35.3602359, 46.3546635, 0], [35.275482, 46.2556112, 0], [35.1858838, 46.1469167, 0], [35.1518034, 46.1216585, 0], [35.0708827, 46.0957873, 0], [34.9733811, 46.0721051, 0], [34.9871752, 46.1052755, 0], [35.0256763, 46.127811, 0], [35.0290037, 46.14808, 0], [35.1330574, 46.1634307, 0], [35.2090233, 46.1903722, 0], [35.2210679, 46.2268989, 0], [35.2525174, 46.2505709, 0]]]}}, {"type": "Feature", "properties": {"name": "\u041e\u043a\u0443\u043f\u043e\u0432\u0430\u043d\u043e /// Occupied", "date": "2022-09-30"}, "geometry": {"type": "Polygon", "coordinates": [[[33.321765, 47.3649185, 0], [33.3299316, 47.3639295, 0], [33.3322375, 47.3643161, 0], [33.335476, 47.3629961, 0], [33.3378333, 47.3625652, 0], [33.3395435, 47.3606859, 0], [33.3425626, 47.360318, 0], [33.3455389, 47.3608656, 0], [33.3460286, 47.3618645, 0], [33.3452138, 47.3650677, 0], [33.3459499, 47.3655156, 0], [33.3468363, 47.3650042, 0], [33.3481501, 47.3644703, 0], [33.3501089, 47.3643256, 0], [33.3548849, 47.3650828, 0], [33.3584291, 47.367876, 0], [33.3619131, 47.3690442, 0], [33.3685391, 47.372892, 0], [33.3689471, 47.3757268, 0], [33.369826, 47.3767444, 0], [33.3691601, 47.37875, 0], [33.37006, 47.3793902, 0], [33.3718597, 47.379392, 0], [33.3756313, 47.3818366, 0], [33.3764802, 47.385796, 0], [33.3762897, 47.3869735, 0], [33.3738486, 47.3882826, 0], [33.3703394, 47.3909013, 0], [33.3699783, 47.3923537, 0], [33.3697708, 47.3940963, 0], [33.3684475, 47.395955, 0], [33.3672957, 47.3976974, 0], [33.3671519, 47.3993219, 0], [33.3661772, 47.4015249, 0], [33.3654292, 47.4056985, 0], [33.3655754, 47.4105245, 0], [33.3662328, 47.4120046, 0], [33.365831, 47.4132223, 0], [33.3667438, 47.4165867, 0], [33.3671962, 47.4173912, 0], [33.3687874, 47.4187681, 0], [33.3697384, 47.4194311, 0], [33.3736934, 47.418526, 0], [33.3766184, 47.4171562, 0], [33.3788771, 47.4163231, 0], [33.3878594, 47.4163996, 0], [33.396842, 47.417637, 0], [33.4025031, 47.4213057, 0], [33.407277, 47.4234556, 0], [33.4076738, 47.4254313, 0], [33.4052179, 47.4271896, 0], [33.4035539, 47.4348376, 0], [33.4159896, 47.4370473, 0], [33.4356333, 47.4290364, 0], [33.4622298, 47.4451763, 0], [33.4910885, 47.4535319, 0], [33.5184649, 47.4544486, 0], [33.5674138, 47.4210864, 0], [33.5904527, 47.4096195, 0], [33.5919282, 47.3814604, 0], [33.6207167, 47.3697838, 0], [33.6729078, 47.4073129, 0], [33.7248794, 47.4146346, 0], [33.7377898, 47.4006999, 0], [33.726596, 47.373265, 0], [33.8272929, 47.3923237, 0], [33.8698299, 47.4039107, 0], [33.90958, 47.4217531, 0], [33.9572192, 47.4182864, 0], [33.9749812, 47.3872984, 0], [33.9759094, 47.3560771, 0], [33.9664246, 47.3030694, 0], [33.9193697, 47.2719297, 0], [33.9139764, 47.2449577, 0], [33.902891, 47.2324757, 0], [33.8847869, 47.220094, 0], [33.8656744, 47.2096815, 0], [33.8549139, 47.2072308, 0], [33.8253366, 47.1951697, 0], [33.804309, 47.1896433, 0], [33.7817432, 47.1787464, 0], [33.7895228, 47.132385, 0], [33.7665884, 47.0970999, 0], [33.6574147, 47.0469396, 0], [33.6620523, 46.9999038, 0], [33.6551155, 46.985062, 0], [33.5987808, 46.9347217, 0], [33.5991266, 46.8942143, 0], [33.5905495, 46.853824, 0], [33.5086542, 46.8581315, 0], [33.4717737, 46.8472203, 0], [33.4432133, 46.8404672, 0], [33.4132893, 46.8287743, 0], [33.4014134, 46.8215723, 0], [33.3823343, 46.8056755, 0], [33.359107, 46.7856999, 0], [33.3569043, 46.7818208, 0], [33.3535113, 46.7796149, 0], [33.351202, 46.7791429, 0], [33.3307069, 46.7794965, 0], [33.3237592, 46.7772709, 0], [33.3156105, 46.7751917, 0], [33.3090124, 46.7742365, 0], [33.3017603, 46.7745443, 0], [33.29671, 46.77634, 0], [33.2925966, 46.779273, 0], [33.2880813, 46.7804984, 0], [33.2870206, 46.7810185, 0], [33.283225, 46.7840864, 0], [33.2808953, 46.7841748, 0], [33.2725528, 46.7826907, 0], [33.2603447, 46.7827603, 0], [33.2575022, 46.7836324, 0], [33.2528572, 46.7832114, 0], [33.2428266, 46.7841684, 0], [33.2412334, 46.7848594, 0], [33.2335461, 46.7861673, 0], [33.2270657, 46.7857649, 0], [33.2212293, 46.7849213, 0], [33.2189549, 46.7839599, 0], [33.2150714, 46.7828662, 0], [33.2121327, 46.7830137, 0], [33.2103145, 46.7839943, 0], [33.2079998, 46.7866298, 0], [33.2054061, 46.7880898, 0], [33.1908514, 46.7878064, 0], [33.1846899, 46.7889124, 0], [33.179592, 46.7883558, 0], [33.164967, 46.7886064, 0], [33.1538027, 46.7868769, 0], [33.1431089, 46.7863384, 0], [33.1182563, 46.7772751, 0], [33.1160149, 46.775871, 0], [33.0949717, 46.7690037, 0], [33.0363423, 46.7428876, 0], [33.0136828, 46.7420641, 0], [33.0007182, 46.7430734, 0], [32.996296, 46.7420462, 0], [32.9767477, 46.7423554, 0], [32.9623394, 46.740272, 0], [32.9422617, 46.7388171, 0], [32.9338597, 46.7367115, 0], [32.9239584, 46.7352726, 0], [32.9133446, 46.7319047, 0], [32.9033192, 46.7259252, 0], [32.8998536, 46.7248178, 0], [32.892714, 46.7206158, 0], [32.8818926, 46.7152193, 0], [32.869186, 46.7066438, 0], [32.8385394, 46.6940371, 0], [32.8348487, 46.6901699, 0], [32.8200644, 46.6843303, 0], [32.8026964, 46.6803456, 0], [32.7958321, 46.6776227, 0], [32.7979193, 46.6743734, 0], [32.7971616, 46.6741048, 0], [32.7951478, 46.6773583, 0], [32.7933287, 46.6766528, 0], [32.7850445, 46.6742572, 0], [32.7775964, 46.6731313, 0], [32.7672322, 46.6725501, 0], [32.7581556, 46.6726159, 0], [32.7502782, 46.6730268, 0], [32.7397455, 46.6743829, 0], [32.7265598, 46.675019, 0], [32.7204453, 46.6741235, 0], [32.7211245, 46.6655909, 0], [32.7198636, 46.6658863, 0], [32.7191859, 46.6738123, 0], [32.7177901, 46.6735527, 0], [32.7108206, 46.670698, 0], [32.7055702, 46.6692169, 0], [32.7003139, 46.6680203, 0], [32.6950578, 46.6664921, 0], [32.6900929, 46.6646356, 0], [32.6847422, 46.6629851, 0], [32.6621531, 46.6563864, 0], [32.6550457, 46.6530871, 0], [32.6457378, 46.644146, 0], [32.629977, 46.6314823, 0], [32.5886601, 46.6030447, 0], [32.579615, 46.6015564, 0], [32.5806125, 46.5982397, 0], [32.5793889, 46.5965599, 0], [32.5725442, 46.5968551, 0], [32.557449, 46.5995523, 0], [32.5467255, 46.596168, 0], [32.5387493, 46.5950538, 0], [32.5205905, 46.5960622, 0], [32.5112294, 46.595122, 0], [32.5035874, 46.5927555, 0], [32.4968048, 46.5865842, 0], [32.4847765, 46.5816493, 0], [32.4775359, 46.5740403, 0], [32.4466042, 46.5616287, 0], [32.4291002, 46.5589468, 0], [32.418972, 46.5603338, 0], [32.4121473, 46.559209, 0], [32.3975775, 46.5532163, 0], [32.3876456, 46.5473991, 0], [32.3668796, 46.5475374, 0], [32.3588567, 46.5496107, 0], [32.3439442, 46.547518, 0], [32.3152555, 46.5509408, 0], [32.3012001, 46.5560336, 0], [32.2968393, 46.5689243, 0], [32.2816602, 46.5763853, 0], [32.2760187, 46.5821029, 0], [32.2591005, 46.5898437, 0], [32.2457109, 46.5914952, 0], [32.2234354, 46.5812322, 0], [32.2090614, 46.5762756, 0], [32.1852864, 46.5746236, 0], [32.1379079, 46.555622, 0], [32.1180811, 46.5962135, 0], [32.1129214, 46.6041075, 0], [32.1032104, 46.6110575, 0], [32.0881623, 46.6168188, 0], [32.0949749, 46.6340632, 0], [32.1182709, 46.6310297, 0], [32.1440085, 46.6327955, 0], [32.1462516, 46.7063019, 0], [32.165821, 46.7021817, 0], [32.1688604, 46.7238768, 0], [32.170577, 46.7457602, 0], [32.2175168, 46.7496435, 0], [32.2585526, 46.7546086, 0], [32.3042471, 46.7773434, 0], [32.3638323, 46.8319394, 0], [32.3619703, 46.8500037, 0], [32.3612837, 46.8562256, 0], [32.3567438, 46.8668509, 0], [32.3765699, 46.8713688, 0], [32.4237936, 46.8670294, 0], [32.4790588, 46.8698018, 0], [32.4523871, 46.9224495, 0], [32.4226403, 46.9590115, 0], [32.4765316, 46.9847777, 0], [32.4872602, 46.998126, 0], [32.5070862, 47.0057721, 0], [32.5150734, 47.0206741, 0], [32.5159312, 47.0272845, 0], [32.5199405, 47.044387, 0], [32.5649619, 47.0524187, 0], [32.6389928, 47.0657219, 0], [32.6735537, 47.0678401, 0], [32.7181719, 47.068209, 0], [32.7616162, 47.0823217, 0], [32.7796722, 47.0987641, 0], [32.8136276, 47.098335, 0], [32.845624, 47.0887186, 0], [32.8439711, 47.08582, 0], [32.8463295, 47.0846394, 0], [32.8479554, 47.0827458, 0], [32.8489747, 47.0800107, 0], [32.8527287, 47.0787482, 0], [32.8624668, 47.0792606, 0], [32.8646047, 47.0788821, 0], [32.8702517, 47.0768382, 0], [32.8715892, 47.0769585, 0], [32.8752944, 47.0787176, 0], [32.8845939, 47.0823491, 0], [32.8943983, 47.0868104, 0], [32.897724, 47.0881152, 0], [32.8983674, 47.089147, 0], [32.8973259, 47.0919379, 0], [32.89534, 47.095021, 0], [32.8948015, 47.0966294, 0], [32.8909772, 47.1034104, 0], [32.8907506, 47.1065125, 0], [32.8912106, 47.1091472, 0], [32.892045, 47.1111451, 0], [32.8932417, 47.1127459, 0], [32.8939187, 47.1133188, 0], [32.8950177, 47.1136351, 0], [32.899979, 47.1129582, 0], [32.9020051, 47.112247, 0], [32.9057997, 47.1103572, 0], [32.9107396, 47.1077081, 0], [32.9131902, 47.1052925, 0], [32.9136279, 47.1043757, 0], [32.9133345, 47.103507, 0], [32.910595, 47.1006227, 0], [32.9087213, 47.0970158, 0], [32.9089495, 47.0936378, 0], [32.9096067, 47.091896, 0], [32.9134001, 47.0879692, 0], [32.9136903, 47.087234, 0], [32.9153862, 47.0857051, 0], [32.9166323, 47.0851019, 0], [32.9237464, 47.0839741, 0], [32.9249216, 47.0835416, 0], [32.9262684, 47.0835182, 0], [32.9303407, 47.0845755, 0], [32.933469, 47.0864508, 0], [32.9344689, 47.0878441, 0], [32.9358123, 47.0942045, 0], [32.9376412, 47.1002636, 0], [32.9385527, 47.1016892, 0], [32.9390882, 47.1031382, 0], [32.9396582, 47.1040238, 0], [32.9422606, 47.1053721, 0], [32.9446057, 47.1060193, 0], [32.9487321, 47.1062429, 0], [32.950112, 47.105999, 0], [32.9510796, 47.1054268, 0], [32.9553943, 47.1008234, 0], [32.9593026, 47.0985687, 0], [32.961578, 47.097614, 0], [32.9643683, 47.0970975, 0], [32.9672015, 47.0970484, 0], [32.9700347, 47.0975251, 0], [32.9726961, 47.0994724, 0], [32.9730401, 47.1004263, 0], [32.9736423, 47.101341, 0], [32.9738896, 47.1033516, 0], [32.9738793, 47.1050117, 0], [32.9728821, 47.1072413, 0], [32.9723997, 47.1077183, 0], [32.9716528, 47.108086, 0], [32.9700047, 47.108366, 0], [32.966365, 47.1083417, 0], [32.9636348, 47.1087021, 0], [32.9594615, 47.1095978, 0], [32.9566509, 47.1104545, 0], [32.9538294, 47.1117303, 0], [32.9520967, 47.1127771, 0], [32.9509647, 47.1141743, 0], [32.9503748, 47.1157426, 0], [32.950676, 47.1170619, 0], [32.9521788, 47.1173589, 0], [32.9628247, 47.11586, 0], [32.9662593, 47.1157529, 0], [32.9701921, 47.1160972, 0], [32.9727088, 47.1170839, 0], [32.9764548, 47.1183564, 0], [32.9819731, 47.1196744, 0], [32.9876531, 47.1206943, 0], [32.9926468, 47.1227361, 0], [32.9943946, 47.1240747, 0], [32.996408, 47.12536, 0], [32.9989759, 47.1267043, 0], [32.9999918, 47.127933, 0], [33.0010797, 47.1296895, 0], [33.0019681, 47.129874, 0], [33.0028008, 47.1316446, 0], [33.008947, 47.1291949, 0], [33.0841661, 47.1045385, 0], [33.1196567, 47.0887819, 0], [33.1597854, 47.1161441, 0], [33.2010716, 47.1432582, 0], [33.2228419, 47.151892, 0], [33.180748, 47.2178191, 0], [33.1540276, 47.2300946, 0], [33.1507717, 47.233544, 0], [33.1514699, 47.2342068, 0], [33.1526946, 47.2346578, 0], [33.1564319, 47.2356179, 0], [33.1591001, 47.2356144, 0], [33.1617506, 47.236379, 0], [33.162899, 47.2359781, 0], [33.1626209, 47.2355843, 0], [33.1593182, 47.2344469, 0], [33.1584635, 47.2326383, 0], [33.1601872, 47.2313524, 0], [33.1638561, 47.2316217, 0], [33.1661947, 47.2341056, 0], [33.166752, 47.2341779, 0], [33.1679523, 47.2333899, 0], [33.1730138, 47.2336204, 0], [33.1751549, 47.2368787, 0], [33.1763474, 47.2378006, 0], [33.1777024, 47.2375463, 0], [33.1787817, 47.2369211, 0], [33.1799102, 47.2366613, 0], [33.1821674, 47.2370155, 0], [33.184193, 47.2380154, 0], [33.1846394, 47.238966, 0], [33.1846747, 47.2416832, 0], [33.1850887, 47.242689, 0], [33.1856594, 47.2432437, 0], [33.1860285, 47.2437705, 0], [33.1864235, 47.2441831, 0], [33.1867845, 47.2439594, 0], [33.1868195, 47.2433371, 0], [33.1873184, 47.2427334, 0], [33.1896039, 47.2419918, 0], [33.1916859, 47.2420817, 0], [33.1929319, 47.2425526, 0], [33.1952531, 47.2448346, 0], [33.1953467, 47.2455527, 0], [33.1949842, 47.246461, 0], [33.1938921, 47.247311, 0], [33.192137, 47.24837, 0], [33.191545, 47.2491481, 0], [33.1914768, 47.2497719, 0], [33.192027, 47.2500875, 0], [33.1932992, 47.2500194, 0], [33.1958436, 47.2496502, 0], [33.1979285, 47.2499022, 0], [33.1996092, 47.2508141, 0], [33.2001383, 47.2515309, 0], [33.1999091, 47.2523238, 0], [33.197734, 47.253793, 0], [33.1969886, 47.254576, 0], [33.1964418, 47.2555596, 0], [33.1955199, 47.2565946, 0], [33.1944486, 47.2572667, 0], [33.1939994, 47.2574145, 0], [33.1939365, 47.2576788, 0], [33.1937706, 47.261183, 0], [33.1941256, 47.262075, 0], [33.195949, 47.2633033, 0], [33.1976866, 47.264124, 0], [33.1981579, 47.2646294, 0], [33.1981564, 47.2665139, 0], [33.1984968, 47.2682445, 0], [33.2010704, 47.2721237, 0], [33.2022708, 47.2733239, 0], [33.204157, 47.2763649, 0], [33.2050921, 47.2773475, 0], [33.2076707, 47.2792759, 0], [33.2088334, 47.280651, 0], [33.2096138, 47.2819455, 0], [33.2095439, 47.2830789, 0], [33.2091467, 47.2834243, 0], [33.2099512, 47.2840899, 0], [33.2119139, 47.285089, 0], [33.2136297, 47.2858142, 0], [33.2144866, 47.2866823, 0], [33.2162865, 47.2877782, 0], [33.2202302, 47.289504, 0], [33.2247711, 47.2909177, 0], [33.2267182, 47.2913929, 0], [33.2282363, 47.291344, 0], [33.228955, 47.2920612, 0], [33.2298219, 47.2923657, 0], [33.2309892, 47.292088, 0], [33.2316929, 47.29031, 0], [33.2318987, 47.2895484, 0], [33.2327394, 47.2888402, 0], [33.2388686, 47.2888606, 0], [33.2399767, 47.2886772, 0], [33.2428793, 47.2868548, 0], [33.2472251, 47.286179, 0], [33.2492219, 47.286574, 0], [33.2497823, 47.2863742, 0], [33.2567091, 47.2866102, 0], [33.2598792, 47.287077, 0], [33.2611181, 47.287602, 0], [33.2617076, 47.2881863, 0], [33.2630583, 47.2878992, 0], [33.2639996, 47.2879307, 0], [33.2677305, 47.2906694, 0], [33.2689266, 47.2916639, 0], [33.2698599, 47.2922556, 0], [33.2718124, 47.2930314, 0], [33.2737435, 47.2949905, 0], [33.2746019, 47.2959981, 0], [33.275515, 47.2973833, 0], [33.2757415, 47.2991176, 0], [33.2750786, 47.300549, 0], [33.2749546, 47.3011416, 0], [33.2752216, 47.3030255, 0], [33.275584, 47.3041741, 0], [33.2757167, 47.3058665, 0], [33.2746907, 47.3065405, 0], [33.2740977, 47.30719, 0], [33.2707659, 47.3074413, 0], [33.2698529, 47.307653, 0], [33.2672266, 47.3077569, 0], [33.2623259, 47.3058237, 0], [33.2583611, 47.3055656, 0], [33.2557053, 47.3062096, 0], [33.2505173, 47.3067951, 0], [33.2465828, 47.3076708, 0], [33.2449654, 47.3086628, 0], [33.2418466, 47.3094399, 0], [33.2381269, 47.3114973, 0], [33.236438, 47.3128186, 0], [33.235549, 47.3143846, 0], [33.2353159, 47.3152473, 0], [33.2343345, 47.3167981, 0], [33.2331342, 47.3204733, 0], [33.2334787, 47.3216467, 0], [33.2343395, 47.3221898, 0], [33.2377085, 47.3231949, 0], [33.2406487, 47.3246943, 0], [33.2424941, 47.3259673, 0], [33.2454554, 47.3281129, 0], [33.2468292, 47.3301352, 0], [33.2488903, 47.3321436, 0], [33.2508438, 47.3336067, 0], [33.2520679, 47.3341682, 0], [33.2537438, 47.3348257, 0], [33.25495, 47.3348716, 0], [33.2561561, 47.3345975, 0], [33.2567659, 47.3342239, 0], [33.2607404, 47.3308085, 0], [33.2623112, 47.3295455, 0], [33.2649416, 47.3281319, 0], [33.2668424, 47.3272418, 0], [33.2766785, 47.3233648, 0], [33.2793478, 47.3223677, 0], [33.2853725, 47.3210714, 0], [33.2869505, 47.3210389, 0], [33.2893323, 47.322101, 0], [33.290255, 47.3221741, 0], [33.2915854, 47.3217965, 0], [33.293817, 47.3215068, 0], [33.2962204, 47.3219746, 0], [33.2975081, 47.3227356, 0], [33.2981954, 47.3235012, 0], [33.299055, 47.3239851, 0], [33.2990424, 47.325272, 0], [33.2976994, 47.3265006, 0], [33.296602, 47.3272986, 0], [33.297618, 47.3279582, 0], [33.2990634, 47.3281961, 0], [33.299524, 47.3285337, 0], [33.3002936, 47.3285745, 0], [33.3010632, 47.3296915, 0], [33.3009716, 47.3305293, 0], [33.3010061, 47.331521, 0], [33.2996673, 47.3330072, 0], [33.2981913, 47.3336526, 0], [33.2969558, 47.3342454, 0], [33.2951715, 47.3354311, 0], [33.2909159, 47.3375697, 0], [33.2890134, 47.3386477, 0], [33.287783, 47.3397567, 0], [33.2865541, 47.342321, 0], [33.2861562, 47.3434366, 0], [33.2851887, 47.3440973, 0], [33.284627, 47.3450116, 0], [33.2846189, 47.3454928, 0], [33.2852974, 47.3460321, 0], [33.2882855, 47.3476921, 0], [33.2906568, 47.3488023, 0], [33.2915371, 47.3495107, 0], [33.2921821, 47.3510437, 0], [33.2920119, 47.3522424, 0], [33.2914917, 47.3529629, 0], [33.289727, 47.3539159, 0], [33.2892875, 47.3546881, 0], [33.2902107, 47.3573371, 0], [33.292105, 47.3603882, 0], [33.2935825, 47.3642208, 0], [33.2953177, 47.3654082, 0], [33.2974149, 47.3653411, 0], [33.2992063, 47.3663695, 0], [33.2997952, 47.3681488, 0], [33.3056083, 47.3689176, 0], [33.3107116, 47.3702232, 0], [33.3152542, 47.3674861, 0], [33.321765, 47.3649185, 0]]]}}]}