{"type": "FeatureCollection", "features": [{"type": "Feature", "properties": {"name": "\u041e\u043a\u0443\u043f\u043e\u0432\u0430\u043d\u0438\u0439 \u041a\u0440\u0438\u043c /// Occupied Crimea", "date": "2022-05-31"}, "geometry": {"type": "MultiPolygon", "coordinates": [[[[35.3820643, 45.3525144, 0], [35.467835, 45.3075439, 0], [35.437068, 45.2859971, 0], [35.4193214, 45.2969629, 0], [35.4018709, 45.3103418, 0], [35.3967558, 45.3256452, 0], [35.3761844, 45.3414385, 0], [35.369352, 45.3265774, 0], [35.3549632, 45.3483999, 0], [35.3369, 45.3640037, 0], [35.322745, 45.3826559, 0], [35.3073882, 45.3859899, 0], [35.2899647, 45.4057169, 0], [35.1893449, 45.5141155, 0], [35.125202, 45.5594218, 0], [35.1180769, 45.5670035, 0], [35.1121529, 45.5771065, 0], [35.1082812, 45.5825818, 0], [35.0944199, 45.5841157, 0], [35.0747174, 45.5981409, 0], [35.0310286, 45.652672, 0], [34.9493387, 45.7628178, 0], [34.9582138, 45.7599193, 0], [34.9681019, 45.7621984, 0], [34.9731755, 45.763623, 0], [34.9770477, 45.7651671, 0], [35.0500557, 45.6672021, 0], [35.1098671, 45.5990246, 0], [35.2014582, 45.5233432, 0], [35.3112561, 45.411424, 0], [35.3820643, 45.3525144, 0]]], [[[35.467835, 45.3075439, 0], [35.4987587, 45.3061765, 0], [35.5258253, 45.2911927, 0], [35.6353067, 45.3206009, 0], [35.7217501, 45.3355618, 0], [35.7265675, 45.3497848, 0], [35.7482156, 45.3906603, 0], [35.750903, 45.3954268, 0], [35.8023584, 45.4242928, 0], [35.8264752, 45.4401288, 0], [35.8183678, 45.4514182, 0], [35.8177466, 45.4588693, 0], [35.8236493, 45.4663203, 0], [35.8417749, 45.4744726, 0], [35.8678308, 45.4732506, 0], [35.8760595, 45.4638555, 0], [35.8636895, 45.4542195, 0], [35.8465069, 45.446506, 0], [35.8847818, 45.4066898, 0], [35.9401912, 45.3784766, 0], [35.99701, 45.3714908, 0], [36.058299, 45.3852148, 0], [36.0713455, 45.4016019, 0], [36.0775394, 45.4478719, 0], [36.1255871, 45.4616911, 0], [36.1709049, 45.4697122, 0], [36.2660312, 45.4779036, 0], [36.2941983, 45.4798892, 0], [36.3054011, 45.4739692, 0], [36.3227817, 45.4704542, 0], [36.3381048, 45.4736789, 0], [36.3406179, 45.4776989, 0], [36.3417584, 45.4831634, 0], [36.3443128, 45.4789052, 0], [36.3513832, 45.4733024, 0], [36.3569717, 45.4702571, 0], [36.368345, 45.4677681, 0], [36.3754008, 45.4629065, 0], [36.3830431, 45.4580643, 0], [36.3923522, 45.4534719, 0], [36.4038684, 45.4482811, 0], [36.4140851, 45.4447172, 0], [36.4233111, 45.444858, 0], [36.4323879, 45.4466108, 0], [36.4321212, 45.4491708, 0], [36.4426329, 45.4521357, 0], [36.4406809, 45.4548197, 0], [36.4469166, 45.4576063, 0], [36.457917, 45.4552914, 0], [36.4716643, 45.4563464, 0], [36.478543, 45.4542658, 0], [36.4874737, 45.4503334, 0], [36.4960562, 45.4442702, 0], [36.5051516, 45.4412363, 0], [36.5117576, 45.4358631, 0], [36.5229549, 45.4298013, 0], [36.5309558, 45.4262862, 0], [36.5452557, 45.4242854, 0], [36.5548099, 45.4230424, 0], [36.5671421, 45.4277205, 0], [36.5661011, 45.4353605, 0], [36.5757092, 45.440626, 0], [36.5853195, 45.4396442, 0], [36.5935558, 45.4376984, 0], [36.6025698, 45.4273349, 0], [36.6129554, 45.4213075, 0], [36.6101247, 45.4152829, 0], [36.6042456, 45.412031, 0], [36.6160671, 45.4007628, 0], [36.627261, 45.3942082, 0], [36.6405126, 45.3886165, 0], [36.6450421, 45.382257, 0], [36.6431248, 45.3788986, 0], [36.6335856, 45.3764967, 0], [36.6271021, 45.3740878, 0], [36.629355, 45.368781, 0], [36.6256769, 45.363476, 0], [36.6197211, 45.359376, 0], [36.6098796, 45.3573254, 0], [36.6063332, 45.3531615, 0], [36.6042184, 45.3484248, 0], [36.5959534, 45.3458156, 0], [36.5883899, 45.3481292, 0], [36.5681277, 45.3473558, 0], [36.5463246, 45.3462433, 0], [36.5316201, 45.3513652, 0], [36.518973, 45.3516596, 0], [36.5186846, 45.3565357, 0], [36.498482, 45.3628606, 0], [36.4889741, 45.3624786, 0], [36.4822127, 45.360166, 0], [36.4762621, 45.3552063, 0], [36.4771785, 45.3502458, 0], [36.4728335, 45.3470807, 0], [36.4696374, 45.3383374, 0], [36.4701147, 45.3329161, 0], [36.4731298, 45.3244878, 0], [36.4812201, 45.3201835, 0], [36.4919049, 45.3173694, 0], [36.4785752, 45.3058437, 0], [36.4293428, 45.29622, 0], [36.4171994, 45.286584, 0], [36.4217564, 45.2721472, 0], [36.4295309, 45.2779761, 0], [36.4354746, 45.2721923, 0], [36.4315772, 45.2562531, 0], [36.4227627, 45.2429657, 0], [36.4187578, 45.2340262, 0], [36.4012509, 45.2148873, 0], [36.4070909, 45.1715577, 0], [36.4185095, 45.1544896, 0], [36.4203108, 45.1364537, 0], [36.4362654, 45.1139404, 0], [36.4544341, 45.1008902, 0], [36.4368342, 45.0839938, 0], [36.3909776, 45.0653589, 0], [36.372884, 45.0574746, 0], [36.3281966, 45.0591511, 0], [36.2821366, 45.0549895, 0], [36.2477796, 45.0492633, 0], [36.2422657, 45.0415901, 0], [36.2264566, 45.0290601, 0], [36.2137506, 45.0291009, 0], [36.2010446, 45.0330226, 0], [36.07129, 45.0482523, 0], [36.0266503, 45.0498222, 0], [36.0046649, 45.0451745, 0], [35.9823264, 45.024558, 0], [35.9684176, 45.0183747, 0], [35.9531386, 45.0141312, 0], [35.9258506, 45.019111, 0], [35.9136661, 45.0182611, 0], [35.8879269, 45.0126725, 0], [35.8755659, 45.0103718, 0], [35.8683554, 45.0054, 0], [35.8357447, 44.9990939, 0], [35.8293935, 45.0046731, 0], [35.8344566, 45.0077046, 0], [35.8297795, 45.0140758, 0], [35.8219474, 45.0192032, 0], [35.8106804, 45.0223889, 0], [35.8144831, 45.0333055, 0], [35.8048863, 45.0455584, 0], [35.7891038, 45.0563548, 0], [35.775046, 45.0689711, 0], [35.750681, 45.0825557, 0], [35.6936803, 45.106322, 0], [35.6297695, 45.1223028, 0], [35.5854754, 45.131902, 0], [35.5411745, 45.1269509, 0], [35.4989407, 45.1166504, 0], [35.4462564, 45.0984567, 0], [35.4130934, 45.0762582, 0], [35.3856226, 45.0499293, 0], [35.3833907, 45.0350032, 0], [35.3911117, 45.0260233, 0], [35.4105918, 45.0231085, 0], [35.4209684, 45.0121841, 0], [35.3887009, 45.0007996, 0], [35.3650226, 44.9946229, 0], [35.3556696, 44.9860378, 0], [35.3531847, 44.9764804, 0], [35.3839103, 44.9525034, 0], [35.3817713, 44.9479004, 0], [35.3456885, 44.9650381, 0], [35.3192041, 44.9695341, 0], [35.3025476, 44.9680837, 0], [35.2967035, 44.9622621, 0], [35.2836408, 44.9661604, 0], [35.2712818, 44.9675955, 0], [35.2561771, 44.9629687, 0], [35.2434737, 44.9528227, 0], [35.2499966, 44.937815, 0], [35.2369585, 44.9194658, 0], [35.2100892, 44.9102209, 0], [35.1870623, 44.9080271, 0], [35.1629818, 44.9006932, 0], [35.1498931, 44.8865457, 0], [35.1402067, 44.8670023, 0], [35.1318378, 44.8444582, 0], [35.1261054, 44.8237102, 0], [35.0790016, 44.7919526, 0], [34.9698329, 44.8375086, 0], [34.9120951, 44.8157703, 0], [34.7288112, 44.8078253, 0], [34.5446135, 44.7410058, 0], [34.4321494, 44.682765, 0], [34.3552146, 44.5459109, 0], [34.3055437, 44.5501151, 0], [34.249032, 44.5065762, 0], [34.1464573, 44.4793412, 0], [34.1244732, 44.4308203, 0], [33.9616898, 44.3897091, 0], [33.8607911, 44.397006, 0], [33.7451087, 44.3818594, 0], [33.715168, 44.3996416, 0], [33.6891596, 44.4152093, 0], [33.6427831, 44.423395, 0], [33.6383395, 44.4586871, 0], [33.6270126, 44.4795789, 0], [33.6019479, 44.4917389, 0], [33.5540478, 44.4868769, 0], [33.487616, 44.4970494, 0], [33.3671252, 44.5811213, 0], [33.4501548, 44.6159461, 0], [33.5390757, 44.6194771, 0], [33.5988033, 44.609644, 0], [33.6001952, 44.610786, 0], [33.5998614, 44.6133127, 0], [33.5962602, 44.6129879, 0], [33.5951457, 44.6112363, 0], [33.5890962, 44.6124382, 0], [33.5895044, 44.6148711, 0], [33.5828418, 44.6174325, 0], [33.5807108, 44.6170017, 0], [33.5779291, 44.618497, 0], [33.5761949, 44.6209549, 0], [33.5734385, 44.6197403, 0], [33.5631343, 44.6203556, 0], [33.5639904, 44.6226167, 0], [33.5606419, 44.625336, 0], [33.5527869, 44.6236417, 0], [33.5504051, 44.6258484, 0], [33.5483554, 44.6259744, 0], [33.5468152, 44.6240826, 0], [33.5420971, 44.6233813, 0], [33.5393948, 44.6237637, 0], [33.5349536, 44.6237107, 0], [33.5356517, 44.625761, 0], [33.5329163, 44.6265898, 0], [33.5312174, 44.6256803, 0], [33.5285055, 44.6275258, 0], [33.5254838, 44.6270618, 0], [33.5221859, 44.629309, 0], [33.5183353, 44.6284265, 0], [33.5099459, 44.6295904, 0], [33.5082713, 44.6319164, 0], [33.5124742, 44.6331489, 0], [33.5153851, 44.637082, 0], [33.5256907, 44.6383616, 0], [33.5311908, 44.6411069, 0], [33.5356674, 44.6459898, 0], [33.5418641, 44.6589325, 0], [33.5463628, 44.6779794, 0], [33.5467184, 44.7060292, 0], [33.5475831, 44.7244447, 0], [33.5398624, 44.7387125, 0], [33.5407223, 44.7617581, 0], [33.535058, 44.7923643, 0], [33.5406327, 44.802652, 0], [33.54552, 44.8041697, 0], [33.5477436, 44.8120781, 0], [33.5502309, 44.8222419, 0], [33.5485985, 44.8328932, 0], [33.552198, 44.8395857, 0], [33.5595722, 44.8399449, 0], [33.5696937, 44.838843, 0], [33.5789642, 44.8404874, 0], [33.5868637, 44.8470001, 0], [33.5906429, 44.8457225, 0], [33.5956232, 44.8475171, 0], [33.6008626, 44.857663, 0], [33.6052004, 44.8663859, 0], [33.6064479, 44.8717023, 0], [33.6105925, 44.8993192, 0], [33.6109623, 44.9257206, 0], [33.5976519, 44.9765496, 0], [33.6043773, 44.9804712, 0], [33.6025946, 44.9979727, 0], [33.596689, 45.0120756, 0], [33.581633, 45.0511232, 0], [33.5624345, 45.0814365, 0], [33.5374075, 45.1102177, 0], [33.5102954, 45.1346317, 0], [33.4807573, 45.1558915, 0], [33.4508543, 45.1742382, 0], [33.4332529, 45.1846374, 0], [33.4159888, 45.1914041, 0], [33.4094482, 45.1938671, 0], [33.4010281, 45.1965493, 0], [33.3913248, 45.1977683, 0], [33.3849501, 45.1971655, 0], [33.3781579, 45.1960177, 0], [33.3737318, 45.1929034, 0], [33.3747801, 45.1896522, 0], [33.3746126, 45.1872667, 0], [33.3782219, 45.1858486, 0], [33.3744548, 45.1856753, 0], [33.3667193, 45.1840434, 0], [33.3590753, 45.1817757, 0], [33.3569698, 45.1782214, 0], [33.3486851, 45.1746675, 0], [33.331162, 45.1728513, 0], [33.3255723, 45.1744576, 0], [33.3186088, 45.1750957, 0], [33.3097568, 45.1746445, 0], [33.3050247, 45.1734663, 0], [33.300406, 45.1716404, 0], [33.297504, 45.168483, 0], [33.2957182, 45.1663542, 0], [33.2956486, 45.1618045, 0], [33.293829, 45.158614, 0], [33.2905346, 45.1568327, 0], [33.2860912, 45.1538121, 0], [33.2837288, 45.1509173, 0], [33.2822718, 45.1482765, 0], [33.2797012, 45.1475952, 0], [33.2738722, 45.1464757, 0], [33.2707971, 45.1471418, 0], [33.2663625, 45.1467791, 0], [33.2609256, 45.1472646, 0], [33.2549343, 45.1498013, 0], [33.2459386, 45.1569381, 0], [33.2357548, 45.1675171, 0], [33.2276534, 45.1733016, 0], [33.2181404, 45.1776076, 0], [33.2094089, 45.1804086, 0], [33.201555, 45.1826203, 0], [33.1954571, 45.183169, 0], [33.1852357, 45.1837167, 0], [33.1798209, 45.1876511, 0], [33.167457, 45.1934696, 0], [33.1516576, 45.2007522, 0], [33.1434036, 45.2070898, 0], [33.1385684, 45.2149264, 0], [33.1246878, 45.2259538, 0], [33.1073491, 45.2326281, 0], [33.0941264, 45.2451025, 0], [33.0810275, 45.2601885, 0], [33.0740304, 45.2681259, 0], [33.0434832, 45.2878656, 0], [32.9918481, 45.3224993, 0], [32.9667646, 45.3366935, 0], [32.9371025, 45.3496162, 0], [32.9083924, 45.3605221, 0], [32.8542627, 45.3670736, 0], [32.7641899, 45.3668516, 0], [32.7297279, 45.3566612, 0], [32.7114726, 45.3448058, 0], [32.6829272, 45.333912, 0], [32.6772328, 45.32508, 0], [32.6528184, 45.3151327, 0], [32.621079, 45.3199274, 0], [32.5948271, 45.3276111, 0], [32.5793963, 45.3289693, 0], [32.570503, 45.3340943, 0], [32.5355384, 45.3390219, 0], [32.4964907, 45.3449896, 0], [32.495293, 45.3482293, 0], [32.5103771, 45.3608842, 0], [32.5134582, 45.3720378, 0], [32.5074454, 45.3819566, 0], [32.4886441, 45.3849884, 0], [32.4808276, 45.3909109, 0], [32.4819345, 45.4056494, 0], [32.5050229, 45.4261691, 0], [32.5556209, 45.4659496, 0], [32.6915269, 45.52298, 0], [32.69637, 45.5177228, 0], [32.6909269, 45.5081698, 0], [32.7144138, 45.5169495, 0], [32.7105858, 45.5239372, 0], [32.727683, 45.5330863, 0], [32.7550732, 45.548477, 0], [32.7906892, 45.5590224, 0], [32.8166262, 45.5589238, 0], [32.8245397, 45.5548513, 0], [32.8273042, 45.5563081, 0], [32.8349486, 45.5597237, 0], [32.8406482, 45.56511, 0], [32.8431411, 45.5705971, 0], [32.8426546, 45.5772541, 0], [32.8410082, 45.582406, 0], [32.831583, 45.5841652, 0], [32.8225004, 45.5832806, 0], [32.8201285, 45.5843929, 0], [32.8219076, 45.5878182, 0], [32.9050861, 45.6360774, 0], [32.9973336, 45.6779092, 0], [33.009427, 45.6790235, 0], [33.0171537, 45.6870091, 0], [33.0463678, 45.692403, 0], [33.0687571, 45.705934, 0], [33.0966485, 45.7146636, 0], [33.11481, 45.7112164, 0], [33.1250751, 45.7196617, 0], [33.1387446, 45.7183157, 0], [33.1524036, 45.730959, 0], [33.1605576, 45.7495414, 0], [33.1604287, 45.7656387, 0], [33.1657369, 45.7882695, 0], [33.1764389, 45.8053229, 0], [33.1833681, 45.811366, 0], [33.1858308, 45.8079522, 0], [33.1807104, 45.7997837, 0], [33.1724861, 45.7866032, 0], [33.1814278, 45.7734227, 0], [33.2105469, 45.7559314, 0], [33.2381446, 45.7500492, 0], [33.2794116, 45.7585976, 0], [33.3151998, 45.770008, 0], [33.3748671, 45.7965887, 0], [33.4170901, 45.8302054, 0], [33.4339234, 45.8379784, 0], [33.4729954, 45.8484896, 0], [33.4818587, 45.8532599, 0], [33.4856034, 45.8525363, 0], [33.4920962, 45.8565944, 0], [33.5184662, 45.8658644, 0], [33.5405932, 45.8849133, 0], [33.5441019, 45.8803349, 0], [33.5242678, 45.8630878, 0], [33.4971139, 45.8483554, 0], [33.5076216, 45.8410719, 0], [33.5176551, 45.846594, 0], [33.527171, 45.849723, 0], [33.5363434, 45.8451985, 0], [33.5421287, 45.8376274, 0], [33.5482128, 45.8435307, 0], [33.5535178, 45.8515079, 0], [33.5586395, 45.8617199, 0], [33.5716337, 45.870661, 0], [33.5852577, 45.8684574, 0], [33.5951837, 45.8839771, 0], [33.6147267, 45.8899326, 0], [33.6346115, 45.8784318, 0], [33.6397449, 45.8736363, 0], [33.6558644, 45.8726633, 0], [33.6549378, 45.8699698, 0], [33.6573919, 45.8657542, 0], [33.6603343, 45.8620923, 0], [33.6662681, 45.8600217, 0], [33.6736971, 45.8567142, 0], [33.6815298, 45.8502773, 0], [33.678423, 45.8458584, 0], [33.6797799, 45.8426347, 0], [33.6828542, 45.8438353, 0], [33.6859296, 45.8488623, 0], [33.6856604, 45.8588878, 0], [33.6803219, 45.8665067, 0], [33.6799532, 45.8750482, 0], [33.6792256, 45.8849596, 0], [33.6757155, 45.8923565, 0], [33.67557, 45.9009372, 0], [33.6800935, 45.9085396, 0], [33.6877728, 45.9127518, 0], [33.691284, 45.9112313, 0], [33.6899492, 45.9090379, 0], [33.6958046, 45.9074627, 0], [33.7056001, 45.9124071, 0], [33.7105903, 45.916874, 0], [33.7208017, 45.9244272, 0], [33.7282669, 45.9267258, 0], [33.7493777, 45.9274994, 0], [33.75607, 45.9297057, 0], [33.7579871, 45.9344939, 0], [33.7557842, 45.9392824, 0], [33.7513769, 45.9493368, 0], [33.7427932, 45.9517319, 0], [33.723222, 45.951262, 0], [33.6926578, 45.9567519, 0], [33.682856, 45.9528033, 0], [33.6594173, 45.9565555, 0], [33.640135, 45.9493564, 0], [33.6346116, 45.94193, 0], [33.6215537, 45.9458541, 0], [33.6163934, 45.9506791, 0], [33.6275439, 45.9564319, 0], [33.6296884, 45.9674259, 0], [33.6307578, 45.9776967, 0], [33.6285431, 45.9876045, 0], [33.6228726, 46.000837, 0], [33.6171785, 46.014904, 0], [33.6121959, 46.0418325, 0], [33.6214674, 46.0632658, 0], [33.6372819, 46.0813513, 0], [33.6362742, 46.0751698, 0], [33.6431537, 46.0780301, 0], [33.6338964, 46.0979166, 0], [33.6189643, 46.114289, 0], [33.6148453, 46.1267095, 0], [33.6134717, 46.138416, 0], [33.6076289, 46.1473165, 0], [33.660569, 46.1841719, 0], [33.6908993, 46.2050773, 0], [33.7149322, 46.2067379, 0], [33.7421104, 46.2083299, 0], [33.7378406, 46.2005747, 0], [33.7278118, 46.2009757, 0], [33.7203949, 46.1997502, 0], [33.7177182, 46.2024641, 0], [33.7129463, 46.2016824, 0], [33.71571, 46.1979643, 0], [33.7112546, 46.193492, 0], [33.7097972, 46.1901163, 0], [33.713146, 46.1862645, 0], [33.7108304, 46.1838399, 0], [33.7160664, 46.1757094, 0], [33.7197659, 46.1739455, 0], [33.7257348, 46.174014, 0], [33.7299192, 46.1709572, 0], [33.7292637, 46.1690726, 0], [33.7261891, 46.1667043, 0], [33.7253384, 46.1649261, 0], [33.7262858, 46.1616592, 0], [33.7265868, 46.1578857, 0], [33.72811, 46.1551668, 0], [33.7350502, 46.1498824, 0], [33.735601, 46.1471215, 0], [33.7408709, 46.1441232, 0], [33.7475131, 46.1378538, 0], [33.7495382, 46.1374606, 0], [33.7545527, 46.1404385, 0], [33.8239473, 46.1869511, 0], [34.0383305, 46.1168174, 0], [34.1222402, 46.1077589, 0], [34.1607681, 46.0803117, 0], [34.2253474, 46.0637955, 0], [34.3824606, 46.0345739, 0], [34.4785479, 45.9468288, 0], [34.5560383, 45.9885731, 0], [34.6510694, 45.9735446, 0], [34.7008789, 45.9590612, 0], [34.6505463, 45.9347968, 0], [34.6352267, 45.9084632, 0], [34.6238418, 45.884452, 0], [34.5520838, 45.8422677, 0], [34.5243335, 45.8191889, 0], [34.5168682, 45.8017495, 0], [34.5286285, 45.7881373, 0], [34.5728517, 45.8083642, 0], [34.6008073, 45.8373012, 0], [34.6456643, 45.8607057, 0], [34.6968744, 45.8788077, 0], [34.7333458, 45.8844129, 0], [34.7595911, 45.9032563, 0], [34.7873421, 45.9046163, 0], [34.796134, 45.8920532, 0], [34.7587955, 45.8669545, 0], [34.7472953, 45.8435332, 0], [34.6996291, 45.8139344, 0], [34.7251264, 45.8140506, 0], [34.72943, 45.8276696, 0], [34.7490748, 45.8226286, 0], [34.7851745, 45.7907793, 0], [34.7484798, 45.761843, 0], [34.7282947, 45.7309818, 0], [34.8045347, 45.7343911, 0], [34.8780522, 45.7473367, 0], [34.8644448, 45.7321869, 0], [34.875829, 45.7134099, 0], [34.8888909, 45.7017093, 0], [34.9010875, 45.6882086, 0], [34.92888, 45.6774755, 0], [34.9710323, 45.6889463, 0], [34.9821638, 45.681297, 0], [34.9926734, 45.657634, 0], [35.0339616, 45.6287569, 0], [35.0473832, 45.6128772, 0], [35.042263, 45.5960367, 0], [35.097133, 45.5292483, 0], [35.1134863, 45.4855397, 0], [35.0873588, 45.4650823, 0], [35.0255588, 45.4426858, 0], [35.0393119, 45.4152187, 0], [35.0729656, 45.3689183, 0], [35.1010963, 45.349621, 0], [35.1649696, 45.3446545, 0], [35.204621, 45.3411922, 0], [35.2416821, 45.3243264, 0], [35.4068082, 45.2644178, 0], [35.467835, 45.3075439, 0]]]]}}, {"type": "Feature", "properties": {"name": "\u041e\u0420\u0414\u041b\u041e /// CADR and CALR", "date": "2022-05-31"}, "geometry": {"type": "MultiPolygon", "coordinates": [[[[39.8450448, 48.5716736, 0], [39.844966, 48.5717249, 0], [39.8452669, 48.5716113, 0], [39.8450448, 48.5716736, 0]]], [[[39.8450448, 48.5716736, 0], [39.8492787, 48.5689135, 0], [39.852561, 48.565818, 0], [39.8547054, 48.5624669, 0], [39.8550044, 48.55886, 0], [39.8527192, 48.5537249, 0], [39.8553263, 48.547908, 0], [39.8570376, 48.5442324, 0], [39.8556589, 48.5408409, 0], [39.8556481, 48.5364446, 0], [39.8620435, 48.5237392, 0], [39.8629877, 48.5186217, 0], [39.866549, 48.510463, 0], [39.8657332, 48.5055738, 0], [39.8652718, 48.5046145, 0], [39.8630938, 48.5030297, 0], [39.8596392, 48.5018503, 0], [39.8577457, 48.5019109, 0], [39.8532799, 48.5039316, 0], [39.8515605, 48.5039618, 0], [39.8494039, 48.5033433, 0], [39.8477516, 48.5023337, 0], [39.8480092, 48.484755, 0], [39.8464213, 48.4760792, 0], [39.8482666, 48.4696794, 0], [39.8789129, 48.4551674, 0], [39.8885672, 48.4502997, 0], [39.8975335, 48.4481639, 0], [39.8990781, 48.4460004, 0], [39.897104, 48.4440647, 0], [39.8889504, 48.4430398, 0], [39.8935873, 48.4338715, 0], [39.8977928, 48.4284899, 0], [39.9085199, 48.4226522, 0], [39.913069, 48.4187783, 0], [39.9117813, 48.4133093, 0], [39.90646, 48.4067009, 0], [39.9075764, 48.4032818, 0], [39.9160308, 48.4004325, 0], [39.919678, 48.3978109, 0], [39.9167162, 48.3945628, 0], [39.9079186, 48.3924541, 0], [39.9071466, 48.3898327, 0], [39.9159608, 48.3869166, 0], [39.9186508, 48.3797574, 0], [39.9237715, 48.375493, 0], [39.9305438, 48.3769351, 0], [39.9386913, 48.3879541, 0], [39.9426268, 48.3867337, 0], [39.9364482, 48.3722506, 0], [39.9405689, 48.3613598, 0], [39.9474343, 48.3541184, 0], [39.9443435, 48.3497841, 0], [39.9437419, 48.3478456, 0], [39.918765, 48.347503, 0], [39.9189375, 48.3424823, 0], [39.8784233, 48.3335853, 0], [39.8605726, 48.3351794, 0], [39.8461521, 48.3331256, 0], [39.8449508, 48.3298729, 0], [39.8406597, 48.3284461, 0], [39.8427199, 48.3194283, 0], [39.8406598, 48.3105244, 0], [39.8866651, 48.3088118, 0], [39.887525, 48.3042446, 0], [39.9015156, 48.2996773, 0], [39.9086378, 48.2948806, 0], [39.9124154, 48.2883691, 0], [39.9155043, 48.2694063, 0], [39.9203089, 48.2716909, 0], [39.9251152, 48.2720334, 0], [39.9306086, 48.2832862, 0], [39.9340437, 48.2899695, 0], [39.95292, 48.3043598, 0], [39.976616, 48.3150911, 0], [39.9877762, 48.3176582, 0], [39.9942144, 48.3124345, 0], [39.9920692, 48.3072108, 0], [39.9965337, 48.2981888, 0], [39.9996245, 48.2895085, 0], [40.0076896, 48.2733751, 0], [40.0109482, 48.2721485, 0], [40.0161845, 48.2695771, 0], [40.0152406, 48.2635777, 0], [40.0198746, 48.2534069, 0], [40.0018502, 48.2372883, 0], [40.0082022, 48.2274541, 0], [40.007515, 48.2232232, 0], [39.9429702, 48.2303134, 0], [39.9388503, 48.1815769, 0], [39.9087225, 48.1799174, 0], [39.9084228, 48.1733629, 0], [39.9040036, 48.1727609, 0], [39.9072648, 48.1538682, 0], [39.9031447, 48.142646, 0], [39.8967881, 48.1342251, 0], [39.8924923, 48.1340522, 0], [39.879441, 48.1236241, 0], [39.8761759, 48.1193827, 0], [39.8705082, 48.1172039, 0], [39.8735986, 48.1095211, 0], [39.8701649, 48.08155, 0], [39.8324851, 48.0667539, 0], [39.8475957, 48.0584687, 0], [39.8846696, 48.0481123, 0], [39.8835531, 48.0457629, 0], [39.8758273, 48.0416377, 0], [39.7763518, 48.0400183, 0], [39.7861871, 48.0246909, 0], [39.7891703, 48.0161082, 0], [39.7934079, 48.0118167, 0], [39.7991898, 48.0091326, 0], [39.8028776, 48.0077557, 0], [39.8044206, 48.0057462, 0], [39.8102549, 48.0047702, 0], [39.8146485, 48.0017176, 0], [39.8171536, 48.0013067, 0], [39.8134092, 47.9968093, 0], [39.8182795, 47.9947064, 0], [39.816455, 47.9929483, 0], [39.8186326, 47.9900588, 0], [39.8170607, 47.9891885, 0], [39.8166904, 47.9896968, 0], [39.8141991, 47.9888682, 0], [39.8156558, 47.9852249, 0], [39.8153101, 47.9839945, 0], [39.8179543, 47.9842508, 0], [39.8226583, 47.9830132, 0], [39.8224698, 47.9797935, 0], [39.8216806, 47.9792741, 0], [39.8209269, 47.977886, 0], [39.8172737, 47.9753396, 0], [39.8158896, 47.97381, 0], [39.8157125, 47.971465, 0], [39.8167412, 47.9701892, 0], [39.8165688, 47.9694364, 0], [39.8164826, 47.9690025, 0], [39.815989, 47.9686354, 0], [39.8162572, 47.9680783, 0], [39.8178987, 47.9682109, 0], [39.8187139, 47.9678215, 0], [39.8182819, 47.9671663, 0], [39.8165704, 47.966416, 0], [39.8182922, 47.9651486, 0], [39.8170717, 47.9637821, 0], [39.817706, 47.9633, 0], [39.8175678, 47.9625305, 0], [39.8184931, 47.9615376, 0], [39.8183883, 47.9605447, 0], [39.8196105, 47.9602452, 0], [39.8215201, 47.9598428, 0], [39.8224856, 47.9582334, 0], [39.8241375, 47.9553593, 0], [39.8202965, 47.9506459, 0], [39.8062208, 47.9505883, 0], [39.8060907, 47.9373346, 0], [39.8033859, 47.9369605, 0], [39.8036704, 47.9341931, 0], [39.8008649, 47.9322307, 0], [39.8004037, 47.929111, 0], [39.8009404, 47.9269545, 0], [39.7945466, 47.9208581, 0], [39.793432, 47.9192484, 0], [39.7940343, 47.8976665, 0], [39.7946773, 47.871334, 0], [39.7936037, 47.8696408, 0], [39.7898272, 47.8687849, 0], [39.7807292, 47.8700014, 0], [39.7757511, 47.8693251, 0], [39.7736912, 47.8700449, 0], [39.7621896, 47.8714832, 0], [39.7632189, 47.846661, 0], [39.7563531, 47.8466049, 0], [39.7383286, 47.8267857, 0], [39.6531906, 47.8327901, 0], [39.632585, 47.8387703, 0], [39.6209122, 47.8367006, 0], [39.5666668, 47.8362354, 0], [39.5405743, 47.8240197, 0], [39.5337078, 47.8332393, 0], [39.5210048, 47.8249417, 0], [39.4774027, 47.8599669, 0], [39.4712801, 47.8588821, 0], [39.4661874, 47.8598701, 0], [39.4625253, 47.8590818, 0], [39.4606946, 47.8571596, 0], [39.4537724, 47.8550421, 0], [39.4492539, 47.8520028, 0], [39.4467955, 47.8521887, 0], [39.445054, 47.8525605, 0], [39.4465741, 47.853969, 0], [39.4457875, 47.8556862, 0], [39.4430128, 47.8557799, 0], [39.4410688, 47.8548151, 0], [39.4340947, 47.8463187, 0], [39.4361116, 47.8439563, 0], [39.4363708, 47.8392322, 0], [39.432599, 47.8376181, 0], [39.4281764, 47.8374005, 0], [39.4258164, 47.8360326, 0], [39.4224709, 47.8337579, 0], [39.4221698, 47.8322023, 0], [39.4125147, 47.8309346, 0], [39.3871086, 47.8714832, 0], [39.3489997, 47.8719439, 0], [39.3496864, 47.8664164, 0], [39.2411962, 47.866877, 0], [39.2339861, 47.8605425, 0], [39.2363896, 47.8542079, 0], [39.1505588, 47.8523648, 0], [39.1505588, 47.8424571, 0], [39.1464389, 47.8424573, 0], [39.10936, 47.8424573, 0], [39.10936, 47.851904, 0], [39.0818941, 47.8507521, 0], [39.0791475, 47.8691802, 0], [38.9493044, 47.8695073, 0], [38.9439833, 47.8724439, 0], [38.9324815, 47.8744587, 0], [38.9311082, 47.8722709, 0], [38.9091355, 47.8748041, 0], [38.9096504, 47.8723862, 0], [38.8998658, 47.8731921, 0], [38.8943725, 47.875495, 0], [38.8864761, 47.8736527, 0], [38.8761764, 47.8757253, 0], [38.8804679, 47.8725011, 0], [38.8734299, 47.8672042, 0], [38.8437323, 47.8651325, 0], [38.8397841, 47.8665132, 0], [38.8349776, 47.8602941, 0], [38.8353209, 47.852692, 0], [38.8305144, 47.8492362, 0], [38.8267379, 47.8465865, 0], [38.8282828, 47.8322991, 0], [38.8339476, 47.8267675, 0], [38.8290551, 47.8234826, 0], [38.8293128, 47.8190452, 0], [38.8253644, 47.8165093, 0], [38.8150649, 47.8151259, 0], [38.7896589, 47.8158176, 0], [38.7906889, 47.7955255, 0], [38.7817625, 47.7916045, 0], [38.7848524, 47.7858377, 0], [38.7917188, 47.784223, 0], [38.7851957, 47.7791476, 0], [38.7941221, 47.7756869, 0], [38.7937786, 47.7686491, 0], [38.7886289, 47.7676108, 0], [38.7889723, 47.7376032, 0], [38.774896, 47.7348324, 0], [38.7719782, 47.711618, 0], [38.7728361, 47.6859728, 0], [38.74949, 47.6842393, 0], [38.7436536, 47.6865506, 0], [38.7415936, 47.6800788, 0], [38.7357572, 47.6800788, 0], [38.7361005, 47.6847016, 0], [38.7391906, 47.6844126, 0], [38.7295773, 47.6912884, 0], [38.7306167, 47.6926675, 0], [38.7361196, 47.6946243, 0], [38.7349278, 47.7002782, 0], [38.7296158, 47.698769, 0], [38.6643844, 47.6990001, 0], [38.6664443, 47.6691841, 0], [38.6293434, 47.6687373, 0], [38.6307001, 47.6530274, 0], [38.626237, 47.6537211, 0], [38.6138773, 47.644701, 0], [38.4566126, 47.6443046, 0], [38.4573218, 47.6171683, 0], [38.3505482, 47.6169369, 0], [38.3505482, 47.575958, 0], [38.3103794, 47.5757263, 0], [38.3114094, 47.5537186, 0], [38.3028262, 47.5446812, 0], [38.2825701, 47.5451447, 0], [38.28463, 47.5075884, 0], [38.2890933, 47.5082841, 0], [38.2928699, 47.5031818, 0], [38.2873766, 47.4978471, 0], [38.2894366, 47.48996, 0], [38.2829134, 47.4869441, 0], [38.2860033, 47.477199, 0], [38.3000797, 47.4755747, 0], [38.3028262, 47.3926661, 0], [38.2853168, 47.3919688, 0], [38.2860034, 47.3724417, 0], [38.2568209, 47.3740692, 0], [38.2496111, 47.3677913, 0], [38.242058, 47.3633731, 0], [38.2475512, 47.3603499, 0], [38.2441179, 47.3529073, 0], [38.2406847, 47.3473248, 0], [38.2290116, 47.3447659, 0], [38.229355, 47.3391825, 0], [38.2214585, 47.3345291, 0], [38.2248918, 47.3303408, 0], [38.2193986, 47.3275484, 0], [38.2207719, 47.306135, 0], [38.3325012, 47.3073657, 0], [38.3326954, 47.3024101, 0], [38.3244556, 47.2986849, 0], [38.3299488, 47.292398, 0], [38.3272023, 47.2863432, 0], [38.3203357, 47.2814523, 0], [38.3272023, 47.2767939, 0], [38.3306355, 47.2705045, 0], [38.3261722, 47.2679419, 0], [38.3285755, 47.2639812, 0], [38.322739, 47.2562921, 0], [38.2858092, 47.2579899, 0], [38.2886944, 47.2395964, 0], [38.2584819, 47.2393633, 0], [38.2561342, 47.2357823, 0], [38.2448046, 47.2336843, 0], [38.2310716, 47.2290217, 0], [38.2399981, 47.2147982, 0], [38.2300416, 47.2026703, 0], [38.234106, 47.1999556, 0], [38.2327883, 47.1868064, 0], [38.2345049, 47.1566988, 0], [38.2347926, 47.1432411, 0], [38.2290117, 47.1282093, 0], [38.2296427, 47.1196506, 0], [38.2084123, 47.1069489, 0], [38.1970826, 47.1015741, 0], [38.1865557, 47.0937123, 0], [38.1721916, 47.0759777, 0], [38.1569138, 47.064052, 0], [38.1452408, 47.055983, 0], [38.1360872, 47.049752, 0], [38.1225814, 47.0438187, 0], [38.1194359, 47.0485824, 0], [38.1317956, 47.0537286, 0], [38.1328256, 47.0640197, 0], [38.1287612, 47.0723535, 0], [38.1228691, 47.0806216, 0], [38.112625, 47.089654, 0], [38.1011956, 47.0979029, 0], [38.0920257, 47.1053132, 0], [38.0738295, 47.1095193, 0], [38.0614698, 47.1120896, 0], [38.054332, 47.1083022, 0], [38.044132, 47.0985359, 0], [38.0374371, 47.0897709, 0], [38.0278241, 47.0898878, 0], [38.0146781, 47.0936958, 0], [37.9993283, 47.0994707, 0], [37.9883419, 47.0983022, 0], [37.9758825, 47.0956826, 0], [37.9790722, 47.0928096, 0], [37.9881702, 47.0894203, 0], [37.9845653, 47.0860308, 0], [37.9715191, 47.0875502, 0], [37.9459416, 47.0970167, 0], [37.9275737, 47.1034436, 0], [37.9123677, 47.1081854, 0], [37.8953012, 47.1123232, 0], [37.8795803, 47.1066666, 0], [37.8621706, 47.1062479, 0], [37.8383095, 47.0997045, 0], [37.8259499, 47.0938614, 0], [37.8148639, 47.0894884, 0], [37.8176104, 47.1011748, 0], [37.8163369, 47.109753, 0], [37.8180535, 47.1190987, 0], [37.8256066, 47.1333479, 0], [37.8297265, 47.1461922, 0], [37.8365929, 47.1569323, 0], [37.844146, 47.1655695, 0], [37.8499825, 47.1742053, 0], [37.8505694, 47.1852412, 0], [37.8513558, 47.198938, 0], [37.8472359, 47.2138654, 0], [37.8413995, 47.2269234, 0], [37.8365929, 47.2411436, 0], [37.833503, 47.249301, 0], [37.8334033, 47.2603213, 0], [37.8341897, 47.2760952, 0], [37.8338464, 47.2854117, 0], [37.8300698, 47.2958908, 0], [37.8276665, 47.3026429, 0], [37.8348763, 47.3082302, 0], [37.8317864, 47.3149807, 0], [37.8245766, 47.3214977, 0], [37.8273232, 47.3284792, 0], [37.8279101, 47.3355277, 0], [37.8292834, 47.3425074, 0], [37.8444894, 47.3419742, 0], [37.856849, 47.3436027, 0], [37.8612124, 47.3478578, 0], [37.8591525, 47.3543707, 0], [37.8486092, 47.3501161, 0], [37.8376229, 47.3524422, 0], [37.8417428, 47.3584893, 0], [37.8515994, 47.3655338, 0], [37.841643, 47.3690218, 0], [37.8383096, 47.3780216, 0], [37.8503258, 47.3842983, 0], [37.856849, 47.3928985, 0], [37.855819, 47.403124, 0], [37.8599389, 47.4154383, 0], [37.8637154, 47.4265885, 0], [37.8784784, 47.4416839, 0], [37.8925547, 47.4697729, 0], [37.8194267, 47.5463034, 0], [37.8084403, 47.5618278, 0], [37.7823477, 47.5859162, 0], [37.7771978, 47.6157796, 0], [37.7686147, 47.6354478, 0], [37.801917, 47.6423879, 0], [37.8039769, 47.6601962, 0], [37.7644947, 47.6847015, 0], [37.7184895, 47.7072316, 0], [37.6726795, 47.7247168, 0], [37.6467557, 47.7456551, 0], [37.6375888, 47.7519939, 0], [37.623169, 47.7731102, 0], [37.6345486, 47.8025384, 0], [37.6342622, 47.838423, 0], [37.6330023, 47.8460097, 0], [37.6348905, 47.8525768, 0], [37.6348904, 47.8558021, 0], [37.6355771, 47.860179, 0], [37.6389066, 47.8677882, 0], [37.640944, 47.8706227, 0], [37.6424889, 47.8737318, 0], [37.6440338, 47.8809854, 0], [37.6440338, 47.8866264, 0], [37.6299576, 47.8930725, 0], [37.6131347, 47.8981368, 0], [37.5963118, 47.9032005, 0], [37.5759066, 47.9077328, 0], [37.5685999, 47.9077685, 0], [37.5564863, 47.9101048, 0], [37.534342, 47.9134415, 0], [37.5428393, 47.9324766, 0], [37.533827, 47.9505916, 0], [37.5424101, 47.9579494, 0], [37.5489332, 47.9648464, 0], [37.5530531, 47.9747305, 0], [37.5585462, 47.986451, 0], [37.5636961, 47.9942632, 0], [37.5791457, 48.0052902, 0], [37.5966552, 48.0117216, 0], [37.6141646, 48.0151666, 0], [37.6340774, 48.0227449, 0], [37.6478104, 48.0289444, 0], [37.6618866, 48.0367502, 0], [37.6732163, 48.04685, 0], [37.6830235, 48.0555005, 0], [37.7051454, 48.0575216, 0], [37.7409368, 48.0634875, 0], [37.7438118, 48.0686213, 0], [37.751494, 48.0792021, 0], [37.7575022, 48.0852802, 0], [37.7678015, 48.0902113, 0], [37.7801615, 48.0922749, 0], [37.8007611, 48.0977782, 0], [37.816233, 48.104586, 0], [37.8100531, 48.1206319, 0], [37.8150089, 48.1298691, 0], [37.8198549, 48.1438969, 0], [37.824622, 48.1578177, 0], [37.8285927, 48.1751503, 0], [37.8562077, 48.1928465, 0], [37.8833302, 48.1997121, 0], [37.8965706, 48.2154292, 0], [37.8929432, 48.2335689, 0], [37.89157, 48.2550609, 0], [37.8953466, 48.268546, 0], [37.8881602, 48.2836394, 0], [37.8901968, 48.2991598, 0], [37.8778371, 48.3247334, 0], [37.8871068, 48.3363742, 0], [37.8939733, 48.3452743, 0], [37.9025563, 48.3553135, 0], [37.9077062, 48.3642103, 0], [37.9181776, 48.3758422, 0], [37.9340563, 48.3772104, 0], [37.9473157, 48.3770108, 0], [37.9516516, 48.3886113, 0], [37.9775724, 48.3976162, 0], [38.0388558, 48.4013774, 0], [38.0642617, 48.4060498, 0], [38.0871153, 48.4107657, 0], [38.1130137, 48.4091265, 0], [38.1157603, 48.3988699, 0], [38.1209101, 48.392487, 0], [38.1308665, 48.3879273, 0], [38.1500926, 48.3854193, 0], [38.159019, 48.3826832, 0], [38.1720653, 48.3785786, 0], [38.1847683, 48.3749299, 0], [38.196098, 48.3733335, 0], [38.2074276, 48.371509, 0], [38.2149807, 48.3690002, 0], [38.2276837, 48.3671755, 0], [38.24176, 48.3637541, 0], [38.2591203, 48.359806, 0], [38.2736891, 48.3591918, 0], [38.2907061, 48.361631, 0], [38.3066481, 48.3664912, 0], [38.3217544, 48.3710529, 0], [38.3317108, 48.3772104, 0], [38.3435779, 48.3844372, 0], [38.3542284, 48.390346, 0], [38.3672748, 48.3996925, 0], [38.3799702, 48.4086007, 0], [38.390964, 48.4158739, 0], [38.3892474, 48.4322779, 0], [38.3930237, 48.436606, 0], [38.4053767, 48.4733655, 0], [38.4115634, 48.5105796, 0], [38.4143026, 48.5206053, 0], [38.4115634, 48.5274077, 0], [38.4088168, 48.533319, 0], [38.4060702, 48.5401389, 0], [38.402637, 48.5478669, 0], [38.402637, 48.5537758, 0], [38.4019504, 48.5615018, 0], [38.4019504, 48.5719527, 0], [38.402637, 48.5810386, 0], [38.402637, 48.5919397, 0], [38.4060702, 48.6019302, 0], [38.4046969, 48.6096488, 0], [38.4046894, 48.6169314, 0], [38.4088093, 48.62964, 0], [38.4143025, 48.6382619, 0], [38.4198032, 48.6450485, 0], [38.4314762, 48.6504924, 0], [38.4452016, 48.6550476, 0], [38.4644278, 48.6564083, 0], [38.4802281, 48.6591107, 0], [38.4967076, 48.6631925, 0], [38.5152472, 48.6663671, 0], [38.5161483, 48.6705617, 0], [38.5272842, 48.6746424, 0], [38.5394514, 48.6735091, 0], [38.5489783, 48.6752945, 0], [38.5542143, 48.6805367, 0], [38.5594455, 48.6866947, 0], [38.5722313, 48.6890556, 0], [38.577732, 48.6967418, 0], [38.5784187, 48.7094303, 0], [38.5832177, 48.7198696, 0], [38.6301672, 48.721172, 0], [38.6784116, 48.723701, 0], [38.6745492, 48.7293629, 0], [38.6917155, 48.7293629, 0], [38.7095682, 48.7261923, 0], [38.727421, 48.7230215, 0], [38.7535137, 48.7184915, 0], [38.7670674, 48.71432, 0], [38.7878385, 48.7134138, 0], [38.8084379, 48.7134138, 0], [38.8300673, 48.7170382, 0], [38.8360755, 48.7232671, 0], [38.841397, 48.7335147, 0], [38.8471476, 48.7429112, 0], [38.8561599, 48.7504951, 0], [38.8728111, 48.753268, 0], [38.8920372, 48.7508912, 0], [38.9047401, 48.7506082, 0], [38.9198464, 48.7456279, 0], [38.9330644, 48.7482313, 0], [38.9361543, 48.7437602, 0], [38.9317769, 48.7364584, 0], [38.9446515, 48.7354394, 0], [38.9571829, 48.7394585, 0], [38.9595003, 48.747156, 0], [38.979928, 48.743647, 0], [38.9887686, 48.7345337, 0], [38.9914368, 48.7306084, 0], [38.9965867, 48.7243805, 0], [38.9977884, 48.7197373, 0], [38.9943476, 48.715849, 0], [38.9888619, 48.715207, 0], [38.9831971, 48.7141876, 0], [38.9837904, 48.7110352, 0], [38.9900635, 48.711809, 0], [38.9955492, 48.7124511, 0], [38.9977884, 48.7097701, 0], [38.9965868, 48.706485, 0], [38.998475, 48.7011605, 0], [39.0018149, 48.697384, 0], [39.0070581, 48.6969684, 0], [39.0137454, 48.6960244, 0], [39.0147829, 48.6896031, 0], [39.0122079, 48.6834834, 0], [39.0176936, 48.679989, 0], [39.0192461, 48.6767963, 0], [39.0192461, 48.6721487, 0], [39.0235376, 48.669428, 0], [39.0252542, 48.6668205, 0], [39.0266275, 48.6628524, 0], [39.0216493, 48.6617186, 0], [39.0173578, 48.6630791, 0], [39.009633, 48.6626256, 0], [39.0123721, 48.658336, 0], [39.0183803, 48.6569753, 0], [39.0279933, 48.6535734, 0], [39.030919, 48.6516264, 0], [39.0355464, 48.6482432, 0], [39.0444804, 48.6475437, 0], [39.0534068, 48.648451, 0], [39.0649006, 48.650398, 0], [39.0707446, 48.6527605, 0], [39.078641, 48.6516264, 0], [39.0872242, 48.6518533, 0], [39.0975239, 48.6511728, 0], [39.104047, 48.6518533, 0], [39.1108201, 48.6560115, 0], [39.118974, 48.6602636, 0], [39.1239597, 48.6614351, 0], [39.1288521, 48.6612083, 0], [39.1371702, 48.6606038, 0], [39.138036, 48.6629658, 0], [39.1375211, 48.6656868, 0], [39.1383794, 48.6685778, 0], [39.1401818, 48.6713552, 0], [39.1418909, 48.6735848, 0], [39.1463616, 48.6770796, 0], [39.1525414, 48.6771363, 0], [39.1590571, 48.6769854, 0], [39.1639494, 48.6787422, 0], [39.1685918, 48.6807067, 0], [39.1712525, 48.6824067, 0], [39.174335, 48.6839558, 0], [39.1765666, 48.6850891, 0], [39.1780332, 48.6878466, 0], [39.1803432, 48.6926817, 0], [39.1819815, 48.6950989, 0], [39.1837839, 48.6979315, 0], [39.1867021, 48.7007639, 0], [39.1891837, 48.7021992, 0], [39.1914153, 48.705088, 0], [39.192367, 48.7071081, 0], [39.1936682, 48.7076087, 0], [39.1959073, 48.7066833, 0], [39.1965082, 48.7033981, 0], [39.1999414, 48.6995461, 0], [39.2005209, 48.6995177, 0], [39.2060142, 48.6994045, 0], [39.2077307, 48.7013871, 0], [39.2106489, 48.7035962, 0], [39.2139105, 48.7056354, 0], [39.2198329, 48.7067682, 0], [39.2213778, 48.707901, 0], [39.2244677, 48.7102232, 0], [39.2283301, 48.7121488, 0], [39.2328148, 48.7122773, 0], [39.2360688, 48.7104274, 0], [39.2397381, 48.7105254, 0], [39.2462612, 48.713697, 0], [39.2479854, 48.7176987, 0], [39.2485551, 48.7189657, 0], [39.2490153, 48.7209831, 0], [39.2493586, 48.7243805, 0], [39.2522769, 48.7287967, 0], [39.2545095, 48.7322642, 0], [39.2521052, 48.7366091, 0], [39.2505603, 48.7400055, 0], [39.2523552, 48.7426848, 0], [39.2594867, 48.7429488, 0], [39.2658307, 48.7431376, 0], [39.2670324, 48.7455147, 0], [39.2665249, 48.7486085, 0], [39.2656666, 48.7515512, 0], [39.2690065, 48.7545695, 0], [39.2742711, 48.7541695, 0], [39.2749577, 48.7499819, 0], [39.2812878, 48.7503062, 0], [39.285486, 48.7517966, 0], [39.2851426, 48.7546261, 0], [39.2859226, 48.7586811, 0], [39.2884042, 48.7611332, 0], [39.2931324, 48.7626418, 0], [39.2982822, 48.7654706, 0], [39.3012788, 48.7687143, 0], [39.3024021, 48.7715803, 0], [39.3042904, 48.7738429, 0], [39.3090895, 48.7755589, 0], [39.3142468, 48.7759924, 0], [39.3193034, 48.7770295, 0], [39.3253973, 48.7757852, 0], [39.3259198, 48.7723722, 0], [39.3259123, 48.7687708, 0], [39.330898, 48.7677335, 0], [39.3377645, 48.7673941, 0], [39.3435076, 48.7695063, 0], [39.3487508, 48.7697701, 0], [39.3530349, 48.766904, 0], [39.3497807, 48.7634338, 0], [39.3447092, 48.7614161, 0], [39.342056, 48.7553993, 0], [39.3455675, 48.7507214, 0], [39.3463475, 48.7473634, 0], [39.3492658, 48.742496, 0], [39.3545874, 48.7405715, 0], [39.3574981, 48.7361187, 0], [39.3561323, 48.7323068, 0], [39.3530424, 48.7290232, 0], [39.3534641, 48.7263246, 0], [39.3601589, 48.7227009, 0], [39.3667678, 48.7213419, 0], [39.3714027, 48.7198696, 0], [39.3721559, 48.7172084, 0], [39.3684844, 48.7157357, 0], [39.3629913, 48.7160189, 0], [39.3574981, 48.7147164, 0], [39.3541314, 48.7132442, 0], [39.3486382, 48.7134707, 0], [39.3453959, 48.7120546, 0], [39.3502882, 48.7060509, 0], [39.3525199, 48.7009529, 0], [39.3585946, 48.6964778, 0], [39.367006, 48.6916055, 0], [39.3726709, 48.6891125, 0], [39.3795566, 48.6862791, 0], [39.388998, 48.6845225, 0], [39.387968, 48.6808391, 0], [39.390352, 48.6782324, 0], [39.3936135, 48.6765322, 0], [39.4010144, 48.6752284, 0], [39.4058209, 48.6738115, 0], [39.4111231, 48.6698441, 0], [39.4123247, 48.6668966, 0], [39.4080332, 48.6625316, 0], [39.4070891, 48.6594135, 0], [39.4106939, 48.6576559, 0], [39.4174939, 48.6594132, 0], [39.4274309, 48.6577126, 0], [39.4372315, 48.656471, 0], [39.4460721, 48.6575482, 0], [39.4506911, 48.6555581, 0], [39.4513078, 48.6517082, 0], [39.4481162, 48.6475063, 0], [39.4496659, 48.6428481, 0], [39.4505671, 48.6415153, 0], [39.4542149, 48.6397855, 0], [39.4597939, 48.6397288, 0], [39.4639249, 48.6394589, 0], [39.4656733, 48.638084, 0], [39.4638391, 48.6352049, 0], [39.4627233, 48.632936, 0], [39.4631413, 48.6290366, 0], [39.4673041, 48.6286963, 0], [39.4730977, 48.6291501, 0], [39.4785909, 48.6291501, 0], [39.4856719, 48.6304265, 0], [39.489234, 48.6316177, 0], [39.4939976, 48.6333762, 0], [39.4997482, 48.6341987, 0], [39.5026236, 48.6349644, 0], [39.5069262, 48.6355453, 0], [39.5101878, 48.6354886, 0], [39.5128359, 48.6345507, 0], [39.5157668, 48.6298729, 0], [39.5119776, 48.625134, 0], [39.5116469, 48.6218737, 0], [39.5162691, 48.6180986, 0], [39.5233199, 48.6150081, 0], [39.5270106, 48.6095604, 0], [39.5236505, 48.6061817, 0], [39.5224616, 48.6026931, 0], [39.5240156, 48.598549, 0], [39.531397, 48.5969596, 0], [39.5321605, 48.5934975, 0], [39.5274271, 48.5919912, 0], [39.5251955, 48.5885849, 0], [39.5312037, 48.5842699, 0], [39.5415034, 48.5842699, 0], [39.5459666, 48.5873358, 0], [39.545795, 48.5923318, 0], [39.5476832, 48.5969867, 0], [39.5545497, 48.5995978, 0], [39.5617595, 48.5985761, 0], [39.5656345, 48.5939516, 0], [39.5653643, 48.5889255, 0], [39.5612571, 48.5848112, 0], [39.5681109, 48.5819987, 0], [39.5749042, 48.5842434, 0], [39.5822857, 48.5889558, 0], [39.5931736, 48.5936943, 0], [39.60107, 48.5914235, 0], [39.6050182, 48.5867681, 0], [39.60004, 48.585519, 0], [39.5945469, 48.5810902, 0], [39.594302, 48.5764073, 0], [39.6024433, 48.5746166, 0], [39.6094814, 48.5750709, 0], [39.6148029, 48.5799545, 0], [39.6173778, 48.5863139, 0], [39.6221845, 48.5868816, 0], [39.6304242, 48.5809766, 0], [39.6408956, 48.5830207, 0], [39.6505086, 48.5854054, 0], [39.6611516, 48.5874494, 0], [39.6699064, 48.5891526, 0], [39.6772879, 48.5875629, 0], [39.6863127, 48.5869687, 0], [39.691353, 48.5866363, 0], [39.6994833, 48.5878933, 0], [39.7073323, 48.5868866, 0], [39.7139843, 48.5853544, 0], [39.7207541, 48.5850849, 0], [39.7249491, 48.5862913, 0], [39.734884, 48.5858646, 0], [39.7402916, 48.5878524, 0], [39.743725, 48.5902084, 0], [39.7464718, 48.5907617, 0], [39.7501626, 48.5899029, 0], [39.7518361, 48.5870889, 0], [39.7508704, 48.5836947, 0], [39.7514174, 48.5825085, 0], [39.7528925, 48.5819154, 0], [39.7565993, 48.5833664, 0], [39.7609547, 48.5837925, 0], [39.763422, 48.5853541, 0], [39.7683569, 48.5867737, 0], [39.7732493, 48.5915429, 0], [39.7753104, 48.5919678, 0], [39.783165, 48.5925508, 0], [39.7882939, 48.5928419, 0], [39.793047, 48.592448, 0], [39.7998437, 48.5900369, 0], [39.8037571, 48.5860779, 0], [39.8074555, 48.5842195, 0], [39.8134205, 48.5837867, 0], [39.8150939, 48.5842623, 0], [39.8213165, 48.5861784, 0], [39.8238912, 48.586036, 0], [39.8250067, 48.5858651, 0], [39.8258648, 48.5849562, 0], [39.8262949, 48.5832812, 0], [39.8243647, 48.5806977, 0], [39.8218122, 48.5798176, 0], [39.8208048, 48.5789376, 0], [39.8228657, 48.5778873, 0], [39.8450448, 48.5716736, 0]]]]}}, {"type": "Feature", "properties": {"name": "\u0420\u0443\u0431\u0456\u0436\u043d\u0435. \u0422\u0435\u0440\u0438\u0442\u043e\u0440\u0456\u0457 \u0437\u0430\u0439\u043d\u044f\u0442\u0456 \u0432\u043e\u0440\u043e\u0433\u043e\u043c. \n\n12.05 \u0431\u0443\u0432 \u0432\u0456\u0434\u0445\u0456\u0434 \u0437 \u041f\u0456\u0432\u0434\u0435\u043d\u043d\u043e\u0457, \u0442\u0430 \u0439\u043c\u043e\u0432\u0456\u0440\u043d\u043e, \u0417\u0430\u0431\u0456\u0440\u043a\u0456\u043d\u043e.\n // Rubizhne. Territory, which is under occupation.\n\n12.05 Southern, and probably, Zabirkino, were left\n", "date": "2022-05-31"}, "geometry": {"type": "Polygon", "coordinates": [[[38.355341, 49.0541261, 0], [38.4068499, 49.0361959, 0], [38.419964, 49.0293865, 0], [38.4241521, 49.0156399, 0], [38.4325798, 49.0104879, 0], [38.4443002, 49.0031254, 0], [38.4336636, 48.99327, 0], [38.4241472, 48.9814425, 0], [38.4253534, 48.9762954, 0], [38.4222505, 48.9690447, 0], [38.4225932, 48.9687907, 0], [38.4222067, 48.9683537, 0], [38.4221422, 48.9679662, 0], [38.4209995, 48.9675806, 0], [38.4203209, 48.9676272, 0], [38.4199602, 48.9677914, 0], [38.4199943, 48.9681834, 0], [38.4193204, 48.9685472, 0], [38.4188242, 48.968453, 0], [38.4180611, 48.9681805, 0], [38.4164612, 48.9681334, 0], [38.4163096, 48.9676566, 0], [38.4167488, 48.9669111, 0], [38.4175478, 48.9667074, 0], [38.4177582, 48.9663466, 0], [38.4174558, 48.9660394, 0], [38.4169612, 48.9659703, 0], [38.4157698, 48.9661752, 0], [38.4150239, 48.9668412, 0], [38.4141667, 48.9669844, 0], [38.4132916, 48.9668593, 0], [38.4134297, 48.9661303, 0], [38.4131907, 48.9660526, 0], [38.4128416, 48.9662354, 0], [38.4115856, 48.9665164, 0], [38.4108329, 48.9670222, 0], [38.410333, 48.9675941, 0], [38.4097289, 48.9677744, 0], [38.4093019, 48.9675886, 0], [38.4089885, 48.9669857, 0], [38.4079928, 48.9664901, 0], [38.4060872, 48.9661751, 0], [38.4043359, 48.9662212, 0], [38.403022, 48.9655245, 0], [38.4026257, 48.9645256, 0], [38.4041505, 48.9629221, 0], [38.4039385, 48.9625892, 0], [38.4030854, 48.9623741, 0], [38.4017225, 48.9618876, 0], [38.3997693, 48.9591113, 0], [38.3991246, 48.9607157, 0], [38.3976635, 48.961783, 0], [38.3968013, 48.9628466, 0], [38.3955919, 48.9640159, 0], [38.3942888, 48.9649456, 0], [38.3930558, 48.9654525, 0], [38.3920489, 48.9661283, 0], [38.3863445, 48.9698746, 0], [38.3843308, 48.9713668, 0], [38.3824886, 48.9730844, 0], [38.3767081, 48.9773065, 0], [38.3693526, 48.9814122, 0], [38.3691135, 48.9852172, 0], [38.3665755, 48.9874194, 0], [38.3628729, 48.989007, 0], [38.3595878, 48.9892533, 0], [38.3579958, 48.9897456, 0], [38.3568033, 48.9906629, 0], [38.3537226, 48.9915236, 0], [38.352711, 48.993583, 0], [38.3506876, 48.9957869, 0], [38.3479288, 48.9979985, 0], [38.3412099, 49.0007319, 0], [38.3425647, 49.0019117, 0], [38.3438042, 49.0042337, 0], [38.3452163, 49.0056545, 0], [38.3460135, 49.0073975, 0], [38.3419272, 49.0109707, 0], [38.3386376, 49.0160011, 0], [38.3377475, 49.0177882, 0], [38.3315352, 49.024416, 0], [38.3344555, 49.0328516, 0], [38.3403623, 49.0426207, 0], [38.3448782, 49.0470349, 0], [38.355341, 49.0541261, 0]]]}}, {"type": "Feature", "properties": {"name": "\u041e\u043a\u0443\u043f\u043e\u0432\u0430\u043d\u043e /// Occupied\n", "date": "2022-05-31"}, "geometry": {"type": "Polygon", "coordinates": [[[36.603887, 50.1882098, 0], [36.5952246, 50.2299114, 0], [36.6134849, 50.2237342, 0], [36.6147727, 50.2269816, 0], [36.6159111, 50.227192, 0], [36.619141, 50.2269951, 0], [36.6360536, 50.2236727, 0], [36.6400448, 50.2226019, 0], [36.6404371, 50.222102, 0], [36.6479893, 50.2177626, 0], [36.6639935, 50.2223046, 0], [36.6797426, 50.1886061, 0], [36.603887, 50.1882098, 0]]]}}, {"type": "Feature", "properties": {"name": "\u0417\u043c\u0456\u0457\u043d\u0438\u0439 ///\u00a0Snake Island", "date": "2022-05-31"}, "geometry": {"type": "Polygon", "coordinates": [[[30.1991118, 45.2687362, 0], [30.2241755, 45.2570137, 0], [30.2092406, 45.2428748, 0], [30.1845198, 45.2535108, 0], [30.1991118, 45.2687362, 0]]]}}, {"type": "Feature", "properties": {"name": "\u041e\u043a\u0443\u043f\u043e\u0432\u0430\u043d\u043e /// Occupied", "date": "2022-05-31"}, "geometry": {"type": "Polygon", "coordinates": [[[37.8562077, 48.1928465, 0], [37.8285927, 48.1751503, 0], [37.824622, 48.1578177, 0], [37.8198549, 48.1438969, 0], [37.8094909, 48.1524009, 0], [37.8103277, 48.1553785, 0], [37.8077741, 48.1849014, 0], [37.8290229, 48.2041871, 0], [37.8228431, 48.230723, 0], [37.8125434, 48.2380409, 0], [37.7562384, 48.2384982, 0], [37.7497154, 48.2609023, 0], [37.7772671, 48.2702727, 0], [37.8003803, 48.2723378, 0], [37.799505, 48.2780342, 0], [37.8217294, 48.2899051, 0], [37.835636, 48.2950337, 0], [37.8901968, 48.2991598, 0], [37.8881602, 48.2836394, 0], [37.8953466, 48.268546, 0], [37.89157, 48.2550609, 0], [37.8929432, 48.2335689, 0], [37.8965706, 48.2154292, 0], [37.8833302, 48.1997121, 0], [37.8562077, 48.1928465, 0]]]}}, {"type": "Feature", "properties": {"name": "\u041e\u043a\u0443\u043f\u043e\u0432\u0430\u043d\u043e /// Occupied", "date": "2022-05-31"}, "geometry": {"type": "Polygon", "coordinates": [[[38.4024861, 48.5572586, 0], [38.402637, 48.5478669, 0], [38.4143026, 48.5206053, 0], [38.4115634, 48.5105796, 0], [38.4053767, 48.4733655, 0], [38.3930237, 48.436606, 0], [38.3892474, 48.4322779, 0], [38.390964, 48.4158739, 0], [38.355829, 48.3910748, 0], [38.3217544, 48.3710529, 0], [38.2907061, 48.361631, 0], [38.2736891, 48.3591918, 0], [38.2591203, 48.359806, 0], [38.2276837, 48.3671755, 0], [38.2149807, 48.3690002, 0], [38.2074276, 48.371509, 0], [38.1847683, 48.3749299, 0], [38.1500926, 48.3854193, 0], [38.1308665, 48.3879273, 0], [38.1950951, 48.4203152, 0], [38.2181744, 48.4617727, 0], [38.212068, 48.4712267, 0], [38.2220984, 48.4752176, 0], [38.2580532, 48.4726105, 0], [38.2620759, 48.4670409, 0], [38.2719382, 48.4678471, 0], [38.2866119, 48.4873164, 0], [38.2900196, 48.4958126, 0], [38.2831531, 48.5021825, 0], [38.3291659, 48.5249066, 0], [38.2017839, 48.5480147, 0], [38.1808405, 48.5715841, 0], [38.169686, 48.5849223, 0], [38.1834193, 48.6587625, 0], [38.1787507, 48.6672633, 0], [38.1985156, 48.6748744, 0], [38.2787164, 48.6783831, 0], [38.2894149, 48.7026821, 0], [38.2403565, 48.727431, 0], [38.2564334, 48.7291387, 0], [38.2592477, 48.7341264, 0], [38.3613732, 48.7034433, 0], [38.3565327, 48.6935717, 0], [38.3637079, 48.6809805, 0], [38.3905383, 48.6787593, 0], [38.4108459, 48.6815203, 0], [38.4452016, 48.6550476, 0], [38.4314762, 48.6504924, 0], [38.4198032, 48.6450485, 0], [38.4143025, 48.6382619, 0], [38.4088093, 48.62964, 0], [38.4046894, 48.6169314, 0], [38.4048036, 48.6090985, 0], [38.4060702, 48.6019302, 0], [38.402637, 48.5919397, 0], [38.402637, 48.5810386, 0], [38.4019712, 48.5747527, 0], [38.4019504, 48.5615018, 0], [38.4024861, 48.5572586, 0]]]}}, {"type": "Feature", "properties": {"name": "\u041e\u043a\u0443\u043f\u043e\u0432\u0430\u043d\u043e /// Occupied", "date": "2022-05-31"}, "geometry": {"type": "MultiPolygon", "coordinates": [[[[35.3333665, 46.3582202, 0], [35.3218364, 46.3332078, 0], [35.317497, 46.3314708, 0], [35.318515, 46.3350481, 0], [35.3179919, 46.3402619, 0], [35.3140349, 46.3450016, 0], [35.3087903, 46.3483784, 0], [35.3080086, 46.3495037, 0], [35.3053962, 46.3542423, 0], [35.3018887, 46.3555606, 0], [35.2903127, 46.357234, 0], [35.2747139, 46.3559584, 0], [35.2695223, 46.3559538, 0], [35.2663547, 46.353511, 0], [35.2630952, 46.3656409, 0], [35.2574305, 46.375757, 0], [35.1997289, 46.3813728, 0], [35.1900773, 46.3712781, 0], [35.1851942, 46.3695606, 0], [35.175433, 46.3632748, 0], [35.1620938, 46.3587479, 0], [35.1395419, 46.3515709, 0], [35.1274123, 46.3419438, 0], [35.1176084, 46.3222025, 0], [35.1124432, 46.3102126, 0], [35.1021348, 46.3004517, 0], [35.0767677, 46.2785357, 0], [35.052167, 46.2669443, 0], [35.021547, 46.2584415, 0], [34.8995659, 46.2381715, 0], [34.829315, 46.204055, 0], [34.8346359, 46.1154117, 0], [34.852469, 46.0090997, 0], [34.8921828, 45.8986927, 0], [34.9770477, 45.7651671, 0], [34.9731755, 45.763623, 0], [34.9681019, 45.7621984, 0], [34.9582138, 45.7599193, 0], [34.9493387, 45.7628178, 0], [34.9554893, 45.767389, 0], [34.9456423, 45.7803165, 0], [34.9403655, 45.7872533, 0], [34.9353039, 45.8054347, 0], [34.9004134, 45.8580674, 0], [34.8855773, 45.8632873, 0], [34.8751306, 45.8555496, 0], [34.8707212, 45.8467632, 0], [34.8674066, 45.8291807, 0], [34.8250838, 45.8112122, 0], [34.8158666, 45.8357222, 0], [34.8400152, 45.8737411, 0], [34.7008789, 45.9590612, 0], [34.6514104, 45.97379, 0], [34.5560383, 45.9885731, 0], [34.4785479, 45.9468288, 0], [34.3824606, 46.0345739, 0], [34.2253474, 46.0637955, 0], [34.1607681, 46.0803117, 0], [34.1225789, 46.1080045, 0], [34.0383305, 46.1168174, 0], [33.8242847, 46.1871969, 0], [33.7548898, 46.1406843, 0], [33.7495382, 46.1374606, 0], [33.7475131, 46.1378538, 0], [33.7408709, 46.1441232, 0], [33.735601, 46.1471215, 0], [33.7350502, 46.1498824, 0], [33.72811, 46.1551668, 0], [33.7265868, 46.1578857, 0], [33.7262858, 46.1616592, 0], [33.7253384, 46.1649261, 0], [33.7261891, 46.1667043, 0], [33.7292637, 46.1690726, 0], [33.7299192, 46.1709572, 0], [33.7257348, 46.174014, 0], [33.7197659, 46.1739455, 0], [33.7160664, 46.1757094, 0], [33.7108304, 46.1838399, 0], [33.713146, 46.1862645, 0], [33.7097972, 46.1901163, 0], [33.7112546, 46.193492, 0], [33.71571, 46.1979643, 0], [33.7129463, 46.2016824, 0], [33.7177182, 46.2024641, 0], [33.7203949, 46.1997502, 0], [33.7278118, 46.2009757, 0], [33.7378406, 46.2005747, 0], [33.7421104, 46.2083299, 0], [33.6912363, 46.2053232, 0], [33.6079654, 46.1475624, 0], [33.5737439, 46.1255906, 0], [33.5573368, 46.1221338, 0], [33.5247978, 46.1155786, 0], [33.5637474, 46.0746225, 0], [33.4966984, 46.0701674, 0], [33.5148147, 46.0271133, 0], [33.4288609, 46.0272295, 0], [33.2991907, 46.0700506, 0], [33.1775483, 46.1203559, 0], [32.9126426, 46.102199, 0], [32.710194, 46.1026938, 0], [32.5346946, 46.0652669, 0], [32.2477914, 46.1244914, 0], [32.226216, 46.1324231, 0], [32.2304411, 46.1393923, 0], [32.2366728, 46.1500149, 0], [32.2288004, 46.1665053, 0], [32.2258878, 46.1699955, 0], [32.2398798, 46.1783972, 0], [32.221812, 46.187592, 0], [32.2081061, 46.1866809, 0], [32.2067617, 46.1753105, 0], [32.2061332, 46.1720621, 0], [32.1870249, 46.175548, 0], [32.1659661, 46.196775, 0], [32.1264746, 46.203027, 0], [32.0878289, 46.2213429, 0], [32.0777541, 46.2388024, 0], [32.0514192, 46.2496669, 0], [32.0286309, 46.245122, 0], [31.9695145, 46.2570898, 0], [31.9591374, 46.2652489, 0], [31.9565439, 46.2654215, 0], [31.9437456, 46.2854411, 0], [31.9364358, 46.2907488, 0], [31.9041055, 46.2963125, 0], [31.89507, 46.2806265, 0], [31.8832914, 46.2732981, 0], [31.8740047, 46.2651386, 0], [31.8708344, 46.2656555, 0], [31.8629835, 46.2720247, 0], [31.8520181, 46.2704616, 0], [31.8507418, 46.268136, 0], [31.8477009, 46.2682192, 0], [31.8351942, 46.2727102, 0], [31.8331459, 46.2696742, 0], [31.8346973, 46.26602, 0], [31.8183073, 46.2641929, 0], [31.8132445, 46.2646255, 0], [31.8143612, 46.2693303, 0], [31.8097279, 46.2719756, 0], [31.7963826, 46.2734659, 0], [31.7917055, 46.2737697, 0], [31.7845172, 46.2687448, 0], [31.7843677, 46.2655589, 0], [31.779606, 46.2643492, 0], [31.7771998, 46.2680096, 0], [31.7832911, 46.2723916, 0], [31.7821317, 46.2767197, 0], [31.7751137, 46.282147, 0], [31.7755479, 46.2853427, 0], [31.7712158, 46.28872, 0], [31.77451, 46.2938047, 0], [31.7680193, 46.2963985, 0], [31.7573225, 46.2950781, 0], [31.7564105, 46.2955366, 0], [31.7477416, 46.2980208, 0], [31.7473096, 46.3005071, 0], [31.7727132, 46.3222846, 0], [31.8386435, 46.3356205, 0], [31.865532, 46.3332886, 0], [31.9052405, 46.3394654, 0], [31.9439259, 46.3427845, 0], [31.9757801, 46.3480047, 0], [32.0090519, 46.3639959, 0], [32.0219174, 46.382339, 0], [32.0255326, 46.3853602, 0], [32.0496571, 46.3834371, 0], [32.0584621, 46.3936051, 0], [32.0355715, 46.4164449, 0], [32.0290416, 46.4374217, 0], [32.0022459, 46.453311, 0], [31.9748472, 46.4390845, 0], [31.9528268, 46.4373359, 0], [31.896928, 46.4576286, 0], [31.7987384, 46.4796465, 0], [31.7413559, 46.4890915, 0], [31.6918835, 46.4686048, 0], [31.6559433, 46.4717345, 0], [31.6003753, 46.5377239, 0], [31.6315022, 46.5403713, 0], [31.6690402, 46.5362578, 0], [31.6976546, 46.5448873, 0], [31.754436, 46.5477486, 0], [31.8043279, 46.5289631, 0], [31.861055, 46.5158216, 0], [31.8777032, 46.5191256, 0], [31.9108596, 46.5165686, 0], [32.0027152, 46.491517, 0], [32.0439949, 46.4913924, 0], [32.0784139, 46.4997641, 0], [32.1216254, 46.4983778, 0], [32.156592, 46.4927241, 0], [32.1866986, 46.4860454, 0], [32.2593632, 46.4776997, 0], [32.3272467, 46.4658192, 0], [32.3586749, 46.4650634, 0], [32.3994021, 46.474569, 0], [32.4116422, 46.4828862, 0], [32.4182721, 46.4855706, 0], [32.5162168, 46.5362093, 0], [32.5333866, 46.5373243, 0], [32.5599058, 46.5430545, 0], [32.5920645, 46.5593734, 0], [32.6593406, 46.6502431, 0], [32.7017968, 46.6629134, 0], [32.7140485, 46.6654015, 0], [32.7198633, 46.6657683, 0], [32.7211242, 46.6654729, 0], [32.7318308, 46.6647374, 0], [32.7588563, 46.6654877, 0], [32.7728628, 46.667246, 0], [32.7864412, 46.6701806, 0], [32.802775, 46.6759667, 0], [32.8153644, 46.6768559, 0], [32.8259938, 46.6800082, 0], [32.8451237, 46.6889292, 0], [32.862185, 46.6984591, 0], [32.9214055, 46.7119792, 0], [33.0015038, 46.7181504, 0], [33.1439158, 46.7602052, 0], [33.1987715, 46.7688835, 0], [33.2238335, 46.7673909, 0], [33.2571281, 46.7555432, 0], [33.2866486, 46.7488393, 0], [33.3717889, 46.7687613, 0], [33.3538689, 46.7846426, 0], [33.3541072, 46.7848776, 0], [33.3600733, 46.788969, 0], [33.3896643, 46.7674124, 0], [33.4642572, 46.8182295, 0], [33.5234813, 46.8230958, 0], [33.6022727, 46.8277126, 0], [33.634027, 46.8661098, 0], [33.6341699, 46.8822418, 0], [33.6338211, 46.8993673, 0], [33.6576732, 46.9034758, 0], [33.6784445, 46.9007786, 0], [33.6897886, 46.9214159, 0], [33.6973247, 46.9621854, 0], [33.6976667, 46.9949841, 0], [33.7227477, 47.0172364, 0], [33.8023157, 47.0588696, 0], [33.8407853, 47.0983773, 0], [33.853211, 47.1397486, 0], [33.9098104, 47.170099, 0], [33.9826442, 47.2281837, 0], [34.0196475, 47.3578914, 0], [34.0399147, 47.40244, 0], [34.0466745, 47.4175073, 0], [34.064871, 47.4241706, 0], [34.1183426, 47.4204195, 0], [34.1457219, 47.4243196, 0], [34.1992864, 47.4119572, 0], [34.2696759, 47.4394016, 0], [34.2960988, 47.4285407, 0], [34.3349084, 47.4468546, 0], [34.3395698, 47.4680202, 0], [34.3637954, 47.4937434, 0], [34.3727547, 47.5105284, 0], [34.3869447, 47.5137279, 0], [34.4358354, 47.4967662, 0], [34.5013916, 47.4985407, 0], [34.5331332, 47.530312, 0], [34.544526, 47.5325602, 0], [34.5862444, 47.521662, 0], [34.5990354, 47.5345232, 0], [34.605993, 47.5374148, 0], [34.61803, 47.5443437, 0], [34.6283735, 47.5456828, 0], [34.6440841, 47.5419253, 0], [34.6594778, 47.526596, 0], [34.6801944, 47.5105837, 0], [34.6864051, 47.4928325, 0], [34.7089772, 47.4904348, 0], [34.7356684, 47.4908156, 0], [34.7472176, 47.492976, 0], [34.7922996, 47.4676001, 0], [34.8251973, 47.4646556, 0], [34.8599184, 47.4511069, 0], [34.8717751, 47.4494395, 0], [34.8723335, 47.436482, 0], [34.8619081, 47.4207375, 0], [34.8808768, 47.4087593, 0], [34.9284011, 47.392589, 0], [34.9686877, 47.3890866, 0], [35.0165413, 47.411376, 0], [35.0446075, 47.4376096, 0], [35.0589931, 47.4472408, 0], [35.0775036, 47.4531547, 0], [35.1486561, 47.4455391, 0], [35.2026366, 47.4448564, 0], [35.2492229, 47.467476, 0], [35.2663264, 47.4731508, 0], [35.2711132, 47.4718601, 0], [35.2649108, 47.454382, 0], [35.2732113, 47.4557986, 0], [35.2839651, 47.4711179, 0], [35.274292, 47.4940961, 0], [35.2789589, 47.5011779, 0], [35.310061, 47.4922519, 0], [35.3603365, 47.4994552, 0], [35.3950087, 47.5208101, 0], [35.3950215, 47.5208021, 0], [35.4581154, 47.5440296, 0], [35.504764, 47.5503543, 0], [35.5074008, 47.5135746, 0], [35.643254, 47.5138651, 0], [35.6995213, 47.5285243, 0], [35.7979092, 47.5154458, 0], [35.867972, 47.5090433, 0], [35.9254508, 47.5093625, 0], [35.9733233, 47.5156869, 0], [36.0139109, 47.5102118, 0], [36.0333639, 47.5162955, 0], [36.078782, 47.5252906, 0], [36.1065648, 47.5890677, 0], [36.287964, 47.6052585, 0], [36.3683191, 47.6314425, 0], [36.4448315, 47.6501219, 0], [36.5140996, 47.6635349, 0], [36.5552456, 47.6729186, 0], [36.5375439, 47.7166252, 0], [36.6065248, 47.7737352, 0], [36.6581154, 47.7762924, 0], [36.6600267, 47.7840617, 0], [36.6945375, 47.79237, 0], [36.7079387, 47.7920237, 0], [36.7220233, 47.7890225, 0], [36.7324997, 47.7803688, 0], [36.7695837, 47.7803557, 0], [36.7811576, 47.7930767, 0], [36.7879244, 47.7965416, 0], [36.7906067, 47.7987899, 0], [36.7870233, 47.8082737, 0], [36.800842, 47.8215015, 0], [36.8202397, 47.8215592, 0], [36.8360755, 47.8151616, 0], [36.8322255, 47.7928639, 0], [36.8345549, 47.7871825, 0], [36.8442818, 47.7720676, 0], [36.8848189, 47.7586198, 0], [36.936333, 47.7595291, 0], [36.9700053, 47.7719618, 0], [37.001195, 47.7814697, 0], [37.0171095, 47.792633, 0], [37.0827142, 47.78255, 0], [37.1740207, 47.7682553, 0], [37.2203358, 47.7626974, 0], [37.2693887, 47.7538461, 0], [37.2971554, 47.7625229, 0], [37.3353861, 47.7554435, 0], [37.3578097, 47.7496297, 0], [37.3893471, 47.7480704, 0], [37.4517363, 47.768482, 0], [37.5091712, 47.7831628, 0], [37.5329822, 47.8181445, 0], [37.527145, 47.8441906, 0], [37.5774254, 47.8640615, 0], [37.5759066, 47.9077328, 0], [37.5963118, 47.9032005, 0], [37.6299576, 47.8930725, 0], [37.6440338, 47.8866264, 0], [37.6440338, 47.8809854, 0], [37.6424889, 47.8737318, 0], [37.640944, 47.8706227, 0], [37.6389066, 47.8677882, 0], [37.6355771, 47.860179, 0], [37.6348904, 47.8558021, 0], [37.6348905, 47.8525768, 0], [37.6330023, 47.8460097, 0], [37.6342622, 47.838423, 0], [37.6345486, 47.8025384, 0], [37.623169, 47.7731102, 0], [37.6375888, 47.7519939, 0], [37.6726795, 47.7247168, 0], [37.7184895, 47.7072316, 0], [37.7644947, 47.6847015, 0], [37.8039769, 47.6601962, 0], [37.801917, 47.6423879, 0], [37.7686147, 47.6354478, 0], [37.7771978, 47.6157796, 0], [37.7823477, 47.5859162, 0], [37.8084403, 47.5618278, 0], [37.8194267, 47.5463034, 0], [37.8925547, 47.4697729, 0], [37.8784784, 47.4416839, 0], [37.8637154, 47.4265885, 0], [37.855819, 47.403124, 0], [37.856849, 47.3928985, 0], [37.8503258, 47.3842983, 0], [37.8383096, 47.3780216, 0], [37.841643, 47.3690218, 0], [37.8515994, 47.3655338, 0], [37.8421, 47.3587327, 0], [37.8376229, 47.3524422, 0], [37.8486092, 47.3501161, 0], [37.8591525, 47.3543707, 0], [37.8612124, 47.3478578, 0], [37.856849, 47.3436027, 0], [37.8444894, 47.3419742, 0], [37.8292834, 47.3425074, 0], [37.8279101, 47.3355277, 0], [37.8273232, 47.3284792, 0], [37.8245766, 47.3214977, 0], [37.8317864, 47.3149807, 0], [37.8348763, 47.3082302, 0], [37.8276665, 47.3026429, 0], [37.8300698, 47.2958908, 0], [37.8338464, 47.2854117, 0], [37.8341897, 47.2760952, 0], [37.8334033, 47.2603213, 0], [37.833503, 47.249301, 0], [37.8413995, 47.2269234, 0], [37.8472359, 47.2138654, 0], [37.8513558, 47.198938, 0], [37.8499825, 47.1742053, 0], [37.8445029, 47.1658129, 0], [37.8365929, 47.1569323, 0], [37.8297265, 47.1461922, 0], [37.8256066, 47.1333479, 0], [37.8180535, 47.1190987, 0], [37.8163369, 47.109753, 0], [37.8176104, 47.1011748, 0], [37.8148639, 47.0894884, 0], [37.7939862, 47.0847127, 0], [37.7676875, 47.0886009, 0], [37.7394664, 47.0834014, 0], [37.7138251, 47.0802705, 0], [37.6983358, 47.0798491, 0], [37.6872037, 47.0810509, 0], [37.685084, 47.0781024, 0], [37.6821324, 47.0770565, 0], [37.6757999, 47.0777699, 0], [37.6705154, 47.0817678, 0], [37.6709319, 47.0852044, 0], [37.6664429, 47.086291, 0], [37.6352283, 47.09401, 0], [37.6345118, 47.0931437, 0], [37.6336795, 47.0931637, 0], [37.6321854, 47.0946061, 0], [37.6295827, 47.0948063, 0], [37.6268941, 47.0944221, 0], [37.6243159, 47.0909649, 0], [37.6195065, 47.087157, 0], [37.608257, 47.0840406, 0], [37.5993048, 47.0830288, 0], [37.5861599, 47.0785491, 0], [37.5805383, 47.0817496, 0], [37.5836711, 47.0874048, 0], [37.5376339, 47.0818253, 0], [37.5122169, 47.0645024, 0], [37.4814542, 47.0322115, 0], [37.3077203, 46.8658027, 0], [37.2886283, 46.8705214, 0], [37.2925383, 46.8745361, 0], [37.3189084, 46.8961806, 0], [37.2972003, 46.9272088, 0], [37.2356347, 46.9509504, 0], [37.0193409, 46.866749, 0], [36.9930695, 46.8623412, 0], [36.9588917, 46.8475083, 0], [36.9295237, 46.8284428, 0], [36.9043474, 46.8056174, 0], [36.8859437, 46.7892661, 0], [36.8685104, 46.7655733, 0], [36.8556796, 46.7419657, 0], [36.8458325, 46.7240424, 0], [36.8380441, 46.7056437, 0], [36.8027463, 46.6606838, 0], [36.7592718, 46.618538, 0], [36.7423499, 46.637243, 0], [36.7610057, 46.6656911, 0], [36.7783344, 46.6635319, 0], [36.790687, 46.674682, 0], [36.8013332, 46.7070255, 0], [36.8221063, 46.7017771, 0], [36.8105257, 46.7278719, 0], [36.7810734, 46.7487854, 0], [36.7464163, 46.7655031, 0], [36.7055593, 46.7775047, 0], [36.6471828, 46.7805555, 0], [36.6155915, 46.7732454, 0], [36.4958057, 46.7474907, 0], [36.3871263, 46.7169171, 0], [36.2695222, 46.6055646, 0], [36.1672331, 46.4950765, 0], [36.1187857, 46.4849539, 0], [36.0923151, 46.4890018, 0], [36.1154322, 46.4988344, 0], [36.1496575, 46.514619, 0], [36.152999, 46.543158, 0], [36.1583413, 46.5400039, 0], [36.166506, 46.52756, 0], [36.190842, 46.534558, 0], [36.2191586, 46.5647349, 0], [36.2480964, 46.5920929, 0], [36.2598882, 46.6185035, 0], [36.2290356, 46.6503884, 0], [36.189877, 46.6669129, 0], [36.0834399, 46.6583764, 0], [35.9364159, 46.6584769, 0], [35.7703286, 46.6017937, 0], [35.6146465, 46.4996998, 0], [35.4348206, 46.4153201, 0], [35.3767538, 46.3751693, 0], [35.3712877, 46.3709968, 0], [35.358609, 46.3617895, 0], [35.3569267, 46.3634058, 0], [35.3533561, 46.3643112, 0], [35.3482747, 46.3633974, 0], [35.341778, 46.3610327, 0], [35.3333665, 46.3582202, 0]]], [[[35.3712877, 46.3709968, 0], [35.3825458, 46.378947, 0], [35.3787593, 46.3732672, 0], [35.3695662, 46.3643297, 0], [35.357285, 46.3527257, 0], [35.3475835, 46.3402912, 0], [35.2754762, 46.2554933, 0], [35.2282388, 46.2019951, 0], [35.1954912, 46.1472745, 0], [35.1517979, 46.1215406, 0], [35.0708774, 46.0956694, 0], [34.9769809, 46.0709154, 0], [34.9806129, 46.0890477, 0], [34.9894016, 46.1100372, 0], [35.0184613, 46.1301914, 0], [35.0331183, 46.1498649, 0], [35.1356268, 46.1662851, 0], [35.2090177, 46.1902543, 0], [35.2210622, 46.226781, 0], [35.2552582, 46.2509872, 0], [35.2893711, 46.285516, 0], [35.2989812, 46.2988605, 0], [35.2940007, 46.3023608, 0], [35.2933094, 46.3080562, 0], [35.2953675, 46.3075839, 0], [35.2986282, 46.3098972, 0], [35.2987992, 46.3148192, 0], [35.3036032, 46.3162461, 0], [35.3174357, 46.3169204, 0], [35.3334508, 46.3354526, 0], [35.3436927, 46.3480045, 0], [35.3437946, 46.3499966, 0], [35.3712877, 46.3709968, 0]]]]}}, {"type": "Feature", "properties": {"name": "\u0421\u0454\u0432\u0454\u0440\u043e\u0434\u043e\u043d\u0435\u0446\u044c\u043a. \u0422\u0435\u0440\u0438\u0442\u043e\u0440\u0456\u0457, \u0449\u043e \u043e\u043a\u0443\u043f\u043e\u0432\u0430\u043d\u043e.\n\u0421\u0442\u0430\u043d\u043e\u043c \u043d\u0430 30.05 \u0432\u0456\u0437\u0443\u0430\u043b\u044c\u043d\u043e \u043f\u0456\u0434\u0442\u0432\u0435\u0440\u0434\u0436\u0435\u043d\u043e \u043e\u043a\u0443\u043f\u0430\u0446\u0456\u044e \u043a\u0432\u0430\u0440\u0442\u0430\u043b\u0443 \u0437 \u0433\u043e\u0442\u0435\u043b\u0435\u043c \"\u041c\u0438\u0440\", \u0440\u0430\u0439\u043e\u043d \u0430\u0432\u0442\u043e\u0432\u043e\u043a\u0437\u0430\u043b\u0443, 79, 80, 81, 82 \u043c\u0440\u043d, \u0414\u042e\u0421\u0428 \u21161\n\n/// Sieverodonetsk. Territories, which", "date": "2022-05-31"}, "geometry": {"type": "Polygon", "coordinates": [[[38.5469867, 48.9466871, 0], [38.5610177, 48.9443459, 0], [38.5575382, 48.9365924, 0], [38.5363375, 48.9372666, 0], [38.5346637, 48.9318502, 0], [38.5324546, 48.9293672, 0], [38.524999, 48.9292533, 0], [38.5215347, 48.9291019, 0], [38.5207972, 48.9305723, 0], [38.5197164, 48.9317748, 0], [38.5258618, 48.9446496, 0], [38.511858, 48.9474292, 0], [38.5106215, 48.947207, 0], [38.5024954, 48.9450294, 0], [38.4954175, 48.9432995, 0], [38.4894849, 48.9530109, 0], [38.4870574, 48.9524479, 0], [38.4820119, 48.9565347, 0], [38.4800315, 48.959861, 0], [38.4766006, 48.9590268, 0], [38.4756374, 48.9607145, 0], [38.47517, 48.9605959, 0], [38.4626479, 48.9625605, 0], [38.4561328, 48.9670038, 0], [38.464136, 48.9686375, 0], [38.471625, 48.968892, 0], [38.4814356, 48.9671326, 0], [38.4879984, 48.9644417, 0], [38.4952355, 48.9641132, 0], [38.5034873, 48.9636375, 0], [38.5071913, 48.960954, 0], [38.511397, 48.9543621, 0], [38.5159291, 48.9529027, 0], [38.5245814, 48.9515553, 0], [38.5469867, 48.9466871, 0]]]}}, {"type": "Feature", "properties": {"name": "\u041e\u043a\u0443\u043f\u043e\u0432\u0430\u043d\u0438\u0439 \u041a\u0440\u0438\u043c /// Occupied Crimea", "date": "2022-05-31"}, "geometry": {"type": "MultiPolygon", "coordinates": [[[[35.3820643, 45.3525144, 0], [35.467835, 45.3075439, 0], [35.437068, 45.2859971, 0], [35.4193214, 45.2969629, 0], [35.4018709, 45.3103418, 0], [35.3967558, 45.3256452, 0], [35.3761844, 45.3414385, 0], [35.369352, 45.3265774, 0], [35.3549632, 45.3483999, 0], [35.3369, 45.3640037, 0], [35.322745, 45.3826559, 0], [35.3073882, 45.3859899, 0], [35.2899647, 45.4057169, 0], [35.1893449, 45.5141155, 0], [35.125202, 45.5594218, 0], [35.1180769, 45.5670035, 0], [35.1121529, 45.5771065, 0], [35.1082812, 45.5825818, 0], [35.0944199, 45.5841157, 0], [35.0747174, 45.5981409, 0], [35.0310286, 45.652672, 0], [34.9493387, 45.7628178, 0], [34.9582138, 45.7599193, 0], [34.9681019, 45.7621984, 0], [34.9731755, 45.763623, 0], [34.9770477, 45.7651671, 0], [35.0500557, 45.6672021, 0], [35.1098671, 45.5990246, 0], [35.2014582, 45.5233432, 0], [35.3112561, 45.411424, 0], [35.3820643, 45.3525144, 0]]], [[[35.467835, 45.3075439, 0], [35.4987587, 45.3061765, 0], [35.5258253, 45.2911927, 0], [35.6353067, 45.3206009, 0], [35.7217501, 45.3355618, 0], [35.7265675, 45.3497848, 0], [35.7482156, 45.3906603, 0], [35.750903, 45.3954268, 0], [35.8023584, 45.4242928, 0], [35.8264752, 45.4401288, 0], [35.8183678, 45.4514182, 0], [35.8177466, 45.4588693, 0], [35.8236493, 45.4663203, 0], [35.8417749, 45.4744726, 0], [35.8678308, 45.4732506, 0], [35.8760595, 45.4638555, 0], [35.8636895, 45.4542195, 0], [35.8465069, 45.446506, 0], [35.8847818, 45.4066898, 0], [35.9401912, 45.3784766, 0], [35.99701, 45.3714908, 0], [36.058299, 45.3852148, 0], [36.0713455, 45.4016019, 0], [36.0775394, 45.4478719, 0], [36.1255871, 45.4616911, 0], [36.1709049, 45.4697122, 0], [36.2660312, 45.4779036, 0], [36.2941983, 45.4798892, 0], [36.3054011, 45.4739692, 0], [36.3227817, 45.4704542, 0], [36.3381048, 45.4736789, 0], [36.3406179, 45.4776989, 0], [36.3417584, 45.4831634, 0], [36.3443128, 45.4789052, 0], [36.3513832, 45.4733024, 0], [36.3569717, 45.4702571, 0], [36.368345, 45.4677681, 0], [36.3754008, 45.4629065, 0], [36.3830431, 45.4580643, 0], [36.3923522, 45.4534719, 0], [36.4038684, 45.4482811, 0], [36.4140851, 45.4447172, 0], [36.4233111, 45.444858, 0], [36.4323879, 45.4466108, 0], [36.4321212, 45.4491708, 0], [36.4426329, 45.4521357, 0], [36.4406809, 45.4548197, 0], [36.4469166, 45.4576063, 0], [36.457917, 45.4552914, 0], [36.4716643, 45.4563464, 0], [36.478543, 45.4542658, 0], [36.4874737, 45.4503334, 0], [36.4960562, 45.4442702, 0], [36.5051516, 45.4412363, 0], [36.5117576, 45.4358631, 0], [36.5229549, 45.4298013, 0], [36.5309558, 45.4262862, 0], [36.5452557, 45.4242854, 0], [36.5548099, 45.4230424, 0], [36.5671421, 45.4277205, 0], [36.5661011, 45.4353605, 0], [36.5757092, 45.440626, 0], [36.5853195, 45.4396442, 0], [36.5935558, 45.4376984, 0], [36.6025698, 45.4273349, 0], [36.6129554, 45.4213075, 0], [36.6101247, 45.4152829, 0], [36.6042456, 45.412031, 0], [36.6160671, 45.4007628, 0], [36.627261, 45.3942082, 0], [36.6405126, 45.3886165, 0], [36.6450421, 45.382257, 0], [36.6431248, 45.3788986, 0], [36.6335856, 45.3764967, 0], [36.6271021, 45.3740878, 0], [36.629355, 45.368781, 0], [36.6256769, 45.363476, 0], [36.6197211, 45.359376, 0], [36.6098796, 45.3573254, 0], [36.6063332, 45.3531615, 0], [36.6042184, 45.3484248, 0], [36.5959534, 45.3458156, 0], [36.5883899, 45.3481292, 0], [36.5681277, 45.3473558, 0], [36.5463246, 45.3462433, 0], [36.5316201, 45.3513652, 0], [36.518973, 45.3516596, 0], [36.5186846, 45.3565357, 0], [36.498482, 45.3628606, 0], [36.4889741, 45.3624786, 0], [36.4822127, 45.360166, 0], [36.4762621, 45.3552063, 0], [36.4771785, 45.3502458, 0], [36.4728335, 45.3470807, 0], [36.4696374, 45.3383374, 0], [36.4701147, 45.3329161, 0], [36.4731298, 45.3244878, 0], [36.4812201, 45.3201835, 0], [36.4919049, 45.3173694, 0], [36.4785752, 45.3058437, 0], [36.4293428, 45.29622, 0], [36.4171994, 45.286584, 0], [36.4217564, 45.2721472, 0], [36.4295309, 45.2779761, 0], [36.4354746, 45.2721923, 0], [36.4315772, 45.2562531, 0], [36.4227627, 45.2429657, 0], [36.4187578, 45.2340262, 0], [36.4012509, 45.2148873, 0], [36.4070909, 45.1715577, 0], [36.4185095, 45.1544896, 0], [36.4203108, 45.1364537, 0], [36.4362654, 45.1139404, 0], [36.4544341, 45.1008902, 0], [36.4368342, 45.0839938, 0], [36.3909776, 45.0653589, 0], [36.372884, 45.0574746, 0], [36.3281966, 45.0591511, 0], [36.2821366, 45.0549895, 0], [36.2477796, 45.0492633, 0], [36.2422657, 45.0415901, 0], [36.2264566, 45.0290601, 0], [36.2137506, 45.0291009, 0], [36.2010446, 45.0330226, 0], [36.07129, 45.0482523, 0], [36.0266503, 45.0498222, 0], [36.0046649, 45.0451745, 0], [35.9823264, 45.024558, 0], [35.9684176, 45.0183747, 0], [35.9531386, 45.0141312, 0], [35.9258506, 45.019111, 0], [35.9136661, 45.0182611, 0], [35.8879269, 45.0126725, 0], [35.8755659, 45.0103718, 0], [35.8683554, 45.0054, 0], [35.8357447, 44.9990939, 0], [35.8293935, 45.0046731, 0], [35.8344566, 45.0077046, 0], [35.8297795, 45.0140758, 0], [35.8219474, 45.0192032, 0], [35.8106804, 45.0223889, 0], [35.8144831, 45.0333055, 0], [35.8048863, 45.0455584, 0], [35.7891038, 45.0563548, 0], [35.775046, 45.0689711, 0], [35.750681, 45.0825557, 0], [35.6936803, 45.106322, 0], [35.6297695, 45.1223028, 0], [35.5854754, 45.131902, 0], [35.5411745, 45.1269509, 0], [35.4989407, 45.1166504, 0], [35.4462564, 45.0984567, 0], [35.4130934, 45.0762582, 0], [35.3856226, 45.0499293, 0], [35.3833907, 45.0350032, 0], [35.3911117, 45.0260233, 0], [35.4105918, 45.0231085, 0], [35.4209684, 45.0121841, 0], [35.3887009, 45.0007996, 0], [35.3650226, 44.9946229, 0], [35.3556696, 44.9860378, 0], [35.3531847, 44.9764804, 0], [35.3839103, 44.9525034, 0], [35.3817713, 44.9479004, 0], [35.3456885, 44.9650381, 0], [35.3192041, 44.9695341, 0], [35.3025476, 44.9680837, 0], [35.2967035, 44.9622621, 0], [35.2836408, 44.9661604, 0], [35.2712818, 44.9675955, 0], [35.2561771, 44.9629687, 0], [35.2434737, 44.9528227, 0], [35.2499966, 44.937815, 0], [35.2369585, 44.9194658, 0], [35.2100892, 44.9102209, 0], [35.1870623, 44.9080271, 0], [35.1629818, 44.9006932, 0], [35.1498931, 44.8865457, 0], [35.1402067, 44.8670023, 0], [35.1318378, 44.8444582, 0], [35.1261054, 44.8237102, 0], [35.0790016, 44.7919526, 0], [34.9698329, 44.8375086, 0], [34.9120951, 44.8157703, 0], [34.7288112, 44.8078253, 0], [34.5446135, 44.7410058, 0], [34.4321494, 44.682765, 0], [34.3552146, 44.5459109, 0], [34.3055437, 44.5501151, 0], [34.249032, 44.5065762, 0], [34.1464573, 44.4793412, 0], [34.1244732, 44.4308203, 0], [33.9616898, 44.3897091, 0], [33.8607911, 44.397006, 0], [33.7451087, 44.3818594, 0], [33.715168, 44.3996416, 0], [33.6891596, 44.4152093, 0], [33.6427831, 44.423395, 0], [33.6383395, 44.4586871, 0], [33.6270126, 44.4795789, 0], [33.6019479, 44.4917389, 0], [33.5540478, 44.4868769, 0], [33.487616, 44.4970494, 0], [33.3671252, 44.5811213, 0], [33.4501548, 44.6159461, 0], [33.5390757, 44.6194771, 0], [33.5988033, 44.609644, 0], [33.6001952, 44.610786, 0], [33.5998614, 44.6133127, 0], [33.5962602, 44.6129879, 0], [33.5951457, 44.6112363, 0], [33.5890962, 44.6124382, 0], [33.5895044, 44.6148711, 0], [33.5828418, 44.6174325, 0], [33.5807108, 44.6170017, 0], [33.5779291, 44.618497, 0], [33.5761949, 44.6209549, 0], [33.5734385, 44.6197403, 0], [33.5631343, 44.6203556, 0], [33.5639904, 44.6226167, 0], [33.5606419, 44.625336, 0], [33.5527869, 44.6236417, 0], [33.5504051, 44.6258484, 0], [33.5483554, 44.6259744, 0], [33.5468152, 44.6240826, 0], [33.5420971, 44.6233813, 0], [33.5393948, 44.6237637, 0], [33.5349536, 44.6237107, 0], [33.5356517, 44.625761, 0], [33.5329163, 44.6265898, 0], [33.5312174, 44.6256803, 0], [33.5285055, 44.6275258, 0], [33.5254838, 44.6270618, 0], [33.5221859, 44.629309, 0], [33.5183353, 44.6284265, 0], [33.5099459, 44.6295904, 0], [33.5082713, 44.6319164, 0], [33.5124742, 44.6331489, 0], [33.5153851, 44.637082, 0], [33.5256907, 44.6383616, 0], [33.5311908, 44.6411069, 0], [33.5356674, 44.6459898, 0], [33.5418641, 44.6589325, 0], [33.5463628, 44.6779794, 0], [33.5467184, 44.7060292, 0], [33.5475831, 44.7244447, 0], [33.5398624, 44.7387125, 0], [33.5407223, 44.7617581, 0], [33.535058, 44.7923643, 0], [33.5406327, 44.802652, 0], [33.54552, 44.8041697, 0], [33.5477436, 44.8120781, 0], [33.5502309, 44.8222419, 0], [33.5485985, 44.8328932, 0], [33.552198, 44.8395857, 0], [33.5595722, 44.8399449, 0], [33.5696937, 44.838843, 0], [33.5789642, 44.8404874, 0], [33.5868637, 44.8470001, 0], [33.5906429, 44.8457225, 0], [33.5956232, 44.8475171, 0], [33.6008626, 44.857663, 0], [33.6052004, 44.8663859, 0], [33.6064479, 44.8717023, 0], [33.6105925, 44.8993192, 0], [33.6109623, 44.9257206, 0], [33.5976519, 44.9765496, 0], [33.6043773, 44.9804712, 0], [33.6025946, 44.9979727, 0], [33.596689, 45.0120756, 0], [33.581633, 45.0511232, 0], [33.5624345, 45.0814365, 0], [33.5374075, 45.1102177, 0], [33.5102954, 45.1346317, 0], [33.4807573, 45.1558915, 0], [33.4508543, 45.1742382, 0], [33.4332529, 45.1846374, 0], [33.4159888, 45.1914041, 0], [33.4094482, 45.1938671, 0], [33.4010281, 45.1965493, 0], [33.3913248, 45.1977683, 0], [33.3849501, 45.1971655, 0], [33.3781579, 45.1960177, 0], [33.3737318, 45.1929034, 0], [33.3747801, 45.1896522, 0], [33.3746126, 45.1872667, 0], [33.3782219, 45.1858486, 0], [33.3744548, 45.1856753, 0], [33.3667193, 45.1840434, 0], [33.3590753, 45.1817757, 0], [33.3569698, 45.1782214, 0], [33.3486851, 45.1746675, 0], [33.331162, 45.1728513, 0], [33.3255723, 45.1744576, 0], [33.3186088, 45.1750957, 0], [33.3097568, 45.1746445, 0], [33.3050247, 45.1734663, 0], [33.300406, 45.1716404, 0], [33.297504, 45.168483, 0], [33.2957182, 45.1663542, 0], [33.2956486, 45.1618045, 0], [33.293829, 45.158614, 0], [33.2905346, 45.1568327, 0], [33.2860912, 45.1538121, 0], [33.2837288, 45.1509173, 0], [33.2822718, 45.1482765, 0], [33.2797012, 45.1475952, 0], [33.2738722, 45.1464757, 0], [33.2707971, 45.1471418, 0], [33.2663625, 45.1467791, 0], [33.2609256, 45.1472646, 0], [33.2549343, 45.1498013, 0], [33.2459386, 45.1569381, 0], [33.2357548, 45.1675171, 0], [33.2276534, 45.1733016, 0], [33.2181404, 45.1776076, 0], [33.2094089, 45.1804086, 0], [33.201555, 45.1826203, 0], [33.1954571, 45.183169, 0], [33.1852357, 45.1837167, 0], [33.1798209, 45.1876511, 0], [33.167457, 45.1934696, 0], [33.1516576, 45.2007522, 0], [33.1434036, 45.2070898, 0], [33.1385684, 45.2149264, 0], [33.1246878, 45.2259538, 0], [33.1073491, 45.2326281, 0], [33.0941264, 45.2451025, 0], [33.0810275, 45.2601885, 0], [33.0740304, 45.2681259, 0], [33.0434832, 45.2878656, 0], [32.9918481, 45.3224993, 0], [32.9667646, 45.3366935, 0], [32.9371025, 45.3496162, 0], [32.9083924, 45.3605221, 0], [32.8542627, 45.3670736, 0], [32.7641899, 45.3668516, 0], [32.7297279, 45.3566612, 0], [32.7114726, 45.3448058, 0], [32.6829272, 45.333912, 0], [32.6772328, 45.32508, 0], [32.6528184, 45.3151327, 0], [32.621079, 45.3199274, 0], [32.5948271, 45.3276111, 0], [32.5793963, 45.3289693, 0], [32.570503, 45.3340943, 0], [32.5355384, 45.3390219, 0], [32.4964907, 45.3449896, 0], [32.495293, 45.3482293, 0], [32.5103771, 45.3608842, 0], [32.5134582, 45.3720378, 0], [32.5074454, 45.3819566, 0], [32.4886441, 45.3849884, 0], [32.4808276, 45.3909109, 0], [32.4819345, 45.4056494, 0], [32.5050229, 45.4261691, 0], [32.5556209, 45.4659496, 0], [32.6915269, 45.52298, 0], [32.69637, 45.5177228, 0], [32.6909269, 45.5081698, 0], [32.7144138, 45.5169495, 0], [32.7105858, 45.5239372, 0], [32.727683, 45.5330863, 0], [32.7550732, 45.548477, 0], [32.7906892, 45.5590224, 0], [32.8166262, 45.5589238, 0], [32.8245397, 45.5548513, 0], [32.8273042, 45.5563081, 0], [32.8349486, 45.5597237, 0], [32.8406482, 45.56511, 0], [32.8431411, 45.5705971, 0], [32.8426546, 45.5772541, 0], [32.8410082, 45.582406, 0], [32.831583, 45.5841652, 0], [32.8225004, 45.5832806, 0], [32.8201285, 45.5843929, 0], [32.8219076, 45.5878182, 0], [32.9050861, 45.6360774, 0], [32.9973336, 45.6779092, 0], [33.009427, 45.6790235, 0], [33.0171537, 45.6870091, 0], [33.0463678, 45.692403, 0], [33.0687571, 45.705934, 0], [33.0966485, 45.7146636, 0], [33.11481, 45.7112164, 0], [33.1250751, 45.7196617, 0], [33.1387446, 45.7183157, 0], [33.1524036, 45.730959, 0], [33.1605576, 45.7495414, 0], [33.1604287, 45.7656387, 0], [33.1657369, 45.7882695, 0], [33.1764389, 45.8053229, 0], [33.1833681, 45.811366, 0], [33.1858308, 45.8079522, 0], [33.1807104, 45.7997837, 0], [33.1724861, 45.7866032, 0], [33.1814278, 45.7734227, 0], [33.2105469, 45.7559314, 0], [33.2381446, 45.7500492, 0], [33.2794116, 45.7585976, 0], [33.3151998, 45.770008, 0], [33.3748671, 45.7965887, 0], [33.4170901, 45.8302054, 0], [33.4339234, 45.8379784, 0], [33.4729954, 45.8484896, 0], [33.4818587, 45.8532599, 0], [33.4856034, 45.8525363, 0], [33.4920962, 45.8565944, 0], [33.5184662, 45.8658644, 0], [33.5405932, 45.8849133, 0], [33.5441019, 45.8803349, 0], [33.5242678, 45.8630878, 0], [33.4971139, 45.8483554, 0], [33.5076216, 45.8410719, 0], [33.5176551, 45.846594, 0], [33.527171, 45.849723, 0], [33.5363434, 45.8451985, 0], [33.5421287, 45.8376274, 0], [33.5482128, 45.8435307, 0], [33.5535178, 45.8515079, 0], [33.5586395, 45.8617199, 0], [33.5716337, 45.870661, 0], [33.5852577, 45.8684574, 0], [33.5951837, 45.8839771, 0], [33.6147267, 45.8899326, 0], [33.6346115, 45.8784318, 0], [33.6397449, 45.8736363, 0], [33.6558644, 45.8726633, 0], [33.6549378, 45.8699698, 0], [33.6573919, 45.8657542, 0], [33.6603343, 45.8620923, 0], [33.6662681, 45.8600217, 0], [33.6736971, 45.8567142, 0], [33.6815298, 45.8502773, 0], [33.678423, 45.8458584, 0], [33.6797799, 45.8426347, 0], [33.6828542, 45.8438353, 0], [33.6859296, 45.8488623, 0], [33.6856604, 45.8588878, 0], [33.6803219, 45.8665067, 0], [33.6799532, 45.8750482, 0], [33.6792256, 45.8849596, 0], [33.6757155, 45.8923565, 0], [33.67557, 45.9009372, 0], [33.6800935, 45.9085396, 0], [33.6877728, 45.9127518, 0], [33.691284, 45.9112313, 0], [33.6899492, 45.9090379, 0], [33.6958046, 45.9074627, 0], [33.7056001, 45.9124071, 0], [33.7105903, 45.916874, 0], [33.7208017, 45.9244272, 0], [33.7282669, 45.9267258, 0], [33.7493777, 45.9274994, 0], [33.75607, 45.9297057, 0], [33.7579871, 45.9344939, 0], [33.7557842, 45.9392824, 0], [33.7513769, 45.9493368, 0], [33.7427932, 45.9517319, 0], [33.723222, 45.951262, 0], [33.6926578, 45.9567519, 0], [33.682856, 45.9528033, 0], [33.6594173, 45.9565555, 0], [33.640135, 45.9493564, 0], [33.6346116, 45.94193, 0], [33.6215537, 45.9458541, 0], [33.6163934, 45.9506791, 0], [33.6275439, 45.9564319, 0], [33.6296884, 45.9674259, 0], [33.6307578, 45.9776967, 0], [33.6285431, 45.9876045, 0], [33.6228726, 46.000837, 0], [33.6171785, 46.014904, 0], [33.6121959, 46.0418325, 0], [33.6214674, 46.0632658, 0], [33.6372819, 46.0813513, 0], [33.6362742, 46.0751698, 0], [33.6431537, 46.0780301, 0], [33.6338964, 46.0979166, 0], [33.6189643, 46.114289, 0], [33.6148453, 46.1267095, 0], [33.6134717, 46.138416, 0], [33.6076289, 46.1473165, 0], [33.660569, 46.1841719, 0], [33.6908993, 46.2050773, 0], [33.7149322, 46.2067379, 0], [33.7421104, 46.2083299, 0], [33.7378406, 46.2005747, 0], [33.7278118, 46.2009757, 0], [33.7203949, 46.1997502, 0], [33.7177182, 46.2024641, 0], [33.7129463, 46.2016824, 0], [33.71571, 46.1979643, 0], [33.7112546, 46.193492, 0], [33.7097972, 46.1901163, 0], [33.713146, 46.1862645, 0], [33.7108304, 46.1838399, 0], [33.7160664, 46.1757094, 0], [33.7197659, 46.1739455, 0], [33.7257348, 46.174014, 0], [33.7299192, 46.1709572, 0], [33.7292637, 46.1690726, 0], [33.7261891, 46.1667043, 0], [33.7253384, 46.1649261, 0], [33.7262858, 46.1616592, 0], [33.7265868, 46.1578857, 0], [33.72811, 46.1551668, 0], [33.7350502, 46.1498824, 0], [33.735601, 46.1471215, 0], [33.7408709, 46.1441232, 0], [33.7475131, 46.1378538, 0], [33.7495382, 46.1374606, 0], [33.7545527, 46.1404385, 0], [33.8239473, 46.1869511, 0], [34.0383305, 46.1168174, 0], [34.1222402, 46.1077589, 0], [34.1607681, 46.0803117, 0], [34.2253474, 46.0637955, 0], [34.3824606, 46.0345739, 0], [34.4785479, 45.9468288, 0], [34.5560383, 45.9885731, 0], [34.6510694, 45.9735446, 0], [34.7008789, 45.9590612, 0], [34.6505463, 45.9347968, 0], [34.6352267, 45.9084632, 0], [34.6238418, 45.884452, 0], [34.5520838, 45.8422677, 0], [34.5243335, 45.8191889, 0], [34.5168682, 45.8017495, 0], [34.5286285, 45.7881373, 0], [34.5728517, 45.8083642, 0], [34.6008073, 45.8373012, 0], [34.6456643, 45.8607057, 0], [34.6968744, 45.8788077, 0], [34.7333458, 45.8844129, 0], [34.7595911, 45.9032563, 0], [34.7873421, 45.9046163, 0], [34.796134, 45.8920532, 0], [34.7587955, 45.8669545, 0], [34.7472953, 45.8435332, 0], [34.6996291, 45.8139344, 0], [34.7251264, 45.8140506, 0], [34.72943, 45.8276696, 0], [34.7490748, 45.8226286, 0], [34.7851745, 45.7907793, 0], [34.7484798, 45.761843, 0], [34.7282947, 45.7309818, 0], [34.8045347, 45.7343911, 0], [34.8780522, 45.7473367, 0], [34.8644448, 45.7321869, 0], [34.875829, 45.7134099, 0], [34.8888909, 45.7017093, 0], [34.9010875, 45.6882086, 0], [34.92888, 45.6774755, 0], [34.9710323, 45.6889463, 0], [34.9821638, 45.681297, 0], [34.9926734, 45.657634, 0], [35.0339616, 45.6287569, 0], [35.0473832, 45.6128772, 0], [35.042263, 45.5960367, 0], [35.097133, 45.5292483, 0], [35.1134863, 45.4855397, 0], [35.0873588, 45.4650823, 0], [35.0255588, 45.4426858, 0], [35.0393119, 45.4152187, 0], [35.0729656, 45.3689183, 0], [35.1010963, 45.349621, 0], [35.1649696, 45.3446545, 0], [35.204621, 45.3411922, 0], [35.2416821, 45.3243264, 0], [35.4068082, 45.2644178, 0], [35.467835, 45.3075439, 0]]]]}}, {"type": "Feature", "properties": {"name": "\u041e\u0420\u0414\u041b\u041e /// CADR and CALR", "date": "2022-05-31"}, "geometry": {"type": "MultiPolygon", "coordinates": [[[[39.8450448, 48.5716736, 0], [39.844966, 48.5717249, 0], [39.8452669, 48.5716113, 0], [39.8450448, 48.5716736, 0]]], [[[39.8450448, 48.5716736, 0], [39.8492787, 48.5689135, 0], [39.852561, 48.565818, 0], [39.8547054, 48.5624669, 0], [39.8550044, 48.55886, 0], [39.8527192, 48.5537249, 0], [39.8553263, 48.547908, 0], [39.8570376, 48.5442324, 0], [39.8556589, 48.5408409, 0], [39.8556481, 48.5364446, 0], [39.8620435, 48.5237392, 0], [39.8629877, 48.5186217, 0], [39.866549, 48.510463, 0], [39.8657332, 48.5055738, 0], [39.8652718, 48.5046145, 0], [39.8630938, 48.5030297, 0], [39.8596392, 48.5018503, 0], [39.8577457, 48.5019109, 0], [39.8532799, 48.5039316, 0], [39.8515605, 48.5039618, 0], [39.8494039, 48.5033433, 0], [39.8477516, 48.5023337, 0], [39.8480092, 48.484755, 0], [39.8464213, 48.4760792, 0], [39.8482666, 48.4696794, 0], [39.8789129, 48.4551674, 0], [39.8885672, 48.4502997, 0], [39.8975335, 48.4481639, 0], [39.8990781, 48.4460004, 0], [39.897104, 48.4440647, 0], [39.8889504, 48.4430398, 0], [39.8935873, 48.4338715, 0], [39.8977928, 48.4284899, 0], [39.9085199, 48.4226522, 0], [39.913069, 48.4187783, 0], [39.9117813, 48.4133093, 0], [39.90646, 48.4067009, 0], [39.9075764, 48.4032818, 0], [39.9160308, 48.4004325, 0], [39.919678, 48.3978109, 0], [39.9167162, 48.3945628, 0], [39.9079186, 48.3924541, 0], [39.9071466, 48.3898327, 0], [39.9159608, 48.3869166, 0], [39.9186508, 48.3797574, 0], [39.9237715, 48.375493, 0], [39.9305438, 48.3769351, 0], [39.9386913, 48.3879541, 0], [39.9426268, 48.3867337, 0], [39.9364482, 48.3722506, 0], [39.9405689, 48.3613598, 0], [39.9474343, 48.3541184, 0], [39.9443435, 48.3497841, 0], [39.9437419, 48.3478456, 0], [39.918765, 48.347503, 0], [39.9189375, 48.3424823, 0], [39.8784233, 48.3335853, 0], [39.8605726, 48.3351794, 0], [39.8461521, 48.3331256, 0], [39.8449508, 48.3298729, 0], [39.8406597, 48.3284461, 0], [39.8427199, 48.3194283, 0], [39.8406598, 48.3105244, 0], [39.8866651, 48.3088118, 0], [39.887525, 48.3042446, 0], [39.9015156, 48.2996773, 0], [39.9086378, 48.2948806, 0], [39.9124154, 48.2883691, 0], [39.9155043, 48.2694063, 0], [39.9203089, 48.2716909, 0], [39.9251152, 48.2720334, 0], [39.9306086, 48.2832862, 0], [39.9340437, 48.2899695, 0], [39.95292, 48.3043598, 0], [39.976616, 48.3150911, 0], [39.9877762, 48.3176582, 0], [39.9942144, 48.3124345, 0], [39.9920692, 48.3072108, 0], [39.9965337, 48.2981888, 0], [39.9996245, 48.2895085, 0], [40.0076896, 48.2733751, 0], [40.0109482, 48.2721485, 0], [40.0161845, 48.2695771, 0], [40.0152406, 48.2635777, 0], [40.0198746, 48.2534069, 0], [40.0018502, 48.2372883, 0], [40.0082022, 48.2274541, 0], [40.007515, 48.2232232, 0], [39.9429702, 48.2303134, 0], [39.9388503, 48.1815769, 0], [39.9087225, 48.1799174, 0], [39.9084228, 48.1733629, 0], [39.9040036, 48.1727609, 0], [39.9072648, 48.1538682, 0], [39.9031447, 48.142646, 0], [39.8967881, 48.1342251, 0], [39.8924923, 48.1340522, 0], [39.879441, 48.1236241, 0], [39.8761759, 48.1193827, 0], [39.8705082, 48.1172039, 0], [39.8735986, 48.1095211, 0], [39.8701649, 48.08155, 0], [39.8324851, 48.0667539, 0], [39.8475957, 48.0584687, 0], [39.8846696, 48.0481123, 0], [39.8835531, 48.0457629, 0], [39.8758273, 48.0416377, 0], [39.7763518, 48.0400183, 0], [39.7861871, 48.0246909, 0], [39.7891703, 48.0161082, 0], [39.7934079, 48.0118167, 0], [39.7991898, 48.0091326, 0], [39.8028776, 48.0077557, 0], [39.8044206, 48.0057462, 0], [39.8102549, 48.0047702, 0], [39.8146485, 48.0017176, 0], [39.8171536, 48.0013067, 0], [39.8134092, 47.9968093, 0], [39.8182795, 47.9947064, 0], [39.816455, 47.9929483, 0], [39.8186326, 47.9900588, 0], [39.8170607, 47.9891885, 0], [39.8166904, 47.9896968, 0], [39.8141991, 47.9888682, 0], [39.8156558, 47.9852249, 0], [39.8153101, 47.9839945, 0], [39.8179543, 47.9842508, 0], [39.8226583, 47.9830132, 0], [39.8224698, 47.9797935, 0], [39.8216806, 47.9792741, 0], [39.8209269, 47.977886, 0], [39.8172737, 47.9753396, 0], [39.8158896, 47.97381, 0], [39.8157125, 47.971465, 0], [39.8167412, 47.9701892, 0], [39.8165688, 47.9694364, 0], [39.8164826, 47.9690025, 0], [39.815989, 47.9686354, 0], [39.8162572, 47.9680783, 0], [39.8178987, 47.9682109, 0], [39.8187139, 47.9678215, 0], [39.8182819, 47.9671663, 0], [39.8165704, 47.966416, 0], [39.8182922, 47.9651486, 0], [39.8170717, 47.9637821, 0], [39.817706, 47.9633, 0], [39.8175678, 47.9625305, 0], [39.8184931, 47.9615376, 0], [39.8183883, 47.9605447, 0], [39.8196105, 47.9602452, 0], [39.8215201, 47.9598428, 0], [39.8224856, 47.9582334, 0], [39.8241375, 47.9553593, 0], [39.8202965, 47.9506459, 0], [39.8062208, 47.9505883, 0], [39.8060907, 47.9373346, 0], [39.8033859, 47.9369605, 0], [39.8036704, 47.9341931, 0], [39.8008649, 47.9322307, 0], [39.8004037, 47.929111, 0], [39.8009404, 47.9269545, 0], [39.7945466, 47.9208581, 0], [39.793432, 47.9192484, 0], [39.7940343, 47.8976665, 0], [39.7946773, 47.871334, 0], [39.7936037, 47.8696408, 0], [39.7898272, 47.8687849, 0], [39.7807292, 47.8700014, 0], [39.7757511, 47.8693251, 0], [39.7736912, 47.8700449, 0], [39.7621896, 47.8714832, 0], [39.7632189, 47.846661, 0], [39.7563531, 47.8466049, 0], [39.7383286, 47.8267857, 0], [39.6531906, 47.8327901, 0], [39.632585, 47.8387703, 0], [39.6209122, 47.8367006, 0], [39.5666668, 47.8362354, 0], [39.5405743, 47.8240197, 0], [39.5337078, 47.8332393, 0], [39.5210048, 47.8249417, 0], [39.4774027, 47.8599669, 0], [39.4712801, 47.8588821, 0], [39.4661874, 47.8598701, 0], [39.4625253, 47.8590818, 0], [39.4606946, 47.8571596, 0], [39.4537724, 47.8550421, 0], [39.4492539, 47.8520028, 0], [39.4467955, 47.8521887, 0], [39.445054, 47.8525605, 0], [39.4465741, 47.853969, 0], [39.4457875, 47.8556862, 0], [39.4430128, 47.8557799, 0], [39.4410688, 47.8548151, 0], [39.4340947, 47.8463187, 0], [39.4361116, 47.8439563, 0], [39.4363708, 47.8392322, 0], [39.432599, 47.8376181, 0], [39.4281764, 47.8374005, 0], [39.4258164, 47.8360326, 0], [39.4224709, 47.8337579, 0], [39.4221698, 47.8322023, 0], [39.4125147, 47.8309346, 0], [39.3871086, 47.8714832, 0], [39.3489997, 47.8719439, 0], [39.3496864, 47.8664164, 0], [39.2411962, 47.866877, 0], [39.2339861, 47.8605425, 0], [39.2363896, 47.8542079, 0], [39.1505588, 47.8523648, 0], [39.1505588, 47.8424571, 0], [39.1464389, 47.8424573, 0], [39.10936, 47.8424573, 0], [39.10936, 47.851904, 0], [39.0818941, 47.8507521, 0], [39.0791475, 47.8691802, 0], [38.9493044, 47.8695073, 0], [38.9439833, 47.8724439, 0], [38.9324815, 47.8744587, 0], [38.9311082, 47.8722709, 0], [38.9091355, 47.8748041, 0], [38.9096504, 47.8723862, 0], [38.8998658, 47.8731921, 0], [38.8943725, 47.875495, 0], [38.8864761, 47.8736527, 0], [38.8761764, 47.8757253, 0], [38.8804679, 47.8725011, 0], [38.8734299, 47.8672042, 0], [38.8437323, 47.8651325, 0], [38.8397841, 47.8665132, 0], [38.8349776, 47.8602941, 0], [38.8353209, 47.852692, 0], [38.8305144, 47.8492362, 0], [38.8267379, 47.8465865, 0], [38.8282828, 47.8322991, 0], [38.8339476, 47.8267675, 0], [38.8290551, 47.8234826, 0], [38.8293128, 47.8190452, 0], [38.8253644, 47.8165093, 0], [38.8150649, 47.8151259, 0], [38.7896589, 47.8158176, 0], [38.7906889, 47.7955255, 0], [38.7817625, 47.7916045, 0], [38.7848524, 47.7858377, 0], [38.7917188, 47.784223, 0], [38.7851957, 47.7791476, 0], [38.7941221, 47.7756869, 0], [38.7937786, 47.7686491, 0], [38.7886289, 47.7676108, 0], [38.7889723, 47.7376032, 0], [38.774896, 47.7348324, 0], [38.7719782, 47.711618, 0], [38.7728361, 47.6859728, 0], [38.74949, 47.6842393, 0], [38.7436536, 47.6865506, 0], [38.7415936, 47.6800788, 0], [38.7357572, 47.6800788, 0], [38.7361005, 47.6847016, 0], [38.7391906, 47.6844126, 0], [38.7295773, 47.6912884, 0], [38.7306167, 47.6926675, 0], [38.7361196, 47.6946243, 0], [38.7349278, 47.7002782, 0], [38.7296158, 47.698769, 0], [38.6643844, 47.6990001, 0], [38.6664443, 47.6691841, 0], [38.6293434, 47.6687373, 0], [38.6307001, 47.6530274, 0], [38.626237, 47.6537211, 0], [38.6138773, 47.644701, 0], [38.4566126, 47.6443046, 0], [38.4573218, 47.6171683, 0], [38.3505482, 47.6169369, 0], [38.3505482, 47.575958, 0], [38.3103794, 47.5757263, 0], [38.3114094, 47.5537186, 0], [38.3028262, 47.5446812, 0], [38.2825701, 47.5451447, 0], [38.28463, 47.5075884, 0], [38.2890933, 47.5082841, 0], [38.2928699, 47.5031818, 0], [38.2873766, 47.4978471, 0], [38.2894366, 47.48996, 0], [38.2829134, 47.4869441, 0], [38.2860033, 47.477199, 0], [38.3000797, 47.4755747, 0], [38.3028262, 47.3926661, 0], [38.2853168, 47.3919688, 0], [38.2860034, 47.3724417, 0], [38.2568209, 47.3740692, 0], [38.2496111, 47.3677913, 0], [38.242058, 47.3633731, 0], [38.2475512, 47.3603499, 0], [38.2441179, 47.3529073, 0], [38.2406847, 47.3473248, 0], [38.2290116, 47.3447659, 0], [38.229355, 47.3391825, 0], [38.2214585, 47.3345291, 0], [38.2248918, 47.3303408, 0], [38.2193986, 47.3275484, 0], [38.2207719, 47.306135, 0], [38.3325012, 47.3073657, 0], [38.3326954, 47.3024101, 0], [38.3244556, 47.2986849, 0], [38.3299488, 47.292398, 0], [38.3272023, 47.2863432, 0], [38.3203357, 47.2814523, 0], [38.3272023, 47.2767939, 0], [38.3306355, 47.2705045, 0], [38.3261722, 47.2679419, 0], [38.3285755, 47.2639812, 0], [38.322739, 47.2562921, 0], [38.2858092, 47.2579899, 0], [38.2886944, 47.2395964, 0], [38.2584819, 47.2393633, 0], [38.2561342, 47.2357823, 0], [38.2448046, 47.2336843, 0], [38.2310716, 47.2290217, 0], [38.2399981, 47.2147982, 0], [38.2300416, 47.2026703, 0], [38.234106, 47.1999556, 0], [38.2327883, 47.1868064, 0], [38.2345049, 47.1566988, 0], [38.2347926, 47.1432411, 0], [38.2290117, 47.1282093, 0], [38.2296427, 47.1196506, 0], [38.2084123, 47.1069489, 0], [38.1970826, 47.1015741, 0], [38.1865557, 47.0937123, 0], [38.1721916, 47.0759777, 0], [38.1569138, 47.064052, 0], [38.1452408, 47.055983, 0], [38.1360872, 47.049752, 0], [38.1225814, 47.0438187, 0], [38.1194359, 47.0485824, 0], [38.1317956, 47.0537286, 0], [38.1328256, 47.0640197, 0], [38.1287612, 47.0723535, 0], [38.1228691, 47.0806216, 0], [38.112625, 47.089654, 0], [38.1011956, 47.0979029, 0], [38.0920257, 47.1053132, 0], [38.0738295, 47.1095193, 0], [38.0614698, 47.1120896, 0], [38.054332, 47.1083022, 0], [38.044132, 47.0985359, 0], [38.0374371, 47.0897709, 0], [38.0278241, 47.0898878, 0], [38.0146781, 47.0936958, 0], [37.9993283, 47.0994707, 0], [37.9883419, 47.0983022, 0], [37.9758825, 47.0956826, 0], [37.9790722, 47.0928096, 0], [37.9881702, 47.0894203, 0], [37.9845653, 47.0860308, 0], [37.9715191, 47.0875502, 0], [37.9459416, 47.0970167, 0], [37.9275737, 47.1034436, 0], [37.9123677, 47.1081854, 0], [37.8953012, 47.1123232, 0], [37.8795803, 47.1066666, 0], [37.8621706, 47.1062479, 0], [37.8383095, 47.0997045, 0], [37.8259499, 47.0938614, 0], [37.8148639, 47.0894884, 0], [37.8176104, 47.1011748, 0], [37.8163369, 47.109753, 0], [37.8180535, 47.1190987, 0], [37.8256066, 47.1333479, 0], [37.8297265, 47.1461922, 0], [37.8365929, 47.1569323, 0], [37.844146, 47.1655695, 0], [37.8499825, 47.1742053, 0], [37.8505694, 47.1852412, 0], [37.8513558, 47.198938, 0], [37.8472359, 47.2138654, 0], [37.8413995, 47.2269234, 0], [37.8365929, 47.2411436, 0], [37.833503, 47.249301, 0], [37.8334033, 47.2603213, 0], [37.8341897, 47.2760952, 0], [37.8338464, 47.2854117, 0], [37.8300698, 47.2958908, 0], [37.8276665, 47.3026429, 0], [37.8348763, 47.3082302, 0], [37.8317864, 47.3149807, 0], [37.8245766, 47.3214977, 0], [37.8273232, 47.3284792, 0], [37.8279101, 47.3355277, 0], [37.8292834, 47.3425074, 0], [37.8444894, 47.3419742, 0], [37.856849, 47.3436027, 0], [37.8612124, 47.3478578, 0], [37.8591525, 47.3543707, 0], [37.8486092, 47.3501161, 0], [37.8376229, 47.3524422, 0], [37.8417428, 47.3584893, 0], [37.8515994, 47.3655338, 0], [37.841643, 47.3690218, 0], [37.8383096, 47.3780216, 0], [37.8503258, 47.3842983, 0], [37.856849, 47.3928985, 0], [37.855819, 47.403124, 0], [37.8599389, 47.4154383, 0], [37.8637154, 47.4265885, 0], [37.8784784, 47.4416839, 0], [37.8925547, 47.4697729, 0], [37.8194267, 47.5463034, 0], [37.8084403, 47.5618278, 0], [37.7823477, 47.5859162, 0], [37.7771978, 47.6157796, 0], [37.7686147, 47.6354478, 0], [37.801917, 47.6423879, 0], [37.8039769, 47.6601962, 0], [37.7644947, 47.6847015, 0], [37.7184895, 47.7072316, 0], [37.6726795, 47.7247168, 0], [37.6467557, 47.7456551, 0], [37.6375888, 47.7519939, 0], [37.623169, 47.7731102, 0], [37.6345486, 47.8025384, 0], [37.6342622, 47.838423, 0], [37.6330023, 47.8460097, 0], [37.6348905, 47.8525768, 0], [37.6348904, 47.8558021, 0], [37.6355771, 47.860179, 0], [37.6389066, 47.8677882, 0], [37.640944, 47.8706227, 0], [37.6424889, 47.8737318, 0], [37.6440338, 47.8809854, 0], [37.6440338, 47.8866264, 0], [37.6299576, 47.8930725, 0], [37.6131347, 47.8981368, 0], [37.5963118, 47.9032005, 0], [37.5759066, 47.9077328, 0], [37.5685999, 47.9077685, 0], [37.5564863, 47.9101048, 0], [37.534342, 47.9134415, 0], [37.5428393, 47.9324766, 0], [37.533827, 47.9505916, 0], [37.5424101, 47.9579494, 0], [37.5489332, 47.9648464, 0], [37.5530531, 47.9747305, 0], [37.5585462, 47.986451, 0], [37.5636961, 47.9942632, 0], [37.5791457, 48.0052902, 0], [37.5966552, 48.0117216, 0], [37.6141646, 48.0151666, 0], [37.6340774, 48.0227449, 0], [37.6478104, 48.0289444, 0], [37.6618866, 48.0367502, 0], [37.6732163, 48.04685, 0], [37.6830235, 48.0555005, 0], [37.7051454, 48.0575216, 0], [37.7409368, 48.0634875, 0], [37.7438118, 48.0686213, 0], [37.751494, 48.0792021, 0], [37.7575022, 48.0852802, 0], [37.7678015, 48.0902113, 0], [37.7801615, 48.0922749, 0], [37.8007611, 48.0977782, 0], [37.816233, 48.104586, 0], [37.8100531, 48.1206319, 0], [37.8150089, 48.1298691, 0], [37.8198549, 48.1438969, 0], [37.824622, 48.1578177, 0], [37.8285927, 48.1751503, 0], [37.8562077, 48.1928465, 0], [37.8833302, 48.1997121, 0], [37.8965706, 48.2154292, 0], [37.8929432, 48.2335689, 0], [37.89157, 48.2550609, 0], [37.8953466, 48.268546, 0], [37.8881602, 48.2836394, 0], [37.8901968, 48.2991598, 0], [37.8778371, 48.3247334, 0], [37.8871068, 48.3363742, 0], [37.8939733, 48.3452743, 0], [37.9025563, 48.3553135, 0], [37.9077062, 48.3642103, 0], [37.9181776, 48.3758422, 0], [37.9340563, 48.3772104, 0], [37.9473157, 48.3770108, 0], [37.9516516, 48.3886113, 0], [37.9775724, 48.3976162, 0], [38.0388558, 48.4013774, 0], [38.0642617, 48.4060498, 0], [38.0871153, 48.4107657, 0], [38.1130137, 48.4091265, 0], [38.1157603, 48.3988699, 0], [38.1209101, 48.392487, 0], [38.1308665, 48.3879273, 0], [38.1500926, 48.3854193, 0], [38.159019, 48.3826832, 0], [38.1720653, 48.3785786, 0], [38.1847683, 48.3749299, 0], [38.196098, 48.3733335, 0], [38.2074276, 48.371509, 0], [38.2149807, 48.3690002, 0], [38.2276837, 48.3671755, 0], [38.24176, 48.3637541, 0], [38.2591203, 48.359806, 0], [38.2736891, 48.3591918, 0], [38.2907061, 48.361631, 0], [38.3066481, 48.3664912, 0], [38.3217544, 48.3710529, 0], [38.3317108, 48.3772104, 0], [38.3435779, 48.3844372, 0], [38.3542284, 48.390346, 0], [38.3672748, 48.3996925, 0], [38.3799702, 48.4086007, 0], [38.390964, 48.4158739, 0], [38.3892474, 48.4322779, 0], [38.3930237, 48.436606, 0], [38.4053767, 48.4733655, 0], [38.4115634, 48.5105796, 0], [38.4143026, 48.5206053, 0], [38.4115634, 48.5274077, 0], [38.4088168, 48.533319, 0], [38.4060702, 48.5401389, 0], [38.402637, 48.5478669, 0], [38.402637, 48.5537758, 0], [38.4019504, 48.5615018, 0], [38.4019504, 48.5719527, 0], [38.402637, 48.5810386, 0], [38.402637, 48.5919397, 0], [38.4060702, 48.6019302, 0], [38.4046969, 48.6096488, 0], [38.4046894, 48.6169314, 0], [38.4088093, 48.62964, 0], [38.4143025, 48.6382619, 0], [38.4198032, 48.6450485, 0], [38.4314762, 48.6504924, 0], [38.4452016, 48.6550476, 0], [38.4644278, 48.6564083, 0], [38.4802281, 48.6591107, 0], [38.4967076, 48.6631925, 0], [38.5152472, 48.6663671, 0], [38.5161483, 48.6705617, 0], [38.5272842, 48.6746424, 0], [38.5394514, 48.6735091, 0], [38.5489783, 48.6752945, 0], [38.5542143, 48.6805367, 0], [38.5594455, 48.6866947, 0], [38.5722313, 48.6890556, 0], [38.577732, 48.6967418, 0], [38.5784187, 48.7094303, 0], [38.5832177, 48.7198696, 0], [38.6301672, 48.721172, 0], [38.6784116, 48.723701, 0], [38.6745492, 48.7293629, 0], [38.6917155, 48.7293629, 0], [38.7095682, 48.7261923, 0], [38.727421, 48.7230215, 0], [38.7535137, 48.7184915, 0], [38.7670674, 48.71432, 0], [38.7878385, 48.7134138, 0], [38.8084379, 48.7134138, 0], [38.8300673, 48.7170382, 0], [38.8360755, 48.7232671, 0], [38.841397, 48.7335147, 0], [38.8471476, 48.7429112, 0], [38.8561599, 48.7504951, 0], [38.8728111, 48.753268, 0], [38.8920372, 48.7508912, 0], [38.9047401, 48.7506082, 0], [38.9198464, 48.7456279, 0], [38.9330644, 48.7482313, 0], [38.9361543, 48.7437602, 0], [38.9317769, 48.7364584, 0], [38.9446515, 48.7354394, 0], [38.9571829, 48.7394585, 0], [38.9595003, 48.747156, 0], [38.979928, 48.743647, 0], [38.9887686, 48.7345337, 0], [38.9914368, 48.7306084, 0], [38.9965867, 48.7243805, 0], [38.9977884, 48.7197373, 0], [38.9943476, 48.715849, 0], [38.9888619, 48.715207, 0], [38.9831971, 48.7141876, 0], [38.9837904, 48.7110352, 0], [38.9900635, 48.711809, 0], [38.9955492, 48.7124511, 0], [38.9977884, 48.7097701, 0], [38.9965868, 48.706485, 0], [38.998475, 48.7011605, 0], [39.0018149, 48.697384, 0], [39.0070581, 48.6969684, 0], [39.0137454, 48.6960244, 0], [39.0147829, 48.6896031, 0], [39.0122079, 48.6834834, 0], [39.0176936, 48.679989, 0], [39.0192461, 48.6767963, 0], [39.0192461, 48.6721487, 0], [39.0235376, 48.669428, 0], [39.0252542, 48.6668205, 0], [39.0266275, 48.6628524, 0], [39.0216493, 48.6617186, 0], [39.0173578, 48.6630791, 0], [39.009633, 48.6626256, 0], [39.0123721, 48.658336, 0], [39.0183803, 48.6569753, 0], [39.0279933, 48.6535734, 0], [39.030919, 48.6516264, 0], [39.0355464, 48.6482432, 0], [39.0444804, 48.6475437, 0], [39.0534068, 48.648451, 0], [39.0649006, 48.650398, 0], [39.0707446, 48.6527605, 0], [39.078641, 48.6516264, 0], [39.0872242, 48.6518533, 0], [39.0975239, 48.6511728, 0], [39.104047, 48.6518533, 0], [39.1108201, 48.6560115, 0], [39.118974, 48.6602636, 0], [39.1239597, 48.6614351, 0], [39.1288521, 48.6612083, 0], [39.1371702, 48.6606038, 0], [39.138036, 48.6629658, 0], [39.1375211, 48.6656868, 0], [39.1383794, 48.6685778, 0], [39.1401818, 48.6713552, 0], [39.1418909, 48.6735848, 0], [39.1463616, 48.6770796, 0], [39.1525414, 48.6771363, 0], [39.1590571, 48.6769854, 0], [39.1639494, 48.6787422, 0], [39.1685918, 48.6807067, 0], [39.1712525, 48.6824067, 0], [39.174335, 48.6839558, 0], [39.1765666, 48.6850891, 0], [39.1780332, 48.6878466, 0], [39.1803432, 48.6926817, 0], [39.1819815, 48.6950989, 0], [39.1837839, 48.6979315, 0], [39.1867021, 48.7007639, 0], [39.1891837, 48.7021992, 0], [39.1914153, 48.705088, 0], [39.192367, 48.7071081, 0], [39.1936682, 48.7076087, 0], [39.1959073, 48.7066833, 0], [39.1965082, 48.7033981, 0], [39.1999414, 48.6995461, 0], [39.2005209, 48.6995177, 0], [39.2060142, 48.6994045, 0], [39.2077307, 48.7013871, 0], [39.2106489, 48.7035962, 0], [39.2139105, 48.7056354, 0], [39.2198329, 48.7067682, 0], [39.2213778, 48.707901, 0], [39.2244677, 48.7102232, 0], [39.2283301, 48.7121488, 0], [39.2328148, 48.7122773, 0], [39.2360688, 48.7104274, 0], [39.2397381, 48.7105254, 0], [39.2462612, 48.713697, 0], [39.2479854, 48.7176987, 0], [39.2485551, 48.7189657, 0], [39.2490153, 48.7209831, 0], [39.2493586, 48.7243805, 0], [39.2522769, 48.7287967, 0], [39.2545095, 48.7322642, 0], [39.2521052, 48.7366091, 0], [39.2505603, 48.7400055, 0], [39.2523552, 48.7426848, 0], [39.2594867, 48.7429488, 0], [39.2658307, 48.7431376, 0], [39.2670324, 48.7455147, 0], [39.2665249, 48.7486085, 0], [39.2656666, 48.7515512, 0], [39.2690065, 48.7545695, 0], [39.2742711, 48.7541695, 0], [39.2749577, 48.7499819, 0], [39.2812878, 48.7503062, 0], [39.285486, 48.7517966, 0], [39.2851426, 48.7546261, 0], [39.2859226, 48.7586811, 0], [39.2884042, 48.7611332, 0], [39.2931324, 48.7626418, 0], [39.2982822, 48.7654706, 0], [39.3012788, 48.7687143, 0], [39.3024021, 48.7715803, 0], [39.3042904, 48.7738429, 0], [39.3090895, 48.7755589, 0], [39.3142468, 48.7759924, 0], [39.3193034, 48.7770295, 0], [39.3253973, 48.7757852, 0], [39.3259198, 48.7723722, 0], [39.3259123, 48.7687708, 0], [39.330898, 48.7677335, 0], [39.3377645, 48.7673941, 0], [39.3435076, 48.7695063, 0], [39.3487508, 48.7697701, 0], [39.3530349, 48.766904, 0], [39.3497807, 48.7634338, 0], [39.3447092, 48.7614161, 0], [39.342056, 48.7553993, 0], [39.3455675, 48.7507214, 0], [39.3463475, 48.7473634, 0], [39.3492658, 48.742496, 0], [39.3545874, 48.7405715, 0], [39.3574981, 48.7361187, 0], [39.3561323, 48.7323068, 0], [39.3530424, 48.7290232, 0], [39.3534641, 48.7263246, 0], [39.3601589, 48.7227009, 0], [39.3667678, 48.7213419, 0], [39.3714027, 48.7198696, 0], [39.3721559, 48.7172084, 0], [39.3684844, 48.7157357, 0], [39.3629913, 48.7160189, 0], [39.3574981, 48.7147164, 0], [39.3541314, 48.7132442, 0], [39.3486382, 48.7134707, 0], [39.3453959, 48.7120546, 0], [39.3502882, 48.7060509, 0], [39.3525199, 48.7009529, 0], [39.3585946, 48.6964778, 0], [39.367006, 48.6916055, 0], [39.3726709, 48.6891125, 0], [39.3795566, 48.6862791, 0], [39.388998, 48.6845225, 0], [39.387968, 48.6808391, 0], [39.390352, 48.6782324, 0], [39.3936135, 48.6765322, 0], [39.4010144, 48.6752284, 0], [39.4058209, 48.6738115, 0], [39.4111231, 48.6698441, 0], [39.4123247, 48.6668966, 0], [39.4080332, 48.6625316, 0], [39.4070891, 48.6594135, 0], [39.4106939, 48.6576559, 0], [39.4174939, 48.6594132, 0], [39.4274309, 48.6577126, 0], [39.4372315, 48.656471, 0], [39.4460721, 48.6575482, 0], [39.4506911, 48.6555581, 0], [39.4513078, 48.6517082, 0], [39.4481162, 48.6475063, 0], [39.4496659, 48.6428481, 0], [39.4505671, 48.6415153, 0], [39.4542149, 48.6397855, 0], [39.4597939, 48.6397288, 0], [39.4639249, 48.6394589, 0], [39.4656733, 48.638084, 0], [39.4638391, 48.6352049, 0], [39.4627233, 48.632936, 0], [39.4631413, 48.6290366, 0], [39.4673041, 48.6286963, 0], [39.4730977, 48.6291501, 0], [39.4785909, 48.6291501, 0], [39.4856719, 48.6304265, 0], [39.489234, 48.6316177, 0], [39.4939976, 48.6333762, 0], [39.4997482, 48.6341987, 0], [39.5026236, 48.6349644, 0], [39.5069262, 48.6355453, 0], [39.5101878, 48.6354886, 0], [39.5128359, 48.6345507, 0], [39.5157668, 48.6298729, 0], [39.5119776, 48.625134, 0], [39.5116469, 48.6218737, 0], [39.5162691, 48.6180986, 0], [39.5233199, 48.6150081, 0], [39.5270106, 48.6095604, 0], [39.5236505, 48.6061817, 0], [39.5224616, 48.6026931, 0], [39.5240156, 48.598549, 0], [39.531397, 48.5969596, 0], [39.5321605, 48.5934975, 0], [39.5274271, 48.5919912, 0], [39.5251955, 48.5885849, 0], [39.5312037, 48.5842699, 0], [39.5415034, 48.5842699, 0], [39.5459666, 48.5873358, 0], [39.545795, 48.5923318, 0], [39.5476832, 48.5969867, 0], [39.5545497, 48.5995978, 0], [39.5617595, 48.5985761, 0], [39.5656345, 48.5939516, 0], [39.5653643, 48.5889255, 0], [39.5612571, 48.5848112, 0], [39.5681109, 48.5819987, 0], [39.5749042, 48.5842434, 0], [39.5822857, 48.5889558, 0], [39.5931736, 48.5936943, 0], [39.60107, 48.5914235, 0], [39.6050182, 48.5867681, 0], [39.60004, 48.585519, 0], [39.5945469, 48.5810902, 0], [39.594302, 48.5764073, 0], [39.6024433, 48.5746166, 0], [39.6094814, 48.5750709, 0], [39.6148029, 48.5799545, 0], [39.6173778, 48.5863139, 0], [39.6221845, 48.5868816, 0], [39.6304242, 48.5809766, 0], [39.6408956, 48.5830207, 0], [39.6505086, 48.5854054, 0], [39.6611516, 48.5874494, 0], [39.6699064, 48.5891526, 0], [39.6772879, 48.5875629, 0], [39.6863127, 48.5869687, 0], [39.691353, 48.5866363, 0], [39.6994833, 48.5878933, 0], [39.7073323, 48.5868866, 0], [39.7139843, 48.5853544, 0], [39.7207541, 48.5850849, 0], [39.7249491, 48.5862913, 0], [39.734884, 48.5858646, 0], [39.7402916, 48.5878524, 0], [39.743725, 48.5902084, 0], [39.7464718, 48.5907617, 0], [39.7501626, 48.5899029, 0], [39.7518361, 48.5870889, 0], [39.7508704, 48.5836947, 0], [39.7514174, 48.5825085, 0], [39.7528925, 48.5819154, 0], [39.7565993, 48.5833664, 0], [39.7609547, 48.5837925, 0], [39.763422, 48.5853541, 0], [39.7683569, 48.5867737, 0], [39.7732493, 48.5915429, 0], [39.7753104, 48.5919678, 0], [39.783165, 48.5925508, 0], [39.7882939, 48.5928419, 0], [39.793047, 48.592448, 0], [39.7998437, 48.5900369, 0], [39.8037571, 48.5860779, 0], [39.8074555, 48.5842195, 0], [39.8134205, 48.5837867, 0], [39.8150939, 48.5842623, 0], [39.8213165, 48.5861784, 0], [39.8238912, 48.586036, 0], [39.8250067, 48.5858651, 0], [39.8258648, 48.5849562, 0], [39.8262949, 48.5832812, 0], [39.8243647, 48.5806977, 0], [39.8218122, 48.5798176, 0], [39.8208048, 48.5789376, 0], [39.8228657, 48.5778873, 0], [39.8450448, 48.5716736, 0]]]]}}, {"type": "Feature", "properties": {"name": "\u0420\u0443\u0431\u0456\u0436\u043d\u0435. \u0422\u0435\u0440\u0438\u0442\u043e\u0440\u0456\u0457 \u0437\u0430\u0439\u043d\u044f\u0442\u0456 \u0432\u043e\u0440\u043e\u0433\u043e\u043c. \n\n12.05 \u0431\u0443\u0432 \u0432\u0456\u0434\u0445\u0456\u0434 \u0437 \u041f\u0456\u0432\u0434\u0435\u043d\u043d\u043e\u0457, \u0442\u0430 \u0439\u043c\u043e\u0432\u0456\u0440\u043d\u043e, \u0417\u0430\u0431\u0456\u0440\u043a\u0456\u043d\u043e.\n // Rubizhne. Territory, which is under occupation.\n\n12.05 Southern, and probably, Zabirkino, were left\n", "date": "2022-05-31"}, "geometry": {"type": "Polygon", "coordinates": [[[38.355341, 49.0541261, 0], [38.4068499, 49.0361959, 0], [38.419964, 49.0293865, 0], [38.4241521, 49.0156399, 0], [38.4325798, 49.0104879, 0], [38.4443002, 49.0031254, 0], [38.4336636, 48.99327, 0], [38.4241472, 48.9814425, 0], [38.4253534, 48.9762954, 0], [38.4222505, 48.9690447, 0], [38.4225932, 48.9687907, 0], [38.4222067, 48.9683537, 0], [38.4221422, 48.9679662, 0], [38.4209995, 48.9675806, 0], [38.4203209, 48.9676272, 0], [38.4199602, 48.9677914, 0], [38.4199943, 48.9681834, 0], [38.4193204, 48.9685472, 0], [38.4188242, 48.968453, 0], [38.4180611, 48.9681805, 0], [38.4164612, 48.9681334, 0], [38.4163096, 48.9676566, 0], [38.4167488, 48.9669111, 0], [38.4175478, 48.9667074, 0], [38.4177582, 48.9663466, 0], [38.4174558, 48.9660394, 0], [38.4169612, 48.9659703, 0], [38.4157698, 48.9661752, 0], [38.4150239, 48.9668412, 0], [38.4141667, 48.9669844, 0], [38.4132916, 48.9668593, 0], [38.4134297, 48.9661303, 0], [38.4131907, 48.9660526, 0], [38.4128416, 48.9662354, 0], [38.4115856, 48.9665164, 0], [38.4108329, 48.9670222, 0], [38.410333, 48.9675941, 0], [38.4097289, 48.9677744, 0], [38.4093019, 48.9675886, 0], [38.4089885, 48.9669857, 0], [38.4079928, 48.9664901, 0], [38.4060872, 48.9661751, 0], [38.4043359, 48.9662212, 0], [38.403022, 48.9655245, 0], [38.4026257, 48.9645256, 0], [38.4041505, 48.9629221, 0], [38.4039385, 48.9625892, 0], [38.4030854, 48.9623741, 0], [38.4017225, 48.9618876, 0], [38.3997693, 48.9591113, 0], [38.3991246, 48.9607157, 0], [38.3976635, 48.961783, 0], [38.3968013, 48.9628466, 0], [38.3955919, 48.9640159, 0], [38.3942888, 48.9649456, 0], [38.3930558, 48.9654525, 0], [38.3920489, 48.9661283, 0], [38.3863445, 48.9698746, 0], [38.3843308, 48.9713668, 0], [38.3824886, 48.9730844, 0], [38.3767081, 48.9773065, 0], [38.3693526, 48.9814122, 0], [38.3691135, 48.9852172, 0], [38.3665755, 48.9874194, 0], [38.3628729, 48.989007, 0], [38.3595878, 48.9892533, 0], [38.3579958, 48.9897456, 0], [38.3568033, 48.9906629, 0], [38.3537226, 48.9915236, 0], [38.352711, 48.993583, 0], [38.3506876, 48.9957869, 0], [38.3479288, 48.9979985, 0], [38.3412099, 49.0007319, 0], [38.3425647, 49.0019117, 0], [38.3438042, 49.0042337, 0], [38.3452163, 49.0056545, 0], [38.3460135, 49.0073975, 0], [38.3419272, 49.0109707, 0], [38.3386376, 49.0160011, 0], [38.3377475, 49.0177882, 0], [38.3315352, 49.024416, 0], [38.3344555, 49.0328516, 0], [38.3403623, 49.0426207, 0], [38.3448782, 49.0470349, 0], [38.355341, 49.0541261, 0]]]}}, {"type": "Feature", "properties": {"name": "\u041e\u043a\u0443\u043f\u043e\u0432\u0430\u043d\u043e /// Occupied\n", "date": "2022-05-31"}, "geometry": {"type": "Polygon", "coordinates": [[[36.603887, 50.1882098, 0], [36.5952246, 50.2299114, 0], [36.6134849, 50.2237342, 0], [36.6147727, 50.2269816, 0], [36.6159111, 50.227192, 0], [36.619141, 50.2269951, 0], [36.6360536, 50.2236727, 0], [36.6400448, 50.2226019, 0], [36.6404371, 50.222102, 0], [36.6479893, 50.2177626, 0], [36.6639935, 50.2223046, 0], [36.6797426, 50.1886061, 0], [36.603887, 50.1882098, 0]]]}}, {"type": "Feature", "properties": {"name": "\u041e\u043a\u0443\u043f\u043e\u0432\u0430\u043d\u043e /// Occupied", "date": "2022-05-31"}, "geometry": {"type": "MultiPolygon", "coordinates": [[[[32.4242085, 46.5677111, 0], [32.320535, 46.5533911, 0], [32.2785946, 46.5809827, 0], [32.2594448, 46.5903752, 0], [32.2463986, 46.5922626, 0], [32.2089766, 46.5762173, 0], [32.1846008, 46.5752733, 0], [32.1385957, 46.5568622, 0], [32.119713, 46.596745, 0], [32.1855973, 46.6011796, 0], [32.1657363, 46.7021234, 0], [32.1872734, 46.7471601, 0], [32.217432, 46.7495852, 0], [32.2433616, 46.7860604, 0], [32.273782, 46.7928619, 0], [32.3071007, 46.8007768, 0], [32.3637473, 46.8318811, 0], [32.3611987, 46.8561673, 0], [32.3567438, 46.8668509, 0], [32.3540139, 46.8798796, 0], [32.3612991, 46.8964354, 0], [32.4058668, 46.8975883, 0], [32.4225553, 46.9589532, 0], [32.4764465, 46.9847194, 0], [32.4871751, 46.9980677, 0], [32.5443424, 47.0049318, 0], [32.5953864, 47.0137893, 0], [32.59466, 47.0221767, 0], [32.6049462, 47.0239138, 0], [32.5970774, 47.0581553, 0], [32.605647, 47.059482, 0], [32.6079524, 47.0599222, 0], [32.6102365, 47.0604502, 0], [32.6233347, 47.0631859, 0], [32.6389075, 47.0656636, 0], [32.6530131, 47.0665, 0], [32.6695009, 47.0668375, 0], [32.6856564, 47.0678403, 0], [32.6950885, 47.0677757, 0], [32.7229518, 47.067586, 0], [32.759707, 47.0671564, 0], [32.7900868, 47.0682668, 0], [32.8415896, 47.0936918, 0], [32.8792298, 47.0797191, 0], [32.8982819, 47.0890887, 0], [32.8898188, 47.1062148, 0], [32.8938332, 47.1132605, 0], [32.906315, 47.1108246, 0], [32.9135852, 47.1046971, 0], [32.9086358, 47.0969575, 0], [32.9116511, 47.0888799, 0], [32.9184779, 47.0851897, 0], [32.9261828, 47.0834599, 0], [32.9331259, 47.0868016, 0], [32.9390026, 47.1030799, 0], [32.9445201, 47.105961, 0], [32.9489964, 47.1058823, 0], [32.9589595, 47.0982475, 0], [32.9642827, 47.0970392, 0], [32.9699491, 47.0974668, 0], [32.9735567, 47.1012827, 0], [32.9722712, 47.107514, 0], [32.957209, 47.1103962, 0], [32.9505358, 47.1140576, 0], [32.9511475, 47.1167065, 0], [32.9663883, 47.1159282, 0], [32.9819733, 47.1200541, 0], [32.994613, 47.1235486, 0], [33.0043798, 47.1331367, 0], [32.9913741, 47.1511212, 0], [32.9849855, 47.1518429, 0], [32.9847092, 47.1543642, 0], [32.9861168, 47.1558002, 0], [32.9918851, 47.1530744, 0], [32.9939105, 47.1539285, 0], [32.9930353, 47.1564565, 0], [32.9906242, 47.1581876, 0], [32.987271, 47.1680092, 0], [32.9934929, 47.1656265, 0], [32.9960028, 47.1674688, 0], [32.9904777, 47.1800587, 0], [32.9913299, 47.1893323, 0], [32.9953426, 47.190594, 0], [33.0022412, 47.1892999, 0], [33.0040597, 47.191394, 0], [33.0001583, 47.1925152, 0], [33.0003202, 47.1943557, 0], [33.0011688, 47.1957296, 0], [33.0034766, 47.196287, 0], [33.0062993, 47.1960278, 0], [33.0127445, 47.1885883, 0], [33.0121851, 47.1820104, 0], [33.0251397, 47.1763194, 0], [33.0390302, 47.1785258, 0], [33.0309787, 47.1671112, 0], [33.0483318, 47.1638656, 0], [33.0756689, 47.167305, 0], [33.1678427, 47.2026084, 0], [33.1947685, 47.1974471, 0], [33.223144, 47.2144478, 0], [33.2034576, 47.2370451, 0], [33.2029892, 47.2765613, 0], [33.2196212, 47.290219, 0], [33.2277104, 47.2922358, 0], [33.2353572, 47.2899172, 0], [33.2520997, 47.288994, 0], [33.2585544, 47.2875417, 0], [33.2635303, 47.2889762, 0], [33.2740868, 47.2967548, 0], [33.2742536, 47.3042613, 0], [33.2698099, 47.3071873, 0], [33.2608072, 47.3049835, 0], [33.253693, 47.3055728, 0], [33.2444503, 47.3078188, 0], [33.2346778, 47.3140049, 0], [33.2321078, 47.3215788, 0], [33.2406486, 47.325276, 0], [33.2457574, 47.3306019, 0], [33.2482863, 47.3474361, 0], [33.282159, 47.3614029, 0], [33.3234202, 47.3589497, 0], [33.3661144, 47.3746804, 0], [33.3764513, 47.3971765, 0], [33.3943526, 47.4164171, 0], [33.4021595, 47.4216539, 0], [33.3962347, 47.4301425, 0], [33.3933131, 47.4434053, 0], [33.3899893, 47.4508479, 0], [33.3870136, 47.4588026, 0], [33.3968271, 47.4749891, 0], [33.4293212, 47.4775974, 0], [33.4643401, 47.4847902, 0], [33.5122337, 47.4917502, 0], [33.4987759, 47.5120287, 0], [33.5458797, 47.5180609, 0], [33.5542486, 47.5050804, 0], [33.5960884, 47.4966346, 0], [33.62028, 47.4668763, 0], [33.6202797, 47.451615, 0], [33.6340199, 47.4392032, 0], [33.7212299, 47.4308333, 0], [33.7231796, 47.4201485, 0], [33.7755488, 47.4239823, 0], [33.8353618, 47.4338916, 0], [33.8439247, 47.4089457, 0], [33.869323, 47.389092, 0], [33.959871, 47.4092807, 0], [33.9780507, 47.3755823, 0], [33.9685385, 47.3285208, 0], [33.9646094, 47.303648, 0], [33.9162256, 47.2707333, 0], [33.9114761, 47.243441, 0], [33.9003911, 47.230959, 0], [33.8655878, 47.2096232, 0], [33.8548273, 47.2071725, 0], [33.8249067, 47.1959862, 0], [33.7896706, 47.1836219, 0], [33.7816567, 47.1786881, 0], [33.7872047, 47.1308085, 0], [33.763927, 47.0979765, 0], [33.7499326, 47.0920155, 0], [33.6573283, 47.0484019, 0], [33.6619659, 46.9998455, 0], [33.6550291, 46.9850037, 0], [33.5952613, 46.9345462, 0], [33.5990403, 46.894156, 0], [33.5904632, 46.8537657, 0], [33.508568, 46.8580732, 0], [33.4697722, 46.8467501, 0], [33.4418265, 46.8417292, 0], [33.4121732, 46.8296556, 0], [33.3805316, 46.8051472, 0], [33.3595604, 46.7884877, 0], [33.3535944, 46.7843963, 0], [33.3292905, 46.7799378, 0], [33.3056869, 46.7802317, 0], [33.2298124, 46.7865792, 0], [33.1559977, 46.7884599, 0], [33.0948859, 46.7689454, 0], [33.0458696, 46.7467111, 0], [33.0135971, 46.7420058, 0], [32.9421856, 46.7396531, 0], [32.8697013, 46.7075272, 0], [32.8379818, 46.6941554, 0], [32.8344628, 46.6906415, 0], [32.8181765, 46.6842131, 0], [32.8136076, 46.6834066, 0], [32.8120658, 46.6844213, 0], [32.802611, 46.6802873, 0], [32.7932433, 46.6765945, 0], [32.7831781, 46.6739781, 0], [32.7776397, 46.673338, 0], [32.7679407, 46.6727274, 0], [32.7580702, 46.6725576, 0], [32.7502143, 46.6733071, 0], [32.7412424, 46.6748364, 0], [32.7406364, 46.6744792, 0], [32.7388236, 46.6745009, 0], [32.7385127, 46.6748759, 0], [32.7374131, 46.6750781, 0], [32.7364423, 46.675457, 0], [32.7351988, 46.6753077, 0], [32.7313385, 46.6754506, 0], [32.7298405, 46.67553, 0], [32.7294409, 46.6750557, 0], [32.7263886, 46.6752993, 0], [32.7237869, 46.6748947, 0], [32.7212711, 46.6746668, 0], [32.72036, 46.6740652, 0], [32.7206076, 46.6701655, 0], [32.7209525, 46.6654729, 0], [32.7196916, 46.6657683, 0], [32.7191113, 46.6739601, 0], [32.7176619, 46.6736416, 0], [32.7143887, 46.672303, 0], [32.7111215, 46.6709121, 0], [32.709764, 46.6704488, 0], [32.7105136, 46.6719528, 0], [32.709438, 46.6716624, 0], [32.708982, 46.6705518, 0], [32.7073192, 46.6702444, 0], [32.7056244, 46.6693058, 0], [32.7001964, 46.6680724, 0], [32.6949403, 46.6665148, 0], [32.6841741, 46.6629047, 0], [32.6797814, 46.6620687, 0], [32.6759038, 46.6610263, 0], [32.6723546, 46.6597957, 0], [32.6714359, 46.6598673, 0], [32.6617889, 46.6566227, 0], [32.6544025, 46.6529993, 0], [32.637241, 46.638298, 0], [32.5896907, 46.6024557, 0], [32.5416253, 46.5991534, 0], [32.5114018, 46.5963907, 0], [32.4767249, 46.5829711, 0], [32.467975, 46.571183, 0], [32.4487507, 46.5632228, 0], [32.4302168, 46.5602164, 0], [32.4242085, 46.5677111, 0]]], [[[32.4242085, 46.5677111, 0], [32.4242026, 46.5676981, 0], [32.4242018, 46.5677046, 0], [32.4242085, 46.5677111, 0]]]]}}, {"type": "Feature", "properties": {"name": "\u041e\u043a\u0443\u043f\u043e\u0432\u0430\u043d\u043e /// Occupied", "date": "2022-05-31"}, "geometry": {"type": "Polygon", "coordinates": [[[38.4241521, 49.0156399, 0], [38.4199637, 49.0292207, 0], [38.4068496, 49.0360301, 0], [38.3553409, 49.0539603, 0], [38.3448781, 49.0468691, 0], [38.3403622, 49.0424549, 0], [38.3344555, 49.0326858, 0], [38.3036591, 49.0451495, 0], [38.2675244, 49.0401423, 0], [38.2280542, 49.063784, 0], [38.17845, 49.1332302, 0], [38.1832912, 49.1617809, 0], [38.1839778, 49.2021756, 0], [38.2251763, 49.2156332, 0], [38.2341027, 49.3692379, 0], [38.1440087, 49.3884906, 0], [38.1083031, 49.4438818, 0], [38.168728, 49.5544768, 0], [38.1330224, 49.5972206, 0], [38.1879541, 49.7394299, 0], [38.1769678, 49.8422717, 0], [38.2552452, 49.9095324, 0], [38.2164377, 49.9871793, 0], [38.2155322, 49.9881847, 0], [38.21085, 49.9892452, 0], [38.2098144, 49.9901953, 0], [38.2077102, 49.9915087, 0], [38.2050272, 49.9967451, 0], [38.2046727, 49.9982874, 0], [38.2050047, 50.0007676, 0], [38.202641, 50.0016684, 0], [38.2008054, 50.0036314, 0], [38.2009438, 50.0046565, 0], [38.1971766, 50.0082193, 0], [38.1924386, 50.0137928, 0], [38.1869793, 50.0214602, 0], [38.1853816, 50.0220685, 0], [38.1862524, 50.0227729, 0], [38.1881577, 50.0234077, 0], [38.1883893, 50.0244699, 0], [38.1886702, 50.0268599, 0], [38.1882313, 50.0307843, 0], [38.1880071, 50.0393948, 0], [38.1875578, 50.0410481, 0], [38.1838253, 50.0458296, 0], [38.1850647, 50.0556901, 0], [38.1819184, 50.0668677, 0], [38.1818466, 50.0678015, 0], [38.1790856, 50.0774198, 0], [38.1787134, 50.0777809, 0], [38.1785128, 50.0797945, 0], [38.2463336, 50.0731122, 0], [38.2770672, 50.0729966, 0], [38.2927791, 50.079324, 0], [38.300294, 50.0866717, 0], [38.3126358, 50.0885826, 0], [38.3290971, 50.0852049, 0], [38.333974, 50.0590905, 0], [38.3511987, 50.0347384, 0], [38.3541621, 50.019046, 0], [38.3495729, 50.0064418, 0], [38.3975608, 49.9905828, 0], [38.4160059, 49.9813358, 0], [38.4340933, 50.0010164, 0], [38.4680378, 49.9952445, 0], [38.465912, 49.9839589, 0], [38.4775179, 49.9832689, 0], [38.4832986, 49.9765256, 0], [38.4877041, 49.9635998, 0], [38.5078966, 49.9640277, 0], [38.5267136, 49.9582684, 0], [38.5815678, 49.9774138, 0], [38.6160761, 49.9743876, 0], [38.6461941, 49.9559349, 0], [38.6669388, 49.9721541, 0], [38.6797293, 49.9744915, 0], [38.6760522, 49.9928115, 0], [38.6797076, 50.0025228, 0], [38.6842822, 50.0074883, 0], [38.6874838, 50.0058341, 0], [38.7151347, 49.9877076, 0], [38.7153131, 49.9823814, 0], [38.685298, 49.9603414, 0], [38.6928985, 49.9347634, 0], [38.7232453, 49.927003, 0], [38.7338438, 49.9050226, 0], [38.742281, 49.8989189, 0], [38.7438449, 49.8973048, 0], [38.7682298, 49.8960418, 0], [38.777681, 49.8853176, 0], [38.7834858, 49.8811108, 0], [38.7901479, 49.8785076, 0], [38.7949557, 49.8833076, 0], [38.8224303, 49.878982, 0], [38.8244268, 49.8789324, 0], [38.8260257, 49.8783681, 0], [38.8270396, 49.8777541, 0], [38.827761, 49.8771566, 0], [38.8329709, 49.8747421, 0], [38.8344381, 49.8745717, 0], [38.8349355, 49.8743344, 0], [38.8356992, 49.8738284, 0], [38.8366818, 49.8721511, 0], [38.8346623, 49.8709528, 0], [38.8348111, 49.8690675, 0], [38.8363444, 49.8673642, 0], [38.8360165, 49.8671348, 0], [38.8389639, 49.8660243, 0], [38.8393432, 49.8657594, 0], [38.8432878, 49.8651428, 0], [38.8439298, 49.8651801, 0], [38.845667, 49.8658073, 0], [38.846128, 49.8657198, 0], [38.8467233, 49.8654823, 0], [38.8491023, 49.8651008, 0], [38.8506137, 49.8658643, 0], [38.8514124, 49.8661631, 0], [38.8520263, 49.8665061, 0], [38.8538353, 49.8671201, 0], [38.8541605, 49.8674272, 0], [38.8541729, 49.8678573, 0], [38.854455, 49.868193, 0], [38.855853, 49.8688883, 0], [38.8566102, 49.8686469, 0], [38.8571602, 49.8680113, 0], [38.8627136, 49.8658678, 0], [38.8653186, 49.8660268, 0], [38.8668357, 49.864889, 0], [38.8693967, 49.8644861, 0], [38.8745611, 49.8666358, 0], [38.87459, 49.8678766, 0], [38.8751339, 49.8685366, 0], [38.8764137, 49.8694205, 0], [38.898465, 49.8704141, 0], [38.9093357, 49.8601006, 0], [38.9195172, 49.8586388, 0], [38.9096681, 49.850847, 0], [38.9042752, 49.8488149, 0], [38.9065326, 49.8446545, 0], [38.9125661, 49.8435934, 0], [38.9143051, 49.8369976, 0], [38.9113965, 49.8345865, 0], [38.9150923, 49.8310564, 0], [38.9135056, 49.8286273, 0], [38.9073906, 49.8284099, 0], [38.9087973, 49.8227646, 0], [38.9098426, 49.8182812, 0], [38.9122526, 49.8180335, 0], [38.9182637, 49.8148081, 0], [38.9190365, 49.8138599, 0], [38.9161611, 49.8127213, 0], [38.9191867, 49.8089397, 0], [38.9203554, 49.804944, 0], [38.9259171, 49.8041649, 0], [38.9286977, 49.8038859, 0], [38.9274188, 49.8013787, 0], [38.9278092, 49.7985739, 0], [38.9307509, 49.7971714, 0], [38.9329084, 49.7975781, 0], [38.9334722, 49.7997759, 0], [38.9364393, 49.8002009, 0], [38.9394903, 49.8006646, 0], [38.946661, 49.7978041, 0], [38.9488141, 49.796072, 0], [38.9648911, 49.8038751, 0], [38.9711357, 49.8072184, 0], [38.9849036, 49.8077809, 0], [39.0216582, 49.8209079, 0], [39.0335202, 49.82237, 0], [39.066231, 49.8153466, 0], [39.0697611, 49.8187284, 0], [39.1111368, 49.839044, 0], [39.1285048, 49.8597951, 0], [39.1784, 49.8879987, 0], [39.1883931, 49.8862199, 0], [39.2256545, 49.8401819, 0], [39.2281121, 49.8165004, 0], [39.2289901, 49.8084299, 0], [39.2391442, 49.7982241, 0], [39.2403698, 49.7911204, 0], [39.2503694, 49.7777994, 0], [39.2646369, 49.7684778, 0], [39.2754686, 49.7680241, 0], [39.2799634, 49.7609078, 0], [39.2855581, 49.755664, 0], [39.3079217, 49.7530412, 0], [39.3769608, 49.7384218, 0], [39.4120602, 49.7531086, 0], [39.438199, 49.7600039, 0], [39.4787588, 49.7564723, 0], [39.5338327, 49.7408455, 0], [39.6083906, 49.7339069, 0], [39.591959, 49.7196306, 0], [39.6131314, 49.6903603, 0], [39.6383769, 49.6350974, 0], [39.6599932, 49.6148084, 0], [39.6869239, 49.6115557, 0], [39.6967454, 49.6042891, 0], [39.7127452, 49.6059205, 0], [39.7502298, 49.5967168, 0], [39.7683386, 49.5852892, 0], [39.8080571, 49.5580478, 0], [39.8389118, 49.5635154, 0], [39.8660215, 49.5597836, 0], [39.8902222, 49.5583566, 0], [39.9345988, 49.5727807, 0], [39.9522207, 49.5965467, 0], [40.0567267, 49.606571, 0], [40.0635357, 49.5992308, 0], [40.1352564, 49.6162513, 0], [40.139523, 49.5962718, 0], [40.1684327, 49.5689182, 0], [40.037597, 49.5198928, 0], [40.041758, 49.4991003, 0], [40.029445, 49.4537775, 0], [40.0480275, 49.4443722, 0], [40.0593769, 49.434088, 0], [40.0769068, 49.4099548, 0], [40.1124341, 49.3857491, 0], [40.1445965, 49.3776647, 0], [40.1620428, 49.3682539, 0], [40.1599319, 49.3654561, 0], [40.1701797, 49.3563977, 0], [40.1755684, 49.3566161, 0], [40.1918349, 49.3483315, 0], [40.1968119, 49.3452254, 0], [40.1910582, 49.3179433, 0], [40.188524, 49.3074409, 0], [40.1851963, 49.3042066, 0], [40.1859361, 49.2840058, 0], [40.2192618, 49.2651691, 0], [40.2208041, 49.2577711, 0], [40.2143684, 49.2448843, 0], [40.209671, 49.2417753, 0], [40.1768242, 49.2368702, 0], [40.1365378, 49.2391541, 0], [40.1217662, 49.2307081, 0], [40.1082875, 49.2108803, 0], [40.0927571, 49.2031613, 0], [40.0761276, 49.1868252, 0], [40.0315729, 49.1802382, 0], [39.9974614, 49.1473102, 0], [39.9727224, 49.1252911, 0], [39.9387357, 49.0832597, 0], [39.9425299, 49.0713444, 0], [39.9377233, 49.0560499, 0], [39.9088872, 49.0574038, 0], [39.8752387, 49.0654984, 0], [39.8203073, 49.0582996, 0], [39.8031412, 49.0591995, 0], [39.7887186, 49.0499747, 0], [39.7681225, 49.0402983, 0], [39.729675, 49.0430052, 0], [39.6929349, 49.0495248, 0], [39.6731505, 49.0391727, 0], [39.6835795, 49.0369223, 0], [39.6817337, 49.0287303, 0], [39.6756613, 49.0268858, 0], [39.6736555, 49.0149315, 0], [39.6792023, 49.0128842, 0], [39.6702746, 49.0031459, 0], [39.6634093, 49.0008695, 0], [39.6769283, 48.9895361, 0], [39.6912183, 48.9960549, 0], [39.6911752, 48.9967306, 0], [39.6933423, 48.9990394, 0], [39.696958, 48.9998926, 0], [39.6989215, 49.0006583, 0], [39.6999944, 49.0004556, 0], [39.7020651, 48.9994149, 0], [39.7039514, 48.9987228, 0], [39.7048355, 48.9973999, 0], [39.7069211, 48.9950622, 0], [39.7074231, 48.994063, 0], [39.7074317, 48.9933462, 0], [39.7076603, 48.9924296, 0], [39.7097347, 48.9919487, 0], [39.7107522, 48.9915328, 0], [39.7118016, 48.9901915, 0], [39.712101, 48.9899574, 0], [39.713503, 48.9895829, 0], [39.7150558, 48.9898974, 0], [39.7153475, 48.9897066, 0], [39.7154291, 48.9894, 0], [39.7154054, 48.9885779, 0], [39.7155438, 48.9882232, 0], [39.7157096, 48.9879895, 0], [39.7167673, 48.9870644, 0], [39.7169168, 48.9865476, 0], [39.7169164, 48.9862399, 0], [39.7164977, 48.9856079, 0], [39.7167214, 48.98491, 0], [39.7168955, 48.9846986, 0], [39.7174111, 48.9845859, 0], [39.7176153, 48.9843606, 0], [39.7179212, 48.9833749, 0], [39.7176885, 48.9827446, 0], [39.7176204, 48.982352, 0], [39.7189743, 48.9816269, 0], [39.7205544, 48.9814663, 0], [39.7215189, 48.9812862, 0], [39.7233621, 48.9805175, 0], [39.7252246, 48.9802334, 0], [39.7263788, 48.9794586, 0], [39.7264797, 48.9786763, 0], [39.7261598, 48.9785086, 0], [39.724476, 48.9780659, 0], [39.724818, 48.9765626, 0], [39.7270453, 48.9752932, 0], [39.7294443, 48.9778547, 0], [39.7329741, 48.9801996, 0], [39.7477808, 48.9879451, 0], [39.7887218, 48.9474884, 0], [39.7694958, 48.9303492, 0], [39.7942148, 48.9249356, 0], [39.818934, 48.9077887, 0], [39.8244272, 48.8906359, 0], [39.8409067, 48.9023726, 0], [39.8711189, 48.8942476, 0], [39.9246772, 48.8942476, 0], [39.9837285, 48.8680575, 0], [40.0180607, 48.9077888, 0], [40.0311927, 48.9157989, 0], [40.0484933, 48.9101839, 0], [40.0554925, 48.9100958, 0], [40.0712841, 48.8769726, 0], [40.0788287, 48.8698642, 0], [39.9761754, 48.7937025, 0], [39.958216, 48.797851, 0], [39.9522719, 48.7974751, 0], [39.9383224, 48.7998877, 0], [39.8862528, 48.8209434, 0], [39.8304368, 48.833552, 0], [39.8278294, 48.8314627, 0], [39.807501, 48.8385787, 0], [39.8080419, 48.8394778, 0], [39.80467, 48.843574, 0], [39.7971242, 48.8405734, 0], [39.7843065, 48.7973463, 0], [39.7652011, 48.765006, 0], [39.7414097, 48.7717615, 0], [39.7389251, 48.7484075, 0], [39.7227146, 48.7341074, 0], [39.7048355, 48.7214608, 0], [39.7110139, 48.713367, 0], [39.7027732, 48.7066325, 0], [39.7199333, 48.6979207, 0], [39.7155113, 48.6956862, 0], [39.7162393, 48.6902791, 0], [39.7221581, 48.6839973, 0], [39.7150311, 48.6810023, 0], [39.7118101, 48.6750602, 0], [39.7030004, 48.6704068, 0], [39.7025396, 48.6687306, 0], [39.7021215, 48.6679811, 0], [39.7032911, 48.6668348, 0], [39.703581, 48.6668044, 0], [39.7040159, 48.6667314, 0], [39.7044296, 48.6666742, 0], [39.7049797, 48.6666557, 0], [39.7054183, 48.6666326, 0], [39.7058167, 48.6667016, 0], [39.7062688, 48.6667812, 0], [39.7066875, 48.6668412, 0], [39.7071384, 48.6670465, 0], [39.7075152, 48.6672581, 0], [39.7084724, 48.6674193, 0], [39.7091533, 48.6673945, 0], [39.7097424, 48.6673448, 0], [39.7101921, 48.6671605, 0], [39.7103686, 48.6671038, 0], [39.71047, 48.6670046, 0], [39.7110026, 48.6665508, 0], [39.7110592, 48.6663801, 0], [39.7109742, 48.6655147, 0], [39.710739, 48.6648477, 0], [39.7107193, 48.6642648, 0], [39.7105939, 48.6638926, 0], [39.7101286, 48.6628507, 0], [39.7096205, 48.6623544, 0], [39.7096917, 48.661929, 0], [39.7095258, 48.6606526, 0], [39.7095347, 48.6599301, 0], [39.7096, 48.6592181, 0], [39.7099184, 48.6584498, 0], [39.7105344, 48.6574582, 0], [39.7108339, 48.6569202, 0], [39.7109495, 48.6560306, 0], [39.7108827, 48.6555273, 0], [39.7107812, 48.6551372, 0], [39.7106909, 48.6550161, 0], [39.7105399, 48.6548341, 0], [39.7103246, 48.6546555, 0], [39.7101675, 48.6545819, 0], [39.7099767, 48.6545215, 0], [39.7096917, 48.6544999, 0], [39.7095132, 48.6544603, 0], [39.7093547, 48.6544768, 0], [39.7090752, 48.6545593, 0], [39.7088114, 48.6547138, 0], [39.7086056, 48.6549235, 0], [39.7084729, 48.6550664, 0], [39.7081901, 48.655345, 0], [39.7080521, 48.6554428, 0], [39.7076504, 48.6557544, 0], [39.7073606, 48.6560479, 0], [39.70727, 48.656161, 0], [39.7071605, 48.6563164, 0], [39.7070258, 48.6565199, 0], [39.7068745, 48.6566577, 0], [39.7067006, 48.6567632, 0], [39.7065246, 48.6568252, 0], [39.7063324, 48.6568165, 0], [39.706194, 48.6567793, 0], [39.7060155, 48.6566237, 0], [39.7057444, 48.6565604, 0], [39.7054707, 48.6565545, 0], [39.7052662, 48.6564574, 0], [39.7051577, 48.6563059, 0], [39.7050696, 48.6561659, 0], [39.7047323, 48.6558079, 0], [39.7046372, 48.6555738, 0], [39.7045811, 48.6553608, 0], [39.7042382, 48.6549631, 0], [39.7039514, 48.6547359, 0], [39.7034609, 48.6544378, 0], [39.7028981, 48.6538559, 0], [39.7022995, 48.6532433, 0], [39.7022197, 48.6531967, 0], [39.7020917, 48.6531553, 0], [39.7018612, 48.6530965, 0], [39.701679, 48.6530126, 0], [39.7011645, 48.652797, 0], [39.7006826, 48.6526563, 0], [39.7001051, 48.6525521, 0], [39.6994651, 48.6523791, 0], [39.698979, 48.6520898, 0], [39.6986292, 48.6518515, 0], [39.6982514, 48.6516017, 0], [39.6972714, 48.6509001, 0], [39.6970131, 48.6507874, 0], [39.6967552, 48.6507204, 0], [39.6965295, 48.6506286, 0], [39.6957769, 48.6503501, 0], [39.6952803, 48.6501261, 0], [39.6949843, 48.6499155, 0], [39.6948485, 48.6498558, 0], [39.6946358, 48.649655, 0], [39.6944464, 48.6495404, 0], [39.6942233, 48.6494742, 0], [39.6938843, 48.6493985, 0], [39.6935766, 48.6492045, 0], [39.6934013, 48.6489557, 0], [39.6932018, 48.6487901, 0], [39.6929317, 48.6483987, 0], [39.6927025, 48.6481334, 0], [39.6924642, 48.6478756, 0], [39.6922611, 48.6477251, 0], [39.6920963, 48.6476368, 0], [39.6920894, 48.6473618, 0], [39.6920234, 48.6471505, 0], [39.6918914, 48.6468982, 0], [39.6915953, 48.6466805, 0], [39.6913153, 48.6464877, 0], [39.6911211, 48.646231, 0], [39.6911822, 48.6456807, 0], [39.6913261, 48.6453279, 0], [39.6915974, 48.644825, 0], [39.6921369, 48.6440597, 0], [39.6927009, 48.643621, 0], [39.6930349, 48.6434807, 0], [39.6935527, 48.6431434, 0], [39.6937515, 48.6427807, 0], [39.69387, 48.6417576, 0], [39.6938926, 48.6411435, 0], [39.6940449, 48.6404683, 0], [39.6942851, 48.6396001, 0], [39.694272, 48.6390262, 0], [39.6943531, 48.6386866, 0], [39.694365, 48.6381068, 0], [39.6943125, 48.6376262, 0], [39.6941313, 48.6372875, 0], [39.6939859, 48.6368542, 0], [39.6934808, 48.6364057, 0], [39.6928041, 48.6359714, 0], [39.6910956, 48.6354676, 0], [39.6905727, 48.6353325, 0], [39.6901786, 48.6350981, 0], [39.6884529, 48.6331968, 0], [39.6876815, 48.6327288, 0], [39.686953, 48.6324594, 0], [39.6856559, 48.6320765, 0], [39.6843588, 48.6315376, 0], [39.6800075, 48.6294245, 0], [39.6776137, 48.6280345, 0], [39.6745861, 48.6263606, 0], [39.6715329, 48.6243287, 0], [39.6689734, 48.6222967, 0], [39.6681735, 48.6214278, 0], [39.6678672, 48.6212822, 0], [39.6671865, 48.6203851, 0], [39.6669135, 48.6198355, 0], [39.6665069, 48.6192825, 0], [39.6663913, 48.6187437, 0], [39.666117, 48.6181769, 0], [39.6661432, 48.6178158, 0], [39.6660621, 48.6176532, 0], [39.6656414, 48.617145, 0], [39.6653173, 48.6165694, 0], [39.6651545, 48.6163105, 0], [39.6650748, 48.6161279, 0], [39.6648673, 48.6158973, 0], [39.6648008, 48.6156491, 0], [39.6648181, 48.6154539, 0], [39.6648313, 48.615241, 0], [39.6647986, 48.6151593, 0], [39.664186, 48.6146269, 0], [39.663991, 48.6138174, 0], [39.6637295, 48.6129645, 0], [39.6635915, 48.6126685, 0], [39.663314, 48.6123157, 0], [39.6629521, 48.6119985, 0], [39.662601, 48.6117948, 0], [39.6622157, 48.6113808, 0], [39.6616696, 48.6108816, 0], [39.6613911, 48.6107243, 0], [39.6612092, 48.6104889, 0], [39.661106, 48.6099358, 0], [39.6609385, 48.6095939, 0], [39.6607977, 48.6093476, 0], [39.6606209, 48.6090875, 0], [39.6605673, 48.6090177, 0], [39.660562, 48.6089054, 0], [39.6605517, 48.6086672, 0], [39.6606269, 48.6085002, 0], [39.6606539, 48.6083633, 0], [39.6605715, 48.6080828, 0], [39.6604193, 48.6077739, 0], [39.6604357, 48.6074381, 0], [39.660503, 48.6072064, 0], [39.6607404, 48.6069096, 0], [39.6608619, 48.6067878, 0], [39.6609189, 48.6066732, 0], [39.6610564, 48.6058846, 0], [39.6612543, 48.6056849, 0], [39.6615273, 48.6055384, 0], [39.6622441, 48.6053171, 0], [39.6625285, 48.6052088, 0], [39.6627593, 48.6050722, 0], [39.6633067, 48.6047707, 0], [39.6636073, 48.6046642, 0], [39.6638865, 48.6046215, 0], [39.6643429, 48.6045849, 0], [39.6649442, 48.6045945, 0], [39.6653313, 48.6046517, 0], [39.6658445, 48.6047906, 0], [39.6664246, 48.6048742, 0], [39.6676762, 48.6048852, 0], [39.668527, 48.6048222, 0], [39.6696063, 48.6046252, 0], [39.6704345, 48.6043162, 0], [39.6708034, 48.6039253, 0], [39.6710692, 48.6035975, 0], [39.6707163, 48.6030812, 0], [39.6698389, 48.6025027, 0], [39.6688566, 48.6021121, 0], [39.6684537, 48.6016293, 0], [39.6680079, 48.6011749, 0], [39.6679424, 48.6008763, 0], [39.66807, 48.6007337, 0], [39.6681511, 48.5997379, 0], [39.6680131, 48.5989383, 0], [39.6679514, 48.5978501, 0], [39.6683001, 48.5970077, 0], [39.6688258, 48.5962879, 0], [39.6694049, 48.5958135, 0], [39.6701842, 48.5954748, 0], [39.6709098, 48.5953135, 0], [39.6718245, 48.5952889, 0], [39.6728387, 48.5954668, 0], [39.6736869, 48.5957233, 0], [39.674482, 48.5961368, 0], [39.6750423, 48.5965239, 0], [39.6753905, 48.5967162, 0], [39.6760225, 48.5974414, 0], [39.6767071, 48.597799, 0], [39.6778834, 48.5979183, 0], [39.6781602, 48.5978991, 0], [39.6785766, 48.5978657, 0], [39.6789588, 48.597728, 0], [39.6794979, 48.5974385, 0], [39.6799001, 48.5971857, 0], [39.6800822, 48.5970137, 0], [39.680296, 48.5967051, 0], [39.6804663, 48.5962937, 0], [39.6803132, 48.5960245, 0], [39.6799642, 48.5957272, 0], [39.6795451, 48.5955158, 0], [39.6792435, 48.5955045, 0], [39.6788764, 48.5955955, 0], [39.6785928, 48.5957776, 0], [39.6781759, 48.5958578, 0], [39.6779105, 48.595784, 0], [39.6776343, 48.5954477, 0], [39.6768298, 48.5949987, 0], [39.6762185, 48.5944077, 0], [39.6757257, 48.5937894, 0], [39.6757272, 48.5930922, 0], [39.6763736, 48.5913004, 0], [39.6767651, 48.5907822, 0], [39.6777198, 48.5902284, 0], [39.6786419, 48.5901143, 0], [39.6790701, 48.5901982, 0], [39.6795833, 48.5906215, 0], [39.6794939, 48.5919507, 0], [39.680002, 48.5923098, 0], [39.6830348, 48.5924033, 0], [39.683221, 48.5921079, 0], [39.6833787, 48.5914318, 0], [39.6839086, 48.5907325, 0], [39.6854832, 48.5899583, 0], [39.6861432, 48.5898291, 0], [39.6866907, 48.5895424, 0], [39.6867984, 48.5877484, 0], [39.6872709, 48.5870843, 0], [39.6880015, 48.5869198, 0], [39.6863298, 48.5868181, 0], [39.677305, 48.5874123, 0], [39.669902, 48.5889868, 0], [39.6505257, 48.5852548, 0], [39.6409128, 48.5828701, 0], [39.6304415, 48.580826, 0], [39.6222017, 48.586731, 0], [39.6173951, 48.5861633, 0], [39.6148202, 48.5798039, 0], [39.6094987, 48.5749203, 0], [39.6024606, 48.574466, 0], [39.5943193, 48.5762567, 0], [39.5945642, 48.5809396, 0], [39.6000573, 48.5853684, 0], [39.6050355, 48.5866175, 0], [39.6010873, 48.5912729, 0], [39.5931909, 48.5935437, 0], [39.5823032, 48.5888052, 0], [39.5749216, 48.5840928, 0], [39.5681283, 48.5818481, 0], [39.5612745, 48.5846606, 0], [39.5653817, 48.5887749, 0], [39.5656519, 48.593801, 0], [39.5617769, 48.5984255, 0], [39.5545672, 48.5994472, 0], [39.5477007, 48.5968361, 0], [39.5458125, 48.5921812, 0], [39.5459841, 48.5871852, 0], [39.5415209, 48.5841193, 0], [39.5312211, 48.5841193, 0], [39.5252131, 48.5884343, 0], [39.5274446, 48.5918406, 0], [39.5321779, 48.5933469, 0], [39.5313928, 48.5969496, 0], [39.5240115, 48.598539, 0], [39.5224791, 48.6025425, 0], [39.5236681, 48.6060311, 0], [39.5270173, 48.6094098, 0], [39.5233267, 48.6148575, 0], [39.5162758, 48.617948, 0], [39.5116537, 48.6217231, 0], [39.5119844, 48.6249834, 0], [39.5157735, 48.6297223, 0], [39.5128427, 48.6344001, 0], [39.5101946, 48.635338, 0], [39.506933, 48.6353947, 0], [39.5026304, 48.6348138, 0], [39.499755, 48.6340481, 0], [39.4940044, 48.6332256, 0], [39.4892409, 48.6314671, 0], [39.4856788, 48.6302759, 0], [39.4785978, 48.6289995, 0], [39.4731046, 48.6289995, 0], [39.4673109, 48.6285457, 0], [39.4631482, 48.628886, 0], [39.4627302, 48.6327854, 0], [39.4656801, 48.6379334, 0], [39.4639317, 48.6393083, 0], [39.4598009, 48.6395782, 0], [39.4542219, 48.6396349, 0], [39.4505741, 48.6413647, 0], [39.4496729, 48.6426975, 0], [39.4481232, 48.6473557, 0], [39.4513148, 48.6515576, 0], [39.4506981, 48.6554075, 0], [39.4460791, 48.6573976, 0], [39.4372385, 48.6563204, 0], [39.417501, 48.6592626, 0], [39.410701, 48.6575053, 0], [39.4070963, 48.6592629, 0], [39.4080511, 48.662381, 0], [39.4123426, 48.666746, 0], [39.411141, 48.6696935, 0], [39.4058385, 48.6735477, 0], [39.401032, 48.6749646, 0], [39.3936313, 48.6762684, 0], [39.3903698, 48.6779686, 0], [39.3879858, 48.6805753, 0], [39.3890158, 48.6842587, 0], [39.3793107, 48.6861562, 0], [39.367024, 48.6913417, 0], [39.3586124, 48.696214, 0], [39.3525377, 48.7006891, 0], [39.3503061, 48.7057871, 0], [39.3454138, 48.7117908, 0], [39.3486561, 48.7132069, 0], [39.3541492, 48.7129804, 0], [39.3575159, 48.7144526, 0], [39.3630092, 48.7157551, 0], [39.3685024, 48.7154719, 0], [39.3721738, 48.7169446, 0], [39.3713285, 48.7197891, 0], [39.3667857, 48.7210781, 0], [39.3601768, 48.7224371, 0], [39.3534819, 48.7260608, 0], [39.3530602, 48.7287594, 0], [39.3561501, 48.732043, 0], [39.3575159, 48.7358549, 0], [39.3546052, 48.7403077, 0], [39.3492837, 48.7422322, 0], [39.3463654, 48.7470996, 0], [39.3455854, 48.7504576, 0], [39.3420739, 48.7551355, 0], [39.3447271, 48.7611523, 0], [39.3497986, 48.76317, 0], [39.3530527, 48.7666402, 0], [39.3487687, 48.7695063, 0], [39.3435255, 48.7692425, 0], [39.3377824, 48.7671303, 0], [39.330916, 48.7674697, 0], [39.3259303, 48.768507, 0], [39.3259378, 48.7721084, 0], [39.3254153, 48.7755214, 0], [39.3193215, 48.7767657, 0], [39.3142648, 48.7757286, 0], [39.3091075, 48.7752951, 0], [39.3043086, 48.7735791, 0], [39.3024203, 48.7713165, 0], [39.301297, 48.7684505, 0], [39.2983004, 48.7652068, 0], [39.2931506, 48.762378, 0], [39.2881158, 48.7608828, 0], [39.2859408, 48.7584173, 0], [39.2851608, 48.7543623, 0], [39.285486, 48.7517966, 0], [39.2806194, 48.7501556, 0], [39.2749577, 48.7499819, 0], [39.2742711, 48.7541695, 0], [39.2690065, 48.7545695, 0], [39.2656666, 48.7515512, 0], [39.2665249, 48.7486085, 0], [39.2670324, 48.7455147, 0], [39.2658307, 48.7431376, 0], [39.2523552, 48.7426848, 0], [39.2505603, 48.7400055, 0], [39.2521052, 48.7366091, 0], [39.2545095, 48.7322642, 0], [39.2493586, 48.7243805, 0], [39.2485551, 48.7189657, 0], [39.2462612, 48.713697, 0], [39.2390699, 48.7103748, 0], [39.2360688, 48.7104274, 0], [39.2328148, 48.7122773, 0], [39.2283301, 48.7121488, 0], [39.2237995, 48.7100726, 0], [39.2198329, 48.7067682, 0], [39.2139105, 48.7056354, 0], [39.2106489, 48.7035962, 0], [39.2077307, 48.7013871, 0], [39.2060142, 48.6994045, 0], [39.1999414, 48.6995461, 0], [39.1965053, 48.7032323, 0], [39.1959073, 48.7066833, 0], [39.1936682, 48.7076087, 0], [39.192367, 48.7071081, 0], [39.1914153, 48.705088, 0], [39.1891837, 48.7021992, 0], [39.1867021, 48.7007639, 0], [39.1837839, 48.6979315, 0], [39.1797608, 48.6925443, 0], [39.1759842, 48.6849517, 0], [39.1712497, 48.6822409, 0], [39.168589, 48.6805409, 0], [39.1590543, 48.6768196, 0], [39.1525387, 48.6769705, 0], [39.1463589, 48.6769138, 0], [39.1418882, 48.673419, 0], [39.1383767, 48.668412, 0], [39.1375184, 48.665521, 0], [39.1380333, 48.6628, 0], [39.1371675, 48.660438, 0], [39.1288494, 48.6610425, 0], [39.1239571, 48.6612693, 0], [39.1189714, 48.6600978, 0], [39.1108175, 48.6558457, 0], [39.1040444, 48.6516875, 0], [39.0975214, 48.651007, 0], [39.0872217, 48.6516875, 0], [39.0786385, 48.6514606, 0], [39.0707421, 48.6525947, 0], [39.0648982, 48.6502322, 0], [39.0534044, 48.6482852, 0], [39.044478, 48.6473779, 0], [39.0355441, 48.6480774, 0], [39.027991, 48.6534076, 0], [39.018378, 48.6568095, 0], [39.012288, 48.6585575, 0], [39.0096307, 48.6624598, 0], [39.0173555, 48.6629133, 0], [39.021647, 48.6615528, 0], [39.0266252, 48.6626866, 0], [39.0252519, 48.6666547, 0], [39.0235353, 48.6692622, 0], [39.0192438, 48.6719829, 0], [39.0192438, 48.6766305, 0], [39.0176913, 48.6798232, 0], [39.0122056, 48.6833176, 0], [39.0147806, 48.6894373, 0], [39.0137431, 48.6958586, 0], [39.0070558, 48.6968026, 0], [39.0018127, 48.6972182, 0], [38.9984728, 48.7009947, 0], [38.9965846, 48.7063192, 0], [38.9977862, 48.7096043, 0], [38.9955682, 48.7122995, 0], [38.9837882, 48.7108694, 0], [38.9831949, 48.7140218, 0], [38.9888597, 48.7150412, 0], [38.9943454, 48.7156832, 0], [38.9977862, 48.7195715, 0], [38.9965845, 48.7242147, 0], [38.9884361, 48.734854, 0], [38.9799258, 48.7434812, 0], [38.9594982, 48.7469902, 0], [38.9571808, 48.7392927, 0], [38.9446494, 48.7352736, 0], [38.9317749, 48.7362926, 0], [38.9361523, 48.7435944, 0], [38.9330624, 48.7480655, 0], [38.9198444, 48.7454621, 0], [38.9047382, 48.7504424, 0], [38.8920353, 48.7507254, 0], [38.8728093, 48.7531022, 0], [38.8561581, 48.7503293, 0], [38.8471459, 48.7427454, 0], [38.8413953, 48.7333489, 0], [38.8360738, 48.7231013, 0], [38.8300656, 48.7168724, 0], [38.8084363, 48.713248, 0], [38.7670659, 48.7141542, 0], [38.7535123, 48.7183257, 0], [38.6917143, 48.7291971, 0], [38.674548, 48.7291971, 0], [38.6784104, 48.7235352, 0], [38.6523391, 48.7222613, 0], [38.6301662, 48.7210062, 0], [38.5832168, 48.7197038, 0], [38.5784179, 48.7092645, 0], [38.5777312, 48.696576, 0], [38.5722305, 48.6888898, 0], [38.5594447, 48.6865289, 0], [38.5457643, 48.7019808, 0], [38.5333719, 48.7243497, 0], [38.5475555, 48.7463219, 0], [38.5596608, 48.7811835, 0], [38.5881134, 48.8437268, 0], [38.603509, 48.8690235, 0], [38.5875822, 48.8891046, 0], [38.5553151, 48.9089518, 0], [38.539347, 48.9074763, 0], [38.5278414, 48.9111891, 0], [38.5344414, 48.9203973, 0], [38.5324546, 48.9293672, 0], [38.5346637, 48.9318502, 0], [38.5363375, 48.9372666, 0], [38.5575382, 48.9365924, 0], [38.5610177, 48.9443459, 0], [38.5469867, 48.9466871, 0], [38.5369859, 48.9487834, 0], [38.5245814, 48.9515553, 0], [38.5159291, 48.9529027, 0], [38.511397, 48.9543621, 0], [38.5071913, 48.960954, 0], [38.5034873, 48.9636375, 0], [38.4879984, 48.9644417, 0], [38.4814356, 48.9671326, 0], [38.471625, 48.968892, 0], [38.464136, 48.9686375, 0], [38.4561328, 48.9670038, 0], [38.4493111, 48.9689197, 0], [38.4423639, 48.9680746, 0], [38.4415758, 48.9696572, 0], [38.4399725, 48.9705637, 0], [38.43771, 48.9692215, 0], [38.4347733, 48.969185, 0], [38.4273122, 48.9692246, 0], [38.4255224, 48.9686838, 0], [38.4239167, 48.9691798, 0], [38.4222505, 48.9690447, 0], [38.4253534, 48.9762954, 0], [38.4241472, 48.9814425, 0], [38.4336636, 48.99327, 0], [38.4443002, 49.0031254, 0], [38.4241521, 49.0156399, 0]]]}}, {"type": "Feature", "properties": {"name": "\u041e\u043a\u0443\u043f\u043e\u0432\u0430\u043d\u043e/// Occupied\n", "date": "2022-05-31"}, "geometry": {"type": "Polygon", "coordinates": [[[37.2231318, 49.1194034, 0], [37.2292562, 49.1200134, 0], [37.230129, 49.1157503, 0], [37.2326181, 49.1025465, 0], [37.2289274, 49.0941729, 0], [37.2466141, 49.039979, 0], [37.2539491, 49.032019, 0], [37.2500363, 49.0229613, 0], [37.2377824, 49.0190444, 0], [37.2203803, 49.0173771, 0], [37.200791, 49.0210114, 0], [37.178588, 49.0242005, 0], [37.166356, 49.0354245, 0], [37.1486248, 49.082893, 0], [37.1596188, 49.1022147, 0], [37.1078685, 49.1187591, 0], [37.0393266, 49.1156171, 0], [36.9845681, 49.1228908, 0], [37.0328474, 49.1295083, 0], [37.0384608, 49.1377036, 0], [37.047238, 49.1478409, 0], [37.0297762, 49.1562483, 0], [37.0425229, 49.1653288, 0], [37.072951, 49.1599985, 0], [37.1040567, 49.1506187, 0], [37.1256662, 49.143124, 0], [37.1575768, 49.1411247, 0], [37.2160909, 49.1312467, 0], [37.2231318, 49.1194034, 0]]]}}, {"type": "Feature", "properties": {"name": "\u0417\u043c\u0456\u0457\u043d\u0438\u0439 ///\u00a0Snake Island", "date": "2022-05-31"}, "geometry": {"type": "Polygon", "coordinates": [[[30.1991118, 45.2687362, 0], [30.2241755, 45.2570137, 0], [30.2092406, 45.2428748, 0], [30.1845198, 45.2535108, 0], [30.1991118, 45.2687362, 0]]]}}, {"type": "Feature", "properties": {"name": "\u041e\u043a\u0443\u043f\u043e\u0432\u0430\u043d\u043e /// Occupied", "date": "2022-05-31"}, "geometry": {"type": "Polygon", "coordinates": [[[37.8562077, 48.1928465, 0], [37.8285927, 48.1751503, 0], [37.824622, 48.1578177, 0], [37.8198549, 48.1438969, 0], [37.8094909, 48.1524009, 0], [37.8103277, 48.1553785, 0], [37.8077741, 48.1849014, 0], [37.8290229, 48.2041871, 0], [37.8228431, 48.230723, 0], [37.8125434, 48.2380409, 0], [37.7562384, 48.2384982, 0], [37.7497154, 48.2609023, 0], [37.7772671, 48.2702727, 0], [37.8003803, 48.2723378, 0], [37.799505, 48.2780342, 0], [37.8217294, 48.2899051, 0], [37.835636, 48.2950337, 0], [37.8901968, 48.2991598, 0], [37.8881602, 48.2836394, 0], [37.8953466, 48.268546, 0], [37.89157, 48.2550609, 0], [37.8929432, 48.2335689, 0], [37.8965706, 48.2154292, 0], [37.8833302, 48.1997121, 0], [37.8562077, 48.1928465, 0]]]}}, {"type": "Feature", "properties": {"name": "\u041e\u043a\u0443\u043f\u043e\u0432\u0430\u043d\u043e /// Occupied", "date": "2022-05-31"}, "geometry": {"type": "Polygon", "coordinates": [[[38.4024861, 48.5572586, 0], [38.402637, 48.5478669, 0], [38.4143026, 48.5206053, 0], [38.4115634, 48.5105796, 0], [38.4053767, 48.4733655, 0], [38.3930237, 48.436606, 0], [38.3892474, 48.4322779, 0], [38.390964, 48.4158739, 0], [38.355829, 48.3910748, 0], [38.3217544, 48.3710529, 0], [38.2907061, 48.361631, 0], [38.2736891, 48.3591918, 0], [38.2591203, 48.359806, 0], [38.2276837, 48.3671755, 0], [38.2149807, 48.3690002, 0], [38.2074276, 48.371509, 0], [38.1847683, 48.3749299, 0], [38.1500926, 48.3854193, 0], [38.1308665, 48.3879273, 0], [38.1950951, 48.4203152, 0], [38.2181744, 48.4617727, 0], [38.212068, 48.4712267, 0], [38.2220984, 48.4752176, 0], [38.2580532, 48.4726105, 0], [38.2620759, 48.4670409, 0], [38.2719382, 48.4678471, 0], [38.2866119, 48.4873164, 0], [38.2900196, 48.4958126, 0], [38.2831531, 48.5021825, 0], [38.3291659, 48.5249066, 0], [38.2017839, 48.5480147, 0], [38.1808405, 48.5715841, 0], [38.169686, 48.5849223, 0], [38.1834193, 48.6587625, 0], [38.1787507, 48.6672633, 0], [38.1985156, 48.6748744, 0], [38.2787164, 48.6783831, 0], [38.2894149, 48.7026821, 0], [38.2403565, 48.727431, 0], [38.2564334, 48.7291387, 0], [38.2592477, 48.7341264, 0], [38.3613732, 48.7034433, 0], [38.3565327, 48.6935717, 0], [38.3637079, 48.6809805, 0], [38.3905383, 48.6787593, 0], [38.4108459, 48.6815203, 0], [38.4452016, 48.6550476, 0], [38.4314762, 48.6504924, 0], [38.4198032, 48.6450485, 0], [38.4143025, 48.6382619, 0], [38.4088093, 48.62964, 0], [38.4046894, 48.6169314, 0], [38.4048036, 48.6090985, 0], [38.4060702, 48.6019302, 0], [38.402637, 48.5919397, 0], [38.402637, 48.5810386, 0], [38.4019712, 48.5747527, 0], [38.4019504, 48.5615018, 0], [38.4024861, 48.5572586, 0]]]}}, {"type": "Feature", "properties": {"name": "\u041e\u043a\u0443\u043f\u043e\u0432\u0430\u043d\u043e /// Occupied", "date": "2022-05-31"}, "geometry": {"type": "MultiPolygon", "coordinates": [[[[35.3333665, 46.3582202, 0], [35.3218364, 46.3332078, 0], [35.317497, 46.3314708, 0], [35.318515, 46.3350481, 0], [35.3179919, 46.3402619, 0], [35.3140349, 46.3450016, 0], [35.3087903, 46.3483784, 0], [35.3080086, 46.3495037, 0], [35.3053962, 46.3542423, 0], [35.3018887, 46.3555606, 0], [35.2903127, 46.357234, 0], [35.2747139, 46.3559584, 0], [35.2695223, 46.3559538, 0], [35.2663547, 46.353511, 0], [35.2630952, 46.3656409, 0], [35.2574305, 46.375757, 0], [35.1997289, 46.3813728, 0], [35.1900773, 46.3712781, 0], [35.1851942, 46.3695606, 0], [35.175433, 46.3632748, 0], [35.1620938, 46.3587479, 0], [35.1395419, 46.3515709, 0], [35.1274123, 46.3419438, 0], [35.1176084, 46.3222025, 0], [35.1124432, 46.3102126, 0], [35.1021348, 46.3004517, 0], [35.0767677, 46.2785357, 0], [35.052167, 46.2669443, 0], [35.021547, 46.2584415, 0], [34.8995659, 46.2381715, 0], [34.829315, 46.204055, 0], [34.8346359, 46.1154117, 0], [34.852469, 46.0090997, 0], [34.8921828, 45.8986927, 0], [34.9770477, 45.7651671, 0], [34.9731755, 45.763623, 0], [34.9681019, 45.7621984, 0], [34.9582138, 45.7599193, 0], [34.9493387, 45.7628178, 0], [34.9554893, 45.767389, 0], [34.9456423, 45.7803165, 0], [34.9403655, 45.7872533, 0], [34.9353039, 45.8054347, 0], [34.9004134, 45.8580674, 0], [34.8855773, 45.8632873, 0], [34.8751306, 45.8555496, 0], [34.8707212, 45.8467632, 0], [34.8674066, 45.8291807, 0], [34.8250838, 45.8112122, 0], [34.8158666, 45.8357222, 0], [34.8400152, 45.8737411, 0], [34.7008789, 45.9590612, 0], [34.6514104, 45.97379, 0], [34.5560383, 45.9885731, 0], [34.4785479, 45.9468288, 0], [34.3824606, 46.0345739, 0], [34.2253474, 46.0637955, 0], [34.1607681, 46.0803117, 0], [34.1225789, 46.1080045, 0], [34.0383305, 46.1168174, 0], [33.8242847, 46.1871969, 0], [33.7548898, 46.1406843, 0], [33.7495382, 46.1374606, 0], [33.7475131, 46.1378538, 0], [33.7408709, 46.1441232, 0], [33.735601, 46.1471215, 0], [33.7350502, 46.1498824, 0], [33.72811, 46.1551668, 0], [33.7265868, 46.1578857, 0], [33.7262858, 46.1616592, 0], [33.7253384, 46.1649261, 0], [33.7261891, 46.1667043, 0], [33.7292637, 46.1690726, 0], [33.7299192, 46.1709572, 0], [33.7257348, 46.174014, 0], [33.7197659, 46.1739455, 0], [33.7160664, 46.1757094, 0], [33.7108304, 46.1838399, 0], [33.713146, 46.1862645, 0], [33.7097972, 46.1901163, 0], [33.7112546, 46.193492, 0], [33.71571, 46.1979643, 0], [33.7129463, 46.2016824, 0], [33.7177182, 46.2024641, 0], [33.7203949, 46.1997502, 0], [33.7278118, 46.2009757, 0], [33.7378406, 46.2005747, 0], [33.7421104, 46.2083299, 0], [33.6912363, 46.2053232, 0], [33.6079654, 46.1475624, 0], [33.5737439, 46.1255906, 0], [33.5573368, 46.1221338, 0], [33.5247978, 46.1155786, 0], [33.5637474, 46.0746225, 0], [33.4966984, 46.0701674, 0], [33.5148147, 46.0271133, 0], [33.4288609, 46.0272295, 0], [33.2991907, 46.0700506, 0], [33.1775483, 46.1203559, 0], [32.9126426, 46.102199, 0], [32.710194, 46.1026938, 0], [32.5346946, 46.0652669, 0], [32.2477914, 46.1244914, 0], [32.226216, 46.1324231, 0], [32.2304411, 46.1393923, 0], [32.2366728, 46.1500149, 0], [32.2288004, 46.1665053, 0], [32.2258878, 46.1699955, 0], [32.2398798, 46.1783972, 0], [32.221812, 46.187592, 0], [32.2081061, 46.1866809, 0], [32.2067617, 46.1753105, 0], [32.2061332, 46.1720621, 0], [32.1870249, 46.175548, 0], [32.1659661, 46.196775, 0], [32.1264746, 46.203027, 0], [32.0878289, 46.2213429, 0], [32.0777541, 46.2388024, 0], [32.0514192, 46.2496669, 0], [32.0286309, 46.245122, 0], [31.9695145, 46.2570898, 0], [31.9591374, 46.2652489, 0], [31.9565439, 46.2654215, 0], [31.9437456, 46.2854411, 0], [31.9364358, 46.2907488, 0], [31.9041055, 46.2963125, 0], [31.89507, 46.2806265, 0], [31.8832914, 46.2732981, 0], [31.8740047, 46.2651386, 0], [31.8708344, 46.2656555, 0], [31.8629835, 46.2720247, 0], [31.8520181, 46.2704616, 0], [31.8507418, 46.268136, 0], [31.8477009, 46.2682192, 0], [31.8351942, 46.2727102, 0], [31.8331459, 46.2696742, 0], [31.8346973, 46.26602, 0], [31.8183073, 46.2641929, 0], [31.8132445, 46.2646255, 0], [31.8143612, 46.2693303, 0], [31.8097279, 46.2719756, 0], [31.7963826, 46.2734659, 0], [31.7917055, 46.2737697, 0], [31.7845172, 46.2687448, 0], [31.7843677, 46.2655589, 0], [31.779606, 46.2643492, 0], [31.7771998, 46.2680096, 0], [31.7832911, 46.2723916, 0], [31.7821317, 46.2767197, 0], [31.7751137, 46.282147, 0], [31.7755479, 46.2853427, 0], [31.7712158, 46.28872, 0], [31.77451, 46.2938047, 0], [31.7680193, 46.2963985, 0], [31.7573225, 46.2950781, 0], [31.7564105, 46.2955366, 0], [31.7477416, 46.2980208, 0], [31.7473096, 46.3005071, 0], [31.7727132, 46.3222846, 0], [31.8386435, 46.3356205, 0], [31.865532, 46.3332886, 0], [31.9052405, 46.3394654, 0], [31.9439259, 46.3427845, 0], [31.9757801, 46.3480047, 0], [32.0090519, 46.3639959, 0], [32.0219174, 46.382339, 0], [32.0255326, 46.3853602, 0], [32.0496571, 46.3834371, 0], [32.0584621, 46.3936051, 0], [32.0355715, 46.4164449, 0], [32.0290416, 46.4374217, 0], [32.0022459, 46.453311, 0], [31.9748472, 46.4390845, 0], [31.9528268, 46.4373359, 0], [31.896928, 46.4576286, 0], [31.7987384, 46.4796465, 0], [31.7413559, 46.4890915, 0], [31.6918835, 46.4686048, 0], [31.6559433, 46.4717345, 0], [31.6003753, 46.5377239, 0], [31.6315022, 46.5403713, 0], [31.6690402, 46.5362578, 0], [31.6976546, 46.5448873, 0], [31.754436, 46.5477486, 0], [31.8043279, 46.5289631, 0], [31.861055, 46.5158216, 0], [31.8777032, 46.5191256, 0], [31.9108596, 46.5165686, 0], [32.0027152, 46.491517, 0], [32.0439949, 46.4913924, 0], [32.0784139, 46.4997641, 0], [32.1216254, 46.4983778, 0], [32.156592, 46.4927241, 0], [32.1866986, 46.4860454, 0], [32.2593632, 46.4776997, 0], [32.3272467, 46.4658192, 0], [32.3586749, 46.4650634, 0], [32.3994021, 46.474569, 0], [32.4116422, 46.4828862, 0], [32.4182721, 46.4855706, 0], [32.5162168, 46.5362093, 0], [32.5333866, 46.5373243, 0], [32.5599058, 46.5430545, 0], [32.5920645, 46.5593734, 0], [32.6593406, 46.6502431, 0], [32.7017968, 46.6629134, 0], [32.7140485, 46.6654015, 0], [32.7198633, 46.6657683, 0], [32.7211242, 46.6654729, 0], [32.7318308, 46.6647374, 0], [32.7588563, 46.6654877, 0], [32.7728628, 46.667246, 0], [32.7864412, 46.6701806, 0], [32.802775, 46.6759667, 0], [32.8153644, 46.6768559, 0], [32.8259938, 46.6800082, 0], [32.8451237, 46.6889292, 0], [32.862185, 46.6984591, 0], [32.9214055, 46.7119792, 0], [33.0015038, 46.7181504, 0], [33.1439158, 46.7602052, 0], [33.1987715, 46.7688835, 0], [33.2238335, 46.7673909, 0], [33.2571281, 46.7555432, 0], [33.2866486, 46.7488393, 0], [33.3717889, 46.7687613, 0], [33.3538689, 46.7846426, 0], [33.3541072, 46.7848776, 0], [33.3600733, 46.788969, 0], [33.3896643, 46.7674124, 0], [33.4642572, 46.8182295, 0], [33.5234813, 46.8230958, 0], [33.6022727, 46.8277126, 0], [33.634027, 46.8661098, 0], [33.6341699, 46.8822418, 0], [33.6338211, 46.8993673, 0], [33.6576732, 46.9034758, 0], [33.6784445, 46.9007786, 0], [33.6897886, 46.9214159, 0], [33.6973247, 46.9621854, 0], [33.6976667, 46.9949841, 0], [33.7227477, 47.0172364, 0], [33.8023157, 47.0588696, 0], [33.8407853, 47.0983773, 0], [33.853211, 47.1397486, 0], [33.9098104, 47.170099, 0], [33.9826442, 47.2281837, 0], [34.0196475, 47.3578914, 0], [34.0399147, 47.40244, 0], [34.0466745, 47.4175073, 0], [34.064871, 47.4241706, 0], [34.1183426, 47.4204195, 0], [34.1457219, 47.4243196, 0], [34.1992864, 47.4119572, 0], [34.2696759, 47.4394016, 0], [34.2960988, 47.4285407, 0], [34.3349084, 47.4468546, 0], [34.3395698, 47.4680202, 0], [34.3637954, 47.4937434, 0], [34.3727547, 47.5105284, 0], [34.3869447, 47.5137279, 0], [34.4358354, 47.4967662, 0], [34.5013916, 47.4985407, 0], [34.5331332, 47.530312, 0], [34.544526, 47.5325602, 0], [34.5862444, 47.521662, 0], [34.5990354, 47.5345232, 0], [34.605993, 47.5374148, 0], [34.61803, 47.5443437, 0], [34.6283735, 47.5456828, 0], [34.6440841, 47.5419253, 0], [34.6594778, 47.526596, 0], [34.6801944, 47.5105837, 0], [34.6864051, 47.4928325, 0], [34.7089772, 47.4904348, 0], [34.7356684, 47.4908156, 0], [34.7472176, 47.492976, 0], [34.7922996, 47.4676001, 0], [34.8251973, 47.4646556, 0], [34.8599184, 47.4511069, 0], [34.8717751, 47.4494395, 0], [34.8723335, 47.436482, 0], [34.8619081, 47.4207375, 0], [34.8808768, 47.4087593, 0], [34.9284011, 47.392589, 0], [34.9686877, 47.3890866, 0], [35.0165413, 47.411376, 0], [35.0446075, 47.4376096, 0], [35.0589931, 47.4472408, 0], [35.0775036, 47.4531547, 0], [35.1486561, 47.4455391, 0], [35.2026366, 47.4448564, 0], [35.2492229, 47.467476, 0], [35.2663264, 47.4731508, 0], [35.2711132, 47.4718601, 0], [35.2649108, 47.454382, 0], [35.2732113, 47.4557986, 0], [35.2839651, 47.4711179, 0], [35.274292, 47.4940961, 0], [35.2789589, 47.5011779, 0], [35.310061, 47.4922519, 0], [35.3603365, 47.4994552, 0], [35.3950087, 47.5208101, 0], [35.3950215, 47.5208021, 0], [35.4581154, 47.5440296, 0], [35.504764, 47.5503543, 0], [35.5074008, 47.5135746, 0], [35.643254, 47.5138651, 0], [35.6995213, 47.5285243, 0], [35.7979092, 47.5154458, 0], [35.867972, 47.5090433, 0], [35.9254508, 47.5093625, 0], [35.9733233, 47.5156869, 0], [36.0139109, 47.5102118, 0], [36.0333639, 47.5162955, 0], [36.078782, 47.5252906, 0], [36.1065648, 47.5890677, 0], [36.287964, 47.6052585, 0], [36.3683191, 47.6314425, 0], [36.4448315, 47.6501219, 0], [36.5140996, 47.6635349, 0], [36.5552456, 47.6729186, 0], [36.5375439, 47.7166252, 0], [36.6065248, 47.7737352, 0], [36.6581154, 47.7762924, 0], [36.6600267, 47.7840617, 0], [36.6945375, 47.79237, 0], [36.7079387, 47.7920237, 0], [36.7220233, 47.7890225, 0], [36.7324997, 47.7803688, 0], [36.7695837, 47.7803557, 0], [36.7811576, 47.7930767, 0], [36.7879244, 47.7965416, 0], [36.7906067, 47.7987899, 0], [36.7870233, 47.8082737, 0], [36.800842, 47.8215015, 0], [36.8202397, 47.8215592, 0], [36.8360755, 47.8151616, 0], [36.8322255, 47.7928639, 0], [36.8345549, 47.7871825, 0], [36.8442818, 47.7720676, 0], [36.8848189, 47.7586198, 0], [36.936333, 47.7595291, 0], [36.9700053, 47.7719618, 0], [37.001195, 47.7814697, 0], [37.0171095, 47.792633, 0], [37.0827142, 47.78255, 0], [37.1740207, 47.7682553, 0], [37.2203358, 47.7626974, 0], [37.2693887, 47.7538461, 0], [37.2971554, 47.7625229, 0], [37.3353861, 47.7554435, 0], [37.3578097, 47.7496297, 0], [37.3893471, 47.7480704, 0], [37.4517363, 47.768482, 0], [37.5091712, 47.7831628, 0], [37.5329822, 47.8181445, 0], [37.527145, 47.8441906, 0], [37.5774254, 47.8640615, 0], [37.5759066, 47.9077328, 0], [37.5963118, 47.9032005, 0], [37.6299576, 47.8930725, 0], [37.6440338, 47.8866264, 0], [37.6440338, 47.8809854, 0], [37.6424889, 47.8737318, 0], [37.640944, 47.8706227, 0], [37.6389066, 47.8677882, 0], [37.6355771, 47.860179, 0], [37.6348904, 47.8558021, 0], [37.6348905, 47.8525768, 0], [37.6330023, 47.8460097, 0], [37.6342622, 47.838423, 0], [37.6345486, 47.8025384, 0], [37.623169, 47.7731102, 0], [37.6375888, 47.7519939, 0], [37.6726795, 47.7247168, 0], [37.7184895, 47.7072316, 0], [37.7644947, 47.6847015, 0], [37.8039769, 47.6601962, 0], [37.801917, 47.6423879, 0], [37.7686147, 47.6354478, 0], [37.7771978, 47.6157796, 0], [37.7823477, 47.5859162, 0], [37.8084403, 47.5618278, 0], [37.8194267, 47.5463034, 0], [37.8925547, 47.4697729, 0], [37.8784784, 47.4416839, 0], [37.8637154, 47.4265885, 0], [37.855819, 47.403124, 0], [37.856849, 47.3928985, 0], [37.8503258, 47.3842983, 0], [37.8383096, 47.3780216, 0], [37.841643, 47.3690218, 0], [37.8515994, 47.3655338, 0], [37.8421, 47.3587327, 0], [37.8376229, 47.3524422, 0], [37.8486092, 47.3501161, 0], [37.8591525, 47.3543707, 0], [37.8612124, 47.3478578, 0], [37.856849, 47.3436027, 0], [37.8444894, 47.3419742, 0], [37.8292834, 47.3425074, 0], [37.8279101, 47.3355277, 0], [37.8273232, 47.3284792, 0], [37.8245766, 47.3214977, 0], [37.8317864, 47.3149807, 0], [37.8348763, 47.3082302, 0], [37.8276665, 47.3026429, 0], [37.8300698, 47.2958908, 0], [37.8338464, 47.2854117, 0], [37.8341897, 47.2760952, 0], [37.8334033, 47.2603213, 0], [37.833503, 47.249301, 0], [37.8413995, 47.2269234, 0], [37.8472359, 47.2138654, 0], [37.8513558, 47.198938, 0], [37.8499825, 47.1742053, 0], [37.8445029, 47.1658129, 0], [37.8365929, 47.1569323, 0], [37.8297265, 47.1461922, 0], [37.8256066, 47.1333479, 0], [37.8180535, 47.1190987, 0], [37.8163369, 47.109753, 0], [37.8176104, 47.1011748, 0], [37.8148639, 47.0894884, 0], [37.7939862, 47.0847127, 0], [37.7676875, 47.0886009, 0], [37.7394664, 47.0834014, 0], [37.7138251, 47.0802705, 0], [37.6983358, 47.0798491, 0], [37.6872037, 47.0810509, 0], [37.685084, 47.0781024, 0], [37.6821324, 47.0770565, 0], [37.6757999, 47.0777699, 0], [37.6705154, 47.0817678, 0], [37.6709319, 47.0852044, 0], [37.6664429, 47.086291, 0], [37.6352283, 47.09401, 0], [37.6345118, 47.0931437, 0], [37.6336795, 47.0931637, 0], [37.6321854, 47.0946061, 0], [37.6295827, 47.0948063, 0], [37.6268941, 47.0944221, 0], [37.6243159, 47.0909649, 0], [37.6195065, 47.087157, 0], [37.608257, 47.0840406, 0], [37.5993048, 47.0830288, 0], [37.5861599, 47.0785491, 0], [37.5805383, 47.0817496, 0], [37.5836711, 47.0874048, 0], [37.5376339, 47.0818253, 0], [37.5122169, 47.0645024, 0], [37.4814542, 47.0322115, 0], [37.3077203, 46.8658027, 0], [37.2886283, 46.8705214, 0], [37.2925383, 46.8745361, 0], [37.3189084, 46.8961806, 0], [37.2972003, 46.9272088, 0], [37.2356347, 46.9509504, 0], [37.0193409, 46.866749, 0], [36.9930695, 46.8623412, 0], [36.9588917, 46.8475083, 0], [36.9295237, 46.8284428, 0], [36.9043474, 46.8056174, 0], [36.8859437, 46.7892661, 0], [36.8685104, 46.7655733, 0], [36.8556796, 46.7419657, 0], [36.8458325, 46.7240424, 0], [36.8380441, 46.7056437, 0], [36.8027463, 46.6606838, 0], [36.7592718, 46.618538, 0], [36.7423499, 46.637243, 0], [36.7610057, 46.6656911, 0], [36.7783344, 46.6635319, 0], [36.790687, 46.674682, 0], [36.8013332, 46.7070255, 0], [36.8221063, 46.7017771, 0], [36.8105257, 46.7278719, 0], [36.7810734, 46.7487854, 0], [36.7464163, 46.7655031, 0], [36.7055593, 46.7775047, 0], [36.6471828, 46.7805555, 0], [36.6155915, 46.7732454, 0], [36.4958057, 46.7474907, 0], [36.3871263, 46.7169171, 0], [36.2695222, 46.6055646, 0], [36.1672331, 46.4950765, 0], [36.1187857, 46.4849539, 0], [36.0923151, 46.4890018, 0], [36.1154322, 46.4988344, 0], [36.1496575, 46.514619, 0], [36.152999, 46.543158, 0], [36.1583413, 46.5400039, 0], [36.166506, 46.52756, 0], [36.190842, 46.534558, 0], [36.2191586, 46.5647349, 0], [36.2480964, 46.5920929, 0], [36.2598882, 46.6185035, 0], [36.2290356, 46.6503884, 0], [36.189877, 46.6669129, 0], [36.0834399, 46.6583764, 0], [35.9364159, 46.6584769, 0], [35.7703286, 46.6017937, 0], [35.6146465, 46.4996998, 0], [35.4348206, 46.4153201, 0], [35.3767538, 46.3751693, 0], [35.3712877, 46.3709968, 0], [35.358609, 46.3617895, 0], [35.3569267, 46.3634058, 0], [35.3533561, 46.3643112, 0], [35.3482747, 46.3633974, 0], [35.341778, 46.3610327, 0], [35.3333665, 46.3582202, 0]]], [[[35.3712877, 46.3709968, 0], [35.3825458, 46.378947, 0], [35.3787593, 46.3732672, 0], [35.3695662, 46.3643297, 0], [35.357285, 46.3527257, 0], [35.3475835, 46.3402912, 0], [35.2754762, 46.2554933, 0], [35.2282388, 46.2019951, 0], [35.1954912, 46.1472745, 0], [35.1517979, 46.1215406, 0], [35.0708774, 46.0956694, 0], [34.9769809, 46.0709154, 0], [34.9806129, 46.0890477, 0], [34.9894016, 46.1100372, 0], [35.0184613, 46.1301914, 0], [35.0331183, 46.1498649, 0], [35.1356268, 46.1662851, 0], [35.2090177, 46.1902543, 0], [35.2210622, 46.226781, 0], [35.2552582, 46.2509872, 0], [35.2893711, 46.285516, 0], [35.2989812, 46.2988605, 0], [35.2940007, 46.3023608, 0], [35.2933094, 46.3080562, 0], [35.2953675, 46.3075839, 0], [35.2986282, 46.3098972, 0], [35.2987992, 46.3148192, 0], [35.3036032, 46.3162461, 0], [35.3174357, 46.3169204, 0], [35.3334508, 46.3354526, 0], [35.3436927, 46.3480045, 0], [35.3437946, 46.3499966, 0], [35.3712877, 46.3709968, 0]]]]}}, {"type": "Feature", "properties": {"name": "\u041e\u043a\u0443\u043f\u043e\u0432\u0430\u043d\u043e /// Occupied", "date": "2022-05-31"}, "geometry": {"type": "MultiPolygon", "coordinates": [[[[36.8026414, 50.2324603, 0], [36.7487857, 50.2806257, 0], [36.750889, 50.2832752, 0], [36.7505891, 50.2859247, 0], [36.747932, 50.287487, 0], [36.7536848, 50.2895981, 0], [36.7579133, 50.2895978, 0], [36.7642019, 50.2908312, 0], [36.7674205, 50.3027019, 0], [36.799174, 50.3063244, 0], [36.8061269, 50.3107634, 0], [36.8329954, 50.3138845, 0], [36.8511744, 50.3269334, 0], [36.8547757, 50.3306068, 0], [36.8734001, 50.3368263, 0], [36.8879069, 50.337784, 0], [36.9174397, 50.3475324, 0], [36.9380528, 50.3507026, 0], [37.0369336, 50.3486346, 0], [37.0455134, 50.3450064, 0], [37.058729, 50.3468717, 0], [37.0710027, 50.3472557, 0], [37.1038786, 50.3528933, 0], [37.1033635, 50.3577124, 0], [37.1423308, 50.3616549, 0], [37.1488546, 50.3557411, 0], [37.1598405, 50.3588075, 0], [37.1826393, 50.363681, 0], [37.2233578, 50.3780919, 0], [37.2218539, 50.3793619, 0], [37.2562848, 50.3928417, 0], [37.2573281, 50.3914542, 0], [37.2927071, 50.401664, 0], [37.2978782, 50.4052676, 0], [37.300045, 50.4065188, 0], [37.302834, 50.4118656, 0], [37.3048921, 50.4152289, 0], [37.3101216, 50.4230308, 0], [37.3089637, 50.4257279, 0], [37.3159391, 50.4302479, 0], [37.3202873, 50.4330534, 0], [37.3325906, 50.4370794, 0], [37.3524043, 50.4376481, 0], [37.3758225, 50.4329674, 0], [37.3963912, 50.4312523, 0], [37.4210992, 50.4353026, 0], [37.4325975, 50.4438858, 0], [37.4430687, 50.4476578, 0], [37.4677923, 50.4532307, 0], [37.4735478, 50.455797, 0], [37.4775874, 50.4598932, 0], [37.4907201, 50.4579263, 0], [37.4849252, 50.4452451, 0], [37.4858272, 50.4357354, 0], [37.481449, 50.4316353, 0], [37.4695618, 50.4312253, 0], [37.4662576, 50.4301588, 0], [37.4637254, 50.4247994, 0], [37.4649698, 50.4211898, 0], [37.4660428, 50.4181275, 0], [37.4652277, 50.4133155, 0], [37.4666056, 50.4073496, 0], [37.4664382, 50.397882, 0], [37.4660968, 50.3883054, 0], [37.4652381, 50.384394, 0], [37.467835, 50.3788421, 0], [37.4711179, 50.3754795, 0], [37.4715034, 50.370506, 0], [37.4827012, 50.3621383, 0], [37.4831489, 50.3593778, 0], [37.4854324, 50.3567928, 0], [37.5064266, 50.3526742, 0], [37.5059416, 50.3502646, 0], [37.5209038, 50.3366812, 0], [37.5549391, 50.3305437, 0], [37.5773233, 50.3064297, 0], [37.5857335, 50.3147617, 0], [37.600326, 50.3165153, 0], [37.6296815, 50.3146531, 0], [37.63423, 50.3126245, 0], [37.6367184, 50.3103765, 0], [37.6384302, 50.3029125, 0], [37.6286433, 50.2961102, 0], [37.6270975, 50.2928167, 0], [37.6270942, 50.2642892, 0], [37.6253798, 50.2449775, 0], [37.627271, 50.2423489, 0], [37.6133722, 50.2195175, 0], [37.6426038, 50.1909372, 0], [37.6395006, 50.1814807, 0], [37.6411281, 50.1759286, 0], [37.6455018, 50.1752136, 0], [37.6549338, 50.1663075, 0], [37.6713929, 50.1513511, 0], [37.676862, 50.149592, 0], [37.6898104, 50.1429953, 0], [37.7108765, 50.1236427, 0], [37.7359496, 50.0985395, 0], [37.7467611, 50.0921533, 0], [37.754822, 50.0782772, 0], [37.7973943, 50.0842255, 0], [37.8186873, 50.0722192, 0], [37.8502662, 50.0593254, 0], [37.8616007, 50.0556922, 0], [37.8921577, 50.0511736, 0], [37.9251111, 50.0352944, 0], [37.9554952, 49.9948114, 0], [37.9649367, 49.9794697, 0], [37.979015, 49.9772627, 0], [37.9992691, 49.9642336, 0], [38.0052774, 49.9676566, 0], [38.0089697, 49.964951, 0], [38.0092287, 49.9629079, 0], [38.0241637, 49.9519742, 0], [38.0330867, 49.9441322, 0], [38.044073, 49.9329733, 0], [38.0170362, 49.9247959, 0], [38.0200511, 49.9212315, 0], [38.0125948, 49.9187722, 0], [38.0197407, 49.9124169, 0], [38.0264573, 49.9063919, 0], [38.0360907, 49.9043463, 0], [38.0460449, 49.9155111, 0], [38.058321, 49.9246854, 0], [38.1249259, 49.9423646, 0], [38.1290464, 49.930431, 0], [38.1269859, 49.9224751, 0], [38.1345345, 49.9284439, 0], [38.171618, 49.9423646, 0], [38.1628633, 49.9518645, 0], [38.1980541, 49.9625772, 0], [38.1961657, 49.966221, 0], [38.1959941, 49.9697545, 0], [38.2156066, 49.9777863, 0], [38.216573, 49.9876066, 0], [38.2553808, 49.9099597, 0], [38.1771027, 49.842699, 0], [38.188089, 49.7398572, 0], [38.1331568, 49.5976479, 0], [38.1688628, 49.5549041, 0], [38.1084373, 49.4443091, 0], [38.1441432, 49.3889179, 0], [38.234238, 49.3696652, 0], [38.2253114, 49.2160605, 0], [38.1841125, 49.2026029, 0], [38.1834259, 49.1622082, 0], [38.1785847, 49.1336575, 0], [38.2281893, 49.0642113, 0], [38.2676599, 49.0405696, 0], [38.3037949, 49.0455768, 0], [38.3344555, 49.0328516, 0], [38.3315352, 49.024416, 0], [38.3377475, 49.0177882, 0], [38.3386376, 49.0160011, 0], [38.3419272, 49.0109707, 0], [38.3460135, 49.0073975, 0], [38.3456361, 49.0065266, 0], [38.3452163, 49.0056545, 0], [38.3438042, 49.0042337, 0], [38.3425647, 49.0019117, 0], [38.3412099, 49.0007319, 0], [38.3351084, 49.0029725, 0], [38.33035, 49.0065726, 0], [38.3294765, 49.0075174, 0], [38.3214108, 49.0122361, 0], [38.2906715, 49.0254312, 0], [38.2638985, 49.0243909, 0], [38.2463928, 49.0069101, 0], [38.2423781, 49.0034155, 0], [38.2605385, 48.969151, 0], [38.2563067, 48.9599226, 0], [38.2387446, 48.9564362, 0], [38.2309224, 48.9552258, 0], [38.2265338, 48.9522116, 0], [38.2281174, 48.9476605, 0], [38.2338203, 48.944462, 0], [38.2308351, 48.9385785, 0], [38.2230444, 48.9344989, 0], [38.2012874, 48.928142, 0], [38.1423395, 48.9331592, 0], [38.1398316, 48.931603, 0], [38.1368611, 48.9258061, 0], [38.1332902, 48.9245205, 0], [38.1274882, 48.9268863, 0], [38.1198832, 48.9268268, 0], [38.117368, 48.9281641, 0], [38.1141658, 48.9322081, 0], [38.0947132, 48.9357836, 0], [38.0904908, 48.9405176, 0], [38.0643634, 48.9373624, 0], [38.0574623, 48.9400682, 0], [38.0441239, 48.9351512, 0], [38.037349, 48.9255452, 0], [38.031495, 48.9171042, 0], [38.0304138, 48.9146885, 0], [38.0290752, 48.9142187, 0], [38.0281851, 48.9146503, 0], [38.0272091, 48.9163229, 0], [38.0256005, 48.9173554, 0], [38.0204367, 48.9170691, 0], [38.0202509, 48.9152771, 0], [38.0207518, 48.9133723, 0], [38.0196936, 48.9125524, 0], [38.0174351, 48.9120927, 0], [38.0166088, 48.9115681, 0], [38.0159865, 48.9088833, 0], [38.0148064, 48.90806, 0], [38.0134547, 48.9081957, 0], [38.0113953, 48.9096409, 0], [38.0094225, 48.9093722, 0], [38.008481, 48.9087783, 0], [38.007457, 48.9055599, 0], [38.0061818, 48.9048773, 0], [38.0055197, 48.905148, 0], [38.0053487, 48.907458, 0], [38.0042765, 48.9089217, 0], [37.9999859, 48.9112285, 0], [37.9970694, 48.9112727, 0], [37.9949858, 48.9095555, 0], [37.9950481, 48.9074999, 0], [37.9936279, 48.9060964, 0], [37.9925042, 48.9063924, 0], [37.9914583, 48.9089021, 0], [37.9891088, 48.9109315, 0], [37.9864698, 48.9114924, 0], [37.9834235, 48.9112039, 0], [37.9789618, 48.910965, 0], [37.9751264, 48.9070485, 0], [37.9736947, 48.9038089, 0], [37.9702309, 48.9026328, 0], [37.9610014, 48.9012689, 0], [37.9529735, 48.9018509, 0], [37.9521348, 48.903369, 0], [37.9548219, 48.905561, 0], [37.9561358, 48.9075272, 0], [37.9568754, 48.9088081, 0], [37.9545973, 48.91207, 0], [37.9509044, 48.9123893, 0], [37.9468681, 48.9114674, 0], [37.9408562, 48.9074797, 0], [37.9355299, 48.9027012, 0], [37.9319212, 48.8967942, 0], [37.9089676, 48.9042684, 0], [37.9007737, 48.9212198, 0], [37.8706935, 48.9310387, 0], [37.8421982, 48.9248441, 0], [37.7730457, 48.9328348, 0], [37.7491788, 48.9540851, 0], [37.7541409, 48.9866063, 0], [37.7208173, 49.008681, 0], [37.6667368, 49.0173331, 0], [37.6665837, 49.0191486, 0], [37.664714, 49.0205138, 0], [37.6615475, 49.0210839, 0], [37.6580376, 49.0205281, 0], [37.6558243, 49.0214428, 0], [37.6546837, 49.0224421, 0], [37.654843, 49.0234765, 0], [37.6555173, 49.0242858, 0], [37.6595603, 49.0260096, 0], [37.6625737, 49.0281836, 0], [37.662764, 49.0309558, 0], [37.6291233, 49.0779611, 0], [37.6149462, 49.1169607, 0], [37.5832466, 49.1278543, 0], [37.5655433, 49.1336945, 0], [37.4998958, 49.1537673, 0], [37.4524978, 49.1167702, 0], [37.4190742, 49.1269951, 0], [37.4041839, 49.1288547, 0], [37.4032524, 49.1221347, 0], [37.3964535, 49.1100207, 0], [37.3929075, 49.1064344, 0], [37.412011, 49.0978473, 0], [37.441752, 49.0950996, 0], [37.4456115, 49.0925757, 0], [37.4574531, 49.0905561, 0], [37.4640184, 49.0836146, 0], [37.4674194, 49.0815699, 0], [37.4688461, 49.0794127, 0], [37.4641555, 49.0769068, 0], [37.4183557, 49.0719212, 0], [37.3818329, 49.0630918, 0], [37.2809833, 49.0345994, 0], [37.2539491, 49.032019, 0], [37.2466141, 49.039979, 0], [37.2289274, 49.0941729, 0], [37.2326181, 49.1025465, 0], [37.2292562, 49.1200134, 0], [37.2231318, 49.1194034, 0], [37.2160909, 49.1312467, 0], [37.2470773, 49.1781362, 0], [37.2354042, 49.2022571, 0], [37.2342026, 49.2182938, 0], [37.1415032, 49.2289835, 0], [37.0969421, 49.2591737, 0], [37.0750054, 49.268065, 0], [37.1604109, 49.3257421, 0], [37.1425418, 49.3324832, 0], [37.1385461, 49.3321963, 0], [37.134336, 49.3311262, 0], [37.1335506, 49.3291298, 0], [37.1326794, 49.3288954, 0], [37.1287912, 49.3302723, 0], [37.1274638, 49.3317399, 0], [37.1287038, 49.3327955, 0], [37.1343426, 49.3332217, 0], [37.1363078, 49.3354726, 0], [37.1280312, 49.3358618, 0], [37.1231882, 49.3333422, 0], [37.1105803, 49.3393765, 0], [37.1034629, 49.3465284, 0], [37.1024007, 49.3565323, 0], [37.0824696, 49.3655598, 0], [37.0628708, 49.3839738, 0], [37.0523174, 49.382902, 0], [37.0455412, 49.380712, 0], [37.0149931, 49.3791238, 0], [36.968462, 49.3829611, 0], [36.9363282, 49.4036487, 0], [36.9224161, 49.4038867, 0], [36.8961471, 49.3967484, 0], [36.8947717, 49.3829739, 0], [36.8703958, 49.3749831, 0], [36.861751, 49.3795729, 0], [36.8373044, 49.3951195, 0], [36.8256563, 49.4074254, 0], [36.834411, 49.4207154, 0], [36.7912003, 49.4463554, 0], [36.7800535, 49.4872899, 0], [36.8128931, 49.5067399, 0], [36.8842751, 49.4910446, 0], [36.9653119, 49.5776544, 0], [36.946157, 49.5974445, 0], [36.9151867, 49.6079434, 0], [36.8739132, 49.5979623, 0], [36.8221038, 49.5985168, 0], [36.7802415, 49.597719, 0], [36.7727245, 49.6072471, 0], [36.8201407, 49.6139031, 0], [36.8503774, 49.612775, 0], [36.8668858, 49.6232094, 0], [36.8832236, 49.6531316, 0], [36.8229794, 49.7075077, 0], [36.7562417, 49.7192596, 0], [36.7712649, 49.7335708, 0], [36.8196369, 49.7278563, 0], [36.8640668, 49.7351079, 0], [36.9261192, 49.7668131, 0], [36.9239557, 49.7899688, 0], [37.0060103, 49.8300704, 0], [37.0030213, 49.842672, 0], [37.0126776, 49.8604924, 0], [36.999645, 49.8911063, 0], [37.0061286, 49.9108542, 0], [37.0046192, 49.9186981, 0], [36.9883444, 49.9249939, 0], [36.9695246, 49.925426, 0], [36.9624384, 49.9284996, 0], [36.9585658, 49.9266891, 0], [36.9528786, 49.9285927, 0], [36.9484994, 49.9335676, 0], [36.9504714, 49.9417463, 0], [36.9252276, 49.9516938, 0], [36.9073532, 49.949493, 0], [36.9011276, 49.9523805, 0], [36.9070927, 49.9634447, 0], [36.9020718, 49.9780424, 0], [36.9130844, 49.9916802, 0], [36.9223694, 49.9914351, 0], [36.9268484, 49.9942796, 0], [36.9166509, 49.9982302, 0], [36.8982123, 49.9986475, 0], [36.8932611, 50.0052749, 0], [36.9115614, 50.0288593, 0], [36.9057935, 50.0764419, 0], [36.8804023, 50.1082765, 0], [36.8424043, 50.1782266, 0], [36.835955, 50.2336182, 0], [36.8026414, 50.2324603, 0]]], [[[36.3285675, 50.2897814, 0], [36.3544025, 50.289026, 0], [36.361439, 50.2874037, 0], [36.3665454, 50.2882265, 0], [36.3788628, 50.2938745, 0], [36.374228, 50.3005087, 0], [36.375687, 50.3007281, 0], [36.3998055, 50.3071422, 0], [36.4086559, 50.3122261, 0], [36.4133879, 50.316323, 0], [36.4158981, 50.3185426, 0], [36.4188589, 50.3216662, 0], [36.4216486, 50.3240776, 0], [36.4231614, 50.3265984, 0], [36.4246744, 50.3273108, 0], [36.4250717, 50.3281602, 0], [36.4282157, 50.3296671, 0], [36.4335372, 50.3308725, 0], [36.4343955, 50.3294479, 0], [36.440232, 50.3121304, 0], [36.4876107, 50.3125689, 0], [36.4898228, 50.3101431, 0], [36.4900326, 50.3082211, 0], [36.4916824, 50.306109, 0], [36.4974518, 50.3026809, 0], [36.5006164, 50.2997138, 0], [36.5117294, 50.2957389, 0], [36.5133473, 50.2959011, 0], [36.515744, 50.296037, 0], [36.5165991, 50.2952824, 0], [36.5164258, 50.2946858, 0], [36.5165536, 50.293894, 0], [36.5186885, 50.2938606, 0], [36.5210807, 50.2931143, 0], [36.5241487, 50.2935956, 0], [36.5272978, 50.292658, 0], [36.5256987, 50.2863963, 0], [36.5204931, 50.2606703, 0], [36.5172473, 50.2420783, 0], [36.4325223, 50.2083996, 0], [36.404132, 50.201989, 0], [36.3932684, 50.2292829, 0], [36.3186683, 50.2488955, 0], [36.3205039, 50.2824325, 0], [36.3285675, 50.2897814, 0]]], [[[36.2505691, 50.2828262, 0], [36.2087445, 50.2547696, 0], [36.1902732, 50.2555733, 0], [36.1579117, 50.25853, 0], [36.1262059, 50.292661, 0], [36.1305824, 50.3148759, 0], [36.126204, 50.3248047, 0], [36.1139765, 50.3987697, 0], [36.1772385, 50.4021578, 0], [36.1832512, 50.4056039, 0], [36.2026518, 50.3961376, 0], [36.2134317, 50.3837418, 0], [36.2307274, 50.3715632, 0], [36.2329185, 50.3646923, 0], [36.2409448, 50.3584782, 0], [36.2553627, 50.3551935, 0], [36.2768095, 50.3404051, 0], [36.2840193, 50.3349268, 0], [36.2733762, 50.3241876, 0], [36.278526, 50.3233108, 0], [36.2757795, 50.3173921, 0], [36.2843627, 50.3064296, 0], [36.2855643, 50.3034691, 0], [36.2857359, 50.2989736, 0], [36.2505691, 50.2828262, 0]]]]}}, {"type": "Feature", "properties": {"name": "\u041e\u043a\u0443\u043f\u043e\u0432\u0430\u043d\u043e /// Occupied", "date": "2022-05-31"}, "geometry": {"type": "MultiPolygon", "coordinates": [[[[32.4242085, 46.5677111, 0], [32.320535, 46.5533911, 0], [32.2785946, 46.5809827, 0], [32.2594448, 46.5903752, 0], [32.2463986, 46.5922626, 0], [32.2089766, 46.5762173, 0], [32.1846008, 46.5752733, 0], [32.1385957, 46.5568622, 0], [32.119713, 46.596745, 0], [32.1855973, 46.6011796, 0], [32.1657363, 46.7021234, 0], [32.1872734, 46.7471601, 0], [32.217432, 46.7495852, 0], [32.2433616, 46.7860604, 0], [32.273782, 46.7928619, 0], [32.3071007, 46.8007768, 0], [32.3637473, 46.8318811, 0], [32.3611987, 46.8561673, 0], [32.3567438, 46.8668509, 0], [32.3540139, 46.8798796, 0], [32.3612991, 46.8964354, 0], [32.4058668, 46.8975883, 0], [32.4225553, 46.9589532, 0], [32.4764465, 46.9847194, 0], [32.4871751, 46.9980677, 0], [32.5443424, 47.0049318, 0], [32.5953864, 47.0137893, 0], [32.59466, 47.0221767, 0], [32.6049462, 47.0239138, 0], [32.5970774, 47.0581553, 0], [32.605647, 47.059482, 0], [32.6079524, 47.0599222, 0], [32.6102365, 47.0604502, 0], [32.6233347, 47.0631859, 0], [32.6389075, 47.0656636, 0], [32.6530131, 47.0665, 0], [32.6695009, 47.0668375, 0], [32.6856564, 47.0678403, 0], [32.6950885, 47.0677757, 0], [32.7229518, 47.067586, 0], [32.759707, 47.0671564, 0], [32.7900868, 47.0682668, 0], [32.8415896, 47.0936918, 0], [32.8792298, 47.0797191, 0], [32.8982819, 47.0890887, 0], [32.8898188, 47.1062148, 0], [32.8938332, 47.1132605, 0], [32.906315, 47.1108246, 0], [32.9135852, 47.1046971, 0], [32.9086358, 47.0969575, 0], [32.9116511, 47.0888799, 0], [32.9184779, 47.0851897, 0], [32.9261828, 47.0834599, 0], [32.9331259, 47.0868016, 0], [32.9390026, 47.1030799, 0], [32.9445201, 47.105961, 0], [32.9489964, 47.1058823, 0], [32.9589595, 47.0982475, 0], [32.9642827, 47.0970392, 0], [32.9699491, 47.0974668, 0], [32.9735567, 47.1012827, 0], [32.9722712, 47.107514, 0], [32.957209, 47.1103962, 0], [32.9505358, 47.1140576, 0], [32.9511475, 47.1167065, 0], [32.9663883, 47.1159282, 0], [32.9819733, 47.1200541, 0], [32.994613, 47.1235486, 0], [33.0043798, 47.1331367, 0], [32.9913741, 47.1511212, 0], [32.9849855, 47.1518429, 0], [32.9847092, 47.1543642, 0], [32.9861168, 47.1558002, 0], [32.9918851, 47.1530744, 0], [32.9939105, 47.1539285, 0], [32.9930353, 47.1564565, 0], [32.9906242, 47.1581876, 0], [32.987271, 47.1680092, 0], [32.9934929, 47.1656265, 0], [32.9960028, 47.1674688, 0], [32.9904777, 47.1800587, 0], [32.9913299, 47.1893323, 0], [32.9953426, 47.190594, 0], [33.0022412, 47.1892999, 0], [33.0040597, 47.191394, 0], [33.0001583, 47.1925152, 0], [33.0003202, 47.1943557, 0], [33.0011688, 47.1957296, 0], [33.0034766, 47.196287, 0], [33.0062993, 47.1960278, 0], [33.0127445, 47.1885883, 0], [33.0121851, 47.1820104, 0], [33.0251397, 47.1763194, 0], [33.0390302, 47.1785258, 0], [33.0309787, 47.1671112, 0], [33.0483318, 47.1638656, 0], [33.0756689, 47.167305, 0], [33.1678427, 47.2026084, 0], [33.1947685, 47.1974471, 0], [33.223144, 47.2144478, 0], [33.2034576, 47.2370451, 0], [33.2029892, 47.2765613, 0], [33.2196212, 47.290219, 0], [33.2277104, 47.2922358, 0], [33.2353572, 47.2899172, 0], [33.2520997, 47.288994, 0], [33.2585544, 47.2875417, 0], [33.2635303, 47.2889762, 0], [33.2740868, 47.2967548, 0], [33.2742536, 47.3042613, 0], [33.2698099, 47.3071873, 0], [33.2608072, 47.3049835, 0], [33.253693, 47.3055728, 0], [33.2444503, 47.3078188, 0], [33.2346778, 47.3140049, 0], [33.2321078, 47.3215788, 0], [33.2406486, 47.325276, 0], [33.2457574, 47.3306019, 0], [33.2482863, 47.3474361, 0], [33.282159, 47.3614029, 0], [33.3234202, 47.3589497, 0], [33.3661144, 47.3746804, 0], [33.3764513, 47.3971765, 0], [33.3943526, 47.4164171, 0], [33.4021595, 47.4216539, 0], [33.3962347, 47.4301425, 0], [33.3933131, 47.4434053, 0], [33.3899893, 47.4508479, 0], [33.3870136, 47.4588026, 0], [33.3968271, 47.4749891, 0], [33.4293212, 47.4775974, 0], [33.4643401, 47.4847902, 0], [33.5122337, 47.4917502, 0], [33.4987759, 47.5120287, 0], [33.5458797, 47.5180609, 0], [33.5542486, 47.5050804, 0], [33.5960884, 47.4966346, 0], [33.62028, 47.4668763, 0], [33.6202797, 47.451615, 0], [33.6340199, 47.4392032, 0], [33.7212299, 47.4308333, 0], [33.7231796, 47.4201485, 0], [33.7755488, 47.4239823, 0], [33.8353618, 47.4338916, 0], [33.8439247, 47.4089457, 0], [33.869323, 47.389092, 0], [33.959871, 47.4092807, 0], [33.9780507, 47.3755823, 0], [33.9685385, 47.3285208, 0], [33.9646094, 47.303648, 0], [33.9162256, 47.2707333, 0], [33.9114761, 47.243441, 0], [33.9003911, 47.230959, 0], [33.8655878, 47.2096232, 0], [33.8548273, 47.2071725, 0], [33.8249067, 47.1959862, 0], [33.7896706, 47.1836219, 0], [33.7816567, 47.1786881, 0], [33.7872047, 47.1308085, 0], [33.763927, 47.0979765, 0], [33.7499326, 47.0920155, 0], [33.6573283, 47.0484019, 0], [33.6619659, 46.9998455, 0], [33.6550291, 46.9850037, 0], [33.5952613, 46.9345462, 0], [33.5990403, 46.894156, 0], [33.5904632, 46.8537657, 0], [33.508568, 46.8580732, 0], [33.4697722, 46.8467501, 0], [33.4418265, 46.8417292, 0], [33.4121732, 46.8296556, 0], [33.3805316, 46.8051472, 0], [33.3595604, 46.7884877, 0], [33.3535944, 46.7843963, 0], [33.3292905, 46.7799378, 0], [33.3056869, 46.7802317, 0], [33.2298124, 46.7865792, 0], [33.1559977, 46.7884599, 0], [33.0948859, 46.7689454, 0], [33.0458696, 46.7467111, 0], [33.0135971, 46.7420058, 0], [32.9421856, 46.7396531, 0], [32.8697013, 46.7075272, 0], [32.8379818, 46.6941554, 0], [32.8344628, 46.6906415, 0], [32.8181765, 46.6842131, 0], [32.8136076, 46.6834066, 0], [32.8120658, 46.6844213, 0], [32.802611, 46.6802873, 0], [32.7932433, 46.6765945, 0], [32.7831781, 46.6739781, 0], [32.7776397, 46.673338, 0], [32.7679407, 46.6727274, 0], [32.7580702, 46.6725576, 0], [32.7502143, 46.6733071, 0], [32.7412424, 46.6748364, 0], [32.7406364, 46.6744792, 0], [32.7388236, 46.6745009, 0], [32.7385127, 46.6748759, 0], [32.7374131, 46.6750781, 0], [32.7364423, 46.675457, 0], [32.7351988, 46.6753077, 0], [32.7313385, 46.6754506, 0], [32.7298405, 46.67553, 0], [32.7294409, 46.6750557, 0], [32.7263886, 46.6752993, 0], [32.7237869, 46.6748947, 0], [32.7212711, 46.6746668, 0], [32.72036, 46.6740652, 0], [32.7206076, 46.6701655, 0], [32.7209525, 46.6654729, 0], [32.7196916, 46.6657683, 0], [32.7191113, 46.6739601, 0], [32.7176619, 46.6736416, 0], [32.7143887, 46.672303, 0], [32.7111215, 46.6709121, 0], [32.709764, 46.6704488, 0], [32.7105136, 46.6719528, 0], [32.709438, 46.6716624, 0], [32.708982, 46.6705518, 0], [32.7073192, 46.6702444, 0], [32.7056244, 46.6693058, 0], [32.7001964, 46.6680724, 0], [32.6949403, 46.6665148, 0], [32.6841741, 46.6629047, 0], [32.6797814, 46.6620687, 0], [32.6759038, 46.6610263, 0], [32.6723546, 46.6597957, 0], [32.6714359, 46.6598673, 0], [32.6617889, 46.6566227, 0], [32.6544025, 46.6529993, 0], [32.637241, 46.638298, 0], [32.5896907, 46.6024557, 0], [32.5416253, 46.5991534, 0], [32.5114018, 46.5963907, 0], [32.4767249, 46.5829711, 0], [32.467975, 46.571183, 0], [32.4487507, 46.5632228, 0], [32.4302168, 46.5602164, 0], [32.4242085, 46.5677111, 0]]], [[[32.4242085, 46.5677111, 0], [32.4242026, 46.5676981, 0], [32.4242018, 46.5677046, 0], [32.4242085, 46.5677111, 0]]]]}}, {"type": "Feature", "properties": {"name": "\u041e\u043a\u0443\u043f\u043e\u0432\u0430\u043d\u043e /// Occupied", "date": "2022-05-31"}, "geometry": {"type": "Polygon", "coordinates": [[[38.4241521, 49.0156399, 0], [38.4199637, 49.0292207, 0], [38.4068496, 49.0360301, 0], [38.3553409, 49.0539603, 0], [38.3448781, 49.0468691, 0], [38.3403622, 49.0424549, 0], [38.3344555, 49.0326858, 0], [38.3036591, 49.0451495, 0], [38.2675244, 49.0401423, 0], [38.2280542, 49.063784, 0], [38.17845, 49.1332302, 0], [38.1832912, 49.1617809, 0], [38.1839778, 49.2021756, 0], [38.2251763, 49.2156332, 0], [38.2341027, 49.3692379, 0], [38.1440087, 49.3884906, 0], [38.1083031, 49.4438818, 0], [38.168728, 49.5544768, 0], [38.1330224, 49.5972206, 0], [38.1879541, 49.7394299, 0], [38.1769678, 49.8422717, 0], [38.2552452, 49.9095324, 0], [38.2164377, 49.9871793, 0], [38.2155322, 49.9881847, 0], [38.21085, 49.9892452, 0], [38.2098144, 49.9901953, 0], [38.2077102, 49.9915087, 0], [38.2050272, 49.9967451, 0], [38.2046727, 49.9982874, 0], [38.2050047, 50.0007676, 0], [38.202641, 50.0016684, 0], [38.2008054, 50.0036314, 0], [38.2009438, 50.0046565, 0], [38.1971766, 50.0082193, 0], [38.1924386, 50.0137928, 0], [38.1869793, 50.0214602, 0], [38.1853816, 50.0220685, 0], [38.1862524, 50.0227729, 0], [38.1881577, 50.0234077, 0], [38.1883893, 50.0244699, 0], [38.1886702, 50.0268599, 0], [38.1882313, 50.0307843, 0], [38.1880071, 50.0393948, 0], [38.1875578, 50.0410481, 0], [38.1838253, 50.0458296, 0], [38.1850647, 50.0556901, 0], [38.1819184, 50.0668677, 0], [38.1818466, 50.0678015, 0], [38.1790856, 50.0774198, 0], [38.1787134, 50.0777809, 0], [38.1785128, 50.0797945, 0], [38.2463336, 50.0731122, 0], [38.2770672, 50.0729966, 0], [38.2927791, 50.079324, 0], [38.300294, 50.0866717, 0], [38.3126358, 50.0885826, 0], [38.3290971, 50.0852049, 0], [38.333974, 50.0590905, 0], [38.3511987, 50.0347384, 0], [38.3541621, 50.019046, 0], [38.3495729, 50.0064418, 0], [38.3975608, 49.9905828, 0], [38.4160059, 49.9813358, 0], [38.4340933, 50.0010164, 0], [38.4680378, 49.9952445, 0], [38.465912, 49.9839589, 0], [38.4775179, 49.9832689, 0], [38.4832986, 49.9765256, 0], [38.4877041, 49.9635998, 0], [38.5078966, 49.9640277, 0], [38.5267136, 49.9582684, 0], [38.5815678, 49.9774138, 0], [38.6160761, 49.9743876, 0], [38.6461941, 49.9559349, 0], [38.6669388, 49.9721541, 0], [38.6797293, 49.9744915, 0], [38.6760522, 49.9928115, 0], [38.6797076, 50.0025228, 0], [38.6842822, 50.0074883, 0], [38.6874838, 50.0058341, 0], [38.7151347, 49.9877076, 0], [38.7153131, 49.9823814, 0], [38.685298, 49.9603414, 0], [38.6928985, 49.9347634, 0], [38.7232453, 49.927003, 0], [38.7338438, 49.9050226, 0], [38.742281, 49.8989189, 0], [38.7438449, 49.8973048, 0], [38.7682298, 49.8960418, 0], [38.777681, 49.8853176, 0], [38.7834858, 49.8811108, 0], [38.7901479, 49.8785076, 0], [38.7949557, 49.8833076, 0], [38.8224303, 49.878982, 0], [38.8244268, 49.8789324, 0], [38.8260257, 49.8783681, 0], [38.8270396, 49.8777541, 0], [38.827761, 49.8771566, 0], [38.8329709, 49.8747421, 0], [38.8344381, 49.8745717, 0], [38.8349355, 49.8743344, 0], [38.8356992, 49.8738284, 0], [38.8366818, 49.8721511, 0], [38.8346623, 49.8709528, 0], [38.8348111, 49.8690675, 0], [38.8363444, 49.8673642, 0], [38.8360165, 49.8671348, 0], [38.8389639, 49.8660243, 0], [38.8393432, 49.8657594, 0], [38.8432878, 49.8651428, 0], [38.8439298, 49.8651801, 0], [38.845667, 49.8658073, 0], [38.846128, 49.8657198, 0], [38.8467233, 49.8654823, 0], [38.8491023, 49.8651008, 0], [38.8506137, 49.8658643, 0], [38.8514124, 49.8661631, 0], [38.8520263, 49.8665061, 0], [38.8538353, 49.8671201, 0], [38.8541605, 49.8674272, 0], [38.8541729, 49.8678573, 0], [38.854455, 49.868193, 0], [38.855853, 49.8688883, 0], [38.8566102, 49.8686469, 0], [38.8571602, 49.8680113, 0], [38.8627136, 49.8658678, 0], [38.8653186, 49.8660268, 0], [38.8668357, 49.864889, 0], [38.8693967, 49.8644861, 0], [38.8745611, 49.8666358, 0], [38.87459, 49.8678766, 0], [38.8751339, 49.8685366, 0], [38.8764137, 49.8694205, 0], [38.898465, 49.8704141, 0], [38.9093357, 49.8601006, 0], [38.9195172, 49.8586388, 0], [38.9096681, 49.850847, 0], [38.9042752, 49.8488149, 0], [38.9065326, 49.8446545, 0], [38.9125661, 49.8435934, 0], [38.9143051, 49.8369976, 0], [38.9113965, 49.8345865, 0], [38.9150923, 49.8310564, 0], [38.9135056, 49.8286273, 0], [38.9073906, 49.8284099, 0], [38.9087973, 49.8227646, 0], [38.9098426, 49.8182812, 0], [38.9122526, 49.8180335, 0], [38.9182637, 49.8148081, 0], [38.9190365, 49.8138599, 0], [38.9161611, 49.8127213, 0], [38.9191867, 49.8089397, 0], [38.9203554, 49.804944, 0], [38.9259171, 49.8041649, 0], [38.9286977, 49.8038859, 0], [38.9274188, 49.8013787, 0], [38.9278092, 49.7985739, 0], [38.9307509, 49.7971714, 0], [38.9329084, 49.7975781, 0], [38.9334722, 49.7997759, 0], [38.9364393, 49.8002009, 0], [38.9394903, 49.8006646, 0], [38.946661, 49.7978041, 0], [38.9488141, 49.796072, 0], [38.9648911, 49.8038751, 0], [38.9711357, 49.8072184, 0], [38.9849036, 49.8077809, 0], [39.0216582, 49.8209079, 0], [39.0335202, 49.82237, 0], [39.066231, 49.8153466, 0], [39.0697611, 49.8187284, 0], [39.1111368, 49.839044, 0], [39.1285048, 49.8597951, 0], [39.1784, 49.8879987, 0], [39.1883931, 49.8862199, 0], [39.2256545, 49.8401819, 0], [39.2281121, 49.8165004, 0], [39.2289901, 49.8084299, 0], [39.2391442, 49.7982241, 0], [39.2403698, 49.7911204, 0], [39.2503694, 49.7777994, 0], [39.2646369, 49.7684778, 0], [39.2754686, 49.7680241, 0], [39.2799634, 49.7609078, 0], [39.2855581, 49.755664, 0], [39.3079217, 49.7530412, 0], [39.3769608, 49.7384218, 0], [39.4120602, 49.7531086, 0], [39.438199, 49.7600039, 0], [39.4787588, 49.7564723, 0], [39.5338327, 49.7408455, 0], [39.6083906, 49.7339069, 0], [39.591959, 49.7196306, 0], [39.6131314, 49.6903603, 0], [39.6383769, 49.6350974, 0], [39.6599932, 49.6148084, 0], [39.6869239, 49.6115557, 0], [39.6967454, 49.6042891, 0], [39.7127452, 49.6059205, 0], [39.7502298, 49.5967168, 0], [39.7683386, 49.5852892, 0], [39.8080571, 49.5580478, 0], [39.8389118, 49.5635154, 0], [39.8660215, 49.5597836, 0], [39.8902222, 49.5583566, 0], [39.9345988, 49.5727807, 0], [39.9522207, 49.5965467, 0], [40.0567267, 49.606571, 0], [40.0635357, 49.5992308, 0], [40.1352564, 49.6162513, 0], [40.139523, 49.5962718, 0], [40.1684327, 49.5689182, 0], [40.037597, 49.5198928, 0], [40.041758, 49.4991003, 0], [40.029445, 49.4537775, 0], [40.0480275, 49.4443722, 0], [40.0593769, 49.434088, 0], [40.0769068, 49.4099548, 0], [40.1124341, 49.3857491, 0], [40.1445965, 49.3776647, 0], [40.1620428, 49.3682539, 0], [40.1599319, 49.3654561, 0], [40.1701797, 49.3563977, 0], [40.1755684, 49.3566161, 0], [40.1918349, 49.3483315, 0], [40.1968119, 49.3452254, 0], [40.1910582, 49.3179433, 0], [40.188524, 49.3074409, 0], [40.1851963, 49.3042066, 0], [40.1859361, 49.2840058, 0], [40.2192618, 49.2651691, 0], [40.2208041, 49.2577711, 0], [40.2143684, 49.2448843, 0], [40.209671, 49.2417753, 0], [40.1768242, 49.2368702, 0], [40.1365378, 49.2391541, 0], [40.1217662, 49.2307081, 0], [40.1082875, 49.2108803, 0], [40.0927571, 49.2031613, 0], [40.0761276, 49.1868252, 0], [40.0315729, 49.1802382, 0], [39.9974614, 49.1473102, 0], [39.9727224, 49.1252911, 0], [39.9387357, 49.0832597, 0], [39.9425299, 49.0713444, 0], [39.9377233, 49.0560499, 0], [39.9088872, 49.0574038, 0], [39.8752387, 49.0654984, 0], [39.8203073, 49.0582996, 0], [39.8031412, 49.0591995, 0], [39.7887186, 49.0499747, 0], [39.7681225, 49.0402983, 0], [39.729675, 49.0430052, 0], [39.6929349, 49.0495248, 0], [39.6731505, 49.0391727, 0], [39.6835795, 49.0369223, 0], [39.6817337, 49.0287303, 0], [39.6756613, 49.0268858, 0], [39.6736555, 49.0149315, 0], [39.6792023, 49.0128842, 0], [39.6702746, 49.0031459, 0], [39.6634093, 49.0008695, 0], [39.6769283, 48.9895361, 0], [39.6912183, 48.9960549, 0], [39.6911752, 48.9967306, 0], [39.6933423, 48.9990394, 0], [39.696958, 48.9998926, 0], [39.6989215, 49.0006583, 0], [39.6999944, 49.0004556, 0], [39.7020651, 48.9994149, 0], [39.7039514, 48.9987228, 0], [39.7048355, 48.9973999, 0], [39.7069211, 48.9950622, 0], [39.7074231, 48.994063, 0], [39.7074317, 48.9933462, 0], [39.7076603, 48.9924296, 0], [39.7097347, 48.9919487, 0], [39.7107522, 48.9915328, 0], [39.7118016, 48.9901915, 0], [39.712101, 48.9899574, 0], [39.713503, 48.9895829, 0], [39.7150558, 48.9898974, 0], [39.7153475, 48.9897066, 0], [39.7154291, 48.9894, 0], [39.7154054, 48.9885779, 0], [39.7155438, 48.9882232, 0], [39.7157096, 48.9879895, 0], [39.7167673, 48.9870644, 0], [39.7169168, 48.9865476, 0], [39.7169164, 48.9862399, 0], [39.7164977, 48.9856079, 0], [39.7167214, 48.98491, 0], [39.7168955, 48.9846986, 0], [39.7174111, 48.9845859, 0], [39.7176153, 48.9843606, 0], [39.7179212, 48.9833749, 0], [39.7176885, 48.9827446, 0], [39.7176204, 48.982352, 0], [39.7189743, 48.9816269, 0], [39.7205544, 48.9814663, 0], [39.7215189, 48.9812862, 0], [39.7233621, 48.9805175, 0], [39.7252246, 48.9802334, 0], [39.7263788, 48.9794586, 0], [39.7264797, 48.9786763, 0], [39.7261598, 48.9785086, 0], [39.724476, 48.9780659, 0], [39.724818, 48.9765626, 0], [39.7270453, 48.9752932, 0], [39.7294443, 48.9778547, 0], [39.7329741, 48.9801996, 0], [39.7477808, 48.9879451, 0], [39.7887218, 48.9474884, 0], [39.7694958, 48.9303492, 0], [39.7942148, 48.9249356, 0], [39.818934, 48.9077887, 0], [39.8244272, 48.8906359, 0], [39.8409067, 48.9023726, 0], [39.8711189, 48.8942476, 0], [39.9246772, 48.8942476, 0], [39.9837285, 48.8680575, 0], [40.0180607, 48.9077888, 0], [40.0311927, 48.9157989, 0], [40.0484933, 48.9101839, 0], [40.0554925, 48.9100958, 0], [40.0712841, 48.8769726, 0], [40.0788287, 48.8698642, 0], [39.9761754, 48.7937025, 0], [39.958216, 48.797851, 0], [39.9522719, 48.7974751, 0], [39.9383224, 48.7998877, 0], [39.8862528, 48.8209434, 0], [39.8304368, 48.833552, 0], [39.8278294, 48.8314627, 0], [39.807501, 48.8385787, 0], [39.8080419, 48.8394778, 0], [39.80467, 48.843574, 0], [39.7971242, 48.8405734, 0], [39.7843065, 48.7973463, 0], [39.7652011, 48.765006, 0], [39.7414097, 48.7717615, 0], [39.7389251, 48.7484075, 0], [39.7227146, 48.7341074, 0], [39.7048355, 48.7214608, 0], [39.7110139, 48.713367, 0], [39.7027732, 48.7066325, 0], [39.7199333, 48.6979207, 0], [39.7155113, 48.6956862, 0], [39.7162393, 48.6902791, 0], [39.7221581, 48.6839973, 0], [39.7150311, 48.6810023, 0], [39.7118101, 48.6750602, 0], [39.7030004, 48.6704068, 0], [39.7025396, 48.6687306, 0], [39.7021215, 48.6679811, 0], [39.7032911, 48.6668348, 0], [39.703581, 48.6668044, 0], [39.7040159, 48.6667314, 0], [39.7044296, 48.6666742, 0], [39.7049797, 48.6666557, 0], [39.7054183, 48.6666326, 0], [39.7058167, 48.6667016, 0], [39.7062688, 48.6667812, 0], [39.7066875, 48.6668412, 0], [39.7071384, 48.6670465, 0], [39.7075152, 48.6672581, 0], [39.7084724, 48.6674193, 0], [39.7091533, 48.6673945, 0], [39.7097424, 48.6673448, 0], [39.7101921, 48.6671605, 0], [39.7103686, 48.6671038, 0], [39.71047, 48.6670046, 0], [39.7110026, 48.6665508, 0], [39.7110592, 48.6663801, 0], [39.7109742, 48.6655147, 0], [39.710739, 48.6648477, 0], [39.7107193, 48.6642648, 0], [39.7105939, 48.6638926, 0], [39.7101286, 48.6628507, 0], [39.7096205, 48.6623544, 0], [39.7096917, 48.661929, 0], [39.7095258, 48.6606526, 0], [39.7095347, 48.6599301, 0], [39.7096, 48.6592181, 0], [39.7099184, 48.6584498, 0], [39.7105344, 48.6574582, 0], [39.7108339, 48.6569202, 0], [39.7109495, 48.6560306, 0], [39.7108827, 48.6555273, 0], [39.7107812, 48.6551372, 0], [39.7106909, 48.6550161, 0], [39.7105399, 48.6548341, 0], [39.7103246, 48.6546555, 0], [39.7101675, 48.6545819, 0], [39.7099767, 48.6545215, 0], [39.7096917, 48.6544999, 0], [39.7095132, 48.6544603, 0], [39.7093547, 48.6544768, 0], [39.7090752, 48.6545593, 0], [39.7088114, 48.6547138, 0], [39.7086056, 48.6549235, 0], [39.7084729, 48.6550664, 0], [39.7081901, 48.655345, 0], [39.7080521, 48.6554428, 0], [39.7076504, 48.6557544, 0], [39.7073606, 48.6560479, 0], [39.70727, 48.656161, 0], [39.7071605, 48.6563164, 0], [39.7070258, 48.6565199, 0], [39.7068745, 48.6566577, 0], [39.7067006, 48.6567632, 0], [39.7065246, 48.6568252, 0], [39.7063324, 48.6568165, 0], [39.706194, 48.6567793, 0], [39.7060155, 48.6566237, 0], [39.7057444, 48.6565604, 0], [39.7054707, 48.6565545, 0], [39.7052662, 48.6564574, 0], [39.7051577, 48.6563059, 0], [39.7050696, 48.6561659, 0], [39.7047323, 48.6558079, 0], [39.7046372, 48.6555738, 0], [39.7045811, 48.6553608, 0], [39.7042382, 48.6549631, 0], [39.7039514, 48.6547359, 0], [39.7034609, 48.6544378, 0], [39.7028981, 48.6538559, 0], [39.7022995, 48.6532433, 0], [39.7022197, 48.6531967, 0], [39.7020917, 48.6531553, 0], [39.7018612, 48.6530965, 0], [39.701679, 48.6530126, 0], [39.7011645, 48.652797, 0], [39.7006826, 48.6526563, 0], [39.7001051, 48.6525521, 0], [39.6994651, 48.6523791, 0], [39.698979, 48.6520898, 0], [39.6986292, 48.6518515, 0], [39.6982514, 48.6516017, 0], [39.6972714, 48.6509001, 0], [39.6970131, 48.6507874, 0], [39.6967552, 48.6507204, 0], [39.6965295, 48.6506286, 0], [39.6957769, 48.6503501, 0], [39.6952803, 48.6501261, 0], [39.6949843, 48.6499155, 0], [39.6948485, 48.6498558, 0], [39.6946358, 48.649655, 0], [39.6944464, 48.6495404, 0], [39.6942233, 48.6494742, 0], [39.6938843, 48.6493985, 0], [39.6935766, 48.6492045, 0], [39.6934013, 48.6489557, 0], [39.6932018, 48.6487901, 0], [39.6929317, 48.6483987, 0], [39.6927025, 48.6481334, 0], [39.6924642, 48.6478756, 0], [39.6922611, 48.6477251, 0], [39.6920963, 48.6476368, 0], [39.6920894, 48.6473618, 0], [39.6920234, 48.6471505, 0], [39.6918914, 48.6468982, 0], [39.6915953, 48.6466805, 0], [39.6913153, 48.6464877, 0], [39.6911211, 48.646231, 0], [39.6911822, 48.6456807, 0], [39.6913261, 48.6453279, 0], [39.6915974, 48.644825, 0], [39.6921369, 48.6440597, 0], [39.6927009, 48.643621, 0], [39.6930349, 48.6434807, 0], [39.6935527, 48.6431434, 0], [39.6937515, 48.6427807, 0], [39.69387, 48.6417576, 0], [39.6938926, 48.6411435, 0], [39.6940449, 48.6404683, 0], [39.6942851, 48.6396001, 0], [39.694272, 48.6390262, 0], [39.6943531, 48.6386866, 0], [39.694365, 48.6381068, 0], [39.6943125, 48.6376262, 0], [39.6941313, 48.6372875, 0], [39.6939859, 48.6368542, 0], [39.6934808, 48.6364057, 0], [39.6928041, 48.6359714, 0], [39.6910956, 48.6354676, 0], [39.6905727, 48.6353325, 0], [39.6901786, 48.6350981, 0], [39.6884529, 48.6331968, 0], [39.6876815, 48.6327288, 0], [39.686953, 48.6324594, 0], [39.6856559, 48.6320765, 0], [39.6843588, 48.6315376, 0], [39.6800075, 48.6294245, 0], [39.6776137, 48.6280345, 0], [39.6745861, 48.6263606, 0], [39.6715329, 48.6243287, 0], [39.6689734, 48.6222967, 0], [39.6681735, 48.6214278, 0], [39.6678672, 48.6212822, 0], [39.6671865, 48.6203851, 0], [39.6669135, 48.6198355, 0], [39.6665069, 48.6192825, 0], [39.6663913, 48.6187437, 0], [39.666117, 48.6181769, 0], [39.6661432, 48.6178158, 0], [39.6660621, 48.6176532, 0], [39.6656414, 48.617145, 0], [39.6653173, 48.6165694, 0], [39.6651545, 48.6163105, 0], [39.6650748, 48.6161279, 0], [39.6648673, 48.6158973, 0], [39.6648008, 48.6156491, 0], [39.6648181, 48.6154539, 0], [39.6648313, 48.615241, 0], [39.6647986, 48.6151593, 0], [39.664186, 48.6146269, 0], [39.663991, 48.6138174, 0], [39.6637295, 48.6129645, 0], [39.6635915, 48.6126685, 0], [39.663314, 48.6123157, 0], [39.6629521, 48.6119985, 0], [39.662601, 48.6117948, 0], [39.6622157, 48.6113808, 0], [39.6616696, 48.6108816, 0], [39.6613911, 48.6107243, 0], [39.6612092, 48.6104889, 0], [39.661106, 48.6099358, 0], [39.6609385, 48.6095939, 0], [39.6607977, 48.6093476, 0], [39.6606209, 48.6090875, 0], [39.6605673, 48.6090177, 0], [39.660562, 48.6089054, 0], [39.6605517, 48.6086672, 0], [39.6606269, 48.6085002, 0], [39.6606539, 48.6083633, 0], [39.6605715, 48.6080828, 0], [39.6604193, 48.6077739, 0], [39.6604357, 48.6074381, 0], [39.660503, 48.6072064, 0], [39.6607404, 48.6069096, 0], [39.6608619, 48.6067878, 0], [39.6609189, 48.6066732, 0], [39.6610564, 48.6058846, 0], [39.6612543, 48.6056849, 0], [39.6615273, 48.6055384, 0], [39.6622441, 48.6053171, 0], [39.6625285, 48.6052088, 0], [39.6627593, 48.6050722, 0], [39.6633067, 48.6047707, 0], [39.6636073, 48.6046642, 0], [39.6638865, 48.6046215, 0], [39.6643429, 48.6045849, 0], [39.6649442, 48.6045945, 0], [39.6653313, 48.6046517, 0], [39.6658445, 48.6047906, 0], [39.6664246, 48.6048742, 0], [39.6676762, 48.6048852, 0], [39.668527, 48.6048222, 0], [39.6696063, 48.6046252, 0], [39.6704345, 48.6043162, 0], [39.6708034, 48.6039253, 0], [39.6710692, 48.6035975, 0], [39.6707163, 48.6030812, 0], [39.6698389, 48.6025027, 0], [39.6688566, 48.6021121, 0], [39.6684537, 48.6016293, 0], [39.6680079, 48.6011749, 0], [39.6679424, 48.6008763, 0], [39.66807, 48.6007337, 0], [39.6681511, 48.5997379, 0], [39.6680131, 48.5989383, 0], [39.6679514, 48.5978501, 0], [39.6683001, 48.5970077, 0], [39.6688258, 48.5962879, 0], [39.6694049, 48.5958135, 0], [39.6701842, 48.5954748, 0], [39.6709098, 48.5953135, 0], [39.6718245, 48.5952889, 0], [39.6728387, 48.5954668, 0], [39.6736869, 48.5957233, 0], [39.674482, 48.5961368, 0], [39.6750423, 48.5965239, 0], [39.6753905, 48.5967162, 0], [39.6760225, 48.5974414, 0], [39.6767071, 48.597799, 0], [39.6778834, 48.5979183, 0], [39.6781602, 48.5978991, 0], [39.6785766, 48.5978657, 0], [39.6789588, 48.597728, 0], [39.6794979, 48.5974385, 0], [39.6799001, 48.5971857, 0], [39.6800822, 48.5970137, 0], [39.680296, 48.5967051, 0], [39.6804663, 48.5962937, 0], [39.6803132, 48.5960245, 0], [39.6799642, 48.5957272, 0], [39.6795451, 48.5955158, 0], [39.6792435, 48.5955045, 0], [39.6788764, 48.5955955, 0], [39.6785928, 48.5957776, 0], [39.6781759, 48.5958578, 0], [39.6779105, 48.595784, 0], [39.6776343, 48.5954477, 0], [39.6768298, 48.5949987, 0], [39.6762185, 48.5944077, 0], [39.6757257, 48.5937894, 0], [39.6757272, 48.5930922, 0], [39.6763736, 48.5913004, 0], [39.6767651, 48.5907822, 0], [39.6777198, 48.5902284, 0], [39.6786419, 48.5901143, 0], [39.6790701, 48.5901982, 0], [39.6795833, 48.5906215, 0], [39.6794939, 48.5919507, 0], [39.680002, 48.5923098, 0], [39.6830348, 48.5924033, 0], [39.683221, 48.5921079, 0], [39.6833787, 48.5914318, 0], [39.6839086, 48.5907325, 0], [39.6854832, 48.5899583, 0], [39.6861432, 48.5898291, 0], [39.6866907, 48.5895424, 0], [39.6867984, 48.5877484, 0], [39.6872709, 48.5870843, 0], [39.6880015, 48.5869198, 0], [39.6863298, 48.5868181, 0], [39.677305, 48.5874123, 0], [39.669902, 48.5889868, 0], [39.6505257, 48.5852548, 0], [39.6409128, 48.5828701, 0], [39.6304415, 48.580826, 0], [39.6222017, 48.586731, 0], [39.6173951, 48.5861633, 0], [39.6148202, 48.5798039, 0], [39.6094987, 48.5749203, 0], [39.6024606, 48.574466, 0], [39.5943193, 48.5762567, 0], [39.5945642, 48.5809396, 0], [39.6000573, 48.5853684, 0], [39.6050355, 48.5866175, 0], [39.6010873, 48.5912729, 0], [39.5931909, 48.5935437, 0], [39.5823032, 48.5888052, 0], [39.5749216, 48.5840928, 0], [39.5681283, 48.5818481, 0], [39.5612745, 48.5846606, 0], [39.5653817, 48.5887749, 0], [39.5656519, 48.593801, 0], [39.5617769, 48.5984255, 0], [39.5545672, 48.5994472, 0], [39.5477007, 48.5968361, 0], [39.5458125, 48.5921812, 0], [39.5459841, 48.5871852, 0], [39.5415209, 48.5841193, 0], [39.5312211, 48.5841193, 0], [39.5252131, 48.5884343, 0], [39.5274446, 48.5918406, 0], [39.5321779, 48.5933469, 0], [39.5313928, 48.5969496, 0], [39.5240115, 48.598539, 0], [39.5224791, 48.6025425, 0], [39.5236681, 48.6060311, 0], [39.5270173, 48.6094098, 0], [39.5233267, 48.6148575, 0], [39.5162758, 48.617948, 0], [39.5116537, 48.6217231, 0], [39.5119844, 48.6249834, 0], [39.5157735, 48.6297223, 0], [39.5128427, 48.6344001, 0], [39.5101946, 48.635338, 0], [39.506933, 48.6353947, 0], [39.5026304, 48.6348138, 0], [39.499755, 48.6340481, 0], [39.4940044, 48.6332256, 0], [39.4892409, 48.6314671, 0], [39.4856788, 48.6302759, 0], [39.4785978, 48.6289995, 0], [39.4731046, 48.6289995, 0], [39.4673109, 48.6285457, 0], [39.4631482, 48.628886, 0], [39.4627302, 48.6327854, 0], [39.4656801, 48.6379334, 0], [39.4639317, 48.6393083, 0], [39.4598009, 48.6395782, 0], [39.4542219, 48.6396349, 0], [39.4505741, 48.6413647, 0], [39.4496729, 48.6426975, 0], [39.4481232, 48.6473557, 0], [39.4513148, 48.6515576, 0], [39.4506981, 48.6554075, 0], [39.4460791, 48.6573976, 0], [39.4372385, 48.6563204, 0], [39.417501, 48.6592626, 0], [39.410701, 48.6575053, 0], [39.4070963, 48.6592629, 0], [39.4080511, 48.662381, 0], [39.4123426, 48.666746, 0], [39.411141, 48.6696935, 0], [39.4058385, 48.6735477, 0], [39.401032, 48.6749646, 0], [39.3936313, 48.6762684, 0], [39.3903698, 48.6779686, 0], [39.3879858, 48.6805753, 0], [39.3890158, 48.6842587, 0], [39.3793107, 48.6861562, 0], [39.367024, 48.6913417, 0], [39.3586124, 48.696214, 0], [39.3525377, 48.7006891, 0], [39.3503061, 48.7057871, 0], [39.3454138, 48.7117908, 0], [39.3486561, 48.7132069, 0], [39.3541492, 48.7129804, 0], [39.3575159, 48.7144526, 0], [39.3630092, 48.7157551, 0], [39.3685024, 48.7154719, 0], [39.3721738, 48.7169446, 0], [39.3713285, 48.7197891, 0], [39.3667857, 48.7210781, 0], [39.3601768, 48.7224371, 0], [39.3534819, 48.7260608, 0], [39.3530602, 48.7287594, 0], [39.3561501, 48.732043, 0], [39.3575159, 48.7358549, 0], [39.3546052, 48.7403077, 0], [39.3492837, 48.7422322, 0], [39.3463654, 48.7470996, 0], [39.3455854, 48.7504576, 0], [39.3420739, 48.7551355, 0], [39.3447271, 48.7611523, 0], [39.3497986, 48.76317, 0], [39.3530527, 48.7666402, 0], [39.3487687, 48.7695063, 0], [39.3435255, 48.7692425, 0], [39.3377824, 48.7671303, 0], [39.330916, 48.7674697, 0], [39.3259303, 48.768507, 0], [39.3259378, 48.7721084, 0], [39.3254153, 48.7755214, 0], [39.3193215, 48.7767657, 0], [39.3142648, 48.7757286, 0], [39.3091075, 48.7752951, 0], [39.3043086, 48.7735791, 0], [39.3024203, 48.7713165, 0], [39.301297, 48.7684505, 0], [39.2983004, 48.7652068, 0], [39.2931506, 48.762378, 0], [39.2881158, 48.7608828, 0], [39.2859408, 48.7584173, 0], [39.2851608, 48.7543623, 0], [39.285486, 48.7517966, 0], [39.2806194, 48.7501556, 0], [39.2749577, 48.7499819, 0], [39.2742711, 48.7541695, 0], [39.2690065, 48.7545695, 0], [39.2656666, 48.7515512, 0], [39.2665249, 48.7486085, 0], [39.2670324, 48.7455147, 0], [39.2658307, 48.7431376, 0], [39.2523552, 48.7426848, 0], [39.2505603, 48.7400055, 0], [39.2521052, 48.7366091, 0], [39.2545095, 48.7322642, 0], [39.2493586, 48.7243805, 0], [39.2485551, 48.7189657, 0], [39.2462612, 48.713697, 0], [39.2390699, 48.7103748, 0], [39.2360688, 48.7104274, 0], [39.2328148, 48.7122773, 0], [39.2283301, 48.7121488, 0], [39.2237995, 48.7100726, 0], [39.2198329, 48.7067682, 0], [39.2139105, 48.7056354, 0], [39.2106489, 48.7035962, 0], [39.2077307, 48.7013871, 0], [39.2060142, 48.6994045, 0], [39.1999414, 48.6995461, 0], [39.1965053, 48.7032323, 0], [39.1959073, 48.7066833, 0], [39.1936682, 48.7076087, 0], [39.192367, 48.7071081, 0], [39.1914153, 48.705088, 0], [39.1891837, 48.7021992, 0], [39.1867021, 48.7007639, 0], [39.1837839, 48.6979315, 0], [39.1797608, 48.6925443, 0], [39.1759842, 48.6849517, 0], [39.1712497, 48.6822409, 0], [39.168589, 48.6805409, 0], [39.1590543, 48.6768196, 0], [39.1525387, 48.6769705, 0], [39.1463589, 48.6769138, 0], [39.1418882, 48.673419, 0], [39.1383767, 48.668412, 0], [39.1375184, 48.665521, 0], [39.1380333, 48.6628, 0], [39.1371675, 48.660438, 0], [39.1288494, 48.6610425, 0], [39.1239571, 48.6612693, 0], [39.1189714, 48.6600978, 0], [39.1108175, 48.6558457, 0], [39.1040444, 48.6516875, 0], [39.0975214, 48.651007, 0], [39.0872217, 48.6516875, 0], [39.0786385, 48.6514606, 0], [39.0707421, 48.6525947, 0], [39.0648982, 48.6502322, 0], [39.0534044, 48.6482852, 0], [39.044478, 48.6473779, 0], [39.0355441, 48.6480774, 0], [39.027991, 48.6534076, 0], [39.018378, 48.6568095, 0], [39.012288, 48.6585575, 0], [39.0096307, 48.6624598, 0], [39.0173555, 48.6629133, 0], [39.021647, 48.6615528, 0], [39.0266252, 48.6626866, 0], [39.0252519, 48.6666547, 0], [39.0235353, 48.6692622, 0], [39.0192438, 48.6719829, 0], [39.0192438, 48.6766305, 0], [39.0176913, 48.6798232, 0], [39.0122056, 48.6833176, 0], [39.0147806, 48.6894373, 0], [39.0137431, 48.6958586, 0], [39.0070558, 48.6968026, 0], [39.0018127, 48.6972182, 0], [38.9984728, 48.7009947, 0], [38.9965846, 48.7063192, 0], [38.9977862, 48.7096043, 0], [38.9955682, 48.7122995, 0], [38.9837882, 48.7108694, 0], [38.9831949, 48.7140218, 0], [38.9888597, 48.7150412, 0], [38.9943454, 48.7156832, 0], [38.9977862, 48.7195715, 0], [38.9965845, 48.7242147, 0], [38.9884361, 48.734854, 0], [38.9799258, 48.7434812, 0], [38.9594982, 48.7469902, 0], [38.9571808, 48.7392927, 0], [38.9446494, 48.7352736, 0], [38.9317749, 48.7362926, 0], [38.9361523, 48.7435944, 0], [38.9330624, 48.7480655, 0], [38.9198444, 48.7454621, 0], [38.9047382, 48.7504424, 0], [38.8920353, 48.7507254, 0], [38.8728093, 48.7531022, 0], [38.8561581, 48.7503293, 0], [38.8471459, 48.7427454, 0], [38.8413953, 48.7333489, 0], [38.8360738, 48.7231013, 0], [38.8300656, 48.7168724, 0], [38.8084363, 48.713248, 0], [38.7670659, 48.7141542, 0], [38.7535123, 48.7183257, 0], [38.6917143, 48.7291971, 0], [38.674548, 48.7291971, 0], [38.6784104, 48.7235352, 0], [38.6523391, 48.7222613, 0], [38.6301662, 48.7210062, 0], [38.5832168, 48.7197038, 0], [38.5784179, 48.7092645, 0], [38.5777312, 48.696576, 0], [38.5722305, 48.6888898, 0], [38.5594447, 48.6865289, 0], [38.5457643, 48.7019808, 0], [38.5333719, 48.7243497, 0], [38.5475555, 48.7463219, 0], [38.5596608, 48.7811835, 0], [38.5881134, 48.8437268, 0], [38.603509, 48.8690235, 0], [38.5875822, 48.8891046, 0], [38.5553151, 48.9089518, 0], [38.539347, 48.9074763, 0], [38.5278414, 48.9111891, 0], [38.5344414, 48.9203973, 0], [38.5324546, 48.9293672, 0], [38.5346637, 48.9318502, 0], [38.5363375, 48.9372666, 0], [38.5575382, 48.9365924, 0], [38.5610177, 48.9443459, 0], [38.5469867, 48.9466871, 0], [38.5369859, 48.9487834, 0], [38.5245814, 48.9515553, 0], [38.5159291, 48.9529027, 0], [38.511397, 48.9543621, 0], [38.5071913, 48.960954, 0], [38.5034873, 48.9636375, 0], [38.4879984, 48.9644417, 0], [38.4814356, 48.9671326, 0], [38.471625, 48.968892, 0], [38.464136, 48.9686375, 0], [38.4561328, 48.9670038, 0], [38.4493111, 48.9689197, 0], [38.4423639, 48.9680746, 0], [38.4415758, 48.9696572, 0], [38.4399725, 48.9705637, 0], [38.43771, 48.9692215, 0], [38.4347733, 48.969185, 0], [38.4273122, 48.9692246, 0], [38.4255224, 48.9686838, 0], [38.4239167, 48.9691798, 0], [38.4222505, 48.9690447, 0], [38.4253534, 48.9762954, 0], [38.4241472, 48.9814425, 0], [38.4336636, 48.99327, 0], [38.4443002, 49.0031254, 0], [38.4241521, 49.0156399, 0]]]}}, {"type": "Feature", "properties": {"name": "\u041e\u043a\u0443\u043f\u043e\u0432\u0430\u043d\u043e/// Occupied\n", "date": "2022-05-31"}, "geometry": {"type": "Polygon", "coordinates": [[[37.2231318, 49.1194034, 0], [37.2292562, 49.1200134, 0], [37.230129, 49.1157503, 0], [37.2326181, 49.1025465, 0], [37.2289274, 49.0941729, 0], [37.2466141, 49.039979, 0], [37.2539491, 49.032019, 0], [37.2500363, 49.0229613, 0], [37.2377824, 49.0190444, 0], [37.2203803, 49.0173771, 0], [37.200791, 49.0210114, 0], [37.178588, 49.0242005, 0], [37.166356, 49.0354245, 0], [37.1486248, 49.082893, 0], [37.1596188, 49.1022147, 0], [37.1078685, 49.1187591, 0], [37.0393266, 49.1156171, 0], [36.9845681, 49.1228908, 0], [37.0328474, 49.1295083, 0], [37.0384608, 49.1377036, 0], [37.047238, 49.1478409, 0], [37.0297762, 49.1562483, 0], [37.0425229, 49.1653288, 0], [37.072951, 49.1599985, 0], [37.1040567, 49.1506187, 0], [37.1256662, 49.143124, 0], [37.1575768, 49.1411247, 0], [37.2160909, 49.1312467, 0], [37.2231318, 49.1194034, 0]]]}}, {"type": "Feature", "properties": {"name": "\u0421\u0454\u0432\u0454\u0440\u043e\u0434\u043e\u043d\u0435\u0446\u044c\u043a. \u0422\u0435\u0440\u0438\u0442\u043e\u0440\u0456\u0457, \u0449\u043e \u043e\u043a\u0443\u043f\u043e\u0432\u0430\u043d\u043e.\n\u0421\u0442\u0430\u043d\u043e\u043c \u043d\u0430 30.05 \u0432\u0456\u0437\u0443\u0430\u043b\u044c\u043d\u043e \u043f\u0456\u0434\u0442\u0432\u0435\u0440\u0434\u0436\u0435\u043d\u043e \u043e\u043a\u0443\u043f\u0430\u0446\u0456\u044e \u043a\u0432\u0430\u0440\u0442\u0430\u043b\u0443 \u0437 \u0433\u043e\u0442\u0435\u043b\u0435\u043c \"\u041c\u0438\u0440\", \u0440\u0430\u0439\u043e\u043d \u0430\u0432\u0442\u043e\u0432\u043e\u043a\u0437\u0430\u043b\u0443, 79, 80, 81, 82 \u043c\u0440\u043d, \u0414\u042e\u0421\u0428 \u21161\n\n/// Sieverodonetsk. Territories, which", "date": "2022-05-31"}, "geometry": {"type": "Polygon", "coordinates": [[[38.5469867, 48.9466871, 0], [38.5610177, 48.9443459, 0], [38.5575382, 48.9365924, 0], [38.5363375, 48.9372666, 0], [38.5346637, 48.9318502, 0], [38.5324546, 48.9293672, 0], [38.524999, 48.9292533, 0], [38.5215347, 48.9291019, 0], [38.5207972, 48.9305723, 0], [38.5197164, 48.9317748, 0], [38.5258618, 48.9446496, 0], [38.511858, 48.9474292, 0], [38.5106215, 48.947207, 0], [38.5024954, 48.9450294, 0], [38.4954175, 48.9432995, 0], [38.4894849, 48.9530109, 0], [38.4870574, 48.9524479, 0], [38.4820119, 48.9565347, 0], [38.4800315, 48.959861, 0], [38.4766006, 48.9590268, 0], [38.4756374, 48.9607145, 0], [38.47517, 48.9605959, 0], [38.4626479, 48.9625605, 0], [38.4561328, 48.9670038, 0], [38.464136, 48.9686375, 0], [38.471625, 48.968892, 0], [38.4814356, 48.9671326, 0], [38.4879984, 48.9644417, 0], [38.4952355, 48.9641132, 0], [38.5034873, 48.9636375, 0], [38.5071913, 48.960954, 0], [38.511397, 48.9543621, 0], [38.5159291, 48.9529027, 0], [38.5245814, 48.9515553, 0], [38.5469867, 48.9466871, 0]]]}}, {"type": "Feature", "properties": {"name": "\u041e\u043a\u0443\u043f\u043e\u0432\u0430\u043d\u043e /// Occupied", "date": "2022-05-31"}, "geometry": {"type": "MultiPolygon", "coordinates": [[[[36.8026414, 50.2324603, 0], [36.7487857, 50.2806257, 0], [36.750889, 50.2832752, 0], [36.7505891, 50.2859247, 0], [36.747932, 50.287487, 0], [36.7536848, 50.2895981, 0], [36.7579133, 50.2895978, 0], [36.7642019, 50.2908312, 0], [36.7674205, 50.3027019, 0], [36.799174, 50.3063244, 0], [36.8061269, 50.3107634, 0], [36.8329954, 50.3138845, 0], [36.8511744, 50.3269334, 0], [36.8547757, 50.3306068, 0], [36.8734001, 50.3368263, 0], [36.8879069, 50.337784, 0], [36.9174397, 50.3475324, 0], [36.9380528, 50.3507026, 0], [37.0369336, 50.3486346, 0], [37.0455134, 50.3450064, 0], [37.058729, 50.3468717, 0], [37.0710027, 50.3472557, 0], [37.1038786, 50.3528933, 0], [37.1033635, 50.3577124, 0], [37.1423308, 50.3616549, 0], [37.1488546, 50.3557411, 0], [37.1598405, 50.3588075, 0], [37.1826393, 50.363681, 0], [37.2233578, 50.3780919, 0], [37.2218539, 50.3793619, 0], [37.2562848, 50.3928417, 0], [37.2573281, 50.3914542, 0], [37.2927071, 50.401664, 0], [37.2978782, 50.4052676, 0], [37.300045, 50.4065188, 0], [37.302834, 50.4118656, 0], [37.3048921, 50.4152289, 0], [37.3101216, 50.4230308, 0], [37.3089637, 50.4257279, 0], [37.3159391, 50.4302479, 0], [37.3202873, 50.4330534, 0], [37.3325906, 50.4370794, 0], [37.3524043, 50.4376481, 0], [37.3758225, 50.4329674, 0], [37.3963912, 50.4312523, 0], [37.4210992, 50.4353026, 0], [37.4325975, 50.4438858, 0], [37.4430687, 50.4476578, 0], [37.4677923, 50.4532307, 0], [37.4735478, 50.455797, 0], [37.4775874, 50.4598932, 0], [37.4907201, 50.4579263, 0], [37.4849252, 50.4452451, 0], [37.4858272, 50.4357354, 0], [37.481449, 50.4316353, 0], [37.4695618, 50.4312253, 0], [37.4662576, 50.4301588, 0], [37.4637254, 50.4247994, 0], [37.4649698, 50.4211898, 0], [37.4660428, 50.4181275, 0], [37.4652277, 50.4133155, 0], [37.4666056, 50.4073496, 0], [37.4664382, 50.397882, 0], [37.4660968, 50.3883054, 0], [37.4652381, 50.384394, 0], [37.467835, 50.3788421, 0], [37.4711179, 50.3754795, 0], [37.4715034, 50.370506, 0], [37.4827012, 50.3621383, 0], [37.4831489, 50.3593778, 0], [37.4854324, 50.3567928, 0], [37.5064266, 50.3526742, 0], [37.5059416, 50.3502646, 0], [37.5209038, 50.3366812, 0], [37.5549391, 50.3305437, 0], [37.5773233, 50.3064297, 0], [37.5857335, 50.3147617, 0], [37.600326, 50.3165153, 0], [37.6296815, 50.3146531, 0], [37.63423, 50.3126245, 0], [37.6367184, 50.3103765, 0], [37.6384302, 50.3029125, 0], [37.6286433, 50.2961102, 0], [37.6270975, 50.2928167, 0], [37.6270942, 50.2642892, 0], [37.6253798, 50.2449775, 0], [37.627271, 50.2423489, 0], [37.6133722, 50.2195175, 0], [37.6426038, 50.1909372, 0], [37.6395006, 50.1814807, 0], [37.6411281, 50.1759286, 0], [37.6455018, 50.1752136, 0], [37.6549338, 50.1663075, 0], [37.6713929, 50.1513511, 0], [37.676862, 50.149592, 0], [37.6898104, 50.1429953, 0], [37.7108765, 50.1236427, 0], [37.7359496, 50.0985395, 0], [37.7467611, 50.0921533, 0], [37.754822, 50.0782772, 0], [37.7973943, 50.0842255, 0], [37.8186873, 50.0722192, 0], [37.8502662, 50.0593254, 0], [37.8616007, 50.0556922, 0], [37.8921577, 50.0511736, 0], [37.9251111, 50.0352944, 0], [37.9554952, 49.9948114, 0], [37.9649367, 49.9794697, 0], [37.979015, 49.9772627, 0], [37.9992691, 49.9642336, 0], [38.0052774, 49.9676566, 0], [38.0089697, 49.964951, 0], [38.0092287, 49.9629079, 0], [38.0241637, 49.9519742, 0], [38.0330867, 49.9441322, 0], [38.044073, 49.9329733, 0], [38.0170362, 49.9247959, 0], [38.0200511, 49.9212315, 0], [38.0125948, 49.9187722, 0], [38.0197407, 49.9124169, 0], [38.0264573, 49.9063919, 0], [38.0360907, 49.9043463, 0], [38.0460449, 49.9155111, 0], [38.058321, 49.9246854, 0], [38.1249259, 49.9423646, 0], [38.1290464, 49.930431, 0], [38.1269859, 49.9224751, 0], [38.1345345, 49.9284439, 0], [38.171618, 49.9423646, 0], [38.1628633, 49.9518645, 0], [38.1980541, 49.9625772, 0], [38.1961657, 49.966221, 0], [38.1959941, 49.9697545, 0], [38.2156066, 49.9777863, 0], [38.216573, 49.9876066, 0], [38.2553808, 49.9099597, 0], [38.1771027, 49.842699, 0], [38.188089, 49.7398572, 0], [38.1331568, 49.5976479, 0], [38.1688628, 49.5549041, 0], [38.1084373, 49.4443091, 0], [38.1441432, 49.3889179, 0], [38.234238, 49.3696652, 0], [38.2253114, 49.2160605, 0], [38.1841125, 49.2026029, 0], [38.1834259, 49.1622082, 0], [38.1785847, 49.1336575, 0], [38.2281893, 49.0642113, 0], [38.2676599, 49.0405696, 0], [38.3037949, 49.0455768, 0], [38.3344555, 49.0328516, 0], [38.3315352, 49.024416, 0], [38.3377475, 49.0177882, 0], [38.3386376, 49.0160011, 0], [38.3419272, 49.0109707, 0], [38.3460135, 49.0073975, 0], [38.3456361, 49.0065266, 0], [38.3452163, 49.0056545, 0], [38.3438042, 49.0042337, 0], [38.3425647, 49.0019117, 0], [38.3412099, 49.0007319, 0], [38.3351084, 49.0029725, 0], [38.33035, 49.0065726, 0], [38.3294765, 49.0075174, 0], [38.3214108, 49.0122361, 0], [38.2906715, 49.0254312, 0], [38.2638985, 49.0243909, 0], [38.2463928, 49.0069101, 0], [38.2423781, 49.0034155, 0], [38.2605385, 48.969151, 0], [38.2563067, 48.9599226, 0], [38.2387446, 48.9564362, 0], [38.2309224, 48.9552258, 0], [38.2265338, 48.9522116, 0], [38.2281174, 48.9476605, 0], [38.2338203, 48.944462, 0], [38.2308351, 48.9385785, 0], [38.2230444, 48.9344989, 0], [38.2012874, 48.928142, 0], [38.1423395, 48.9331592, 0], [38.1398316, 48.931603, 0], [38.1368611, 48.9258061, 0], [38.1332902, 48.9245205, 0], [38.1274882, 48.9268863, 0], [38.1198832, 48.9268268, 0], [38.117368, 48.9281641, 0], [38.1141658, 48.9322081, 0], [38.0947132, 48.9357836, 0], [38.0904908, 48.9405176, 0], [38.0643634, 48.9373624, 0], [38.0574623, 48.9400682, 0], [38.0441239, 48.9351512, 0], [38.037349, 48.9255452, 0], [38.031495, 48.9171042, 0], [38.0304138, 48.9146885, 0], [38.0290752, 48.9142187, 0], [38.0281851, 48.9146503, 0], [38.0272091, 48.9163229, 0], [38.0256005, 48.9173554, 0], [38.0204367, 48.9170691, 0], [38.0202509, 48.9152771, 0], [38.0207518, 48.9133723, 0], [38.0196936, 48.9125524, 0], [38.0174351, 48.9120927, 0], [38.0166088, 48.9115681, 0], [38.0159865, 48.9088833, 0], [38.0148064, 48.90806, 0], [38.0134547, 48.9081957, 0], [38.0113953, 48.9096409, 0], [38.0094225, 48.9093722, 0], [38.008481, 48.9087783, 0], [38.007457, 48.9055599, 0], [38.0061818, 48.9048773, 0], [38.0055197, 48.905148, 0], [38.0053487, 48.907458, 0], [38.0042765, 48.9089217, 0], [37.9999859, 48.9112285, 0], [37.9970694, 48.9112727, 0], [37.9949858, 48.9095555, 0], [37.9950481, 48.9074999, 0], [37.9936279, 48.9060964, 0], [37.9925042, 48.9063924, 0], [37.9914583, 48.9089021, 0], [37.9891088, 48.9109315, 0], [37.9864698, 48.9114924, 0], [37.9834235, 48.9112039, 0], [37.9789618, 48.910965, 0], [37.9751264, 48.9070485, 0], [37.9736947, 48.9038089, 0], [37.9702309, 48.9026328, 0], [37.9610014, 48.9012689, 0], [37.9529735, 48.9018509, 0], [37.9521348, 48.903369, 0], [37.9548219, 48.905561, 0], [37.9561358, 48.9075272, 0], [37.9568754, 48.9088081, 0], [37.9545973, 48.91207, 0], [37.9509044, 48.9123893, 0], [37.9468681, 48.9114674, 0], [37.9408562, 48.9074797, 0], [37.9355299, 48.9027012, 0], [37.9319212, 48.8967942, 0], [37.9089676, 48.9042684, 0], [37.9007737, 48.9212198, 0], [37.8706935, 48.9310387, 0], [37.8421982, 48.9248441, 0], [37.7730457, 48.9328348, 0], [37.7491788, 48.9540851, 0], [37.7541409, 48.9866063, 0], [37.7208173, 49.008681, 0], [37.6667368, 49.0173331, 0], [37.6665837, 49.0191486, 0], [37.664714, 49.0205138, 0], [37.6615475, 49.0210839, 0], [37.6580376, 49.0205281, 0], [37.6558243, 49.0214428, 0], [37.6546837, 49.0224421, 0], [37.654843, 49.0234765, 0], [37.6555173, 49.0242858, 0], [37.6595603, 49.0260096, 0], [37.6625737, 49.0281836, 0], [37.662764, 49.0309558, 0], [37.6291233, 49.0779611, 0], [37.6149462, 49.1169607, 0], [37.5832466, 49.1278543, 0], [37.5655433, 49.1336945, 0], [37.4998958, 49.1537673, 0], [37.4524978, 49.1167702, 0], [37.4190742, 49.1269951, 0], [37.4041839, 49.1288547, 0], [37.4032524, 49.1221347, 0], [37.3964535, 49.1100207, 0], [37.3929075, 49.1064344, 0], [37.412011, 49.0978473, 0], [37.441752, 49.0950996, 0], [37.4456115, 49.0925757, 0], [37.4574531, 49.0905561, 0], [37.4640184, 49.0836146, 0], [37.4674194, 49.0815699, 0], [37.4688461, 49.0794127, 0], [37.4641555, 49.0769068, 0], [37.4183557, 49.0719212, 0], [37.3818329, 49.0630918, 0], [37.2809833, 49.0345994, 0], [37.2539491, 49.032019, 0], [37.2466141, 49.039979, 0], [37.2289274, 49.0941729, 0], [37.2326181, 49.1025465, 0], [37.2292562, 49.1200134, 0], [37.2231318, 49.1194034, 0], [37.2160909, 49.1312467, 0], [37.2470773, 49.1781362, 0], [37.2354042, 49.2022571, 0], [37.2342026, 49.2182938, 0], [37.1415032, 49.2289835, 0], [37.0969421, 49.2591737, 0], [37.0750054, 49.268065, 0], [37.1604109, 49.3257421, 0], [37.1425418, 49.3324832, 0], [37.1385461, 49.3321963, 0], [37.134336, 49.3311262, 0], [37.1335506, 49.3291298, 0], [37.1326794, 49.3288954, 0], [37.1287912, 49.3302723, 0], [37.1274638, 49.3317399, 0], [37.1287038, 49.3327955, 0], [37.1343426, 49.3332217, 0], [37.1363078, 49.3354726, 0], [37.1280312, 49.3358618, 0], [37.1231882, 49.3333422, 0], [37.1105803, 49.3393765, 0], [37.1034629, 49.3465284, 0], [37.1024007, 49.3565323, 0], [37.0824696, 49.3655598, 0], [37.0628708, 49.3839738, 0], [37.0523174, 49.382902, 0], [37.0455412, 49.380712, 0], [37.0149931, 49.3791238, 0], [36.968462, 49.3829611, 0], [36.9363282, 49.4036487, 0], [36.9224161, 49.4038867, 0], [36.8961471, 49.3967484, 0], [36.8947717, 49.3829739, 0], [36.8703958, 49.3749831, 0], [36.861751, 49.3795729, 0], [36.8373044, 49.3951195, 0], [36.8256563, 49.4074254, 0], [36.834411, 49.4207154, 0], [36.7912003, 49.4463554, 0], [36.7800535, 49.4872899, 0], [36.8128931, 49.5067399, 0], [36.8842751, 49.4910446, 0], [36.9653119, 49.5776544, 0], [36.946157, 49.5974445, 0], [36.9151867, 49.6079434, 0], [36.8739132, 49.5979623, 0], [36.8221038, 49.5985168, 0], [36.7802415, 49.597719, 0], [36.7727245, 49.6072471, 0], [36.8201407, 49.6139031, 0], [36.8503774, 49.612775, 0], [36.8668858, 49.6232094, 0], [36.8832236, 49.6531316, 0], [36.8229794, 49.7075077, 0], [36.7562417, 49.7192596, 0], [36.7712649, 49.7335708, 0], [36.8196369, 49.7278563, 0], [36.8640668, 49.7351079, 0], [36.9261192, 49.7668131, 0], [36.9239557, 49.7899688, 0], [37.0060103, 49.8300704, 0], [37.0030213, 49.842672, 0], [37.0126776, 49.8604924, 0], [36.999645, 49.8911063, 0], [37.0061286, 49.9108542, 0], [37.0046192, 49.9186981, 0], [36.9883444, 49.9249939, 0], [36.9695246, 49.925426, 0], [36.9624384, 49.9284996, 0], [36.9585658, 49.9266891, 0], [36.9528786, 49.9285927, 0], [36.9484994, 49.9335676, 0], [36.9504714, 49.9417463, 0], [36.9252276, 49.9516938, 0], [36.9073532, 49.949493, 0], [36.9011276, 49.9523805, 0], [36.9070927, 49.9634447, 0], [36.9020718, 49.9780424, 0], [36.9130844, 49.9916802, 0], [36.9223694, 49.9914351, 0], [36.9268484, 49.9942796, 0], [36.9166509, 49.9982302, 0], [36.8982123, 49.9986475, 0], [36.8932611, 50.0052749, 0], [36.9115614, 50.0288593, 0], [36.9057935, 50.0764419, 0], [36.8804023, 50.1082765, 0], [36.8424043, 50.1782266, 0], [36.835955, 50.2336182, 0], [36.8026414, 50.2324603, 0]]], [[[36.3285675, 50.2897814, 0], [36.3544025, 50.289026, 0], [36.361439, 50.2874037, 0], [36.3665454, 50.2882265, 0], [36.3788628, 50.2938745, 0], [36.374228, 50.3005087, 0], [36.375687, 50.3007281, 0], [36.3998055, 50.3071422, 0], [36.4086559, 50.3122261, 0], [36.4133879, 50.316323, 0], [36.4158981, 50.3185426, 0], [36.4188589, 50.3216662, 0], [36.4216486, 50.3240776, 0], [36.4231614, 50.3265984, 0], [36.4246744, 50.3273108, 0], [36.4250717, 50.3281602, 0], [36.4282157, 50.3296671, 0], [36.4335372, 50.3308725, 0], [36.4343955, 50.3294479, 0], [36.440232, 50.3121304, 0], [36.4876107, 50.3125689, 0], [36.4898228, 50.3101431, 0], [36.4900326, 50.3082211, 0], [36.4916824, 50.306109, 0], [36.4974518, 50.3026809, 0], [36.5006164, 50.2997138, 0], [36.5117294, 50.2957389, 0], [36.5133473, 50.2959011, 0], [36.515744, 50.296037, 0], [36.5165991, 50.2952824, 0], [36.5164258, 50.2946858, 0], [36.5165536, 50.293894, 0], [36.5186885, 50.2938606, 0], [36.5210807, 50.2931143, 0], [36.5241487, 50.2935956, 0], [36.5272978, 50.292658, 0], [36.5256987, 50.2863963, 0], [36.5204931, 50.2606703, 0], [36.5172473, 50.2420783, 0], [36.4325223, 50.2083996, 0], [36.404132, 50.201989, 0], [36.3932684, 50.2292829, 0], [36.3186683, 50.2488955, 0], [36.3205039, 50.2824325, 0], [36.3285675, 50.2897814, 0]]], [[[36.2505691, 50.2828262, 0], [36.2087445, 50.2547696, 0], [36.1902732, 50.2555733, 0], [36.1579117, 50.25853, 0], [36.1262059, 50.292661, 0], [36.1305824, 50.3148759, 0], [36.126204, 50.3248047, 0], [36.1139765, 50.3987697, 0], [36.1772385, 50.4021578, 0], [36.1832512, 50.4056039, 0], [36.2026518, 50.3961376, 0], [36.2134317, 50.3837418, 0], [36.2307274, 50.3715632, 0], [36.2329185, 50.3646923, 0], [36.2409448, 50.3584782, 0], [36.2553627, 50.3551935, 0], [36.2768095, 50.3404051, 0], [36.2840193, 50.3349268, 0], [36.2733762, 50.3241876, 0], [36.278526, 50.3233108, 0], [36.2757795, 50.3173921, 0], [36.2843627, 50.3064296, 0], [36.2855643, 50.3034691, 0], [36.2857359, 50.2989736, 0], [36.2505691, 50.2828262, 0]]]]}}]}