{"type": "FeatureCollection", "features": [{"type": "Feature", "properties": {"name": "\u041e\u0441\u0442\u0440\u0456\u0432 \u0422\u0443\u0437\u043b\u0430 /// Occupied Tuzla Island", "date": "2023-02-27"}, "geometry": {"type": "Polygon", "coordinates": [[[36.5192425, 45.2939885, 0], [36.5317737, 45.2861989, 0], [36.5470516, 45.2796768, 0], [36.557012, 45.2670518, 0], [36.5782939, 45.2490485, 0], [36.5715991, 45.2500758, 0], [36.5491116, 45.2613139, 0], [36.54585, 45.2680798, 0], [36.5377819, 45.2739994, 0], [36.5333187, 45.2797976, 0], [36.5182982, 45.288856, 0], [36.5071402, 45.2955583, 0], [36.5192425, 45.2939885, 0]]]}}, {"type": "Feature", "properties": {"name": "\u041e\u0420\u0414\u041b\u041e /// CADR and CALR\n", "date": "2023-02-27"}, "geometry": {"type": "Polygon", "coordinates": [[[39.0828906, 47.8516037, 0], [39.0827779, 47.8699273, 0], [38.8421825, 47.8631185, 0], [38.8351025, 47.816059, 0], [38.7886773, 47.8159738, 0], [38.7981571, 47.7784404, 0], [38.7889429, 47.7370148, 0], [38.7708688, 47.7206292, 0], [38.7731639, 47.6857642, 0], [38.7540691, 47.6848875, 0], [38.7303052, 47.680361, 0], [38.7291235, 47.6988072, 0], [38.6707962, 47.6989544, 0], [38.6591995, 47.7000572, 0], [38.6656155, 47.6971765, 0], [38.6658873, 47.6694185, 0], [38.6292745, 47.6692783, 0], [38.6295892, 47.6533363, 0], [38.620087, 47.6448705, 0], [38.4562749, 47.6442531, 0], [38.4566884, 47.6170037, 0], [38.3501205, 47.6166892, 0], [38.3507371, 47.5762058, 0], [38.3109696, 47.5760278, 0], [38.3111495, 47.5536189, 0], [38.3051136, 47.5448513, 0], [38.2848038, 47.5444646, 0], [38.2849085, 47.5083765, 0], [38.2950717, 47.5080641, 0], [38.2940999, 47.4907448, 0], [38.2894022, 47.4767537, 0], [38.3020221, 47.4751206, 0], [38.3020854, 47.3928698, 0], [38.3004094, 47.391514, 0], [38.2864155, 47.3914768, 0], [38.2864922, 47.3735598, 0], [38.2587325, 47.3733532, 0], [38.2455592, 47.3631933, 0], [38.2473631, 47.3617371, 0], [38.2504613, 47.357713, 0], [38.246788, 47.3514449, 0], [38.2402401, 47.346223, 0], [38.2306932, 47.3431686, 0], [38.230493, 47.3389025, 0], [38.2220794, 47.3328526, 0], [38.2257943, 47.3321154, 0], [38.2272145, 47.3297102, 0], [38.2214722, 47.3273446, 0], [38.2209779, 47.3053796, 0], [38.3363045, 47.3064075, 0], [38.3345111, 47.3014077, 0], [38.3282045, 47.3003972, 0], [38.3270914, 47.2990089, 0], [38.3275474, 47.2975272, 0], [38.3332879, 47.2969749, 0], [38.3337391, 47.2962532, 0], [38.3333538, 47.2921318, 0], [38.3296901, 47.2896121, 0], [38.3284365, 47.2848084, 0], [38.3257662, 47.2846011, 0], [38.3233941, 47.2811323, 0], [38.3271856, 47.2795435, 0], [38.3261871, 47.2774834, 0], [38.3276326, 47.27668, 0], [38.3308099, 47.2759325, 0], [38.3337354, 47.2689381, 0], [38.3332861, 47.2682715, 0], [38.3291431, 47.266503, 0], [38.3309967, 47.2645747, 0], [38.3307851, 47.2634492, 0], [38.3244906, 47.2568209, 0], [38.288043, 47.2564998, 0], [38.288189, 47.2385598, 0], [38.2605024, 47.2383163, 0], [38.2535413, 47.2336156, 0], [38.2477027, 47.2334227, 0], [38.2460906, 47.2341102, 0], [38.2427674, 47.2326826, 0], [38.2416486, 47.232812, 0], [38.2407512, 47.2321463, 0], [38.2398865, 47.2324121, 0], [38.2378094, 47.2320427, 0], [38.237346, 47.2312165, 0], [38.2362475, 47.2308171, 0], [38.2351234, 47.2310967, 0], [38.2343344, 47.2309856, 0], [38.2329066, 47.2291897, 0], [38.2328621, 47.2284101, 0], [38.2336742, 47.2280166, 0], [38.2340111, 47.227113, 0], [38.2338694, 47.2258012, 0], [38.2346481, 47.2254071, 0], [38.2361448, 47.2256075, 0], [38.2364096, 47.2254132, 0], [38.2362738, 47.2244999, 0], [38.2364423, 47.2242619, 0], [38.2385172, 47.22364, 0], [38.2387143, 47.2232165, 0], [38.2382548, 47.2224089, 0], [38.2387591, 47.2217389, 0], [38.2397605, 47.2216179, 0], [38.2400467, 47.2213613, 0], [38.2400827, 47.2201486, 0], [38.2398971, 47.2199239, 0], [38.2398263, 47.218731, 0], [38.240507, 47.2183364, 0], [38.2412876, 47.2184817, 0], [38.2425054, 47.2178107, 0], [38.2427899, 47.217117, 0], [38.2422804, 47.2162117, 0], [38.2422759, 47.2153019, 0], [38.2418929, 47.2148436, 0], [38.2415415, 47.2125292, 0], [38.2418471, 47.2121661, 0], [38.2412215, 47.2117534, 0], [38.2408246, 47.2108546, 0], [38.2411519, 47.2105429, 0], [38.2410554, 47.2101138, 0], [38.2396567, 47.208713, 0], [38.2373783, 47.2083908, 0], [38.234781, 47.2025886, 0], [38.2355903, 47.1961289, 0], [38.2363121, 47.1395266, 0], [38.2340685, 47.1355459, 0], [38.2319091, 47.129692, 0], [38.2292468, 47.1270853, 0], [38.2284514, 47.1226729, 0], [38.2301175, 47.119406, 0], [38.2115022, 47.1071826, 0], [38.1865557, 47.0937123, 0], [38.1632652, 47.0654551, 0], [38.0849876, 47.0204182, 0], [38.0804081, 47.0265446, 0], [38.1060463, 47.0471788, 0], [38.1317956, 47.0537286, 0], [38.1328256, 47.0640197, 0], [38.1228691, 47.0806216, 0], [38.1046619, 47.0956273, 0], [38.08885, 47.1059558, 0], [38.0626714, 47.1108045, 0], [38.054332, 47.1083022, 0], [38.0407846, 47.0962571, 0], [38.040012, 47.0918746, 0], [38.0325448, 47.0890697, 0], [37.9930627, 47.0990033, 0], [37.9758825, 47.0956826, 0], [37.9790722, 47.0928096, 0], [37.9902301, 47.0914656, 0], [37.9839645, 47.0835761, 0], [37.8954729, 47.1109213, 0], [37.8795803, 47.1066666, 0], [37.8621706, 47.1062479, 0], [37.8383095, 47.0997045, 0], [37.8292834, 47.1127418, 0], [37.8180535, 47.1190987, 0], [37.8499825, 47.1742053, 0], [37.8513558, 47.198938, 0], [37.833503, 47.249301, 0], [37.8338464, 47.2854117, 0], [37.8276665, 47.3026429, 0], [37.8348763, 47.3082302, 0], [37.8317864, 47.3149807, 0], [37.8245766, 47.3214977, 0], [37.8273232, 47.3284792, 0], [37.8292834, 47.3425074, 0], [37.8444894, 47.3419742, 0], [37.856849, 47.3436027, 0], [37.8612124, 47.3478578, 0], [37.8591525, 47.3543707, 0], [37.8486092, 47.3501161, 0], [37.8376229, 47.3524422, 0], [37.8417428, 47.3584893, 0], [37.8515994, 47.3655338, 0], [37.841643, 47.3690218, 0], [37.8383096, 47.3780216, 0], [37.8503258, 47.3842983, 0], [37.856849, 47.3928985, 0], [37.855819, 47.403124, 0], [37.8637154, 47.4265885, 0], [37.8784784, 47.4416839, 0], [37.8925547, 47.4697729, 0], [37.8194267, 47.5463034, 0], [37.7823477, 47.5859162, 0], [37.7686147, 47.6354478, 0], [37.801917, 47.6423879, 0], [37.8039769, 47.6601962, 0], [37.7644947, 47.6847015, 0], [37.6726795, 47.7247168, 0], [37.6375888, 47.7519939, 0], [37.623169, 47.7731102, 0], [37.6345486, 47.8025384, 0], [37.6342622, 47.838423, 0], [37.6440338, 47.8866264, 0], [37.5759066, 47.9077328, 0], [37.5685999, 47.9077685, 0], [37.5350286, 47.917986, 0], [37.5394068, 47.9242357, 0], [37.5428393, 47.9324766, 0], [37.5285901, 47.9414985, 0], [37.5218536, 47.94582, 0], [37.5251581, 47.9572022, 0], [37.5320031, 47.9645878, 0], [37.5394871, 47.9726323, 0], [37.5484825, 47.9792624, 0], [37.5585462, 47.986451, 0], [37.5496206, 47.9973638, 0], [37.556143, 48.0098553, 0], [37.5733939, 48.0068986, 0], [37.575455, 48.0139608, 0], [37.5885656, 48.0160207, 0], [37.6013759, 48.0169465, 0], [37.6164821, 48.0180947, 0], [37.6226618, 48.0194438, 0], [37.6478104, 48.0289444, 0], [37.6699861, 48.0433634, 0], [37.6878504, 48.0547535, 0], [37.6911989, 48.0534065, 0], [37.6942941, 48.0565448, 0], [37.6877494, 48.0618935, 0], [37.6930492, 48.0693073, 0], [37.6997015, 48.0722042, 0], [37.7427884, 48.0727514, 0], [37.7463065, 48.0734746, 0], [37.7564355, 48.0866703, 0], [37.7730529, 48.0920319, 0], [37.7892831, 48.1001774, 0], [37.7920214, 48.1045282, 0], [37.8002004, 48.1149655, 0], [37.8038729, 48.1178391, 0], [37.8198549, 48.1438969, 0], [37.824622, 48.1578177, 0], [37.8285927, 48.1751503, 0], [37.8562077, 48.1928465, 0], [37.8833302, 48.1997121, 0], [37.8965706, 48.2154292, 0], [37.8929432, 48.2335689, 0], [37.89157, 48.2550609, 0], [37.8953466, 48.268546, 0], [37.8881602, 48.2836394, 0], [37.884532, 48.2988743, 0], [37.8847528, 48.3122931, 0], [37.8887509, 48.3168062, 0], [37.9103454, 48.3331062, 0], [37.9329442, 48.3617706, 0], [37.9346295, 48.3739913, 0], [37.9470402, 48.3751555, 0], [37.9701521, 48.3803171, 0], [37.9749586, 48.3811152, 0], [37.9786234, 48.391275, 0], [38.0048018, 48.3939537, 0], [38.0421228, 48.4090856, 0], [38.0685038, 48.4086727, 0], [38.1137059, 48.4080126, 0], [38.1174769, 48.420805, 0], [38.1352438, 48.4190391, 0], [38.1485476, 48.4144818, 0], [38.1630936, 48.4021166, 0], [38.1544451, 48.395536, 0], [38.1500926, 48.3854193, 0], [38.1847683, 48.3749299, 0], [38.2074276, 48.371509, 0], [38.2149807, 48.3690002, 0], [38.2276837, 48.3671755, 0], [38.2591203, 48.359806, 0], [38.2736891, 48.3591918, 0], [38.2907061, 48.361631, 0], [38.3217544, 48.3710529, 0], [38.3435779, 48.3844372, 0], [38.3542284, 48.390346, 0], [38.3672748, 48.3996925, 0], [38.390964, 48.4158739, 0], [38.3892474, 48.4322779, 0], [38.3930237, 48.436606, 0], [38.4053767, 48.4733655, 0], [38.4115634, 48.5105796, 0], [38.4143026, 48.5206053, 0], [38.402637, 48.5478669, 0], [38.402637, 48.5919397, 0], [38.4060702, 48.6019302, 0], [38.4048036, 48.6090985, 0], [38.4046894, 48.6169314, 0], [38.4088093, 48.62964, 0], [38.4143025, 48.6382619, 0], [38.4198032, 48.6450485, 0], [38.4314762, 48.6504924, 0], [38.4452016, 48.6550476, 0], [38.4644278, 48.6564083, 0], [38.4802281, 48.6591107, 0], [38.4967076, 48.6631925, 0], [38.5152472, 48.6663671, 0], [38.5161483, 48.6705617, 0], [38.5272842, 48.6746424, 0], [38.5394514, 48.6735091, 0], [38.5489783, 48.6752945, 0], [38.5594455, 48.6866947, 0], [38.5722313, 48.6890556, 0], [38.577732, 48.6967418, 0], [38.5784187, 48.7094303, 0], [38.5832177, 48.7198696, 0], [38.6301672, 48.721172, 0], [38.6784116, 48.723701, 0], [38.6745492, 48.7293629, 0], [38.6917155, 48.7293629, 0], [38.7535137, 48.7184915, 0], [38.7670674, 48.71432, 0], [38.8084379, 48.7134138, 0], [38.8300673, 48.7170382, 0], [38.8360755, 48.7232671, 0], [38.8471476, 48.7429112, 0], [38.8553874, 48.7496462, 0], [38.8593783, 48.7495899, 0], [38.8606013, 48.749788, 0], [38.8609553, 48.7507359, 0], [38.863879, 48.7513796, 0], [38.8716924, 48.7513053, 0], [38.8776176, 48.7525889, 0], [38.8790769, 48.752476, 0], [38.8802356, 48.7506085, 0], [38.8813299, 48.7501841, 0], [38.8920372, 48.7504385, 0], [38.8988178, 48.750184, 0], [38.9010923, 48.7509054, 0], [38.9047401, 48.7506082, 0], [38.9087746, 48.7492502, 0], [38.9111349, 48.7480051, 0], [38.9125725, 48.7468732, 0], [38.9143212, 48.7443829, 0], [38.9180279, 48.7429113, 0], [38.9199671, 48.7434206, 0], [38.9213055, 48.7446091, 0], [38.9227216, 48.7450054, 0], [38.9306501, 48.7452743, 0], [38.9336652, 48.7460241, 0], [38.9350546, 48.7468536, 0], [38.9369591, 48.7471171, 0], [38.9382788, 48.746682, 0], [38.9388581, 48.7458118, 0], [38.9379568, 48.7440714, 0], [38.9343519, 48.7429112, 0], [38.9324635, 48.736798, 0], [38.9340086, 48.7357792, 0], [38.9437074, 48.7338543, 0], [38.9460674, 48.7344489, 0], [38.9569464, 48.7340668, 0], [38.9610453, 48.736515, 0], [38.961217, 48.739911, 0], [38.9599296, 48.7429109, 0], [38.9611311, 48.7461373, 0], [38.9640925, 48.7461943, 0], [38.9669464, 48.7452039, 0], [38.9698324, 48.7437464, 0], [38.9725628, 48.7435836, 0], [38.9749968, 48.7447632, 0], [38.9788122, 48.7448922, 0], [38.981216, 48.7438449, 0], [38.9823319, 48.7421893, 0], [38.9822031, 48.7402861, 0], [38.9844561, 48.7375798, 0], [38.9895411, 48.7349866, 0], [38.9914368, 48.7306084, 0], [38.9983893, 48.7242672, 0], [38.9993333, 48.7196241, 0], [38.9980459, 48.7174722, 0], [38.9939184, 48.7161888, 0], [38.9888619, 48.715207, 0], [38.9847421, 48.7136213, 0], [38.9843054, 48.7118281, 0], [38.9869231, 48.7101575, 0], [38.9919227, 48.7100017, 0], [38.9969225, 48.7116016, 0], [38.9989862, 48.7111956, 0], [38.9982176, 48.7076745, 0], [38.999505, 48.7039927, 0], [38.9998483, 48.7001975, 0], [39.0018149, 48.6980072, 0], [39.0048265, 48.6963452, 0], [39.0155478, 48.6948913, 0], [39.015727, 48.6886399, 0], [39.0143537, 48.6834267, 0], [39.0163671, 48.6809428, 0], [39.0195819, 48.6791389, 0], [39.0202761, 48.6756061, 0], [39.0205336, 48.6722621, 0], [39.0238809, 48.6698815, 0], [39.0262842, 48.667274, 0], [39.0274858, 48.6632492, 0], [39.0254258, 48.6619737, 0], [39.0216493, 48.6623989, 0], [39.0185594, 48.6640995, 0], [39.0129804, 48.6640429, 0], [39.009633, 48.6626256, 0], [39.010316, 48.660084, 0], [39.0123721, 48.658336, 0], [39.0191528, 48.6569753, 0], [39.0285083, 48.6530064, 0], [39.0322065, 48.6528738, 0], [39.0334474, 48.6519761, 0], [39.0355464, 48.6482432, 0], [39.0380823, 48.6471847, 0], [39.042678, 48.6464662, 0], [39.0548659, 48.6470333, 0], [39.0743495, 48.6504357, 0], [39.0758944, 48.6516264, 0], [39.0849068, 48.6506625, 0], [39.0985539, 48.6508893, 0], [39.1036178, 48.6498687, 0], [39.1119359, 48.6533466, 0], [39.1168282, 48.6567485, 0], [39.1231872, 48.6600178, 0], [39.1273071, 48.6604713, 0], [39.1394876, 48.65964, 0], [39.1419842, 48.6608682, 0], [39.1426709, 48.6635326, 0], [39.141641, 48.6650633, 0], [39.1418984, 48.6666505, 0], [39.1445122, 48.6709112, 0], [39.1486715, 48.6752851, 0], [39.1519406, 48.6762862, 0], [39.1574337, 48.6753794, 0], [39.1633486, 48.6757386, 0], [39.1742491, 48.680329, 0], [39.1816381, 48.6857501, 0], [39.1854146, 48.6933991, 0], [39.1909003, 48.6998199, 0], [39.1951061, 48.7038985, 0], [39.1965081, 48.7065134, 0], [39.1975167, 48.706485, 0], [39.1983536, 48.705777, 0], [39.1991476, 48.702265, 0], [39.2003706, 48.6999993, 0], [39.2031818, 48.6986114, 0], [39.2071728, 48.6982998, 0], [39.2194036, 48.7051822, 0], [39.2248968, 48.7067682, 0], [39.2267852, 48.7089771, 0], [39.2323641, 48.7114125, 0], [39.2359905, 48.711088, 0], [39.2395879, 48.7091247, 0], [39.2435147, 48.7096192, 0], [39.2497802, 48.7125643, 0], [39.2539001, 48.7201527, 0], [39.2533069, 48.7220589, 0], [39.2539624, 48.7244016, 0], [39.2561392, 48.7268717, 0], [39.2592291, 48.7338353, 0], [39.255282, 48.7387742, 0], [39.2550234, 48.7406847, 0], [39.256311, 48.7422696, 0], [39.258535, 48.7427414, 0], [39.264468, 48.7412523, 0], [39.2686631, 48.741949, 0], [39.270809, 48.7439866, 0], [39.2716747, 48.7477596, 0], [39.2703015, 48.7512117, 0], [39.2708089, 48.7527587, 0], [39.2723828, 48.7538866, 0], [39.2747755, 48.753681, 0], [39.2766585, 48.7523332, 0], [39.2788874, 48.749339, 0], [39.2820603, 48.7486084, 0], [39.2864338, 48.7489009, 0], [39.28952, 48.7515136, 0], [39.2892807, 48.7536832, 0], [39.2906433, 48.756248, 0], [39.2914941, 48.7594358, 0], [39.2926174, 48.760605, 0], [39.2999129, 48.7630378, 0], [39.3030887, 48.765414, 0], [39.3088319, 48.7719953, 0], [39.3118435, 48.7740692, 0], [39.3145901, 48.7748045, 0], [39.3245465, 48.776049, 0], [39.3262557, 48.7755589, 0], [39.3279722, 48.7736923, 0], [39.3274828, 48.7721084, 0], [39.326084, 48.7700153, 0], [39.3266028, 48.7683087, 0], [39.3316705, 48.766602, 0], [39.3361337, 48.7659798, 0], [39.3403355, 48.7663007, 0], [39.3472429, 48.7683845, 0], [39.3510629, 48.7685469, 0], [39.3527812, 48.7679412, 0], [39.3545015, 48.7668284, 0], [39.3538932, 48.7654897, 0], [39.3513257, 48.7630943, 0], [39.3491724, 48.7621516, 0], [39.3455281, 48.7616611, 0], [39.3433628, 48.7592092, 0], [39.3431385, 48.7573608, 0], [39.3461759, 48.751042, 0], [39.3470266, 48.7502121, 0], [39.3472058, 48.7457787, 0], [39.3492658, 48.742496, 0], [39.3581923, 48.7370054, 0], [39.3588714, 48.7361753, 0], [39.3588751, 48.7339014, 0], [39.3540724, 48.729646, 0], [39.3537216, 48.7268908, 0], [39.3552238, 48.7252488, 0], [39.3615322, 48.7223045, 0], [39.3691283, 48.7200679, 0], [39.3726043, 48.7198696, 0], [39.3741826, 48.7186523, 0], [39.3737867, 48.7174915, 0], [39.3720796, 48.7159341, 0], [39.3704585, 48.7159622, 0], [39.3652658, 48.7168401, 0], [39.3601589, 48.7156791, 0], [39.3541314, 48.7132442, 0], [39.3486382, 48.7134707, 0], [39.346855, 48.7122245, 0], [39.3486574, 48.708713, 0], [39.3505029, 48.7076367, 0], [39.3559531, 48.697214, 0], [39.3603112, 48.695798, 0], [39.3658902, 48.6922287, 0], [39.3673165, 48.6919737, 0], [39.3779859, 48.6862368, 0], [39.3795566, 48.6862791, 0], [39.3817025, 48.6855142, 0], [39.3895988, 48.6847492, 0], [39.3909291, 48.6837575, 0], [39.3891696, 48.6803857, 0], [39.3905237, 48.6787991, 0], [39.3979909, 48.6746052, 0], [39.4026452, 48.6744349, 0], [39.4058209, 48.6738115, 0], [39.4117239, 48.6705243, 0], [39.4138697, 48.6684271, 0], [39.4135262, 48.6668399, 0], [39.4082049, 48.6614545, 0], [39.4080332, 48.6598104, 0], [39.4106939, 48.6576559, 0], [39.4142323, 48.6566918, 0], [39.4207457, 48.6582229, 0], [39.4323232, 48.6567488, 0], [39.4389481, 48.6549401, 0], [39.4465013, 48.6563009, 0], [39.4501761, 48.6556715, 0], [39.4523728, 48.6547104, 0], [39.4533852, 48.6528124, 0], [39.4513078, 48.6517082, 0], [39.4497978, 48.6504011, 0], [39.4495753, 48.6445574, 0], [39.45164, 48.6410333, 0], [39.4542149, 48.6397855, 0], [39.4575623, 48.6386512, 0], [39.4658132, 48.6386649, 0], [39.4673899, 48.6372332, 0], [39.4642683, 48.6340137, 0], [39.4640108, 48.6310641, 0], [39.4656304, 48.6281857, 0], [39.4685916, 48.6274483, 0], [39.4761018, 48.628753, 0], [39.4841484, 48.6282, 0], [39.4862727, 48.6288949, 0], [39.4930106, 48.6304265, 0], [39.4955426, 48.6321283, 0], [39.5004348, 48.6325537, 0], [39.5104342, 48.6344539, 0], [39.5140876, 48.6338368, 0], [39.5160243, 48.6321987, 0], [39.5167109, 48.6299864, 0], [39.5162691, 48.6279705, 0], [39.5154235, 48.6261855, 0], [39.5119776, 48.6235455, 0], [39.5116469, 48.6218737, 0], [39.5167841, 48.6180986, 0], [39.5257232, 48.613022, 0], [39.5271823, 48.6112629, 0], [39.5278196, 48.6094601, 0], [39.5272799, 48.6082749, 0], [39.5234788, 48.6051034, 0], [39.5226333, 48.6029769, 0], [39.5253848, 48.5981984, 0], [39.5280455, 48.5971767, 0], [39.5324228, 48.5964387, 0], [39.5335878, 48.5954605, 0], [39.5332079, 48.5936307, 0], [39.5281312, 48.5918406, 0], [39.5269121, 48.58955, 0], [39.5287147, 48.5859448, 0], [39.5312037, 48.5842699, 0], [39.5373836, 48.58339, 0], [39.5450225, 48.5839292, 0], [39.549314, 48.5859732, 0], [39.5505587, 48.5885848, 0], [39.5494857, 48.5932401, 0], [39.5512023, 48.5955676, 0], [39.5586696, 48.5980085, 0], [39.5617595, 48.5980085, 0], [39.5633045, 48.5974408, 0], [39.5656345, 48.5939516, 0], [39.5673018, 48.5921198, 0], [39.5672772, 48.5902388, 0], [39.5660509, 48.588301, 0], [39.5631454, 48.5862306, 0], [39.5629675, 48.5836321, 0], [39.5680714, 48.5818502, 0], [39.5733466, 48.5805224, 0], [39.576535, 48.581234, 0], [39.5777793, 48.5828806, 0], [39.5817707, 48.5850383, 0], [39.5925357, 48.5912967, 0], [39.5963493, 48.5923886, 0], [39.6017566, 48.591537, 0], [39.6045891, 48.5888119, 0], [39.6050182, 48.5867681, 0], [39.604074, 48.5862571, 0], [39.6006408, 48.5857461, 0], [39.5948044, 48.5793299, 0], [39.5949886, 48.5766912, 0], [39.5963128, 48.5750293, 0], [39.6036449, 48.5741055, 0], [39.6080223, 48.5727141, 0], [39.6124855, 48.5729129, 0], [39.6137299, 48.5749004, 0], [39.6175495, 48.5771153, 0], [39.6212402, 48.5819417, 0], [39.6219268, 48.5858029, 0], [39.6228281, 48.5863707, 0], [39.6236436, 48.5860867, 0], [39.6319692, 48.5806927, 0], [39.6353165, 48.5800397, 0], [39.6575468, 48.5846673, 0], [39.6587483, 48.5856325, 0], [39.6675887, 48.5867682, 0], [39.6722238, 48.5884145, 0], [39.6765155, 48.5881875, 0], [39.6772879, 48.5875629, 0], [39.6872709, 48.5870843, 0], [39.6916351, 48.586378, 0], [39.697765, 48.5871601, 0], [39.7025463, 48.5877777, 0], [39.714893, 48.5852475, 0], [39.7212371, 48.5848336, 0], [39.7233788, 48.5862164, 0], [39.726252, 48.5866238, 0], [39.7301775, 48.585919, 0], [39.7346291, 48.5858506, 0], [39.7387429, 48.5868384, 0], [39.7443186, 48.5900574, 0], [39.7467209, 48.5906731, 0], [39.7490377, 48.5902429, 0], [39.7510542, 48.5888356, 0], [39.7505496, 48.5833377, 0], [39.7512953, 48.5820902, 0], [39.754759, 48.5829996, 0], [39.7703675, 48.5879945, 0], [39.7720625, 48.5916013, 0], [39.7734252, 48.5923258, 0], [39.7899853, 48.5933692, 0], [39.796119, 48.5918468, 0], [39.8002156, 48.5895529, 0], [39.8044954, 48.5854536, 0], [39.8086096, 48.5839718, 0], [39.8128554, 48.5838551, 0], [39.8223596, 48.5866356, 0], [39.8250511, 48.5861523, 0], [39.8263109, 48.5842074, 0], [39.8254818, 48.5816452, 0], [39.8206043, 48.5792853, 0], [39.8216849, 48.5783323, 0], [39.846829, 48.5729337, 0], [39.8576295, 48.5614133, 0], [39.8545326, 48.5529988, 0], [39.8580446, 48.5453656, 0], [39.8574855, 48.5374008, 0], [39.8667561, 48.5088826, 0], [39.8661347, 48.5047748, 0], [39.861877, 48.5019244, 0], [39.8566588, 48.5016359, 0], [39.8531911, 48.5034246, 0], [39.84871, 48.5028401, 0], [39.8464694, 48.4993057, 0], [39.8478837, 48.4951083, 0], [39.847753, 48.4856779, 0], [39.8463375, 48.4737119, 0], [39.8577522, 48.4633633, 0], [39.8973265, 48.4481115, 0], [39.8985547, 48.4459723, 0], [39.8967662, 48.4442197, 0], [39.8898644, 48.4435709, 0], [39.8888169, 48.4419929, 0], [39.8959257, 48.4292418, 0], [39.9102969, 48.4219558, 0], [39.9127632, 48.4155801, 0], [39.9064839, 48.4074937, 0], [39.906312, 48.403562, 0], [39.9084587, 48.4020517, 0], [39.9160499, 48.4006103, 0], [39.9186437, 48.3976109, 0], [39.9174051, 48.3948097, 0], [39.9067434, 48.3922694, 0], [39.9059615, 48.3903159, 0], [39.9078019, 48.3887123, 0], [39.9145583, 48.3868273, 0], [39.9163055, 48.3842314, 0], [39.9175221, 48.3792278, 0], [39.9212199, 48.3759275, 0], [39.9268452, 48.3750751, 0], [39.9318897, 48.3769292, 0], [39.9352706, 48.384697, 0], [39.9383089, 48.3875623, 0], [39.9415351, 48.3870715, 0], [39.9432775, 48.3837913, 0], [39.9347511, 48.3722742, 0], [39.9367499, 48.3671357, 0], [39.9406678, 48.365023, 0], [39.939451, 48.3607734, 0], [39.944422, 48.3571657, 0], [39.9425304, 48.3549629, 0], [39.9475073, 48.3552302, 0], [39.9436441, 48.3481202, 0], [39.9307271, 48.348957, 0], [39.9186034, 48.3472072, 0], [39.9185813, 48.3416921, 0], [39.8779341, 48.3340733, 0], [39.8597034, 48.3345658, 0], [39.8455931, 48.3327736, 0], [39.8452167, 48.3294989, 0], [39.8403939, 48.3291167, 0], [39.8421021, 48.3183104, 0], [39.8410685, 48.3100513, 0], [39.8871988, 48.3087771, 0], [39.8879682, 48.3073167, 0], [39.8869156, 48.3040891, 0], [39.9031174, 48.2988902, 0], [39.9101881, 48.2929821, 0], [39.9126952, 48.2882023, 0], [39.9097451, 48.2875265, 0], [39.911103, 48.2850178, 0], [39.910753, 48.282907, 0], [39.9093774, 48.2807664, 0], [39.9100639, 48.2790105, 0], [39.9084339, 48.2781327, 0], [39.9082201, 48.277008, 0], [39.9095085, 48.276717, 0], [39.9096855, 48.2760119, 0], [39.9104178, 48.2760308, 0], [39.9113847, 48.275269, 0], [39.9122543, 48.2737457, 0], [39.9118308, 48.2727698, 0], [39.9105891, 48.2721534, 0], [39.9102688, 48.2716453, 0], [39.9111386, 48.2710199, 0], [39.9130755, 48.2711929, 0], [39.9140654, 48.2719578, 0], [39.9147533, 48.2718867, 0], [39.915049, 48.2713442, 0], [39.9145799, 48.2707552, 0], [39.9142596, 48.2698466, 0], [39.9148291, 48.2696779, 0], [39.9174956, 48.2700935, 0], [39.9189796, 48.2706011, 0], [39.9196571, 48.2712977, 0], [39.9210688, 48.2716602, 0], [39.9229547, 48.2713059, 0], [39.9249068, 48.2714851, 0], [39.9259687, 48.2721603, 0], [39.9258988, 48.2729692, 0], [39.9256277, 48.2735879, 0], [39.9258355, 48.2739687, 0], [39.9272912, 48.2753873, 0], [39.927869, 48.2765821, 0], [39.9296385, 48.2777793, 0], [39.9315961, 48.2779922, 0], [39.9328753, 48.2792411, 0], [39.9346951, 48.2790658, 0], [39.9349784, 48.2797503, 0], [39.9341115, 48.2807351, 0], [39.932176, 48.2812133, 0], [39.9302856, 48.2823805, 0], [39.9301559, 48.2827643, 0], [39.9305846, 48.2832846, 0], [39.9321079, 48.2837303, 0], [39.9332772, 48.2837532, 0], [39.9340979, 48.2834791, 0], [39.9350232, 48.2837704, 0], [39.9362154, 48.2850583, 0], [39.9366398, 48.2868873, 0], [39.9370235, 48.288116, 0], [39.9366146, 48.2899582, 0], [39.9368823, 48.2915646, 0], [39.9377029, 48.292225, 0], [39.9385209, 48.2921268, 0], [39.9416121, 48.2928487, 0], [39.9437155, 48.2919104, 0], [39.9448101, 48.2920266, 0], [39.9459582, 48.2927414, 0], [39.9465323, 48.293784, 0], [39.947227, 48.2941626, 0], [39.9484112, 48.2942947, 0], [39.9484261, 48.2961002, 0], [39.9490366, 48.2967152, 0], [39.9507366, 48.2972225, 0], [39.9508356, 48.2977331, 0], [39.949619, 48.2988449, 0], [39.9498477, 48.2994008, 0], [39.9519575, 48.3000927, 0], [39.9522186, 48.3010381, 0], [39.9517688, 48.3021309, 0], [39.9519946, 48.3023918, 0], [39.9517212, 48.3030504, 0], [39.9519708, 48.303551, 0], [39.9529753, 48.3039154, 0], [39.954057, 48.304012, 0], [39.9556063, 48.3037463, 0], [39.9566599, 48.3031852, 0], [39.9568219, 48.3026192, 0], [39.9567444, 48.3021637, 0], [39.9568814, 48.3011087, 0], [39.9563748, 48.3005247, 0], [39.9559284, 48.3003326, 0], [39.9557481, 48.299894, 0], [39.9559754, 48.2992555, 0], [39.9582829, 48.2980501, 0], [39.9593054, 48.2988376, 0], [39.9596904, 48.2992401, 0], [39.9606769, 48.2994413, 0], [39.9633373, 48.2990852, 0], [39.9649464, 48.2996493, 0], [39.9661587, 48.2998029, 0], [39.9667219, 48.2996514, 0], [39.9674541, 48.2991473, 0], [39.9695797, 48.2986384, 0], [39.9702238, 48.2987467, 0], [39.9706103, 48.2989864, 0], [39.9702131, 48.3003911, 0], [39.9706155, 48.3011791, 0], [39.9710313, 48.3014874, 0], [39.9710106, 48.3027963, 0], [39.9694631, 48.3031312, 0], [39.9680178, 48.3028349, 0], [39.9669698, 48.3028323, 0], [39.9657931, 48.3027154, 0], [39.9644662, 48.3020989, 0], [39.9635452, 48.3021261, 0], [39.9630632, 48.3025965, 0], [39.9632084, 48.3032599, 0], [39.9638819, 48.3034631, 0], [39.9648377, 48.3044577, 0], [39.9654414, 48.3046777, 0], [39.9658139, 48.3056564, 0], [39.9656782, 48.3064027, 0], [39.9663829, 48.3067758, 0], [39.9676365, 48.3068053, 0], [39.9687353, 48.3071341, 0], [39.9708083, 48.3070844, 0], [39.9712653, 48.3073022, 0], [39.9712364, 48.3077965, 0], [39.9707928, 48.3089713, 0], [39.9718799, 48.3097157, 0], [39.9710288, 48.3116291, 0], [39.9724916, 48.3129711, 0], [39.9744246, 48.3134708, 0], [39.9754983, 48.31432, 0], [39.9776231, 48.3151726, 0], [39.9788999, 48.315713, 0], [39.9803108, 48.3157835, 0], [39.9825182, 48.3157045, 0], [39.9841797, 48.3162073, 0], [39.9853108, 48.317001, 0], [39.9869491, 48.3175119, 0], [39.9908152, 48.3170825, 0], [39.9910744, 48.3165824, 0], [39.9909894, 48.3160613, 0], [39.9932215, 48.3135961, 0], [39.9935222, 48.3128773, 0], [39.9941876, 48.3126963, 0], [39.9939839, 48.3120065, 0], [39.9920796, 48.3097349, 0], [39.9919216, 48.3060016, 0], [39.9926583, 48.3056192, 0], [39.994253, 48.303181, 0], [39.9950166, 48.3008469, 0], [39.9966002, 48.2979383, 0], [40.0005341, 48.2917165, 0], [39.9997448, 48.28929, 0], [40.0089633, 48.2726545, 0], [40.0138295, 48.2715898, 0], [40.0167773, 48.2694579, 0], [40.0155045, 48.2626787, 0], [40.0189886, 48.2570604, 0], [40.018671, 48.2550513, 0], [40.0189201, 48.2541039, 0], [40.0188624, 48.2531159, 0], [40.0195095, 48.2525075, 0], [40.0073233, 48.2420581, 0], [40.0030757, 48.2394758, 0], [40.0027322, 48.2375353, 0], [40.0039768, 48.2360612, 0], [40.0043418, 48.2323477, 0], [40.007443, 48.2300907, 0], [40.0082215, 48.2281045, 0], [40.0083965, 48.2251387, 0], [40.0075402, 48.2233125, 0], [40.0033787, 48.2236859, 0], [40.0008684, 48.2252447, 0], [39.9722759, 48.2270247, 0], [39.9533041, 48.2294084, 0], [39.9421938, 48.2307436, 0], [39.9409345, 48.1808104, 0], [39.9138857, 48.178015, 0], [39.9091838, 48.1693296, 0], [39.9102753, 48.1384164, 0], [39.8799506, 48.1151645, 0], [39.8685845, 48.0794444, 0], [39.8322015, 48.0664997, 0], [39.8858862, 48.0478658, 0], [39.8772075, 48.0413783, 0], [39.7796623, 48.0393364, 0], [39.7867767, 48.0250342, 0], [39.7850806, 48.023125, 0], [39.7952175, 48.0107026, 0], [39.7976869, 48.0093062, 0], [39.8029984, 48.0079476, 0], [39.8045408, 48.0064594, 0], [39.8109753, 48.0048562, 0], [39.8167197, 48.0014626, 0], [39.8165185, 48.0001159, 0], [39.8137357, 47.9985021, 0], [39.8137713, 47.9966971, 0], [39.8179161, 47.9947777, 0], [39.8161798, 47.9927984, 0], [39.8167173, 47.9845419, 0], [39.8230314, 47.9835403, 0], [39.8227982, 47.979535, 0], [39.8198493, 47.9774461, 0], [39.8175382, 47.9766456, 0], [39.8151166, 47.9736166, 0], [39.8154078, 47.9708664, 0], [39.8198438, 47.9677616, 0], [39.8273909, 47.9508344, 0], [39.8058884, 47.9505616, 0], [39.8065943, 47.9336659, 0], [39.7939036, 47.9158973, 0], [39.7949406, 47.8668329, 0], [39.7625051, 47.8701448, 0], [39.7631843, 47.8465373, 0], [39.7379104, 47.8277291, 0], [39.5655871, 47.836556, 0], [39.542168, 47.8249813, 0], [39.5344907, 47.83253, 0], [39.5203078, 47.825141, 0], [39.4784743, 47.8594741, 0], [39.4462501, 47.850644, 0], [39.4373545, 47.8398339, 0], [39.4125292, 47.830898, 0], [39.3904498, 47.8661846, 0], [39.2417337, 47.8670136, 0], [39.2362131, 47.8539532, 0], [39.1496824, 47.8425817, 0], [39.1095354, 47.8427473, 0], [39.1093893, 47.8517524, 0], [39.0828906, 47.8516037, 0]]]}}, {"type": "Feature", "properties": {"name": "\u041e\u043a\u0443\u043f\u043e\u0432\u0430\u043d\u043e /// Occupied\n", "date": "2023-02-27"}, "geometry": {"type": "Polygon", "coordinates": [[[32.5684313, 46.5731634, 0], [32.5688712, 46.5738271, 0], [32.5708238, 46.5732224, 0], [32.5702659, 46.5722119, 0], [32.5684313, 46.5731634, 0]]]}}, {"type": "Feature", "properties": {"name": "\u041e\u0441\u0442\u0440\u0456\u0432 \u0422\u0443\u0437\u043b\u0430 /// Occupied Tuzla Island", "date": "2023-02-27"}, "geometry": {"type": "Polygon", "coordinates": [[[36.5192425, 45.2939885, 0], [36.5317737, 45.2861989, 0], [36.5470516, 45.2796768, 0], [36.557012, 45.2670518, 0], [36.5782939, 45.2490485, 0], [36.5715991, 45.2500758, 0], [36.5491116, 45.2613139, 0], [36.54585, 45.2680798, 0], [36.5377819, 45.2739994, 0], [36.5333187, 45.2797976, 0], [36.5182982, 45.288856, 0], [36.5071402, 45.2955583, 0], [36.5192425, 45.2939885, 0]]]}}, {"type": "Feature", "properties": {"name": "\u041e\u0420\u0414\u041b\u041e /// CADR and CALR\n", "date": "2023-02-27"}, "geometry": {"type": "Polygon", "coordinates": [[[39.0828906, 47.8516037, 0], [39.0827779, 47.8699273, 0], [38.8421825, 47.8631185, 0], [38.8351025, 47.816059, 0], [38.7886773, 47.8159738, 0], [38.7981571, 47.7784404, 0], [38.7889429, 47.7370148, 0], [38.7708688, 47.7206292, 0], [38.7731639, 47.6857642, 0], [38.7540691, 47.6848875, 0], [38.7303052, 47.680361, 0], [38.7291235, 47.6988072, 0], [38.6707962, 47.6989544, 0], [38.6591995, 47.7000572, 0], [38.6656155, 47.6971765, 0], [38.6658873, 47.6694185, 0], [38.6292745, 47.6692783, 0], [38.6295892, 47.6533363, 0], [38.620087, 47.6448705, 0], [38.4562749, 47.6442531, 0], [38.4566884, 47.6170037, 0], [38.3501205, 47.6166892, 0], [38.3507371, 47.5762058, 0], [38.3109696, 47.5760278, 0], [38.3111495, 47.5536189, 0], [38.3051136, 47.5448513, 0], [38.2848038, 47.5444646, 0], [38.2849085, 47.5083765, 0], [38.2950717, 47.5080641, 0], [38.2940999, 47.4907448, 0], [38.2894022, 47.4767537, 0], [38.3020221, 47.4751206, 0], [38.3020854, 47.3928698, 0], [38.3004094, 47.391514, 0], [38.2864155, 47.3914768, 0], [38.2864922, 47.3735598, 0], [38.2587325, 47.3733532, 0], [38.2455592, 47.3631933, 0], [38.2473631, 47.3617371, 0], [38.2504613, 47.357713, 0], [38.246788, 47.3514449, 0], [38.2402401, 47.346223, 0], [38.2306932, 47.3431686, 0], [38.230493, 47.3389025, 0], [38.2220794, 47.3328526, 0], [38.2257943, 47.3321154, 0], [38.2272145, 47.3297102, 0], [38.2214722, 47.3273446, 0], [38.2209779, 47.3053796, 0], [38.3363045, 47.3064075, 0], [38.3345111, 47.3014077, 0], [38.3282045, 47.3003972, 0], [38.3270914, 47.2990089, 0], [38.3275474, 47.2975272, 0], [38.3332879, 47.2969749, 0], [38.3337391, 47.2962532, 0], [38.3333538, 47.2921318, 0], [38.3296901, 47.2896121, 0], [38.3284365, 47.2848084, 0], [38.3257662, 47.2846011, 0], [38.3233941, 47.2811323, 0], [38.3271856, 47.2795435, 0], [38.3261871, 47.2774834, 0], [38.3276326, 47.27668, 0], [38.3308099, 47.2759325, 0], [38.3337354, 47.2689381, 0], [38.3332861, 47.2682715, 0], [38.3291431, 47.266503, 0], [38.3309967, 47.2645747, 0], [38.3307851, 47.2634492, 0], [38.3244906, 47.2568209, 0], [38.288043, 47.2564998, 0], [38.288189, 47.2385598, 0], [38.2605024, 47.2383163, 0], [38.2535413, 47.2336156, 0], [38.2477027, 47.2334227, 0], [38.2460906, 47.2341102, 0], [38.2427674, 47.2326826, 0], [38.2416486, 47.232812, 0], [38.2407512, 47.2321463, 0], [38.2398865, 47.2324121, 0], [38.2378094, 47.2320427, 0], [38.237346, 47.2312165, 0], [38.2362475, 47.2308171, 0], [38.2351234, 47.2310967, 0], [38.2343344, 47.2309856, 0], [38.2329066, 47.2291897, 0], [38.2328621, 47.2284101, 0], [38.2336742, 47.2280166, 0], [38.2340111, 47.227113, 0], [38.2338694, 47.2258012, 0], [38.2346481, 47.2254071, 0], [38.2361448, 47.2256075, 0], [38.2364096, 47.2254132, 0], [38.2362738, 47.2244999, 0], [38.2364423, 47.2242619, 0], [38.2385172, 47.22364, 0], [38.2387143, 47.2232165, 0], [38.2382548, 47.2224089, 0], [38.2387591, 47.2217389, 0], [38.2397605, 47.2216179, 0], [38.2400467, 47.2213613, 0], [38.2400827, 47.2201486, 0], [38.2398971, 47.2199239, 0], [38.2398263, 47.218731, 0], [38.240507, 47.2183364, 0], [38.2412876, 47.2184817, 0], [38.2425054, 47.2178107, 0], [38.2427899, 47.217117, 0], [38.2422804, 47.2162117, 0], [38.2422759, 47.2153019, 0], [38.2418929, 47.2148436, 0], [38.2415415, 47.2125292, 0], [38.2418471, 47.2121661, 0], [38.2412215, 47.2117534, 0], [38.2408246, 47.2108546, 0], [38.2411519, 47.2105429, 0], [38.2410554, 47.2101138, 0], [38.2396567, 47.208713, 0], [38.2373783, 47.2083908, 0], [38.234781, 47.2025886, 0], [38.2355903, 47.1961289, 0], [38.2363121, 47.1395266, 0], [38.2340685, 47.1355459, 0], [38.2319091, 47.129692, 0], [38.2292468, 47.1270853, 0], [38.2284514, 47.1226729, 0], [38.2301175, 47.119406, 0], [38.2115022, 47.1071826, 0], [38.1865557, 47.0937123, 0], [38.1632652, 47.0654551, 0], [38.0849876, 47.0204182, 0], [38.0804081, 47.0265446, 0], [38.1060463, 47.0471788, 0], [38.1317956, 47.0537286, 0], [38.1328256, 47.0640197, 0], [38.1228691, 47.0806216, 0], [38.1046619, 47.0956273, 0], [38.08885, 47.1059558, 0], [38.0626714, 47.1108045, 0], [38.054332, 47.1083022, 0], [38.0407846, 47.0962571, 0], [38.040012, 47.0918746, 0], [38.0325448, 47.0890697, 0], [37.9930627, 47.0990033, 0], [37.9758825, 47.0956826, 0], [37.9790722, 47.0928096, 0], [37.9902301, 47.0914656, 0], [37.9839645, 47.0835761, 0], [37.8954729, 47.1109213, 0], [37.8795803, 47.1066666, 0], [37.8621706, 47.1062479, 0], [37.8383095, 47.0997045, 0], [37.8292834, 47.1127418, 0], [37.8180535, 47.1190987, 0], [37.8499825, 47.1742053, 0], [37.8513558, 47.198938, 0], [37.833503, 47.249301, 0], [37.8338464, 47.2854117, 0], [37.8276665, 47.3026429, 0], [37.8348763, 47.3082302, 0], [37.8317864, 47.3149807, 0], [37.8245766, 47.3214977, 0], [37.8273232, 47.3284792, 0], [37.8292834, 47.3425074, 0], [37.8444894, 47.3419742, 0], [37.856849, 47.3436027, 0], [37.8612124, 47.3478578, 0], [37.8591525, 47.3543707, 0], [37.8486092, 47.3501161, 0], [37.8376229, 47.3524422, 0], [37.8417428, 47.3584893, 0], [37.8515994, 47.3655338, 0], [37.841643, 47.3690218, 0], [37.8383096, 47.3780216, 0], [37.8503258, 47.3842983, 0], [37.856849, 47.3928985, 0], [37.855819, 47.403124, 0], [37.8637154, 47.4265885, 0], [37.8784784, 47.4416839, 0], [37.8925547, 47.4697729, 0], [37.8194267, 47.5463034, 0], [37.7823477, 47.5859162, 0], [37.7686147, 47.6354478, 0], [37.801917, 47.6423879, 0], [37.8039769, 47.6601962, 0], [37.7644947, 47.6847015, 0], [37.6726795, 47.7247168, 0], [37.6375888, 47.7519939, 0], [37.623169, 47.7731102, 0], [37.6345486, 47.8025384, 0], [37.6342622, 47.838423, 0], [37.6440338, 47.8866264, 0], [37.5759066, 47.9077328, 0], [37.5685999, 47.9077685, 0], [37.5350286, 47.917986, 0], [37.5394068, 47.9242357, 0], [37.5428393, 47.9324766, 0], [37.5285901, 47.9414985, 0], [37.5218536, 47.94582, 0], [37.5251581, 47.9572022, 0], [37.5320031, 47.9645878, 0], [37.5394871, 47.9726323, 0], [37.5484825, 47.9792624, 0], [37.5585462, 47.986451, 0], [37.5496206, 47.9973638, 0], [37.556143, 48.0098553, 0], [37.5733939, 48.0068986, 0], [37.575455, 48.0139608, 0], [37.5885656, 48.0160207, 0], [37.6013759, 48.0169465, 0], [37.6164821, 48.0180947, 0], [37.6226618, 48.0194438, 0], [37.6478104, 48.0289444, 0], [37.6699861, 48.0433634, 0], [37.6878504, 48.0547535, 0], [37.6911989, 48.0534065, 0], [37.6942941, 48.0565448, 0], [37.6877494, 48.0618935, 0], [37.6930492, 48.0693073, 0], [37.6997015, 48.0722042, 0], [37.7427884, 48.0727514, 0], [37.7463065, 48.0734746, 0], [37.7564355, 48.0866703, 0], [37.7730529, 48.0920319, 0], [37.7892831, 48.1001774, 0], [37.7920214, 48.1045282, 0], [37.8002004, 48.1149655, 0], [37.8038729, 48.1178391, 0], [37.8198549, 48.1438969, 0], [37.824622, 48.1578177, 0], [37.8285927, 48.1751503, 0], [37.8562077, 48.1928465, 0], [37.8833302, 48.1997121, 0], [37.8965706, 48.2154292, 0], [37.8929432, 48.2335689, 0], [37.89157, 48.2550609, 0], [37.8953466, 48.268546, 0], [37.8881602, 48.2836394, 0], [37.884532, 48.2988743, 0], [37.8847528, 48.3122931, 0], [37.8887509, 48.3168062, 0], [37.9103454, 48.3331062, 0], [37.9329442, 48.3617706, 0], [37.9346295, 48.3739913, 0], [37.9470402, 48.3751555, 0], [37.9701521, 48.3803171, 0], [37.9749586, 48.3811152, 0], [37.9786234, 48.391275, 0], [38.0048018, 48.3939537, 0], [38.0421228, 48.4090856, 0], [38.0685038, 48.4086727, 0], [38.1137059, 48.4080126, 0], [38.1174769, 48.420805, 0], [38.1352438, 48.4190391, 0], [38.1485476, 48.4144818, 0], [38.1630936, 48.4021166, 0], [38.1544451, 48.395536, 0], [38.1500926, 48.3854193, 0], [38.1847683, 48.3749299, 0], [38.2074276, 48.371509, 0], [38.2149807, 48.3690002, 0], [38.2276837, 48.3671755, 0], [38.2591203, 48.359806, 0], [38.2736891, 48.3591918, 0], [38.2907061, 48.361631, 0], [38.3217544, 48.3710529, 0], [38.3435779, 48.3844372, 0], [38.3542284, 48.390346, 0], [38.3672748, 48.3996925, 0], [38.390964, 48.4158739, 0], [38.3892474, 48.4322779, 0], [38.3930237, 48.436606, 0], [38.4053767, 48.4733655, 0], [38.4115634, 48.5105796, 0], [38.4143026, 48.5206053, 0], [38.402637, 48.5478669, 0], [38.402637, 48.5919397, 0], [38.4060702, 48.6019302, 0], [38.4048036, 48.6090985, 0], [38.4046894, 48.6169314, 0], [38.4088093, 48.62964, 0], [38.4143025, 48.6382619, 0], [38.4198032, 48.6450485, 0], [38.4314762, 48.6504924, 0], [38.4452016, 48.6550476, 0], [38.4644278, 48.6564083, 0], [38.4802281, 48.6591107, 0], [38.4967076, 48.6631925, 0], [38.5152472, 48.6663671, 0], [38.5161483, 48.6705617, 0], [38.5272842, 48.6746424, 0], [38.5394514, 48.6735091, 0], [38.5489783, 48.6752945, 0], [38.5594455, 48.6866947, 0], [38.5722313, 48.6890556, 0], [38.577732, 48.6967418, 0], [38.5784187, 48.7094303, 0], [38.5832177, 48.7198696, 0], [38.6301672, 48.721172, 0], [38.6784116, 48.723701, 0], [38.6745492, 48.7293629, 0], [38.6917155, 48.7293629, 0], [38.7535137, 48.7184915, 0], [38.7670674, 48.71432, 0], [38.8084379, 48.7134138, 0], [38.8300673, 48.7170382, 0], [38.8360755, 48.7232671, 0], [38.8471476, 48.7429112, 0], [38.8553874, 48.7496462, 0], [38.8593783, 48.7495899, 0], [38.8606013, 48.749788, 0], [38.8609553, 48.7507359, 0], [38.863879, 48.7513796, 0], [38.8716924, 48.7513053, 0], [38.8776176, 48.7525889, 0], [38.8790769, 48.752476, 0], [38.8802356, 48.7506085, 0], [38.8813299, 48.7501841, 0], [38.8920372, 48.7504385, 0], [38.8988178, 48.750184, 0], [38.9010923, 48.7509054, 0], [38.9047401, 48.7506082, 0], [38.9087746, 48.7492502, 0], [38.9111349, 48.7480051, 0], [38.9125725, 48.7468732, 0], [38.9143212, 48.7443829, 0], [38.9180279, 48.7429113, 0], [38.9199671, 48.7434206, 0], [38.9213055, 48.7446091, 0], [38.9227216, 48.7450054, 0], [38.9306501, 48.7452743, 0], [38.9336652, 48.7460241, 0], [38.9350546, 48.7468536, 0], [38.9369591, 48.7471171, 0], [38.9382788, 48.746682, 0], [38.9388581, 48.7458118, 0], [38.9379568, 48.7440714, 0], [38.9343519, 48.7429112, 0], [38.9324635, 48.736798, 0], [38.9340086, 48.7357792, 0], [38.9437074, 48.7338543, 0], [38.9460674, 48.7344489, 0], [38.9569464, 48.7340668, 0], [38.9610453, 48.736515, 0], [38.961217, 48.739911, 0], [38.9599296, 48.7429109, 0], [38.9611311, 48.7461373, 0], [38.9640925, 48.7461943, 0], [38.9669464, 48.7452039, 0], [38.9698324, 48.7437464, 0], [38.9725628, 48.7435836, 0], [38.9749968, 48.7447632, 0], [38.9788122, 48.7448922, 0], [38.981216, 48.7438449, 0], [38.9823319, 48.7421893, 0], [38.9822031, 48.7402861, 0], [38.9844561, 48.7375798, 0], [38.9895411, 48.7349866, 0], [38.9914368, 48.7306084, 0], [38.9983893, 48.7242672, 0], [38.9993333, 48.7196241, 0], [38.9980459, 48.7174722, 0], [38.9939184, 48.7161888, 0], [38.9888619, 48.715207, 0], [38.9847421, 48.7136213, 0], [38.9843054, 48.7118281, 0], [38.9869231, 48.7101575, 0], [38.9919227, 48.7100017, 0], [38.9969225, 48.7116016, 0], [38.9989862, 48.7111956, 0], [38.9982176, 48.7076745, 0], [38.999505, 48.7039927, 0], [38.9998483, 48.7001975, 0], [39.0018149, 48.6980072, 0], [39.0048265, 48.6963452, 0], [39.0155478, 48.6948913, 0], [39.015727, 48.6886399, 0], [39.0143537, 48.6834267, 0], [39.0163671, 48.6809428, 0], [39.0195819, 48.6791389, 0], [39.0202761, 48.6756061, 0], [39.0205336, 48.6722621, 0], [39.0238809, 48.6698815, 0], [39.0262842, 48.667274, 0], [39.0274858, 48.6632492, 0], [39.0254258, 48.6619737, 0], [39.0216493, 48.6623989, 0], [39.0185594, 48.6640995, 0], [39.0129804, 48.6640429, 0], [39.009633, 48.6626256, 0], [39.010316, 48.660084, 0], [39.0123721, 48.658336, 0], [39.0191528, 48.6569753, 0], [39.0285083, 48.6530064, 0], [39.0322065, 48.6528738, 0], [39.0334474, 48.6519761, 0], [39.0355464, 48.6482432, 0], [39.0380823, 48.6471847, 0], [39.042678, 48.6464662, 0], [39.0548659, 48.6470333, 0], [39.0743495, 48.6504357, 0], [39.0758944, 48.6516264, 0], [39.0849068, 48.6506625, 0], [39.0985539, 48.6508893, 0], [39.1036178, 48.6498687, 0], [39.1119359, 48.6533466, 0], [39.1168282, 48.6567485, 0], [39.1231872, 48.6600178, 0], [39.1273071, 48.6604713, 0], [39.1394876, 48.65964, 0], [39.1419842, 48.6608682, 0], [39.1426709, 48.6635326, 0], [39.141641, 48.6650633, 0], [39.1418984, 48.6666505, 0], [39.1445122, 48.6709112, 0], [39.1486715, 48.6752851, 0], [39.1519406, 48.6762862, 0], [39.1574337, 48.6753794, 0], [39.1633486, 48.6757386, 0], [39.1742491, 48.680329, 0], [39.1816381, 48.6857501, 0], [39.1854146, 48.6933991, 0], [39.1909003, 48.6998199, 0], [39.1951061, 48.7038985, 0], [39.1965081, 48.7065134, 0], [39.1975167, 48.706485, 0], [39.1983536, 48.705777, 0], [39.1991476, 48.702265, 0], [39.2003706, 48.6999993, 0], [39.2031818, 48.6986114, 0], [39.2071728, 48.6982998, 0], [39.2194036, 48.7051822, 0], [39.2248968, 48.7067682, 0], [39.2267852, 48.7089771, 0], [39.2323641, 48.7114125, 0], [39.2359905, 48.711088, 0], [39.2395879, 48.7091247, 0], [39.2435147, 48.7096192, 0], [39.2497802, 48.7125643, 0], [39.2539001, 48.7201527, 0], [39.2533069, 48.7220589, 0], [39.2539624, 48.7244016, 0], [39.2561392, 48.7268717, 0], [39.2592291, 48.7338353, 0], [39.255282, 48.7387742, 0], [39.2550234, 48.7406847, 0], [39.256311, 48.7422696, 0], [39.258535, 48.7427414, 0], [39.264468, 48.7412523, 0], [39.2686631, 48.741949, 0], [39.270809, 48.7439866, 0], [39.2716747, 48.7477596, 0], [39.2703015, 48.7512117, 0], [39.2708089, 48.7527587, 0], [39.2723828, 48.7538866, 0], [39.2747755, 48.753681, 0], [39.2766585, 48.7523332, 0], [39.2788874, 48.749339, 0], [39.2820603, 48.7486084, 0], [39.2864338, 48.7489009, 0], [39.28952, 48.7515136, 0], [39.2892807, 48.7536832, 0], [39.2906433, 48.756248, 0], [39.2914941, 48.7594358, 0], [39.2926174, 48.760605, 0], [39.2999129, 48.7630378, 0], [39.3030887, 48.765414, 0], [39.3088319, 48.7719953, 0], [39.3118435, 48.7740692, 0], [39.3145901, 48.7748045, 0], [39.3245465, 48.776049, 0], [39.3262557, 48.7755589, 0], [39.3279722, 48.7736923, 0], [39.3274828, 48.7721084, 0], [39.326084, 48.7700153, 0], [39.3266028, 48.7683087, 0], [39.3316705, 48.766602, 0], [39.3361337, 48.7659798, 0], [39.3403355, 48.7663007, 0], [39.3472429, 48.7683845, 0], [39.3510629, 48.7685469, 0], [39.3527812, 48.7679412, 0], [39.3545015, 48.7668284, 0], [39.3538932, 48.7654897, 0], [39.3513257, 48.7630943, 0], [39.3491724, 48.7621516, 0], [39.3455281, 48.7616611, 0], [39.3433628, 48.7592092, 0], [39.3431385, 48.7573608, 0], [39.3461759, 48.751042, 0], [39.3470266, 48.7502121, 0], [39.3472058, 48.7457787, 0], [39.3492658, 48.742496, 0], [39.3581923, 48.7370054, 0], [39.3588714, 48.7361753, 0], [39.3588751, 48.7339014, 0], [39.3540724, 48.729646, 0], [39.3537216, 48.7268908, 0], [39.3552238, 48.7252488, 0], [39.3615322, 48.7223045, 0], [39.3691283, 48.7200679, 0], [39.3726043, 48.7198696, 0], [39.3741826, 48.7186523, 0], [39.3737867, 48.7174915, 0], [39.3720796, 48.7159341, 0], [39.3704585, 48.7159622, 0], [39.3652658, 48.7168401, 0], [39.3601589, 48.7156791, 0], [39.3541314, 48.7132442, 0], [39.3486382, 48.7134707, 0], [39.346855, 48.7122245, 0], [39.3486574, 48.708713, 0], [39.3505029, 48.7076367, 0], [39.3559531, 48.697214, 0], [39.3603112, 48.695798, 0], [39.3658902, 48.6922287, 0], [39.3673165, 48.6919737, 0], [39.3779859, 48.6862368, 0], [39.3795566, 48.6862791, 0], [39.3817025, 48.6855142, 0], [39.3895988, 48.6847492, 0], [39.3909291, 48.6837575, 0], [39.3891696, 48.6803857, 0], [39.3905237, 48.6787991, 0], [39.3979909, 48.6746052, 0], [39.4026452, 48.6744349, 0], [39.4058209, 48.6738115, 0], [39.4117239, 48.6705243, 0], [39.4138697, 48.6684271, 0], [39.4135262, 48.6668399, 0], [39.4082049, 48.6614545, 0], [39.4080332, 48.6598104, 0], [39.4106939, 48.6576559, 0], [39.4142323, 48.6566918, 0], [39.4207457, 48.6582229, 0], [39.4323232, 48.6567488, 0], [39.4389481, 48.6549401, 0], [39.4465013, 48.6563009, 0], [39.4501761, 48.6556715, 0], [39.4523728, 48.6547104, 0], [39.4533852, 48.6528124, 0], [39.4513078, 48.6517082, 0], [39.4497978, 48.6504011, 0], [39.4495753, 48.6445574, 0], [39.45164, 48.6410333, 0], [39.4542149, 48.6397855, 0], [39.4575623, 48.6386512, 0], [39.4658132, 48.6386649, 0], [39.4673899, 48.6372332, 0], [39.4642683, 48.6340137, 0], [39.4640108, 48.6310641, 0], [39.4656304, 48.6281857, 0], [39.4685916, 48.6274483, 0], [39.4761018, 48.628753, 0], [39.4841484, 48.6282, 0], [39.4862727, 48.6288949, 0], [39.4930106, 48.6304265, 0], [39.4955426, 48.6321283, 0], [39.5004348, 48.6325537, 0], [39.5104342, 48.6344539, 0], [39.5140876, 48.6338368, 0], [39.5160243, 48.6321987, 0], [39.5167109, 48.6299864, 0], [39.5162691, 48.6279705, 0], [39.5154235, 48.6261855, 0], [39.5119776, 48.6235455, 0], [39.5116469, 48.6218737, 0], [39.5167841, 48.6180986, 0], [39.5257232, 48.613022, 0], [39.5271823, 48.6112629, 0], [39.5278196, 48.6094601, 0], [39.5272799, 48.6082749, 0], [39.5234788, 48.6051034, 0], [39.5226333, 48.6029769, 0], [39.5253848, 48.5981984, 0], [39.5280455, 48.5971767, 0], [39.5324228, 48.5964387, 0], [39.5335878, 48.5954605, 0], [39.5332079, 48.5936307, 0], [39.5281312, 48.5918406, 0], [39.5269121, 48.58955, 0], [39.5287147, 48.5859448, 0], [39.5312037, 48.5842699, 0], [39.5373836, 48.58339, 0], [39.5450225, 48.5839292, 0], [39.549314, 48.5859732, 0], [39.5505587, 48.5885848, 0], [39.5494857, 48.5932401, 0], [39.5512023, 48.5955676, 0], [39.5586696, 48.5980085, 0], [39.5617595, 48.5980085, 0], [39.5633045, 48.5974408, 0], [39.5656345, 48.5939516, 0], [39.5673018, 48.5921198, 0], [39.5672772, 48.5902388, 0], [39.5660509, 48.588301, 0], [39.5631454, 48.5862306, 0], [39.5629675, 48.5836321, 0], [39.5680714, 48.5818502, 0], [39.5733466, 48.5805224, 0], [39.576535, 48.581234, 0], [39.5777793, 48.5828806, 0], [39.5817707, 48.5850383, 0], [39.5925357, 48.5912967, 0], [39.5963493, 48.5923886, 0], [39.6017566, 48.591537, 0], [39.6045891, 48.5888119, 0], [39.6050182, 48.5867681, 0], [39.604074, 48.5862571, 0], [39.6006408, 48.5857461, 0], [39.5948044, 48.5793299, 0], [39.5949886, 48.5766912, 0], [39.5963128, 48.5750293, 0], [39.6036449, 48.5741055, 0], [39.6080223, 48.5727141, 0], [39.6124855, 48.5729129, 0], [39.6137299, 48.5749004, 0], [39.6175495, 48.5771153, 0], [39.6212402, 48.5819417, 0], [39.6219268, 48.5858029, 0], [39.6228281, 48.5863707, 0], [39.6236436, 48.5860867, 0], [39.6319692, 48.5806927, 0], [39.6353165, 48.5800397, 0], [39.6575468, 48.5846673, 0], [39.6587483, 48.5856325, 0], [39.6675887, 48.5867682, 0], [39.6722238, 48.5884145, 0], [39.6765155, 48.5881875, 0], [39.6772879, 48.5875629, 0], [39.6872709, 48.5870843, 0], [39.6916351, 48.586378, 0], [39.697765, 48.5871601, 0], [39.7025463, 48.5877777, 0], [39.714893, 48.5852475, 0], [39.7212371, 48.5848336, 0], [39.7233788, 48.5862164, 0], [39.726252, 48.5866238, 0], [39.7301775, 48.585919, 0], [39.7346291, 48.5858506, 0], [39.7387429, 48.5868384, 0], [39.7443186, 48.5900574, 0], [39.7467209, 48.5906731, 0], [39.7490377, 48.5902429, 0], [39.7510542, 48.5888356, 0], [39.7505496, 48.5833377, 0], [39.7512953, 48.5820902, 0], [39.754759, 48.5829996, 0], [39.7703675, 48.5879945, 0], [39.7720625, 48.5916013, 0], [39.7734252, 48.5923258, 0], [39.7899853, 48.5933692, 0], [39.796119, 48.5918468, 0], [39.8002156, 48.5895529, 0], [39.8044954, 48.5854536, 0], [39.8086096, 48.5839718, 0], [39.8128554, 48.5838551, 0], [39.8223596, 48.5866356, 0], [39.8250511, 48.5861523, 0], [39.8263109, 48.5842074, 0], [39.8254818, 48.5816452, 0], [39.8206043, 48.5792853, 0], [39.8216849, 48.5783323, 0], [39.846829, 48.5729337, 0], [39.8576295, 48.5614133, 0], [39.8545326, 48.5529988, 0], [39.8580446, 48.5453656, 0], [39.8574855, 48.5374008, 0], [39.8667561, 48.5088826, 0], [39.8661347, 48.5047748, 0], [39.861877, 48.5019244, 0], [39.8566588, 48.5016359, 0], [39.8531911, 48.5034246, 0], [39.84871, 48.5028401, 0], [39.8464694, 48.4993057, 0], [39.8478837, 48.4951083, 0], [39.847753, 48.4856779, 0], [39.8463375, 48.4737119, 0], [39.8577522, 48.4633633, 0], [39.8973265, 48.4481115, 0], [39.8985547, 48.4459723, 0], [39.8967662, 48.4442197, 0], [39.8898644, 48.4435709, 0], [39.8888169, 48.4419929, 0], [39.8959257, 48.4292418, 0], [39.9102969, 48.4219558, 0], [39.9127632, 48.4155801, 0], [39.9064839, 48.4074937, 0], [39.906312, 48.403562, 0], [39.9084587, 48.4020517, 0], [39.9160499, 48.4006103, 0], [39.9186437, 48.3976109, 0], [39.9174051, 48.3948097, 0], [39.9067434, 48.3922694, 0], [39.9059615, 48.3903159, 0], [39.9078019, 48.3887123, 0], [39.9145583, 48.3868273, 0], [39.9163055, 48.3842314, 0], [39.9175221, 48.3792278, 0], [39.9212199, 48.3759275, 0], [39.9268452, 48.3750751, 0], [39.9318897, 48.3769292, 0], [39.9352706, 48.384697, 0], [39.9383089, 48.3875623, 0], [39.9415351, 48.3870715, 0], [39.9432775, 48.3837913, 0], [39.9347511, 48.3722742, 0], [39.9367499, 48.3671357, 0], [39.9406678, 48.365023, 0], [39.939451, 48.3607734, 0], [39.944422, 48.3571657, 0], [39.9425304, 48.3549629, 0], [39.9475073, 48.3552302, 0], [39.9436441, 48.3481202, 0], [39.9307271, 48.348957, 0], [39.9186034, 48.3472072, 0], [39.9185813, 48.3416921, 0], [39.8779341, 48.3340733, 0], [39.8597034, 48.3345658, 0], [39.8455931, 48.3327736, 0], [39.8452167, 48.3294989, 0], [39.8403939, 48.3291167, 0], [39.8421021, 48.3183104, 0], [39.8410685, 48.3100513, 0], [39.8871988, 48.3087771, 0], [39.8879682, 48.3073167, 0], [39.8869156, 48.3040891, 0], [39.9031174, 48.2988902, 0], [39.9101881, 48.2929821, 0], [39.9126952, 48.2882023, 0], [39.9097451, 48.2875265, 0], [39.911103, 48.2850178, 0], [39.910753, 48.282907, 0], [39.9093774, 48.2807664, 0], [39.9100639, 48.2790105, 0], [39.9084339, 48.2781327, 0], [39.9082201, 48.277008, 0], [39.9095085, 48.276717, 0], [39.9096855, 48.2760119, 0], [39.9104178, 48.2760308, 0], [39.9113847, 48.275269, 0], [39.9122543, 48.2737457, 0], [39.9118308, 48.2727698, 0], [39.9105891, 48.2721534, 0], [39.9102688, 48.2716453, 0], [39.9111386, 48.2710199, 0], [39.9130755, 48.2711929, 0], [39.9140654, 48.2719578, 0], [39.9147533, 48.2718867, 0], [39.915049, 48.2713442, 0], [39.9145799, 48.2707552, 0], [39.9142596, 48.2698466, 0], [39.9148291, 48.2696779, 0], [39.9174956, 48.2700935, 0], [39.9189796, 48.2706011, 0], [39.9196571, 48.2712977, 0], [39.9210688, 48.2716602, 0], [39.9229547, 48.2713059, 0], [39.9249068, 48.2714851, 0], [39.9259687, 48.2721603, 0], [39.9258988, 48.2729692, 0], [39.9256277, 48.2735879, 0], [39.9258355, 48.2739687, 0], [39.9272912, 48.2753873, 0], [39.927869, 48.2765821, 0], [39.9296385, 48.2777793, 0], [39.9315961, 48.2779922, 0], [39.9328753, 48.2792411, 0], [39.9346951, 48.2790658, 0], [39.9349784, 48.2797503, 0], [39.9341115, 48.2807351, 0], [39.932176, 48.2812133, 0], [39.9302856, 48.2823805, 0], [39.9301559, 48.2827643, 0], [39.9305846, 48.2832846, 0], [39.9321079, 48.2837303, 0], [39.9332772, 48.2837532, 0], [39.9340979, 48.2834791, 0], [39.9350232, 48.2837704, 0], [39.9362154, 48.2850583, 0], [39.9366398, 48.2868873, 0], [39.9370235, 48.288116, 0], [39.9366146, 48.2899582, 0], [39.9368823, 48.2915646, 0], [39.9377029, 48.292225, 0], [39.9385209, 48.2921268, 0], [39.9416121, 48.2928487, 0], [39.9437155, 48.2919104, 0], [39.9448101, 48.2920266, 0], [39.9459582, 48.2927414, 0], [39.9465323, 48.293784, 0], [39.947227, 48.2941626, 0], [39.9484112, 48.2942947, 0], [39.9484261, 48.2961002, 0], [39.9490366, 48.2967152, 0], [39.9507366, 48.2972225, 0], [39.9508356, 48.2977331, 0], [39.949619, 48.2988449, 0], [39.9498477, 48.2994008, 0], [39.9519575, 48.3000927, 0], [39.9522186, 48.3010381, 0], [39.9517688, 48.3021309, 0], [39.9519946, 48.3023918, 0], [39.9517212, 48.3030504, 0], [39.9519708, 48.303551, 0], [39.9529753, 48.3039154, 0], [39.954057, 48.304012, 0], [39.9556063, 48.3037463, 0], [39.9566599, 48.3031852, 0], [39.9568219, 48.3026192, 0], [39.9567444, 48.3021637, 0], [39.9568814, 48.3011087, 0], [39.9563748, 48.3005247, 0], [39.9559284, 48.3003326, 0], [39.9557481, 48.299894, 0], [39.9559754, 48.2992555, 0], [39.9582829, 48.2980501, 0], [39.9593054, 48.2988376, 0], [39.9596904, 48.2992401, 0], [39.9606769, 48.2994413, 0], [39.9633373, 48.2990852, 0], [39.9649464, 48.2996493, 0], [39.9661587, 48.2998029, 0], [39.9667219, 48.2996514, 0], [39.9674541, 48.2991473, 0], [39.9695797, 48.2986384, 0], [39.9702238, 48.2987467, 0], [39.9706103, 48.2989864, 0], [39.9702131, 48.3003911, 0], [39.9706155, 48.3011791, 0], [39.9710313, 48.3014874, 0], [39.9710106, 48.3027963, 0], [39.9694631, 48.3031312, 0], [39.9680178, 48.3028349, 0], [39.9669698, 48.3028323, 0], [39.9657931, 48.3027154, 0], [39.9644662, 48.3020989, 0], [39.9635452, 48.3021261, 0], [39.9630632, 48.3025965, 0], [39.9632084, 48.3032599, 0], [39.9638819, 48.3034631, 0], [39.9648377, 48.3044577, 0], [39.9654414, 48.3046777, 0], [39.9658139, 48.3056564, 0], [39.9656782, 48.3064027, 0], [39.9663829, 48.3067758, 0], [39.9676365, 48.3068053, 0], [39.9687353, 48.3071341, 0], [39.9708083, 48.3070844, 0], [39.9712653, 48.3073022, 0], [39.9712364, 48.3077965, 0], [39.9707928, 48.3089713, 0], [39.9718799, 48.3097157, 0], [39.9710288, 48.3116291, 0], [39.9724916, 48.3129711, 0], [39.9744246, 48.3134708, 0], [39.9754983, 48.31432, 0], [39.9776231, 48.3151726, 0], [39.9788999, 48.315713, 0], [39.9803108, 48.3157835, 0], [39.9825182, 48.3157045, 0], [39.9841797, 48.3162073, 0], [39.9853108, 48.317001, 0], [39.9869491, 48.3175119, 0], [39.9908152, 48.3170825, 0], [39.9910744, 48.3165824, 0], [39.9909894, 48.3160613, 0], [39.9932215, 48.3135961, 0], [39.9935222, 48.3128773, 0], [39.9941876, 48.3126963, 0], [39.9939839, 48.3120065, 0], [39.9920796, 48.3097349, 0], [39.9919216, 48.3060016, 0], [39.9926583, 48.3056192, 0], [39.994253, 48.303181, 0], [39.9950166, 48.3008469, 0], [39.9966002, 48.2979383, 0], [40.0005341, 48.2917165, 0], [39.9997448, 48.28929, 0], [40.0089633, 48.2726545, 0], [40.0138295, 48.2715898, 0], [40.0167773, 48.2694579, 0], [40.0155045, 48.2626787, 0], [40.0189886, 48.2570604, 0], [40.018671, 48.2550513, 0], [40.0189201, 48.2541039, 0], [40.0188624, 48.2531159, 0], [40.0195095, 48.2525075, 0], [40.0073233, 48.2420581, 0], [40.0030757, 48.2394758, 0], [40.0027322, 48.2375353, 0], [40.0039768, 48.2360612, 0], [40.0043418, 48.2323477, 0], [40.007443, 48.2300907, 0], [40.0082215, 48.2281045, 0], [40.0083965, 48.2251387, 0], [40.0075402, 48.2233125, 0], [40.0033787, 48.2236859, 0], [40.0008684, 48.2252447, 0], [39.9722759, 48.2270247, 0], [39.9533041, 48.2294084, 0], [39.9421938, 48.2307436, 0], [39.9409345, 48.1808104, 0], [39.9138857, 48.178015, 0], [39.9091838, 48.1693296, 0], [39.9102753, 48.1384164, 0], [39.8799506, 48.1151645, 0], [39.8685845, 48.0794444, 0], [39.8322015, 48.0664997, 0], [39.8858862, 48.0478658, 0], [39.8772075, 48.0413783, 0], [39.7796623, 48.0393364, 0], [39.7867767, 48.0250342, 0], [39.7850806, 48.023125, 0], [39.7952175, 48.0107026, 0], [39.7976869, 48.0093062, 0], [39.8029984, 48.0079476, 0], [39.8045408, 48.0064594, 0], [39.8109753, 48.0048562, 0], [39.8167197, 48.0014626, 0], [39.8165185, 48.0001159, 0], [39.8137357, 47.9985021, 0], [39.8137713, 47.9966971, 0], [39.8179161, 47.9947777, 0], [39.8161798, 47.9927984, 0], [39.8167173, 47.9845419, 0], [39.8230314, 47.9835403, 0], [39.8227982, 47.979535, 0], [39.8198493, 47.9774461, 0], [39.8175382, 47.9766456, 0], [39.8151166, 47.9736166, 0], [39.8154078, 47.9708664, 0], [39.8198438, 47.9677616, 0], [39.8273909, 47.9508344, 0], [39.8058884, 47.9505616, 0], [39.8065943, 47.9336659, 0], [39.7939036, 47.9158973, 0], [39.7949406, 47.8668329, 0], [39.7625051, 47.8701448, 0], [39.7631843, 47.8465373, 0], [39.7379104, 47.8277291, 0], [39.5655871, 47.836556, 0], [39.542168, 47.8249813, 0], [39.5344907, 47.83253, 0], [39.5203078, 47.825141, 0], [39.4784743, 47.8594741, 0], [39.4462501, 47.850644, 0], [39.4373545, 47.8398339, 0], [39.4125292, 47.830898, 0], [39.3904498, 47.8661846, 0], [39.2417337, 47.8670136, 0], [39.2362131, 47.8539532, 0], [39.1496824, 47.8425817, 0], [39.1095354, 47.8427473, 0], [39.1093893, 47.8517524, 0], [39.0828906, 47.8516037, 0]]]}}, {"type": "Feature", "properties": {"name": "\u041e\u043a\u0443\u043f\u043e\u0432\u0430\u043d\u043e /// Occupied", "date": "2023-02-27"}, "geometry": {"type": "Polygon", "coordinates": [[[37.8562077, 48.1928465, 0], [37.8285927, 48.1751503, 0], [37.824622, 48.1578177, 0], [37.8198549, 48.1438969, 0], [37.8072325, 48.1233214, 0], [37.7984831, 48.1509121, 0], [37.80971, 48.1649436, 0], [37.8015461, 48.1746128, 0], [37.7948393, 48.1768397, 0], [37.7910371, 48.1805521, 0], [37.782104, 48.1854327, 0], [37.7801621, 48.1905654, 0], [37.768574, 48.1909895, 0], [37.740641, 48.1965884, 0], [37.7350244, 48.2102235, 0], [37.7527672, 48.2115767, 0], [37.7555325, 48.2128727, 0], [37.7532216, 48.2149593, 0], [37.750653, 48.2162452, 0], [37.7504875, 48.2179314, 0], [37.7498467, 48.2188888, 0], [37.7508997, 48.2195105, 0], [37.7595365, 48.2189903, 0], [37.7629148, 48.2203643, 0], [37.7722466, 48.2214534, 0], [37.7712588, 48.2370691, 0], [37.7685987, 48.2465619, 0], [37.7761512, 48.2501586, 0], [37.7756366, 48.255716, 0], [37.7715166, 48.2614448, 0], [37.7724606, 48.262731, 0], [37.7809279, 48.2665927, 0], [37.7948013, 48.2683387, 0], [37.8066806, 48.2687582, 0], [37.8131574, 48.2744108, 0], [37.8082985, 48.2875112, 0], [37.8217294, 48.2899051, 0], [37.8423308, 48.2832692, 0], [37.8696933, 48.2818506, 0], [37.8881602, 48.2836394, 0], [37.8953466, 48.268546, 0], [37.89157, 48.2550609, 0], [37.8929432, 48.2335689, 0], [37.8965706, 48.2154292, 0], [37.8833302, 48.1997121, 0], [37.8562077, 48.1928465, 0]]]}}, {"type": "Feature", "properties": {"name": "\u041e\u043a\u0443\u043f\u043e\u0432\u0430\u043d\u043e /// Occupied", "date": "2023-02-27"}, "geometry": {"type": "Polygon", "coordinates": [[[38.5596903, 48.8300678, 0], [38.5304375, 48.8497781, 0], [38.4952926, 48.8707374, 0], [38.4749063, 48.9035945, 0], [38.4134788, 48.9399705, 0], [38.4023573, 48.9556589, 0], [38.3699793, 48.9817692, 0], [38.2997899, 49.0248792, 0], [38.2845275, 49.0264547, 0], [38.2626974, 49.0244189, 0], [38.2410615, 49.005535, 0], [38.2588575, 48.9692683, 0], [38.2448617, 48.9562453, 0], [38.2370485, 48.9565212, 0], [38.2338727, 48.9530268, 0], [38.2342272, 48.9465655, 0], [38.2346504, 48.9446661, 0], [38.2229722, 48.948743, 0], [38.2140462, 48.9492503, 0], [38.2130159, 48.9551686, 0], [38.2095049, 48.9663382, 0], [38.2060101, 48.9844169, 0], [38.186582, 48.9840453, 0], [38.1681832, 48.9861491, 0], [38.1539615, 48.9823623, 0], [38.1207618, 48.986634, 0], [38.1148566, 48.9966479, 0], [38.0980264, 48.9947098, 0], [38.0976244, 49.0002934, 0], [38.1114966, 49.0030157, 0], [38.1112589, 49.0067709, 0], [38.1169626, 49.008202, 0], [38.1150201, 49.0237615, 0], [38.078865, 49.0294687, 0], [38.065617, 49.0225075, 0], [38.0441319, 49.0218473, 0], [38.036173, 49.0407851, 0], [38.0059118, 49.04369, 0], [37.9996769, 49.0530023, 0], [38.003829, 49.0545563, 0], [38.0263506, 49.0564438, 0], [38.0633982, 49.0645636, 0], [38.0711665, 49.0921404, 0], [38.073275, 49.1017336, 0], [38.0863363, 49.1347964, 0], [38.0832498, 49.1487625, 0], [38.070821, 49.1705425, 0], [38.0613062, 49.1746948, 0], [38.0564274, 49.1845727, 0], [38.0628477, 49.1931837, 0], [38.0484954, 49.2030846, 0], [38.0565242, 49.2143026, 0], [38.0334954, 49.2425221, 0], [38.0286858, 49.2581481, 0], [38.0104763, 49.2723684, 0], [38.015094, 49.2811796, 0], [38.017964, 49.2877812, 0], [38.0144392, 49.2933468, 0], [38.0159465, 49.3003393, 0], [38.0134385, 49.3093203, 0], [38.0153055, 49.3140494, 0], [38.0094618, 49.3234345, 0], [38.0071405, 49.333329, 0], [38.0003543, 49.3421047, 0], [37.9930635, 49.3490968, 0], [37.9826804, 49.3551936, 0], [37.9677527, 49.3663888, 0], [37.9526395, 49.38037, 0], [37.9431965, 49.3925249, 0], [37.9448694, 49.3957591, 0], [37.9427657, 49.3989933, 0], [37.948687, 49.4035625, 0], [37.9287805, 49.4242894, 0], [37.9406415, 49.4442441, 0], [37.9384302, 49.4630825, 0], [37.9685995, 49.4802816, 0], [37.9584215, 49.5165822, 0], [37.9641971, 49.5199564, 0], [37.9618227, 49.5334697, 0], [37.9615166, 49.5381242, 0], [37.9567469, 49.5427787, 0], [37.9472726, 49.5470042, 0], [37.9453503, 49.5532343, 0], [37.9542091, 49.5659172, 0], [37.957508, 49.5734676, 0], [37.9436672, 49.5814197, 0], [37.9379111, 49.5906059, 0], [37.938162, 49.6005709, 0], [37.9289291, 49.6203664, 0], [37.9284486, 49.6243686, 0], [37.9310927, 49.6288151, 0], [37.9283002, 49.6341076, 0], [37.9202906, 49.6404341, 0], [37.9163118, 49.6482048, 0], [37.9128739, 49.6587549, 0], [37.91796, 49.6784257, 0], [37.9160062, 49.6914252, 0], [37.9133, 49.7072064, 0], [37.9114896, 49.7236031, 0], [37.8949052, 49.7372203, 0], [37.8873795, 49.7360766, 0], [37.8781372, 49.7365964, 0], [37.8841993, 49.7455131, 0], [37.8670869, 49.7492446, 0], [37.8520313, 49.7546375, 0], [37.8425723, 49.7553393, 0], [37.8090809, 49.7573073, 0], [37.7648713, 49.7759153, 0], [37.713212, 49.7821869, 0], [37.6948478, 49.7857877, 0], [37.6886724, 49.788554, 0], [37.685239, 49.7901887, 0], [37.7042769, 49.8210402, 0], [37.7124617, 49.8334674, 0], [37.7049483, 49.8353771, 0], [37.7024472, 49.8399508, 0], [37.7011484, 49.8486754, 0], [37.7033897, 49.8506886, 0], [37.707734, 49.8529785, 0], [37.7161234, 49.856783, 0], [37.7260153, 49.8590385, 0], [37.7282615, 49.8607055, 0], [37.7327465, 49.8661068, 0], [37.7322533, 49.8753806, 0], [37.7404599, 49.8845231, 0], [37.7548533, 49.8975943, 0], [37.7667561, 49.8996539, 0], [37.7737493, 49.9070916, 0], [37.7854396, 49.9323385, 0], [37.7930045, 49.9406455, 0], [37.8022039, 49.9430982, 0], [37.8072596, 49.9540787, 0], [37.8198726, 49.9562244, 0], [37.831706, 49.9716469, 0], [37.8546974, 49.9702386, 0], [37.8749089, 49.9800635, 0], [37.8866634, 49.9801715, 0], [37.8875152, 49.9877814, 0], [37.8928326, 49.9890988, 0], [37.9017572, 50.0036588, 0], [37.9130761, 50.0030781, 0], [37.9247364, 50.012396, 0], [37.940048, 50.0151423, 0], [37.9620412, 49.9829178, 0], [37.9658088, 49.9793041, 0], [37.9805616, 49.9767935, 0], [37.9990746, 49.9636008, 0], [38.0053728, 49.9672453, 0], [38.0436866, 49.932897, 0], [38.0123668, 49.9184972, 0], [38.0339211, 49.9047607, 0], [38.0564641, 49.9232466, 0], [38.1249937, 49.942552, 0], [38.1266822, 49.9221503, 0], [38.1715654, 49.9419009, 0], [38.1624019, 49.9514961, 0], [38.1963316, 49.9697594, 0], [38.2171261, 49.9871815, 0], [38.2108518, 49.9892474, 0], [38.207712, 49.9915109, 0], [38.2045784, 49.9976439, 0], [38.2051352, 50.0010043, 0], [38.2027285, 50.0018361, 0], [38.2007857, 50.0037784, 0], [38.2011173, 50.0047277, 0], [38.1972857, 50.008256, 0], [38.1920541, 50.0145947, 0], [38.1868309, 50.0216899, 0], [38.1854156, 50.0222224, 0], [38.1861491, 50.0229471, 0], [38.1882453, 50.0236029, 0], [38.1879231, 50.04072, 0], [38.183827, 50.0458318, 0], [38.1850665, 50.0556923, 0], [38.1785682, 50.0799688, 0], [38.2540601, 50.0725084, 0], [38.2757814, 50.0734395, 0], [38.2914934, 50.0794364, 0], [38.301154, 50.087142, 0], [38.3131955, 50.088337, 0], [38.3294421, 50.08551, 0], [38.3339758, 50.0590927, 0], [38.3512004, 50.0347406, 0], [38.3541639, 50.0190482, 0], [38.3495747, 50.006444, 0], [38.3975626, 49.990585, 0], [38.4160076, 49.981338, 0], [38.4340951, 50.0010186, 0], [38.4680396, 49.9952467, 0], [38.4659138, 49.9839611, 0], [38.4775197, 49.9832711, 0], [38.4833004, 49.9765278, 0], [38.4877059, 49.963602, 0], [38.5078984, 49.9640299, 0], [38.5267154, 49.9582706, 0], [38.5815696, 49.977416, 0], [38.6160779, 49.9743898, 0], [38.6461959, 49.9559371, 0], [38.6669406, 49.9721563, 0], [38.6797311, 49.9744937, 0], [38.676054, 49.9928137, 0], [38.6790523, 50.0054483, 0], [38.6875456, 50.0081524, 0], [38.7151365, 49.9877098, 0], [38.7153149, 49.9823836, 0], [38.6852998, 49.9603436, 0], [38.6929003, 49.9347656, 0], [38.7232471, 49.9270052, 0], [38.7338456, 49.9050248, 0], [38.7438467, 49.897307, 0], [38.7682317, 49.896044, 0], [38.7776828, 49.8853198, 0], [38.7834876, 49.881113, 0], [38.7901498, 49.8785098, 0], [38.7949575, 49.8833098, 0], [38.8224322, 49.8789842, 0], [38.8251048, 49.8789649, 0], [38.8267328, 49.8784448, 0], [38.8285842, 49.8771719, 0], [38.8336541, 49.8748065, 0], [38.8348623, 49.8746547, 0], [38.8355794, 49.8744587, 0], [38.8364145, 49.8738963, 0], [38.8373917, 49.8722224, 0], [38.8353709, 49.8709644, 0], [38.8363462, 49.8673664, 0], [38.839345, 49.8657616, 0], [38.8432897, 49.865145, 0], [38.8456689, 49.8658095, 0], [38.8491041, 49.865103, 0], [38.8567132, 49.8691394, 0], [38.8693985, 49.8644883, 0], [38.874563, 49.866638, 0], [38.8764156, 49.8694227, 0], [38.8984669, 49.8704163, 0], [38.9093376, 49.8601028, 0], [38.9164883, 49.8599253, 0], [38.9186475, 49.8578998, 0], [38.90967, 49.8508492, 0], [38.9050495, 49.8491492, 0], [38.9067062, 49.8450441, 0], [38.9122246, 49.8443151, 0], [38.9138777, 49.8361141, 0], [38.9113984, 49.8345887, 0], [38.9150941, 49.8310586, 0], [38.9135074, 49.8286295, 0], [38.9073925, 49.8284121, 0], [38.9093724, 49.8191695, 0], [38.9191242, 49.8146652, 0], [38.9161629, 49.8127235, 0], [38.9191886, 49.8089419, 0], [38.9203573, 49.8049462, 0], [38.9286996, 49.8038881, 0], [38.9274206, 49.8013809, 0], [38.927811, 49.7985761, 0], [38.9307528, 49.7971736, 0], [38.9329103, 49.7975803, 0], [38.9334741, 49.7997781, 0], [38.9403505, 49.8008884, 0], [38.9466628, 49.7978063, 0], [38.9490948, 49.7961019, 0], [38.9711376, 49.8072206, 0], [38.9849055, 49.8077831, 0], [39.02166, 49.8209101, 0], [39.033522, 49.8223722, 0], [39.0662328, 49.8153488, 0], [39.069763, 49.8187306, 0], [39.1103662, 49.8377731, 0], [39.1307382, 49.861568, 0], [39.1784018, 49.888001, 0], [39.188395, 49.8862222, 0], [39.2256563, 49.8401842, 0], [39.228114, 49.8165027, 0], [39.228992, 49.8084322, 0], [39.2391461, 49.7982264, 0], [39.2403717, 49.7911227, 0], [39.2503713, 49.7778017, 0], [39.2646388, 49.7684801, 0], [39.2754705, 49.7680264, 0], [39.28556, 49.7556663, 0], [39.3079236, 49.7530435, 0], [39.3769627, 49.7384241, 0], [39.4120621, 49.7531109, 0], [39.4382009, 49.7600062, 0], [39.4787607, 49.7564746, 0], [39.5338346, 49.7408478, 0], [39.6101091, 49.7337983, 0], [39.5913601, 49.7191335, 0], [39.613305, 49.6913621, 0], [39.6383788, 49.6350998, 0], [39.6599951, 49.6148107, 0], [39.6869259, 49.611558, 0], [39.6967474, 49.6042914, 0], [39.7127471, 49.6059228, 0], [39.7502318, 49.5967191, 0], [39.8053125, 49.5580501, 0], [39.8389138, 49.5635177, 0], [39.8902242, 49.5583589, 0], [39.9346008, 49.572783, 0], [39.9522226, 49.596549, 0], [40.0567287, 49.6065734, 0], [40.0635377, 49.5992332, 0], [40.1352584, 49.6162537, 0], [40.139525, 49.5962742, 0], [40.1684346, 49.5689206, 0], [40.037599, 49.5198952, 0], [40.04176, 49.4991027, 0], [40.0291895, 49.4535986, 0], [40.0472045, 49.4448782, 0], [40.0595506, 49.4352626, 0], [40.0769088, 49.4099572, 0], [40.1056311, 49.3912919, 0], [40.1134017, 49.3856956, 0], [40.1295486, 49.3823809, 0], [40.1445985, 49.3776671, 0], [40.156906, 49.3726686, 0], [40.1626028, 49.3678371, 0], [40.1598053, 49.3660175, 0], [40.1701818, 49.3564001, 0], [40.1764287, 49.3566185, 0], [40.196814, 49.3452278, 0], [40.1885261, 49.3074433, 0], [40.1840397, 49.3039851, 0], [40.1857451, 49.2842881, 0], [40.2192639, 49.2651715, 0], [40.2208062, 49.2577735, 0], [40.2143705, 49.2448867, 0], [40.2088148, 49.242226, 0], [40.1882278, 49.2386257, 0], [40.1770838, 49.2374891, 0], [40.1372265, 49.239885, 0], [40.1229698, 49.2309907, 0], [40.1082896, 49.2108827, 0], [40.0927592, 49.2031637, 0], [40.0761297, 49.1868276, 0], [40.031575, 49.1802406, 0], [39.9727245, 49.1252934, 0], [39.958701, 49.1055643, 0], [39.9455145, 49.0897976, 0], [39.9381691, 49.0827982, 0], [39.942532, 49.0713467, 0], [39.9379507, 49.0562772, 0], [39.9102626, 49.0574623, 0], [39.8803048, 49.0643197, 0], [39.8203094, 49.0583019, 0], [39.8031433, 49.0592018, 0], [39.7871328, 49.0493582, 0], [39.7666226, 49.0401318, 0], [39.7403201, 49.0422198, 0], [39.6933662, 49.0505397, 0], [39.6820889, 49.0457791, 0], [39.673217, 49.0393297, 0], [39.6835816, 49.0369246, 0], [39.6817358, 49.0287326, 0], [39.6756634, 49.0268881, 0], [39.6736576, 49.0149338, 0], [39.6792044, 49.0128865, 0], [39.6702767, 49.0031482, 0], [39.6634114, 49.0008718, 0], [39.6769304, 48.9895384, 0], [39.6911238, 48.9962895, 0], [39.6911344, 48.9969722, 0], [39.6932693, 48.9993021, 0], [39.6952703, 48.999046, 0], [39.6963807, 48.9993881, 0], [39.6970379, 49.000206, 0], [39.6981028, 49.0008268, 0], [39.6992884, 49.0009703, 0], [39.7038248, 48.9993304, 0], [39.7056744, 48.9976415, 0], [39.7063954, 48.9961067, 0], [39.7076098, 48.9955432, 0], [39.7084981, 48.9944314, 0], [39.7076186, 48.9935901, 0], [39.7077047, 48.9927417, 0], [39.7083276, 48.992446, 0], [39.7097153, 48.9926127, 0], [39.7115482, 48.9918026, 0], [39.7118037, 48.9908274, 0], [39.7126395, 48.9901287, 0], [39.7146073, 48.9901109, 0], [39.7153496, 48.9897089, 0], [39.7154075, 48.9885802, 0], [39.7157117, 48.9879918, 0], [39.7167695, 48.9870667, 0], [39.7169186, 48.9862422, 0], [39.7164999, 48.9856102, 0], [39.7167236, 48.9849123, 0], [39.7174133, 48.9845882, 0], [39.7176175, 48.9843629, 0], [39.7179234, 48.9833772, 0], [39.7176226, 48.9823543, 0], [39.7189764, 48.9816292, 0], [39.721521, 48.9812885, 0], [39.7233642, 48.9805198, 0], [39.7252267, 48.9802357, 0], [39.7263809, 48.9794609, 0], [39.7264818, 48.9786786, 0], [39.7244781, 48.9780682, 0], [39.7248201, 48.9765649, 0], [39.7270045, 48.9755913, 0], [39.730221, 48.9767382, 0], [39.7298327, 48.9780683, 0], [39.7328018, 48.9794291, 0], [39.7333677, 48.9807476, 0], [39.7360446, 48.9824833, 0], [39.7472679, 48.9874123, 0], [39.7520804, 48.9865922, 0], [39.7768793, 48.9460251, 0], [39.7900973, 48.9384708, 0], [39.7823723, 48.9157447, 0], [39.805377, 48.9148422, 0], [39.8189362, 48.907791, 0], [39.8337412, 48.9008231, 0], [39.8367889, 48.9030519, 0], [39.8458018, 48.9029108, 0], [39.853161, 48.8907371, 0], [39.924336, 48.895717, 0], [39.9403091, 48.8866911, 0], [39.9506521, 48.8754591, 0], [39.9934295, 48.8682857, 0], [40.0039798, 48.9007927, 0], [40.0180629, 48.9077912, 0], [40.0311949, 48.9158013, 0], [40.0484954, 48.9101863, 0], [40.0554947, 48.9100982, 0], [40.0712862, 48.876975, 0], [40.0788309, 48.8698666, 0], [39.9764028, 48.7939027, 0], [39.9367367, 48.8007946, 0], [39.8862549, 48.8209457, 0], [39.8304389, 48.8335543, 0], [39.8278316, 48.831465, 0], [39.8075031, 48.838581, 0], [39.808044, 48.8394801, 0], [39.8046722, 48.8435763, 0], [39.7971263, 48.8405757, 0], [39.7858537, 48.7991578, 0], [39.7801942, 48.7860818, 0], [39.7776384, 48.7848687, 0], [39.7734948, 48.7844189, 0], [39.7715164, 48.7834911, 0], [39.7697056, 48.780787, 0], [39.7662131, 48.7791678, 0], [39.7654511, 48.7780788, 0], [39.7658051, 48.7765126, 0], [39.7656442, 48.7754979, 0], [39.7639706, 48.7745995, 0], [39.7624264, 48.7725623, 0], [39.7627706, 48.7716989, 0], [39.7636297, 48.7710335, 0], [39.766036, 48.7710309, 0], [39.7686596, 48.7693288, 0], [39.7685507, 48.7663095, 0], [39.7662045, 48.7642371, 0], [39.7609401, 48.7638619, 0], [39.7553033, 48.7679767, 0], [39.7400815, 48.7664179, 0], [39.7363764, 48.7521826, 0], [39.736921, 48.7488979, 0], [39.7387363, 48.7474767, 0], [39.7395753, 48.7444779, 0], [39.7393649, 48.7436306, 0], [39.7384079, 48.7432237, 0], [39.7373091, 48.743188, 0], [39.7361846, 48.7433996, 0], [39.7354377, 48.7437944, 0], [39.7350167, 48.7444426, 0], [39.7344966, 48.7449323, 0], [39.733671, 48.7451619, 0], [39.7321916, 48.7443334, 0], [39.7316469, 48.7420964, 0], [39.7288815, 48.7410904, 0], [39.7250112, 48.7404521, 0], [39.7255989, 48.7376807, 0], [39.7240625, 48.734598, 0], [39.7227063, 48.7318855, 0], [39.7266149, 48.7293715, 0], [39.7254634, 48.7270896, 0], [39.7048377, 48.7214631, 0], [39.7122616, 48.7159156, 0], [39.7125611, 48.7116703, 0], [39.7044919, 48.7068047, 0], [39.7131581, 48.7008348, 0], [39.7178755, 48.7033612, 0], [39.7202113, 48.6972033, 0], [39.7159652, 48.695208, 0], [39.7188272, 48.6933173, 0], [39.7166814, 48.6899344, 0], [39.718497, 48.6874289, 0], [39.7206021, 48.6867579, 0], [39.7207782, 48.6863296, 0], [39.7226753, 48.685055, 0], [39.7232026, 48.6840774, 0], [39.7230648, 48.6834469, 0], [39.7226817, 48.6833759, 0], [39.7216153, 48.6824264, 0], [39.7203409, 48.681944, 0], [39.7170839, 48.6814396, 0], [39.7141965, 48.6802254, 0], [39.7134978, 48.6761279, 0], [39.7121127, 48.6746516, 0], [39.707944, 48.6727922, 0], [39.704033, 48.6714854, 0], [39.702434, 48.6705154, 0], [39.7017208, 48.6694045, 0], [39.7024774, 48.6684353, 0], [39.7029015, 48.6672252, 0], [39.7032933, 48.6668371, 0], [39.7042601, 48.6666234, 0], [39.7050127, 48.6669183, 0], [39.707323, 48.6669638, 0], [39.7088219, 48.6677581, 0], [39.7102909, 48.6680627, 0], [39.7109443, 48.6676942, 0], [39.7113082, 48.6672185, 0], [39.7107302, 48.6639445, 0], [39.7095261, 48.6622539, 0], [39.7097211, 48.6608817, 0], [39.7096549, 48.6600033, 0], [39.7104079, 48.6580629, 0], [39.7113809, 48.6568763, 0], [39.7109802, 48.6555171, 0], [39.7106868, 48.6550367, 0], [39.709877, 48.6545451, 0], [39.7089808, 48.6546183, 0], [39.7064356, 48.6569728, 0], [39.7050109, 48.6563498, 0], [39.7043634, 48.6551469, 0], [39.7032914, 48.6543409, 0], [39.7022695, 48.6533094, 0], [39.6999035, 48.652604, 0], [39.6973541, 48.65103, 0], [39.6937148, 48.6494079, 0], [39.6912413, 48.6463219, 0], [39.6915299, 48.644962, 0], [39.6937698, 48.6432083, 0], [39.6943624, 48.6396733, 0], [39.6942396, 48.6376143, 0], [39.6937843, 48.6367714, 0], [39.6931611, 48.6362378, 0], [39.6906421, 48.6354833, 0], [39.6877685, 48.6328233, 0], [39.6800633, 48.6294977, 0], [39.6715351, 48.624331, 0], [39.6668727, 48.6200648, 0], [39.6661695, 48.6177206, 0], [39.6637976, 48.6130042, 0], [39.6614469, 48.6109039, 0], [39.6606231, 48.6090898, 0], [39.661023, 48.6065514, 0], [39.6633738, 48.6049218, 0], [39.6671134, 48.6052312, 0], [39.6689122, 48.6050365, 0], [39.6705761, 48.6045881, 0], [39.6711894, 48.6039545, 0], [39.6709438, 48.6032183, 0], [39.668158, 48.6013107, 0], [39.6681762, 48.5981814, 0], [39.6688065, 48.5965669, 0], [39.6700615, 48.5957732, 0], [39.6714269, 48.5954506, 0], [39.6735293, 48.5959049, 0], [39.6752736, 48.5969399, 0], [39.6760012, 48.5979503, 0], [39.6770487, 48.5983108, 0], [39.6786713, 48.5981205, 0], [39.6800407, 48.5973815, 0], [39.6806079, 48.5964024, 0], [39.6796545, 48.5954755, 0], [39.6781781, 48.5958601, 0], [39.6760176, 48.5947213, 0], [39.6754183, 48.5935416, 0], [39.6758393, 48.5917852, 0], [39.6764776, 48.5908626, 0], [39.6787987, 48.5900941, 0], [39.6794674, 48.5906025, 0], [39.6793619, 48.5918075, 0], [39.6809519, 48.5926356, 0], [39.6826722, 48.5926894, 0], [39.6871009, 48.5892083, 0], [39.6872709, 48.5870843, 0], [39.6772901, 48.5875652, 0], [39.6765177, 48.5881898, 0], [39.672226, 48.5884168, 0], [39.6675909, 48.5867705, 0], [39.6587505, 48.5856348, 0], [39.657549, 48.5846696, 0], [39.6353187, 48.5800421, 0], [39.6319715, 48.5806951, 0], [39.6236458, 48.5860891, 0], [39.6228303, 48.5863731, 0], [39.621929, 48.5858053, 0], [39.6212424, 48.5819441, 0], [39.6175517, 48.5771177, 0], [39.6137321, 48.5749028, 0], [39.6124877, 48.5729153, 0], [39.6080245, 48.5727165, 0], [39.6036471, 48.5741079, 0], [39.596315, 48.5750316, 0], [39.5949908, 48.5766935, 0], [39.5948066, 48.5793322, 0], [39.600643, 48.5857484, 0], [39.6040762, 48.5862595, 0], [39.6050204, 48.5867705, 0], [39.6045913, 48.5888143, 0], [39.6017588, 48.5915393, 0], [39.5963515, 48.5923909, 0], [39.5925379, 48.591299, 0], [39.5817729, 48.5850406, 0], [39.5777815, 48.5828829, 0], [39.5765372, 48.5812363, 0], [39.5733488, 48.5805247, 0], [39.5680736, 48.5818525, 0], [39.5629697, 48.5836344, 0], [39.5631476, 48.5862329, 0], [39.5660531, 48.5883033, 0], [39.5672794, 48.5902411, 0], [39.567304, 48.5921221, 0], [39.5656367, 48.5939539, 0], [39.5633068, 48.5974431, 0], [39.5617617, 48.5980108, 0], [39.5586718, 48.5980108, 0], [39.5512045, 48.5955699, 0], [39.5494879, 48.5932424, 0], [39.5505609, 48.5885871, 0], [39.5493162, 48.5859755, 0], [39.5450247, 48.5839315, 0], [39.5373858, 48.5833923, 0], [39.5312059, 48.5842722, 0], [39.5287169, 48.5859471, 0], [39.5269143, 48.5895523, 0], [39.5281334, 48.5918429, 0], [39.5332101, 48.593633, 0], [39.53359, 48.5954628, 0], [39.532425, 48.596441, 0], [39.5280477, 48.597179, 0], [39.525387, 48.5982007, 0], [39.5226355, 48.6029792, 0], [39.523481, 48.6051057, 0], [39.5272821, 48.6082772, 0], [39.5278218, 48.6094624, 0], [39.5271845, 48.6112652, 0], [39.5257254, 48.6130243, 0], [39.5167863, 48.6181009, 0], [39.5116491, 48.621876, 0], [39.5119798, 48.6235478, 0], [39.5154257, 48.6261878, 0], [39.5162713, 48.6279728, 0], [39.5167131, 48.6299887, 0], [39.5160265, 48.632201, 0], [39.5140898, 48.6338391, 0], [39.5104364, 48.6344562, 0], [39.500437, 48.632556, 0], [39.4955448, 48.6321306, 0], [39.4930128, 48.6304288, 0], [39.4862749, 48.6288972, 0], [39.4841506, 48.6282023, 0], [39.476104, 48.6287553, 0], [39.4685938, 48.6274506, 0], [39.4656326, 48.628188, 0], [39.464013, 48.6310664, 0], [39.4642705, 48.634016, 0], [39.4673921, 48.6372355, 0], [39.4658154, 48.6386672, 0], [39.4575645, 48.6386535, 0], [39.4542171, 48.6397878, 0], [39.4516422, 48.6410356, 0], [39.4495774, 48.6445597, 0], [39.4497999, 48.6504034, 0], [39.45131, 48.6517105, 0], [39.4533874, 48.6528147, 0], [39.452375, 48.6547127, 0], [39.4501783, 48.6556738, 0], [39.4465035, 48.6563032, 0], [39.4389503, 48.6549424, 0], [39.4323254, 48.6567511, 0], [39.4207479, 48.6582252, 0], [39.4142345, 48.6566941, 0], [39.4106961, 48.6576582, 0], [39.4080354, 48.6598127, 0], [39.4082071, 48.6614568, 0], [39.4135284, 48.6668422, 0], [39.4138719, 48.6684294, 0], [39.4117261, 48.6705266, 0], [39.4058231, 48.6738138, 0], [39.4026474, 48.6744372, 0], [39.3979931, 48.6746075, 0], [39.3905259, 48.6788014, 0], [39.3891718, 48.680388, 0], [39.3909313, 48.6837598, 0], [39.389601, 48.6847515, 0], [39.3817046, 48.6855165, 0], [39.3795588, 48.6862814, 0], [39.3779881, 48.6862391, 0], [39.3673187, 48.691976, 0], [39.3658924, 48.692231, 0], [39.3603134, 48.6958003, 0], [39.3559553, 48.6972163, 0], [39.3505051, 48.707639, 0], [39.3486596, 48.7087153, 0], [39.3468571, 48.7122268, 0], [39.3486404, 48.713473, 0], [39.3541336, 48.7132465, 0], [39.3601611, 48.7156814, 0], [39.365268, 48.7168424, 0], [39.3704606, 48.7159645, 0], [39.3720818, 48.7159364, 0], [39.3737889, 48.7174938, 0], [39.3741848, 48.7186546, 0], [39.3726065, 48.7198719, 0], [39.3691304, 48.7200702, 0], [39.3615344, 48.7223068, 0], [39.355226, 48.7252511, 0], [39.3537238, 48.7268931, 0], [39.3540746, 48.7296483, 0], [39.3570785, 48.7323091, 0], [39.3588772, 48.7339037, 0], [39.3588735, 48.7361776, 0], [39.3581944, 48.7370077, 0], [39.349268, 48.7424983, 0], [39.3472079, 48.745781, 0], [39.3470287, 48.7502144, 0], [39.346178, 48.7510443, 0], [39.3431406, 48.7573631, 0], [39.3433649, 48.7592115, 0], [39.3455302, 48.7616634, 0], [39.3491746, 48.7621539, 0], [39.3513279, 48.7630966, 0], [39.3538953, 48.765492, 0], [39.3545036, 48.7668307, 0], [39.3527834, 48.7679435, 0], [39.3510629, 48.7685469, 0], [39.3472451, 48.7683868, 0], [39.3403377, 48.766303, 0], [39.3361358, 48.7659821, 0], [39.3316726, 48.7666043, 0], [39.326605, 48.768311, 0], [39.3260862, 48.7700176, 0], [39.327485, 48.7721107, 0], [39.3279744, 48.7736946, 0], [39.3262579, 48.7755612, 0], [39.3245486, 48.7760513, 0], [39.3145923, 48.7748068, 0], [39.3118456, 48.7740715, 0], [39.308834, 48.7719976, 0], [39.3030909, 48.7654163, 0], [39.299915, 48.7630401, 0], [39.2926196, 48.7606073, 0], [39.2914962, 48.7594381, 0], [39.2906454, 48.7562503, 0], [39.2892828, 48.7536855, 0], [39.2895221, 48.7515159, 0], [39.286436, 48.7489032, 0], [39.2820625, 48.7486107, 0], [39.2788895, 48.7493413, 0], [39.2766606, 48.7523355, 0], [39.2747777, 48.7536833, 0], [39.272385, 48.7538889, 0], [39.2708111, 48.752761, 0], [39.2703037, 48.751214, 0], [39.2716769, 48.7477619, 0], [39.2708112, 48.7439889, 0], [39.2686652, 48.7419513, 0], [39.2644702, 48.7412546, 0], [39.2585371, 48.7427437, 0], [39.2563131, 48.7422719, 0], [39.2550255, 48.740687, 0], [39.2552841, 48.7387765, 0], [39.2592313, 48.7338376, 0], [39.2561413, 48.726874, 0], [39.2539646, 48.7244039, 0], [39.2533091, 48.7220612, 0], [39.2539023, 48.720155, 0], [39.2497824, 48.7125666, 0], [39.2435169, 48.7096215, 0], [39.2395901, 48.709127, 0], [39.2359926, 48.7110903, 0], [39.2323663, 48.7114148, 0], [39.2267874, 48.7089794, 0], [39.2248989, 48.7067705, 0], [39.2194058, 48.7051845, 0], [39.2125393, 48.7012195, 0], [39.207175, 48.6983021, 0], [39.2031839, 48.6986137, 0], [39.2003727, 48.7000016, 0], [39.1991498, 48.7022673, 0], [39.1983558, 48.7057793, 0], [39.1975189, 48.7064873, 0], [39.1965103, 48.7065157, 0], [39.1951083, 48.7039008, 0], [39.1909024, 48.6998222, 0], [39.1854168, 48.6934014, 0], [39.1816402, 48.6857524, 0], [39.1742513, 48.6803313, 0], [39.1633508, 48.6757409, 0], [39.1574358, 48.6753817, 0], [39.1519428, 48.6762885, 0], [39.1486736, 48.6752874, 0], [39.1445144, 48.6709135, 0], [39.1419006, 48.6666528, 0], [39.1416432, 48.6650656, 0], [39.1426731, 48.6635349, 0], [39.1419864, 48.6608705, 0], [39.1394898, 48.6596423, 0], [39.1273093, 48.6604736, 0], [39.1231894, 48.6600201, 0], [39.1168304, 48.6567508, 0], [39.1119381, 48.6533489, 0], [39.1036199, 48.6498709, 0], [39.0985561, 48.6508915, 0], [39.084909, 48.6506647, 0], [39.0758966, 48.6516286, 0], [39.0743517, 48.6504379, 0], [39.0548681, 48.6470355, 0], [39.0426802, 48.6464684, 0], [39.0380844, 48.6471869, 0], [39.0355485, 48.6482454, 0], [39.0334496, 48.6519783, 0], [39.0322087, 48.652876, 0], [39.0285105, 48.6530086, 0], [39.019155, 48.6569775, 0], [39.0123742, 48.6583382, 0], [39.0103182, 48.6600862, 0], [39.0096352, 48.6626278, 0], [39.0129825, 48.6640451, 0], [39.0185616, 48.6641017, 0], [39.0216515, 48.6624011, 0], [39.0254279, 48.6619759, 0], [39.027488, 48.6632514, 0], [39.0262863, 48.6672762, 0], [39.023883, 48.6698837, 0], [39.0205358, 48.6722643, 0], [39.0202783, 48.6756083, 0], [39.0195841, 48.6791411, 0], [39.0163693, 48.680945, 0], [39.0143558, 48.6834289, 0], [39.0157292, 48.6886421, 0], [39.01555, 48.6948935, 0], [39.0048287, 48.6963474, 0], [39.001817, 48.6980094, 0], [38.9998504, 48.7001997, 0], [38.9995071, 48.7039949, 0], [38.9982198, 48.7076767, 0], [38.9989883, 48.7111978, 0], [38.9969247, 48.7116038, 0], [38.9919248, 48.7100039, 0], [38.9869253, 48.7101597, 0], [38.9843076, 48.7118303, 0], [38.9847443, 48.7136235, 0], [38.988864, 48.7152092, 0], [38.9939206, 48.716191, 0], [38.9980481, 48.7174744, 0], [38.9993354, 48.7196263, 0], [38.9983914, 48.7242694, 0], [38.9914389, 48.7306106, 0], [38.9895432, 48.7349888, 0], [38.9844583, 48.737582, 0], [38.9822053, 48.7402883, 0], [38.9823341, 48.7421915, 0], [38.9812181, 48.7438471, 0], [38.9788143, 48.7448944, 0], [38.974999, 48.7447654, 0], [38.972565, 48.7435858, 0], [38.9698345, 48.7437486, 0], [38.9669485, 48.7452061, 0], [38.9640946, 48.7461965, 0], [38.9611333, 48.7461395, 0], [38.9599318, 48.7429131, 0], [38.9612192, 48.7399132, 0], [38.9610475, 48.7365172, 0], [38.9569485, 48.734069, 0], [38.9460695, 48.7344511, 0], [38.9437095, 48.7338565, 0], [38.9340107, 48.7357814, 0], [38.9324656, 48.7368002, 0], [38.934354, 48.7429134, 0], [38.937959, 48.7440736, 0], [38.9388603, 48.745814, 0], [38.938281, 48.7466842, 0], [38.9369612, 48.7471193, 0], [38.9350567, 48.7468558, 0], [38.9336673, 48.7460263, 0], [38.9306522, 48.7452765, 0], [38.9246333, 48.745036, 0], [38.9227237, 48.7450076, 0], [38.9213076, 48.7446113, 0], [38.9199692, 48.7434228, 0], [38.9180301, 48.7429135, 0], [38.9143233, 48.7443851, 0], [38.9125746, 48.7468754, 0], [38.911137, 48.7480073, 0], [38.9087767, 48.7492524, 0], [38.9047423, 48.7506104, 0], [38.9010944, 48.7509076, 0], [38.8988199, 48.7501862, 0], [38.8920393, 48.7504407, 0], [38.881332, 48.7501863, 0], [38.8802377, 48.7506107, 0], [38.879079, 48.7524782, 0], [38.8776197, 48.7525911, 0], [38.8716946, 48.7513075, 0], [38.8638811, 48.7513818, 0], [38.8609575, 48.7507381, 0], [38.8606035, 48.7497902, 0], [38.8593804, 48.7495921, 0], [38.8553895, 48.7496484, 0], [38.8471497, 48.7429134, 0], [38.8360776, 48.7232693, 0], [38.8300695, 48.7170404, 0], [38.8084401, 48.713416, 0], [38.7670695, 48.7143222, 0], [38.7535158, 48.7184937, 0], [38.6917155, 48.7293629, 0], [38.7055563, 48.7754613, 0], [38.5596903, 48.8300678, 0]]]}}, {"type": "Feature", "properties": {"name": "\u041e\u043a\u0443\u043f\u043e\u0432\u0430\u043d\u043e /// Occupied\n", "date": "2023-02-27"}, "geometry": {"type": "Polygon", "coordinates": [[[37.6878504, 48.0547535, 0], [37.6794605, 48.049407, 0], [37.6699861, 48.0433634, 0], [37.6478104, 48.0289444, 0], [37.6226618, 48.0194438, 0], [37.6164821, 48.0180947, 0], [37.6013759, 48.0169465, 0], [37.5885656, 48.0160207, 0], [37.5754335, 48.0139536, 0], [37.5733939, 48.0068986, 0], [37.556143, 48.0098553, 0], [37.5496206, 47.9973638, 0], [37.5585462, 47.986451, 0], [37.5484825, 47.9792624, 0], [37.5482264, 47.9864436, 0], [37.5431618, 47.9954325, 0], [37.543246, 47.9983477, 0], [37.5482884, 48.0071995, 0], [37.5585248, 48.0140971, 0], [37.5707975, 48.0142412, 0], [37.5734594, 48.0323812, 0], [37.5811089, 48.0343791, 0], [37.5805189, 48.037697, 0], [37.584727, 48.0382063, 0], [37.5843434, 48.0442536, 0], [37.5852474, 48.044275, 0], [37.5857851, 48.038418, 0], [37.5910648, 48.0393112, 0], [37.5904535, 48.048498, 0], [37.5931763, 48.0543948, 0], [37.5911044, 48.0541877, 0], [37.5908778, 48.0550132, 0], [37.5931906, 48.0555043, 0], [37.5931305, 48.0606977, 0], [37.5928995, 48.0615929, 0], [37.6037142, 48.0619083, 0], [37.60433, 48.0629755, 0], [37.6059947, 48.0651904, 0], [37.6108756, 48.0673488, 0], [37.614774, 48.0695737, 0], [37.6288078, 48.0655809, 0], [37.636797, 48.0717114, 0], [37.6404408, 48.0758679, 0], [37.6354058, 48.0787613, 0], [37.6291154, 48.0836504, 0], [37.6309908, 48.0844896, 0], [37.6358339, 48.0812968, 0], [37.6393898, 48.0880808, 0], [37.6361727, 48.0990776, 0], [37.626667, 48.1017671, 0], [37.6269455, 48.1043418, 0], [37.6408217, 48.1016224, 0], [37.655988, 48.1003596, 0], [37.6620263, 48.1006885, 0], [37.6716694, 48.1007876, 0], [37.6843724, 48.1024498, 0], [37.687382, 48.1037761, 0], [37.6920626, 48.1037228, 0], [37.6933527, 48.1026091, 0], [37.6963786, 48.0993579, 0], [37.7023216, 48.0997463, 0], [37.7099276, 48.1005652, 0], [37.7133226, 48.1006445, 0], [37.7134702, 48.1046865, 0], [37.7170036, 48.1110874, 0], [37.7257448, 48.1125535, 0], [37.7303429, 48.0984669, 0], [37.7328207, 48.0915983, 0], [37.7401052, 48.0910064, 0], [37.7464791, 48.0909703, 0], [37.7631824, 48.0947263, 0], [37.7665297, 48.1010318, 0], [37.7696197, 48.104127, 0], [37.7796618, 48.1058464, 0], [37.7901733, 48.1108621, 0], [37.7916224, 48.1124447, 0], [37.7961616, 48.1139699, 0], [37.8002004, 48.1149655, 0], [37.7920214, 48.1045282, 0], [37.7892831, 48.1001774, 0], [37.7730529, 48.0920319, 0], [37.7564355, 48.0866703, 0], [37.7463065, 48.0734746, 0], [37.7427884, 48.0727514, 0], [37.6997015, 48.0722042, 0], [37.6930492, 48.0693073, 0], [37.6877494, 48.0618935, 0], [37.6942941, 48.0565448, 0], [37.6911989, 48.0534065, 0], [37.6878504, 48.0547535, 0]]]}}, {"type": "Feature", "properties": {"name": "\u041e\u043a\u0443\u043f\u043e\u0432\u0430\u043d\u0438\u0439 \u041a\u0440\u0438\u043c /// Occupied Crimea", "date": "2023-02-27"}, "geometry": {"type": "Polygon", "coordinates": [[[35.2014582, 45.5233432, 0], [35.3112561, 45.411424, 0], [35.3820643, 45.3525144, 0], [35.467835, 45.3075439, 0], [35.4987587, 45.3061765, 0], [35.5258253, 45.2911927, 0], [35.6329034, 45.3245839, 0], [35.7155703, 45.3384578, 0], [35.7248509, 45.3515944, 0], [35.7537278, 45.3665483, 0], [35.7609848, 45.3812582, 0], [35.7488888, 45.3846329, 0], [35.7457265, 45.3906603, 0], [35.7489289, 45.3963309, 0], [35.8023584, 45.4242928, 0], [35.8264752, 45.4401288, 0], [35.8183678, 45.4514182, 0], [35.8177466, 45.4588693, 0], [35.8236493, 45.4663203, 0], [35.8417749, 45.4744726, 0], [35.8678308, 45.4732506, 0], [35.8760595, 45.4638555, 0], [35.8636895, 45.4542195, 0], [35.8465069, 45.446506, 0], [35.8868417, 45.4077745, 0], [35.9412212, 45.3800441, 0], [35.99701, 45.3714908, 0], [36.0428495, 45.3840091, 0], [36.0689422, 45.404374, 0], [36.0687847, 45.4454632, 0], [36.1238705, 45.4636175, 0], [36.1703899, 45.4723606, 0], [36.2653446, 45.4785656, 0], [36.2936833, 45.483861, 0], [36.307976, 45.4754137, 0], [36.3228675, 45.4712969, 0], [36.3363024, 45.4742206, 0], [36.3400479, 45.4775846, 0], [36.3393304, 45.4825134, 0], [36.3448483, 45.4843068, 0], [36.3455144, 45.4808912, 0], [36.357563, 45.4716171, 0], [36.372894, 45.4713796, 0], [36.3766024, 45.4636891, 0], [36.40184, 45.450177, 0], [36.4154584, 45.4468248, 0], [36.4214228, 45.4460021, 0], [36.4324737, 45.4478753, 0], [36.4340095, 45.4506761, 0], [36.4420638, 45.4532818, 0], [36.4415354, 45.4554057, 0], [36.4471741, 45.4601348, 0], [36.4610927, 45.4564353, 0], [36.4705485, 45.4585138, 0], [36.4820621, 45.455771, 0], [36.495456, 45.450514, 0], [36.4997463, 45.4454839, 0], [36.506954, 45.4422601, 0], [36.5188279, 45.433521, 0], [36.5326724, 45.4271898, 0], [36.5478306, 45.4256107, 0], [36.5544666, 45.4243677, 0], [36.5659405, 45.4284433, 0], [36.5656719, 45.4366253, 0], [36.57528, 45.442252, 0], [36.5870361, 45.4412702, 0], [36.5982765, 45.438662, 0], [36.6063464, 45.4287203, 0], [36.6155303, 45.4222714, 0], [36.611498, 45.4149214, 0], [36.607593, 45.4125733, 0], [36.6112727, 45.407542, 0], [36.6346424, 45.391737, 0], [36.6411992, 45.3906659, 0], [36.6487328, 45.3829201, 0], [36.6432106, 45.3778134, 0], [36.6334998, 45.3756526, 0], [36.6301062, 45.3737863, 0], [36.6332174, 45.362811, 0], [36.6305692, 45.360521, 0], [36.6256434, 45.3607631, 0], [36.6120254, 45.3559382, 0], [36.6059899, 45.3477328, 0], [36.5965542, 45.3450314, 0], [36.5923381, 45.3465005, 0], [36.564437, 45.3471145, 0], [36.5443505, 45.3447352, 0], [36.5349814, 45.3456374, 0], [36.535225, 45.3499175, 0], [36.5182864, 45.351539, 0], [36.4836435, 45.3508635, 0], [36.4778117, 45.3491316, 0], [36.4720407, 45.3412333, 0], [36.4732904, 45.3307439, 0], [36.4888368, 45.3246085, 0], [36.499502, 45.3186747, 0], [36.4844376, 45.3054783, 0], [36.4351793, 45.2950728, 0], [36.4216626, 45.286584, 0], [36.4260118, 45.2786405, 0], [36.4363329, 45.2762391, 0], [36.4396195, 45.2716223, 0], [36.4357829, 45.2580657, 0], [36.4237068, 45.2452621, 0], [36.4230493, 45.2372296, 0], [36.4120194, 45.2258774, 0], [36.4039117, 45.2141617, 0], [36.4077336, 45.1934044, 0], [36.4077775, 45.1728889, 0], [36.4177792, 45.1642945, 0], [36.4214277, 45.1529159, 0], [36.4225424, 45.1369381, 0], [36.4258005, 45.1344018, 0], [36.4256283, 45.1288927, 0], [36.4331798, 45.1176913, 0], [36.4396986, 45.1167266, 0], [36.4546058, 45.105555, 0], [36.456018, 45.095623, 0], [36.4400958, 45.0833272, 0], [36.3909776, 45.0653589, 0], [36.372884, 45.0574746, 0], [36.3377238, 45.0583023, 0], [36.3093286, 45.0579225, 0], [36.2821366, 45.0549895, 0], [36.2491529, 45.0476867, 0], [36.2479305, 45.0406804, 0], [36.2256841, 45.0268156, 0], [36.2134931, 45.0280697, 0], [36.2010446, 45.0330226, 0], [36.1600369, 45.035925, 0], [36.07129, 45.0482523, 0], [36.035405, 45.0492158, 0], [36.0125613, 45.0449319, 0], [35.994952, 45.0351096, 0], [35.9842147, 45.0228593, 0], [35.9540827, 45.0112187, 0], [35.9258506, 45.019111, 0], [35.907658, 45.0180791, 0], [35.9002865, 45.0141894, 0], [35.8793425, 45.009765, 0], [35.870587, 45.0041863, 0], [35.8420962, 44.9983656, 0], [35.834801, 44.9992133, 0], [35.8282777, 45.0045517, 0], [35.8341133, 45.0091003, 0], [35.8297795, 45.0140758, 0], [35.8219474, 45.0192032, 0], [35.8101654, 45.0214182, 0], [35.8144831, 45.0333055, 0], [35.8048863, 45.0455584, 0], [35.7853272, 45.0576281, 0], [35.7778784, 45.0663038, 0], [35.7487927, 45.0814648, 0], [35.6921353, 45.1046258, 0], [35.6297695, 45.1223028, 0], [35.5849604, 45.1293588, 0], [35.5413462, 45.1258609, 0], [35.4510629, 45.0973661, 0], [35.4146384, 45.0754096, 0], [35.3893992, 45.0494442, 0], [35.3859656, 45.0352458, 0], [35.4126517, 45.0257778, 0], [35.4286932, 45.0129122, 0], [35.395224, 44.999343, 0], [35.3667392, 44.9925592, 0], [35.3584162, 44.9855521, 0], [35.3561029, 44.9773304, 0], [35.3940383, 44.954933, 0], [35.3829729, 44.943891, 0], [35.3518029, 44.954952, 0], [35.3443152, 44.9641879, 0], [35.3224657, 44.9592101, 0], [35.3228067, 44.9664406, 0], [35.3015176, 44.9657761, 0], [35.2949869, 44.9597113, 0], [35.2836408, 44.9661604, 0], [35.2712818, 44.9675955, 0], [35.2584087, 44.9609038, 0], [35.2498252, 44.9528227, 0], [35.2565197, 44.9384226, 0], [35.2436533, 44.9167916, 0], [35.2166123, 44.9090052, 0], [35.2056017, 44.9102155, 0], [35.1905563, 44.9078868, 0], [35.177573, 44.9009364, 0], [35.1693108, 44.9002472, 0], [35.1562446, 44.8869106, 0], [35.1441549, 44.8670023, 0], [35.1393909, 44.861252, 0], [35.1305686, 44.8293107, 0], [35.1331009, 44.8228116, 0], [35.1184551, 44.81723, 0], [35.1110222, 44.8070199, 0], [35.0939798, 44.8013751, 0], [35.0810615, 44.7906125, 0], [35.0644251, 44.7971082, 0], [35.0436659, 44.7994591, 0], [35.0472737, 44.8148367, 0], [35.0295032, 44.8282486, 0], [35.0007004, 44.8320303, 0], [34.9887006, 44.8280748, 0], [34.9809909, 44.8344654, 0], [34.9678234, 44.8380274, 0], [34.9425288, 44.8338415, 0], [34.9350343, 44.8300421, 0], [34.9209884, 44.8287508, 0], [34.9203178, 44.8215301, 0], [34.9120951, 44.8157703, 0], [34.8451661, 44.8132958, 0], [34.8309312, 44.8169077, 0], [34.763731, 44.815057, 0], [34.7479866, 44.8070582, 0], [34.7288112, 44.8078253, 0], [34.6778578, 44.7878556, 0], [34.6256282, 44.773956, 0], [34.5446135, 44.7410058, 0], [34.4749636, 44.7150709, 0], [34.4321494, 44.682765, 0], [34.4121761, 44.6588071, 0], [34.4039237, 44.6397506, 0], [34.3896775, 44.6288837, 0], [34.3834201, 44.6158768, 0], [34.3778919, 44.612309, 0], [34.3758165, 44.5917031, 0], [34.3543535, 44.5856814, 0], [34.349805, 44.5718498, 0], [34.3490348, 44.5467673, 0], [34.334843, 44.5455071, 0], [34.3201349, 44.5510937, 0], [34.3089458, 44.5520875, 0], [34.2603617, 44.5075556, 0], [34.1719835, 44.4910109, 0], [34.1289364, 44.4278782, 0], [34.0572323, 44.4165212, 0], [34.0349861, 44.4036735, 0], [33.9634064, 44.3888504, 0], [33.939412, 44.3896463, 0], [33.8824227, 44.4002681, 0], [33.8460272, 44.4011421, 0], [33.7787368, 44.3814524, 0], [33.7590046, 44.3869324, 0], [33.7330924, 44.3833316, 0], [33.7028925, 44.4169259, 0], [33.673869, 44.4128073, 0], [33.6455297, 44.4219238, 0], [33.6383395, 44.4586871, 0], [33.6270126, 44.4795789, 0], [33.6019479, 44.4917389, 0], [33.5540478, 44.4868769, 0], [33.5060714, 44.5008455, 0], [33.4862427, 44.4949678, 0], [33.4727333, 44.5111351, 0], [33.4601297, 44.522891, 0], [33.4036944, 44.5532389, 0], [33.373305, 44.5840556, 0], [33.4501548, 44.6159461, 0], [33.4946154, 44.6177665, 0], [33.5082713, 44.6319164, 0], [33.5124742, 44.6331489, 0], [33.5210499, 44.6402578, 0], [33.5256907, 44.6383616, 0], [33.5311908, 44.6411069, 0], [33.5356674, 44.6459898, 0], [33.5418641, 44.6589325, 0], [33.5463628, 44.6779794, 0], [33.5474419, 44.698563, 0], [33.5457743, 44.7077982, 0], [33.5475831, 44.7244447, 0], [33.5397766, 44.7443212, 0], [33.5407223, 44.7617581, 0], [33.533513, 44.7926079, 0], [33.5406327, 44.802652, 0], [33.54552, 44.8041697, 0], [33.5471428, 44.8101296, 0], [33.549545, 44.8108275, 0], [33.5502309, 44.8222419, 0], [33.5485127, 44.8345975, 0], [33.5529705, 44.8416549, 0], [33.556915, 44.840587, 0], [33.5610313, 44.8423184, 0], [33.5696937, 44.838843, 0], [33.5789642, 44.8404874, 0], [33.5868637, 44.8470001, 0], [33.5906429, 44.8457225, 0], [33.5946361, 44.847578, 0], [33.6008626, 44.857663, 0], [33.6052004, 44.8663859, 0], [33.6064479, 44.8717023, 0], [33.6105925, 44.8993192, 0], [33.6109623, 44.9257206, 0], [33.5976519, 44.9765496, 0], [33.6043773, 44.9804712, 0], [33.6025946, 44.9979727, 0], [33.5808605, 45.0508807, 0], [33.5614904, 45.0810729, 0], [33.5363775, 45.1095514, 0], [33.5092654, 45.1344501, 0], [33.4807573, 45.1558915, 0], [33.4508543, 45.1742382, 0], [33.4326521, 45.1840929, 0], [33.4159888, 45.1914041, 0], [33.408547, 45.1934437, 0], [33.4007706, 45.1960654, 0], [33.3911961, 45.1973752, 0], [33.3827498, 45.1964713, 0], [33.3764355, 45.1918448, 0], [33.3762863, 45.1876599, 0], [33.3802818, 45.1859091, 0], [33.3749698, 45.1836789, 0], [33.3584289, 45.1782517, 0], [33.3500155, 45.1736994, 0], [33.3315483, 45.1718832, 0], [33.3251431, 45.1741248, 0], [33.3183942, 45.1745814, 0], [33.3100572, 45.1740999, 0], [33.3052393, 45.1727705, 0], [33.3012214, 45.170642, 0], [33.2989631, 45.1677871, 0], [33.29792, 45.1656334, 0], [33.3001384, 45.1620272, 0], [33.2960348, 45.1577192, 0], [33.2882929, 45.1541048, 0], [33.2842888, 45.1482765, 0], [33.2751597, 45.1459006, 0], [33.2680362, 45.1456289, 0], [33.2572946, 45.1478037, 0], [33.2459386, 45.1569381, 0], [33.2343482, 45.1682187, 0], [33.2252923, 45.1746946, 0], [33.2019842, 45.1832253, 0], [33.1852357, 45.1837167, 0], [33.1798209, 45.1876511, 0], [33.1658262, 45.1934696, 0], [33.1573263, 45.1987744, 0], [33.1488252, 45.2021432, 0], [33.1434036, 45.2070898, 0], [33.1389117, 45.216317, 0], [33.124087, 45.225712, 0], [33.107907, 45.2315099, 0], [33.0931987, 45.2488335, 0], [33.0812306, 45.2584206, 0], [33.0627764, 45.2756598, 0], [33.0352435, 45.2901602, 0], [32.9918481, 45.3224993, 0], [32.9667646, 45.3366935, 0], [32.9070191, 45.3594365, 0], [32.8467096, 45.3652645, 0], [32.7652199, 45.3638364, 0], [32.7353927, 45.3549724, 0], [32.7121592, 45.3413068, 0], [32.6855021, 45.3321019, 0], [32.6756878, 45.3206142, 0], [32.6529901, 45.313322, 0], [32.622109, 45.317634, 0], [32.599462, 45.325318, 0], [32.578538, 45.3276418, 0], [32.5698164, 45.3328876, 0], [32.5518462, 45.3323851, 0], [32.4894526, 45.3461358, 0], [32.5103771, 45.3608842, 0], [32.5134582, 45.3720378, 0], [32.5074454, 45.3819566, 0], [32.4886441, 45.3849884, 0], [32.4789393, 45.3891629, 0], [32.4797029, 45.4042634, 0], [32.4880695, 45.4079563, 0], [32.500388, 45.4246631, 0], [32.5242712, 45.4388715, 0], [32.5382082, 45.4548835, 0], [32.562144, 45.4702233, 0], [32.5905805, 45.4855798, 0], [32.6917844, 45.523882, 0], [32.7232198, 45.5330262, 0], [32.7368771, 45.5430069, 0], [32.7721049, 45.5578694, 0], [32.7931783, 45.56389, 0], [32.8203169, 45.5598252, 0], [32.8259738, 45.5573298, 0], [32.8339615, 45.5602345, 0], [32.8406482, 45.56511, 0], [32.8431411, 45.5705971, 0], [32.8435558, 45.5768336, 0], [32.8410082, 45.582406, 0], [32.8372907, 45.5833543, 0], [32.8292518, 45.583603, 0], [32.8212988, 45.5830103, 0], [32.8201285, 45.5843929, 0], [32.8201811, 45.5868413, 0], [32.8250404, 45.5906112, 0], [32.908691, 45.6403382, 0], [32.9993935, 45.6811474, 0], [33.0063371, 45.6793833, 0], [33.0171537, 45.6870091, 0], [33.0501444, 45.6969593, 0], [33.0691004, 45.7068331, 0], [33.0776807, 45.7073927, 0], [33.0957044, 45.7155026, 0], [33.1146383, 45.7127746, 0], [33.1279075, 45.7198415, 0], [33.1378005, 45.7198138, 0], [33.1529186, 45.7333554, 0], [33.1591843, 45.749182, 0], [33.1657369, 45.7882695, 0], [33.1758381, 45.8057417, 0], [33.1823381, 45.8099302, 0], [33.1858308, 45.8079522, 0], [33.1806246, 45.7972106, 0], [33.1724861, 45.7866032, 0], [33.1821144, 45.7739016, 0], [33.2119202, 45.7577279, 0], [33.2386596, 45.7528042, 0], [33.2806132, 45.7626695, 0], [33.3224096, 45.7750369, 0], [33.3734938, 45.7971871, 0], [33.4170901, 45.8302054, 0], [33.4322068, 45.8385764, 0], [33.4829745, 45.8543957, 0], [33.5179512, 45.8677769, 0], [33.5405932, 45.8849133, 0], [33.5441019, 45.8803349, 0], [33.5200621, 45.8577082, 0], [33.5008905, 45.8483554, 0], [33.5076216, 45.8410719, 0], [33.5176551, 45.846594, 0], [33.527171, 45.849723, 0], [33.5371159, 45.8457964, 0], [33.5421287, 45.8402584, 0], [33.5482128, 45.8435307, 0], [33.5517154, 45.8516275, 0], [33.5586395, 45.8617199, 0], [33.5687155, 45.8740076, 0], [33.5816528, 45.8712065, 0], [33.5937246, 45.8852915, 0], [33.6162717, 45.892143, 0], [33.6340965, 45.8826144, 0], [33.642234, 45.8763254, 0], [33.6546628, 45.8752329, 0], [33.6622334, 45.8715236, 0], [33.6615976, 45.86426, 0], [33.6741263, 45.8574315, 0], [33.6841906, 45.8500979, 0], [33.6847163, 45.8588878, 0], [33.6790774, 45.8673135, 0], [33.6799532, 45.8750482, 0], [33.6783673, 45.8851388, 0], [33.6751147, 45.8988677, 0], [33.6762137, 45.9039535, 0], [33.6800935, 45.9085396, 0], [33.6877728, 45.9127518, 0], [33.6919706, 45.9134707, 0], [33.6975452, 45.911367, 0], [33.7019952, 45.9110037, 0], [33.7202438, 45.9246362, 0], [33.7309277, 45.9301884, 0], [33.7495064, 45.9282755, 0], [33.7560271, 45.9311086, 0], [33.7579871, 45.9344939, 0], [33.7557842, 45.9392824, 0], [33.7510765, 45.9487997, 0], [33.7472783, 45.9466852, 0], [33.744939, 45.9503295, 0], [33.7229645, 45.950158, 0], [33.6923145, 45.9552601, 0], [33.682856, 45.9528033, 0], [33.6597606, 45.9545864, 0], [33.640135, 45.9493564, 0], [33.6475011, 45.9451658, 0], [33.6420789, 45.942885, 0], [33.6349923, 45.9413261, 0], [33.6244967, 45.942516, 0], [33.6176055, 45.9442427, 0], [33.6164792, 45.9490678, 0], [33.6277585, 45.9588485, 0], [33.6296884, 45.9674259, 0], [33.6293845, 45.9774581, 0], [33.6285431, 45.9876045, 0], [33.6228726, 45.9976173, 0], [33.6187235, 46.0125197, 0], [33.6113376, 46.054819, 0], [33.623699, 46.0717219, 0], [33.6372819, 46.0813513, 0], [33.6330381, 46.0973809, 0], [33.616561, 46.11536, 0], [33.612957, 46.1291484, 0], [33.6125276, 46.1382376, 0], [33.6066801, 46.1468776, 0], [33.6897001, 46.204334, 0], [33.7145537, 46.1968941, 0], [33.7405319, 46.1851281, 0], [33.82395, 46.1870691, 0], [34.0383336, 46.1169353, 0], [34.1225822, 46.1081224, 0], [34.1607715, 46.0804296, 0], [34.2277542, 46.0608165, 0], [34.3824645, 46.0346918, 0], [34.4367261, 45.9681642, 0], [34.4785519, 45.9469467, 0], [34.5560425, 45.988691, 0], [34.6514148, 45.9739079, 0], [34.7008834, 45.9591791, 0], [34.7527159, 45.9102311, 0], [34.7828789, 45.9049747, 0], [34.796134, 45.8920532, 0], [34.8008812, 45.8047349, 0], [34.9493437, 45.7629357, 0], [34.9582188, 45.7600372, 0], [34.9770528, 45.765285, 0], [35.0500557, 45.6672021, 0], [35.1098671, 45.5990246, 0], [35.2014582, 45.5233432, 0]]]}}, {"type": "Feature", "properties": {"name": "\u041e\u043a\u0443\u043f\u043e\u0432\u0430\u043d\u043e /// Occupied", "date": "2023-02-27"}, "geometry": {"type": "Polygon", "coordinates": [[[35.2525174, 46.2505709, 0], [35.2989871, 46.2989783, 0], [35.293277, 46.302449, 0], [35.2925857, 46.3079961, 0], [35.2988051, 46.314937, 0], [35.3174416, 46.3170382, 0], [35.3165158, 46.3307144, 0], [35.3179201, 46.3378326, 0], [35.3142642, 46.3437571, 0], [35.307895, 46.3482888, 0], [35.3041691, 46.3538716, 0], [35.2898036, 46.3565521, 0], [35.2690989, 46.3553905, 0], [35.2654164, 46.3523256, 0], [35.2614702, 46.3658773, 0], [35.2567497, 46.3752827, 0], [35.2017945, 46.3797144, 0], [35.1931728, 46.3709222, 0], [35.1783568, 46.3629189, 0], [35.1380024, 46.3482526, 0], [35.1177702, 46.3142433, 0], [35.079863, 46.2766366, 0], [35.0248139, 46.2563043, 0], [34.9030041, 46.2363897, 0], [34.833783, 46.2001334, 0], [34.8346407, 46.1155296, 0], [34.8524739, 46.0092176, 0], [34.8959643, 45.8988106, 0], [34.9770528, 45.765285, 0], [34.9582188, 45.7600372, 0], [34.8008812, 45.8047349, 0], [34.796134, 45.8920532, 0], [34.7828789, 45.9049747, 0], [34.7527159, 45.9102311, 0], [34.7008834, 45.9591791, 0], [34.6514148, 45.9739079, 0], [34.5560425, 45.988691, 0], [34.4785519, 45.9469467, 0], [34.4367261, 45.9681642, 0], [34.3824645, 46.0346918, 0], [34.2277542, 46.0608165, 0], [34.1607715, 46.0804296, 0], [34.1225822, 46.1081224, 0], [34.0383336, 46.1169353, 0], [33.82395, 46.1870691, 0], [33.7405319, 46.1851281, 0], [33.7145537, 46.1968941, 0], [33.6897001, 46.204334, 0], [33.6066801, 46.1468776, 0], [33.5309796, 46.1101035, 0], [33.5721609, 46.0737878, 0], [33.4967004, 46.0702854, 0], [33.5256314, 46.0267545, 0], [33.429206, 46.0254405, 0], [33.2823694, 46.0723123, 0], [33.1679366, 46.119522, 0], [32.9365042, 46.1016028, 0], [32.7101943, 46.1028118, 0], [32.5431059, 46.0616925, 0], [32.2195204, 46.1279609, 0], [32.2366721, 46.1501329, 0], [32.2279414, 46.1683471, 0], [32.2398791, 46.1785152, 0], [32.2218112, 46.18771, 0], [32.2081053, 46.1867989, 0], [32.2061324, 46.1721801, 0], [32.1870241, 46.175666, 0], [32.1659652, 46.196893, 0], [32.1211521, 46.2043925, 0], [32.0878278, 46.2214609, 0], [32.077753, 46.2389204, 0], [32.0514181, 46.2497849, 0], [32.0285439, 46.2455961, 0], [31.9695132, 46.2572078, 0], [31.9555985, 46.2658955, 0], [31.9437442, 46.2855591, 0], [31.9368206, 46.2921419, 0], [31.9044902, 46.2974386, 0], [31.8950685, 46.2807445, 0], [31.8832899, 46.2734161, 0], [31.8740032, 46.2652566, 0], [31.8708329, 46.2657735, 0], [31.8612225, 46.2721427, 0], [31.8507402, 46.268254, 0], [31.8476993, 46.2679219, 0], [31.8351926, 46.2728282, 0], [31.8331443, 46.2697922, 0], [31.8346957, 46.266138, 0], [31.8183057, 46.2643109, 0], [31.8132429, 46.2647435, 0], [31.8143596, 46.2694483, 0], [31.8097262, 46.2720936, 0], [31.7917038, 46.2738877, 0], [31.7845155, 46.2688628, 0], [31.7844089, 46.2650835, 0], [31.7796043, 46.2644672, 0], [31.7771981, 46.2681276, 0], [31.7832894, 46.2725096, 0], [31.78213, 46.2768377, 0], [31.775112, 46.282265, 0], [31.7755462, 46.2854607, 0], [31.7712141, 46.288838, 0], [31.7745083, 46.2939227, 0], [31.7680176, 46.2965165, 0], [31.7580932, 46.2948403, 0], [31.7477398, 46.2981388, 0], [31.7455912, 46.306021, 0], [31.7725398, 46.3271444, 0], [31.8234499, 46.3371015, 0], [31.8682771, 46.3343548, 0], [31.9697707, 46.3483597, 0], [32.0090507, 46.3641139, 0], [32.0355703, 46.4165629, 0], [32.0290404, 46.4375397, 0], [32.0022447, 46.453429, 0], [31.9748459, 46.4392025, 0], [31.9528254, 46.4374539, 0], [31.89212, 46.4568005, 0], [31.7970201, 46.4781096, 0], [31.7709055, 46.4845495, 0], [31.7420407, 46.4853092, 0], [31.7164553, 46.4786493, 0], [31.704266, 46.4665485, 0], [31.6969189, 46.4574832, 0], [31.6971262, 46.4472352, 0], [31.7069783, 46.4454262, 0], [31.7202659, 46.4333261, 0], [31.737668, 46.4261928, 0], [31.7892493, 46.3733802, 0], [31.7738399, 46.3585737, 0], [31.7460697, 46.3764563, 0], [31.7263209, 46.4086438, 0], [31.6943022, 46.4403084, 0], [31.6567519, 46.4688867, 0], [31.6142469, 46.5019174, 0], [31.5469521, 46.5387028, 0], [31.5216224, 46.561578, 0], [31.5112983, 46.5766614, 0], [31.5134183, 46.5807998, 0], [31.5305196, 46.5576033, 0], [31.5540849, 46.5454363, 0], [31.5816742, 46.537219, 0], [31.6315001, 46.5404893, 0], [31.6628584, 46.5363759, 0], [31.6976527, 46.5450053, 0], [31.7569233, 46.5479256, 0], [31.8070728, 46.5294354, 0], [31.8649158, 46.5175934, 0], [31.8815641, 46.5182691, 0], [31.879015, 46.5354656, 0], [31.9665383, 46.5082456, 0], [31.9941309, 46.4928168, 0], [32.0439937, 46.4915104, 0], [32.1166462, 46.517163, 0], [32.1486947, 46.5145828, 0], [32.1945942, 46.4882908, 0], [32.2576459, 46.4792954, 0], [32.3020978, 46.4677698, 0], [32.3439224, 46.4649397, 0], [32.4178426, 46.485009, 0], [32.4282614, 46.4853589, 0], [32.4316776, 46.4891582, 0], [32.4326909, 46.4947303, 0], [32.4377229, 46.5033333, 0], [32.4483244, 46.50284, 0], [32.4570687, 46.5037815, 0], [32.4647838, 46.5080307, 0], [32.4891314, 46.5273541, 0], [32.5002673, 46.533416, 0], [32.5056968, 46.5379343, 0], [32.5089916, 46.5399852, 0], [32.5145875, 46.540981, 0], [32.5206901, 46.5403274, 0], [32.5318567, 46.5368392, 0], [32.5375475, 46.5380339, 0], [32.5407588, 46.5426588, 0], [32.5483478, 46.5468998, 0], [32.5528615, 46.5559411, 0], [32.5604657, 46.5595807, 0], [32.5680079, 46.564889, 0], [32.5734915, 46.5711412, 0], [32.5909427, 46.5947402, 0], [32.6056522, 46.6086629, 0], [32.6155188, 46.6168963, 0], [32.6234688, 46.6225744, 0], [32.6461006, 46.6397692, 0], [32.6651983, 46.6512835, 0], [32.6832724, 46.6574626, 0], [32.6977453, 46.6619684, 0], [32.7182325, 46.6664138, 0], [32.7371441, 46.6650856, 0], [32.7583907, 46.6652739, 0], [32.7720078, 46.6669423, 0], [32.7828181, 46.6689693, 0], [32.7995314, 46.6748195, 0], [32.8035751, 46.6756096, 0], [32.8090409, 46.6762034, 0], [32.8146062, 46.6764194, 0], [32.824066, 46.6792116, 0], [32.836024, 46.6847162, 0], [32.8591528, 46.6969297, 0], [32.8844568, 46.7050945, 0], [32.8928211, 46.7109999, 0], [32.89915, 46.7123342, 0], [32.9053085, 46.7112559, 0], [32.9233571, 46.7182974, 0], [32.9285608, 46.7183454, 0], [32.9333953, 46.7171782, 0], [32.9427782, 46.7132742, 0], [32.9542331, 46.711513, 0], [32.9798491, 46.7104402, 0], [32.9910933, 46.7145087, 0], [33.0112229, 46.7170358, 0], [33.0195822, 46.7177162, 0], [33.0317187, 46.7208082, 0], [33.0433544, 46.723431, 0], [33.0463163, 46.7262559, 0], [33.0487234, 46.7269364, 0], [33.0544779, 46.7273594, 0], [33.0629166, 46.7311979, 0], [33.0639976, 46.7313545, 0], [33.0660187, 46.7311091, 0], [33.0705269, 46.7321924, 0], [33.0719658, 46.7331457, 0], [33.0763975, 46.73424, 0], [33.0798211, 46.7357459, 0], [33.0803578, 46.7361817, 0], [33.0841823, 46.7377282, 0], [33.0865668, 46.7377662, 0], [33.087448, 46.7379836, 0], [33.0881461, 46.7387026, 0], [33.087433, 46.739621, 0], [33.0881064, 46.7402198, 0], [33.0903958, 46.7415118, 0], [33.0915299, 46.7419814, 0], [33.0921505, 46.7421426, 0], [33.0932333, 46.7427195, 0], [33.0975884, 46.7431787, 0], [33.0999599, 46.7438403, 0], [33.1019611, 46.745296, 0], [33.1033748, 46.7458547, 0], [33.1040482, 46.747472, 0], [33.1112999, 46.7492293, 0], [33.112764, 46.7499094, 0], [33.1135736, 46.7499425, 0], [33.1171985, 46.7507402, 0], [33.1180287, 46.7512532, 0], [33.1332216, 46.7561281, 0], [33.1371674, 46.7557268, 0], [33.1401917, 46.7566581, 0], [33.1381951, 46.7593093, 0], [33.1520633, 46.763942, 0], [33.1722249, 46.7657024, 0], [33.1778816, 46.7662728, 0], [33.1785604, 46.7661159, 0], [33.1783312, 46.765016, 0], [33.1786735, 46.7646124, 0], [33.1797835, 46.7645796, 0], [33.1799922, 46.7643704, 0], [33.1801618, 46.7635044, 0], [33.2003675, 46.7634016, 0], [33.2004954, 46.7639693, 0], [33.2010953, 46.7644636, 0], [33.2012653, 46.7659517, 0], [33.2020773, 46.7681197, 0], [33.2446918, 46.7630406, 0], [33.2557563, 46.7540735, 0], [33.2863069, 46.749369, 0], [33.3172596, 46.7528588, 0], [33.3379268, 46.7571308, 0], [33.3547354, 46.7627522, 0], [33.3584344, 46.7693577, 0], [33.3716115, 46.7757005, 0], [33.3705608, 46.7768084, 0], [33.3714088, 46.7771126, 0], [33.3724713, 46.7760941, 0], [33.3733741, 46.7764584, 0], [33.3773363, 46.7767474, 0], [33.3900249, 46.7834027, 0], [33.4029391, 46.773568, 0], [33.4702672, 46.8209318, 0], [33.6202993, 46.8290051, 0], [33.6340293, 46.8662278, 0], [33.6338234, 46.8994853, 0], [33.6568173, 46.9046493, 0], [33.6784469, 46.9008966, 0], [33.6881602, 46.9204201, 0], [33.6956106, 46.9553908, 0], [33.6976692, 46.9951021, 0], [33.7227502, 47.0173544, 0], [33.8023184, 47.0589876, 0], [33.8407881, 47.0984953, 0], [33.8499522, 47.1377648, 0], [33.8635721, 47.1451822, 0], [33.903127, 47.1599485, 0], [33.9295544, 47.1795519, 0], [33.9448451, 47.1972232, 0], [33.9678607, 47.2112479, 0], [33.9827331, 47.230633, 0], [34.0196507, 47.3580093, 0], [34.0422354, 47.4104, 0], [34.0466778, 47.4176252, 0], [34.0648743, 47.4242885, 0], [34.1183461, 47.4205374, 0], [34.1457254, 47.4244375, 0], [34.19929, 47.4120751, 0], [34.2696797, 47.4395195, 0], [34.2961027, 47.4286586, 0], [34.3349123, 47.4469725, 0], [34.3383722, 47.4677319, 0], [34.3727587, 47.5106463, 0], [34.3869488, 47.5138458, 0], [34.4358396, 47.4968841, 0], [34.5006234, 47.4996444, 0], [34.5331376, 47.5304299, 0], [34.5445304, 47.5326781, 0], [34.5862489, 47.5217799, 0], [34.5990399, 47.5346411, 0], [34.6180346, 47.5444616, 0], [34.6283781, 47.5458007, 0], [34.6420717, 47.5443897, 0], [34.6801991, 47.5107016, 0], [34.6894139, 47.4948642, 0], [34.708982, 47.4905527, 0], [34.7193654, 47.4920934, 0], [34.7491537, 47.492572, 0], [34.7923046, 47.467718, 0], [34.8252023, 47.4647735, 0], [34.8599235, 47.4512248, 0], [34.8741835, 47.4494994, 0], [34.8747419, 47.4375288, 0], [34.8633723, 47.4208554, 0], [34.8837144, 47.406089, 0], [34.9354445, 47.3916029, 0], [34.9686931, 47.3892045, 0], [35.0288206, 47.4181151, 0], [35.046158, 47.4377275, 0], [35.0624319, 47.4486647, 0], [35.0702994, 47.4507769, 0], [35.1190963, 47.4510955, 0], [35.1486619, 47.445657, 0], [35.2026425, 47.4449743, 0], [35.2644227, 47.4738779, 0], [35.2807955, 47.4721641, 0], [35.2736544, 47.4936921, 0], [35.2746786, 47.4968778, 0], [35.2808962, 47.5033687, 0], [35.2878203, 47.5072123, 0], [35.2993812, 47.5109537, 0], [35.3135041, 47.5126535, 0], [35.3228214, 47.5155116, 0], [35.3301446, 47.5200357, 0], [35.3347223, 47.525255, 0], [35.3415303, 47.5360151, 0], [35.3482119, 47.5370533, 0], [35.3532727, 47.5364436, 0], [35.3586767, 47.5368768, 0], [35.3657509, 47.5351205, 0], [35.3719799, 47.5329906, 0], [35.3807378, 47.5359816, 0], [35.3944748, 47.5378127, 0], [35.4283605, 47.5319635, 0], [35.4405058, 47.5310366, 0], [35.4484826, 47.5309035, 0], [35.4557064, 47.5281252, 0], [35.453703, 47.518038, 0], [35.4585695, 47.5118791, 0], [35.5065103, 47.5136471, 0], [35.5390212, 47.5190384, 0], [35.5502503, 47.5234982, 0], [35.5681383, 47.5257022, 0], [35.5925506, 47.5193226, 0], [35.6152801, 47.5028513, 0], [35.6546633, 47.5009618, 0], [35.6653632, 47.5035721, 0], [35.6823576, 47.5108774, 0], [35.6995238, 47.506819, 0], [35.7115041, 47.5055123, 0], [35.7269941, 47.4996568, 0], [35.7370363, 47.4910741, 0], [35.7892811, 47.4909745, 0], [35.7965182, 47.4821609, 0], [35.8077012, 47.4825107, 0], [35.8118209, 47.4975877, 0], [35.8280284, 47.4927332, 0], [35.8296893, 47.4895813, 0], [35.8372725, 47.4920548, 0], [35.8418813, 47.4964217, 0], [35.8492495, 47.4961123, 0], [35.8511672, 47.4982077, 0], [35.8710238, 47.4968524, 0], [35.8735856, 47.4988315, 0], [35.9494357, 47.4900728, 0], [35.9502634, 47.501073, 0], [35.9808841, 47.5134859, 0], [36.0139186, 47.5103296, 0], [36.0207844, 47.5159044, 0], [36.0314694, 47.5271002, 0], [36.0413831, 47.5360916, 0], [36.0607843, 47.5370934, 0], [36.0829098, 47.5518307, 0], [36.0873625, 47.5738544, 0], [36.1057236, 47.5785034, 0], [36.1167055, 47.5779398, 0], [36.1281164, 47.5748274, 0], [36.1331976, 47.5751242, 0], [36.186966, 47.5808432, 0], [36.2095011, 47.5823617, 0], [36.2126182, 47.5864549, 0], [36.265864, 47.5889203, 0], [36.290478, 47.5935079, 0], [36.3683277, 47.6315602, 0], [36.4448402, 47.6502396, 0], [36.492896, 47.6593066, 0], [36.5211862, 47.6689593, 0], [36.538214, 47.6689171, 0], [36.5552546, 47.6730363, 0], [36.555749, 47.7003403, 0], [36.5769316, 47.7214694, 0], [36.6065339, 47.7738529, 0], [36.6197961, 47.7767859, 0], [36.6234235, 47.7837239, 0], [36.6271368, 47.7867853, 0], [36.660036, 47.7841794, 0], [36.6672526, 47.7931796, 0], [36.6620066, 47.8142984, 0], [36.6739284, 47.8183547, 0], [36.6783709, 47.8209347, 0], [36.6893186, 47.8147973, 0], [36.7163679, 47.8098959, 0], [36.7872904, 47.8186223, 0], [36.7878481, 47.8211943, 0], [36.7944142, 47.8216913, 0], [36.8008516, 47.8216192, 0], [36.8202493, 47.8216769, 0], [36.8360852, 47.8152793, 0], [36.8735563, 47.805457, 0], [36.8879868, 47.7953492, 0], [36.903955, 47.7868254, 0], [36.9295202, 47.7763473, 0], [36.964522, 47.7635413, 0], [37.0242325, 47.7447823, 0], [37.0535419, 47.7436656, 0], [37.0784584, 47.7420896, 0], [37.104062, 47.7423554, 0], [37.1286819, 47.7445623, 0], [37.1595708, 47.742367, 0], [37.1772489, 47.7508364, 0], [37.1815405, 47.7598825, 0], [37.1949322, 47.7583537, 0], [37.1954615, 47.7653856, 0], [37.2210635, 47.7613765, 0], [37.2356378, 47.7582954, 0], [37.2406876, 47.7577619, 0], [37.2478477, 47.7559083, 0], [37.2543209, 47.7553239, 0], [37.2586905, 47.7552514, 0], [37.2598421, 47.7666036, 0], [37.261479, 47.7684457, 0], [37.2698074, 47.7709217, 0], [37.2876243, 47.7692066, 0], [37.3047717, 47.7661609, 0], [37.3195127, 47.7629671, 0], [37.3346341, 47.7615522, 0], [37.3323669, 47.7561416, 0], [37.3308037, 47.7516756, 0], [37.3319098, 47.7490964, 0], [37.3465338, 47.7473523, 0], [37.3544172, 47.7445792, 0], [37.3568995, 47.7442315, 0], [37.3620955, 47.7457911, 0], [37.3774924, 47.7485324, 0], [37.402457, 47.7560122, 0], [37.4144621, 47.767009, 0], [37.4316066, 47.7761204, 0], [37.42891, 47.79973, 0], [37.4478453, 47.8008523, 0], [37.4566535, 47.8109284, 0], [37.4670091, 47.817087, 0], [37.486523, 47.8177572, 0], [37.4923097, 47.8225267, 0], [37.5124754, 47.8239692, 0], [37.5329927, 47.8436168, 0], [37.5280859, 47.8554011, 0], [37.5291983, 47.8964962, 0], [37.504902, 47.8937631, 0], [37.5011632, 47.8970631, 0], [37.5051491, 47.9076713, 0], [37.4933794, 47.9143253, 0], [37.4886573, 47.9187748, 0], [37.4876385, 47.9242596, 0], [37.4899023, 47.9309198, 0], [37.4926381, 47.9333239, 0], [37.4936254, 47.9351191, 0], [37.4955781, 47.9360788, 0], [37.4985071, 47.9359997, 0], [37.5003937, 47.9377426, 0], [37.5064986, 47.9453485, 0], [37.5031047, 47.9473039, 0], [37.5066636, 47.9539587, 0], [37.492733, 47.9589277, 0], [37.4917828, 47.9608391, 0], [37.4935179, 47.9629588, 0], [37.512874, 47.9679717, 0], [37.5320031, 47.9645878, 0], [37.5251581, 47.9572022, 0], [37.5218536, 47.94582, 0], [37.5285901, 47.9414985, 0], [37.5428393, 47.9324766, 0], [37.5394068, 47.9242357, 0], [37.5350286, 47.917986, 0], [37.5685999, 47.9077685, 0], [37.5759066, 47.9077328, 0], [37.6440338, 47.8866264, 0], [37.6342622, 47.838423, 0], [37.6345486, 47.8025384, 0], [37.623169, 47.7731102, 0], [37.6375888, 47.7519939, 0], [37.6726795, 47.7247168, 0], [37.7644947, 47.6847015, 0], [37.8039769, 47.6601962, 0], [37.801917, 47.6423879, 0], [37.7686147, 47.6354478, 0], [37.7823477, 47.5859162, 0], [37.8925547, 47.4697729, 0], [37.8784784, 47.4416839, 0], [37.8637154, 47.4265885, 0], [37.855819, 47.403124, 0], [37.856849, 47.3928985, 0], [37.8503258, 47.3842983, 0], [37.8383096, 47.3780216, 0], [37.841643, 47.3690218, 0], [37.8515994, 47.3655338, 0], [37.8417428, 47.3584893, 0], [37.8376229, 47.3524422, 0], [37.8486092, 47.3501161, 0], [37.8591525, 47.3543707, 0], [37.8612124, 47.3478578, 0], [37.856849, 47.3436027, 0], [37.8444894, 47.3419742, 0], [37.8292834, 47.3425074, 0], [37.8273232, 47.3284792, 0], [37.8245766, 47.3214977, 0], [37.8317864, 47.3149807, 0], [37.8348763, 47.3082302, 0], [37.8276665, 47.3026429, 0], [37.8338464, 47.2854117, 0], [37.833503, 47.249301, 0], [37.8513558, 47.198938, 0], [37.8499825, 47.1742053, 0], [37.8180535, 47.1190987, 0], [37.8292834, 47.1127418, 0], [37.8383095, 47.0997045, 0], [37.8219878, 47.0908909, 0], [37.7940835, 47.0837782, 0], [37.7743938, 47.0875496, 0], [37.7138794, 47.0798327, 0], [37.6858846, 47.0804963, 0], [37.684032, 47.0766772, 0], [37.6758112, 47.0778874, 0], [37.6273774, 47.0941014, 0], [37.6204618, 47.0865732, 0], [37.5878876, 47.0772638, 0], [37.5264869, 47.0697845, 0], [37.526304, 47.0495337, 0], [37.3214636, 46.8692065, 0], [37.2872851, 46.863351, 0], [37.2805705, 46.8736902, 0], [37.3189188, 46.8962982, 0], [37.2972107, 46.9273264, 0], [37.2380483, 46.9398175, 0], [37.0368602, 46.8654582, 0], [36.9930792, 46.8624588, 0], [36.9019536, 46.8087899, 0], [36.8685198, 46.765691, 0], [36.8380534, 46.7057614, 0], [36.8049871, 46.6591521, 0], [36.7589376, 46.6217212, 0], [36.742359, 46.6373607, 0], [36.7610148, 46.6658088, 0], [36.7783436, 46.6636496, 0], [36.7906962, 46.6747997, 0], [36.8012652, 46.7277543, 0], [36.7055683, 46.7776224, 0], [36.5871045, 46.7646623, 0], [36.3768491, 46.7055039, 0], [36.3170968, 46.6501447, 0], [36.1840637, 46.4980304, 0], [36.1167335, 46.4871992, 0], [36.0911211, 46.4924288, 0], [36.1472619, 46.508948, 0], [36.1516335, 46.5468178, 0], [36.1665138, 46.5276778, 0], [36.1908498, 46.5346757, 0], [36.2598962, 46.6186212, 0], [36.2290436, 46.6505061, 0], [36.1898849, 46.6670306, 0], [36.1170931, 46.6514246, 0], [35.9364232, 46.6585947, 0], [35.7360032, 46.5839813, 0], [35.6043534, 46.4804352, 0], [35.4578294, 46.4412316, 0], [35.3602359, 46.3546635, 0], [35.275482, 46.2556112, 0], [35.1858838, 46.1469167, 0], [35.1518034, 46.1216585, 0], [35.0708827, 46.0957873, 0], [34.9733811, 46.0721051, 0], [34.9871752, 46.1052755, 0], [35.0256763, 46.127811, 0], [35.0290037, 46.14808, 0], [35.1330574, 46.1634307, 0], [35.2090233, 46.1903722, 0], [35.2210679, 46.2268989, 0], [35.2525174, 46.2505709, 0]]]}}, {"type": "Feature", "properties": {"name": "\u041e\u043a\u0443\u043f\u043e\u0432\u0430\u043d\u043e /// Occupied", "date": "2023-02-27"}, "geometry": {"type": "Polygon", "coordinates": [[[38.1564814, 48.7325743, 0], [38.1825161, 48.7270372, 0], [38.1886075, 48.7298113, 0], [38.1939686, 48.7338821, 0], [38.1947876, 48.7375131, 0], [38.1945476, 48.7450285, 0], [38.1937409, 48.7515867, 0], [38.1978697, 48.7516651, 0], [38.2022137, 48.7528238, 0], [38.2054833, 48.7583985, 0], [38.2053164, 48.7596717, 0], [38.2166902, 48.761235, 0], [38.2186232, 48.7633638, 0], [38.2171693, 48.7707875, 0], [38.2181661, 48.7718527, 0], [38.228106, 48.7707447, 0], [38.2359859, 48.7717857, 0], [38.2432075, 48.7808824, 0], [38.2523985, 48.7839601, 0], [38.2554108, 48.7897521, 0], [38.2559555, 48.7939175, 0], [38.2611348, 48.8006848, 0], [38.266092, 48.8049857, 0], [38.2722087, 48.8075903, 0], [38.269079, 48.8134498, 0], [38.2572822, 48.8187524, 0], [38.2453303, 48.8313031, 0], [38.24489, 48.856506, 0], [38.2425615, 48.8649205, 0], [38.2386938, 48.8656338, 0], [38.2361295, 48.8698902, 0], [38.2341663, 48.8722547, 0], [38.2350458, 48.8773221, 0], [38.2315473, 48.8791154, 0], [38.2338854, 48.8819251, 0], [38.2446157, 48.8794625, 0], [38.2450888, 48.880488, 0], [38.2488446, 48.8801542, 0], [38.2502077, 48.8838816, 0], [38.2526923, 48.8855196, 0], [38.2536774, 48.8887089, 0], [38.2576465, 48.8895417, 0], [38.2607041, 48.8888574, 0], [38.2678978, 48.8893335, 0], [38.2679329, 48.8901358, 0], [38.272757, 48.8915809, 0], [38.2745773, 48.8950575, 0], [38.3115136, 48.9081755, 0], [38.2950275, 48.929373, 0], [38.2869444, 48.9335895, 0], [38.2675353, 48.9404936, 0], [38.2543862, 48.9426549, 0], [38.2433193, 48.9421292, 0], [38.2380896, 48.9418584, 0], [38.2346504, 48.9446661, 0], [38.2342272, 48.9465655, 0], [38.2338727, 48.9530268, 0], [38.2370485, 48.9565212, 0], [38.2448617, 48.9562453, 0], [38.2588575, 48.9692683, 0], [38.2410615, 49.005535, 0], [38.2626974, 49.0244189, 0], [38.2845275, 49.0264547, 0], [38.2997899, 49.0248792, 0], [38.3699793, 48.9817692, 0], [38.4023573, 48.9556589, 0], [38.4134788, 48.9399705, 0], [38.4749063, 48.9035945, 0], [38.4952926, 48.8707374, 0], [38.5305212, 48.8497759, 0], [38.559774, 48.8300656, 0], [38.7056399, 48.7754591, 0], [38.6917155, 48.7293629, 0], [38.6745492, 48.7293629, 0], [38.6784116, 48.723701, 0], [38.630253, 48.721172, 0], [38.5833035, 48.7198696, 0], [38.5785045, 48.7094303, 0], [38.5778178, 48.6967418, 0], [38.5723171, 48.6890556, 0], [38.5595313, 48.6866947, 0], [38.5490641, 48.6752945, 0], [38.5395372, 48.6735091, 0], [38.52737, 48.6746424, 0], [38.5162341, 48.6705617, 0], [38.515333, 48.6663671, 0], [38.4967934, 48.6631925, 0], [38.4803139, 48.6591107, 0], [38.4645136, 48.6564083, 0], [38.4452874, 48.6550476, 0], [38.431562, 48.6504924, 0], [38.419889, 48.6450485, 0], [38.4143883, 48.6382619, 0], [38.4088951, 48.62964, 0], [38.4047752, 48.6169314, 0], [38.4048894, 48.6090985, 0], [38.406156, 48.6019302, 0], [38.4027228, 48.5919397, 0], [38.4027228, 48.5478669, 0], [38.4143884, 48.5206053, 0], [38.4116492, 48.5105796, 0], [38.4054625, 48.4733655, 0], [38.3931095, 48.436606, 0], [38.3893332, 48.4322779, 0], [38.3910498, 48.4158739, 0], [38.380056, 48.4086007, 0], [38.3673606, 48.3996925, 0], [38.3543142, 48.390346, 0], [38.3436637, 48.3844372, 0], [38.3218402, 48.3710529, 0], [38.2907919, 48.361631, 0], [38.2737749, 48.3591918, 0], [38.2592061, 48.359806, 0], [38.2277695, 48.3671755, 0], [38.2150665, 48.3690002, 0], [38.2075134, 48.371509, 0], [38.1848541, 48.3749299, 0], [38.1500926, 48.3854193, 0], [38.1544451, 48.395536, 0], [38.1630936, 48.4021166, 0], [38.1485476, 48.4144818, 0], [38.1352438, 48.4190391, 0], [38.1174769, 48.420805, 0], [38.1137059, 48.4080126, 0], [38.0421228, 48.4090856, 0], [38.0048018, 48.3939537, 0], [37.9786234, 48.391275, 0], [37.9749586, 48.3811152, 0], [37.9701521, 48.3803171, 0], [37.9470402, 48.3751555, 0], [37.9586195, 48.394496, 0], [37.9646221, 48.3939796, 0], [37.964638, 48.3952463, 0], [37.9654144, 48.3961688, 0], [37.9630601, 48.4005493, 0], [37.962852, 48.4056988, 0], [37.9641584, 48.4092731, 0], [37.9609197, 48.4163493, 0], [37.9529483, 48.4161844, 0], [37.9526158, 48.4178423, 0], [37.9597612, 48.4189086, 0], [37.9593541, 48.427095, 0], [37.9554589, 48.4281472, 0], [37.9395883, 48.4489412, 0], [37.9352973, 48.4486541, 0], [37.9329805, 48.4491356, 0], [37.9348907, 48.4516664, 0], [37.9352776, 48.4537988, 0], [37.9381754, 48.4547049, 0], [37.9414168, 48.4612175, 0], [37.9464885, 48.4613777, 0], [37.9465286, 48.4679425, 0], [37.9421002, 48.4701634, 0], [37.9266063, 48.4822528, 0], [37.9178076, 48.4889226, 0], [37.9115618, 48.4933379, 0], [37.9101222, 48.4950227, 0], [37.9109365, 48.4966082, 0], [37.9205029, 48.5031266, 0], [37.910331, 48.5104745, 0], [37.907411, 48.5157653, 0], [37.9014842, 48.5165956, 0], [37.8928109, 48.5151512, 0], [37.8934558, 48.5204523, 0], [37.8882638, 48.525526, 0], [37.8846886, 48.5290368, 0], [37.8870142, 48.5297838, 0], [37.8805844, 48.5433189, 0], [37.894161, 48.5498988, 0], [37.9020156, 48.5521318, 0], [37.9153997, 48.5464576, 0], [37.9295461, 48.5435195, 0], [37.9369628, 48.5472691, 0], [37.9486388, 48.5520219, 0], [37.9608085, 48.5547308, 0], [37.9674636, 48.5599504, 0], [37.9700954, 48.5716394, 0], [37.9774488, 48.5725365, 0], [37.9785837, 48.5690416, 0], [37.9948233, 48.5635013, 0], [37.9987653, 48.5648885, 0], [38.0012862, 48.5676443, 0], [38.0097578, 48.5682251, 0], [38.0106121, 48.5689902, 0], [38.0155007, 48.5696701, 0], [38.0158854, 48.5726156, 0], [38.0172795, 48.574269, 0], [38.0157971, 48.5760076, 0], [38.0191213, 48.5764117, 0], [38.0224731, 48.5777814, 0], [38.0228763, 48.5829117, 0], [38.0218543, 48.5839947, 0], [38.0205242, 48.5861937, 0], [38.017932, 48.5864037, 0], [38.0159834, 48.5872665, 0], [38.0160036, 48.5874873, 0], [38.0172904, 48.5875836, 0], [38.0179978, 48.5878927, 0], [38.018808, 48.5894572, 0], [38.0192055, 48.5907833, 0], [38.0243797, 48.5904549, 0], [38.0251765, 48.5921134, 0], [38.0276499, 48.5919178, 0], [38.0279165, 48.5929259, 0], [38.0294985, 48.5930187, 0], [38.0297073, 48.5940198, 0], [38.0292092, 48.5947328, 0], [38.026561, 48.5949383, 0], [38.0266271, 48.5960592, 0], [38.026749, 48.5971712, 0], [38.0263942, 48.5979302, 0], [38.0244019, 48.5985818, 0], [38.0215541, 48.5992501, 0], [38.0205593, 48.5994423, 0], [38.0195001, 48.5999184, 0], [38.0176215, 48.6018753, 0], [38.0166198, 48.6045821, 0], [38.0153444, 48.6060405, 0], [38.0137877, 48.6068865, 0], [38.0133087, 48.608477, 0], [38.0115172, 48.6090538, 0], [38.0107987, 48.612, 0], [38.0053377, 48.6215957, 0], [38.0002589, 48.6223255, 0], [37.9914475, 48.6225018, 0], [37.9856244, 48.6237531, 0], [37.981262, 48.6259215, 0], [37.9785007, 48.6273554, 0], [37.97531, 48.6283921, 0], [37.9799448, 48.632363, 0], [37.9775655, 48.6336648, 0], [37.9732591, 48.6360663, 0], [37.9685355, 48.6347902, 0], [37.9587932, 48.6283378, 0], [37.9533435, 48.6277846, 0], [37.9475052, 48.6271039, 0], [37.9458965, 48.6278426, 0], [37.9484447, 48.6295733, 0], [37.9674747, 48.6390176, 0], [37.9655463, 48.6399723, 0], [37.9624162, 48.6416076, 0], [37.9570924, 48.6455434, 0], [37.958072, 48.6542978, 0], [37.9522273, 48.6598753, 0], [37.9496351, 48.6637167, 0], [37.945996, 48.6640295, 0], [37.9406929, 48.6645986, 0], [37.9369972, 48.6715303, 0], [37.9374209, 48.6777817, 0], [37.9318237, 48.6820079, 0], [37.9456599, 48.6937854, 0], [37.9516043, 48.7018181, 0], [37.9632547, 48.7029695, 0], [37.9805335, 48.7116672, 0], [37.9884282, 48.7167623, 0], [37.9910015, 48.7250351, 0], [37.998725, 48.7381748, 0], [38.0094655, 48.7360677, 0], [38.0198982, 48.743865, 0], [38.021142, 48.7477097, 0], [38.0302606, 48.7501409, 0], [38.0346588, 48.7501705, 0], [38.0422656, 48.7469312, 0], [38.0484585, 48.7470694, 0], [38.0544797, 48.7485658, 0], [38.0559949, 48.7513923, 0], [38.0616296, 48.7505405, 0], [38.0698424, 48.7479164, 0], [38.0758701, 48.7432948, 0], [38.0849444, 48.7390266, 0], [38.0947876, 48.7427141, 0], [38.111983, 48.7426474, 0], [38.1163003, 48.739536, 0], [38.1240591, 48.7376041, 0], [38.1299329, 48.7340887, 0], [38.1564814, 48.7325743, 0]]]}}, {"type": "Feature", "properties": {"name": "\u041e\u043a\u0443\u043f\u043e\u0432\u0430\u043d\u043e /// Occupied", "date": "2023-02-27"}, "geometry": {"type": "Polygon", "coordinates": [[[37.8562077, 48.1928465, 0], [37.8285927, 48.1751503, 0], [37.824622, 48.1578177, 0], [37.8198549, 48.1438969, 0], [37.8072325, 48.1233214, 0], [37.7984831, 48.1509121, 0], [37.80971, 48.1649436, 0], [37.8015461, 48.1746128, 0], [37.7948393, 48.1768397, 0], [37.7910371, 48.1805521, 0], [37.782104, 48.1854327, 0], [37.7801621, 48.1905654, 0], [37.768574, 48.1909895, 0], [37.740641, 48.1965884, 0], [37.7350244, 48.2102235, 0], [37.7527672, 48.2115767, 0], [37.7555325, 48.2128727, 0], [37.7532216, 48.2149593, 0], [37.750653, 48.2162452, 0], [37.7504875, 48.2179314, 0], [37.7498467, 48.2188888, 0], [37.7508997, 48.2195105, 0], [37.7595365, 48.2189903, 0], [37.7629148, 48.2203643, 0], [37.7722466, 48.2214534, 0], [37.7712588, 48.2370691, 0], [37.7685987, 48.2465619, 0], [37.7761512, 48.2501586, 0], [37.7756366, 48.255716, 0], [37.7715166, 48.2614448, 0], [37.7724606, 48.262731, 0], [37.7809279, 48.2665927, 0], [37.7948013, 48.2683387, 0], [37.8066806, 48.2687582, 0], [37.8131574, 48.2744108, 0], [37.8082985, 48.2875112, 0], [37.8217294, 48.2899051, 0], [37.8423308, 48.2832692, 0], [37.8696933, 48.2818506, 0], [37.8881602, 48.2836394, 0], [37.8953466, 48.268546, 0], [37.89157, 48.2550609, 0], [37.8929432, 48.2335689, 0], [37.8965706, 48.2154292, 0], [37.8833302, 48.1997121, 0], [37.8562077, 48.1928465, 0]]]}}, {"type": "Feature", "properties": {"name": "\u041e\u043a\u0443\u043f\u043e\u0432\u0430\u043d\u043e /// Occupied", "date": "2023-02-27"}, "geometry": {"type": "Polygon", "coordinates": [[[38.5596903, 48.8300678, 0], [38.5304375, 48.8497781, 0], [38.4952926, 48.8707374, 0], [38.4749063, 48.9035945, 0], [38.4134788, 48.9399705, 0], [38.4023573, 48.9556589, 0], [38.3699793, 48.9817692, 0], [38.2997899, 49.0248792, 0], [38.2845275, 49.0264547, 0], [38.2626974, 49.0244189, 0], [38.2410615, 49.005535, 0], [38.2588575, 48.9692683, 0], [38.2448617, 48.9562453, 0], [38.2370485, 48.9565212, 0], [38.2338727, 48.9530268, 0], [38.2342272, 48.9465655, 0], [38.2346504, 48.9446661, 0], [38.2229722, 48.948743, 0], [38.2140462, 48.9492503, 0], [38.2130159, 48.9551686, 0], [38.2095049, 48.9663382, 0], [38.2060101, 48.9844169, 0], [38.186582, 48.9840453, 0], [38.1681832, 48.9861491, 0], [38.1539615, 48.9823623, 0], [38.1207618, 48.986634, 0], [38.1148566, 48.9966479, 0], [38.0980264, 48.9947098, 0], [38.0976244, 49.0002934, 0], [38.1114966, 49.0030157, 0], [38.1112589, 49.0067709, 0], [38.1169626, 49.008202, 0], [38.1150201, 49.0237615, 0], [38.078865, 49.0294687, 0], [38.065617, 49.0225075, 0], [38.0441319, 49.0218473, 0], [38.036173, 49.0407851, 0], [38.0059118, 49.04369, 0], [37.9996769, 49.0530023, 0], [38.003829, 49.0545563, 0], [38.0263506, 49.0564438, 0], [38.0633982, 49.0645636, 0], [38.0711665, 49.0921404, 0], [38.073275, 49.1017336, 0], [38.0863363, 49.1347964, 0], [38.0832498, 49.1487625, 0], [38.070821, 49.1705425, 0], [38.0613062, 49.1746948, 0], [38.0564274, 49.1845727, 0], [38.0628477, 49.1931837, 0], [38.0484954, 49.2030846, 0], [38.0565242, 49.2143026, 0], [38.0334954, 49.2425221, 0], [38.0286858, 49.2581481, 0], [38.0104763, 49.2723684, 0], [38.015094, 49.2811796, 0], [38.017964, 49.2877812, 0], [38.0144392, 49.2933468, 0], [38.0159465, 49.3003393, 0], [38.0134385, 49.3093203, 0], [38.0153055, 49.3140494, 0], [38.0094618, 49.3234345, 0], [38.0071405, 49.333329, 0], [38.0003543, 49.3421047, 0], [37.9930635, 49.3490968, 0], [37.9826804, 49.3551936, 0], [37.9677527, 49.3663888, 0], [37.9526395, 49.38037, 0], [37.9431965, 49.3925249, 0], [37.9448694, 49.3957591, 0], [37.9427657, 49.3989933, 0], [37.948687, 49.4035625, 0], [37.9287805, 49.4242894, 0], [37.9406415, 49.4442441, 0], [37.9384302, 49.4630825, 0], [37.9685995, 49.4802816, 0], [37.9584215, 49.5165822, 0], [37.9641971, 49.5199564, 0], [37.9618227, 49.5334697, 0], [37.9615166, 49.5381242, 0], [37.9567469, 49.5427787, 0], [37.9472726, 49.5470042, 0], [37.9453503, 49.5532343, 0], [37.9542091, 49.5659172, 0], [37.957508, 49.5734676, 0], [37.9436672, 49.5814197, 0], [37.9379111, 49.5906059, 0], [37.938162, 49.6005709, 0], [37.9289291, 49.6203664, 0], [37.9284486, 49.6243686, 0], [37.9310927, 49.6288151, 0], [37.9283002, 49.6341076, 0], [37.9202906, 49.6404341, 0], [37.9163118, 49.6482048, 0], [37.9128739, 49.6587549, 0], [37.91796, 49.6784257, 0], [37.9160062, 49.6914252, 0], [37.9133, 49.7072064, 0], [37.9114896, 49.7236031, 0], [37.8949052, 49.7372203, 0], [37.8873795, 49.7360766, 0], [37.8781372, 49.7365964, 0], [37.8841993, 49.7455131, 0], [37.8670869, 49.7492446, 0], [37.8520313, 49.7546375, 0], [37.8425723, 49.7553393, 0], [37.8090809, 49.7573073, 0], [37.7648713, 49.7759153, 0], [37.713212, 49.7821869, 0], [37.6948478, 49.7857877, 0], [37.6886724, 49.788554, 0], [37.685239, 49.7901887, 0], [37.7042769, 49.8210402, 0], [37.7124617, 49.8334674, 0], [37.7049483, 49.8353771, 0], [37.7024472, 49.8399508, 0], [37.7011484, 49.8486754, 0], [37.7033897, 49.8506886, 0], [37.707734, 49.8529785, 0], [37.7161234, 49.856783, 0], [37.7260153, 49.8590385, 0], [37.7282615, 49.8607055, 0], [37.7327465, 49.8661068, 0], [37.7322533, 49.8753806, 0], [37.7404599, 49.8845231, 0], [37.7548533, 49.8975943, 0], [37.7667561, 49.8996539, 0], [37.7737493, 49.9070916, 0], [37.7854396, 49.9323385, 0], [37.7930045, 49.9406455, 0], [37.8022039, 49.9430982, 0], [37.8072596, 49.9540787, 0], [37.8198726, 49.9562244, 0], [37.831706, 49.9716469, 0], [37.8546974, 49.9702386, 0], [37.8749089, 49.9800635, 0], [37.8866634, 49.9801715, 0], [37.8875152, 49.9877814, 0], [37.8928326, 49.9890988, 0], [37.9017572, 50.0036588, 0], [37.9130761, 50.0030781, 0], [37.9247364, 50.012396, 0], [37.940048, 50.0151423, 0], [37.9620412, 49.9829178, 0], [37.9658088, 49.9793041, 0], [37.9805616, 49.9767935, 0], [37.9990746, 49.9636008, 0], [38.0053728, 49.9672453, 0], [38.0436866, 49.932897, 0], [38.0123668, 49.9184972, 0], [38.0339211, 49.9047607, 0], [38.0564641, 49.9232466, 0], [38.1249937, 49.942552, 0], [38.1266822, 49.9221503, 0], [38.1715654, 49.9419009, 0], [38.1624019, 49.9514961, 0], [38.1963316, 49.9697594, 0], [38.2171261, 49.9871815, 0], [38.2108518, 49.9892474, 0], [38.207712, 49.9915109, 0], [38.2045784, 49.9976439, 0], [38.2051352, 50.0010043, 0], [38.2027285, 50.0018361, 0], [38.2007857, 50.0037784, 0], [38.2011173, 50.0047277, 0], [38.1972857, 50.008256, 0], [38.1920541, 50.0145947, 0], [38.1868309, 50.0216899, 0], [38.1854156, 50.0222224, 0], [38.1861491, 50.0229471, 0], [38.1882453, 50.0236029, 0], [38.1879231, 50.04072, 0], [38.183827, 50.0458318, 0], [38.1850665, 50.0556923, 0], [38.1785682, 50.0799688, 0], [38.2540601, 50.0725084, 0], [38.2757814, 50.0734395, 0], [38.2914934, 50.0794364, 0], [38.301154, 50.087142, 0], [38.3131955, 50.088337, 0], [38.3294421, 50.08551, 0], [38.3339758, 50.0590927, 0], [38.3512004, 50.0347406, 0], [38.3541639, 50.0190482, 0], [38.3495747, 50.006444, 0], [38.3975626, 49.990585, 0], [38.4160076, 49.981338, 0], [38.4340951, 50.0010186, 0], [38.4680396, 49.9952467, 0], [38.4659138, 49.9839611, 0], [38.4775197, 49.9832711, 0], [38.4833004, 49.9765278, 0], [38.4877059, 49.963602, 0], [38.5078984, 49.9640299, 0], [38.5267154, 49.9582706, 0], [38.5815696, 49.977416, 0], [38.6160779, 49.9743898, 0], [38.6461959, 49.9559371, 0], [38.6669406, 49.9721563, 0], [38.6797311, 49.9744937, 0], [38.676054, 49.9928137, 0], [38.6790523, 50.0054483, 0], [38.6875456, 50.0081524, 0], [38.7151365, 49.9877098, 0], [38.7153149, 49.9823836, 0], [38.6852998, 49.9603436, 0], [38.6929003, 49.9347656, 0], [38.7232471, 49.9270052, 0], [38.7338456, 49.9050248, 0], [38.7438467, 49.897307, 0], [38.7682317, 49.896044, 0], [38.7776828, 49.8853198, 0], [38.7834876, 49.881113, 0], [38.7901498, 49.8785098, 0], [38.7949575, 49.8833098, 0], [38.8224322, 49.8789842, 0], [38.8251048, 49.8789649, 0], [38.8267328, 49.8784448, 0], [38.8285842, 49.8771719, 0], [38.8336541, 49.8748065, 0], [38.8348623, 49.8746547, 0], [38.8355794, 49.8744587, 0], [38.8364145, 49.8738963, 0], [38.8373917, 49.8722224, 0], [38.8353709, 49.8709644, 0], [38.8363462, 49.8673664, 0], [38.839345, 49.8657616, 0], [38.8432897, 49.865145, 0], [38.8456689, 49.8658095, 0], [38.8491041, 49.865103, 0], [38.8567132, 49.8691394, 0], [38.8693985, 49.8644883, 0], [38.874563, 49.866638, 0], [38.8764156, 49.8694227, 0], [38.8984669, 49.8704163, 0], [38.9093376, 49.8601028, 0], [38.9164883, 49.8599253, 0], [38.9186475, 49.8578998, 0], [38.90967, 49.8508492, 0], [38.9050495, 49.8491492, 0], [38.9067062, 49.8450441, 0], [38.9122246, 49.8443151, 0], [38.9138777, 49.8361141, 0], [38.9113984, 49.8345887, 0], [38.9150941, 49.8310586, 0], [38.9135074, 49.8286295, 0], [38.9073925, 49.8284121, 0], [38.9093724, 49.8191695, 0], [38.9191242, 49.8146652, 0], [38.9161629, 49.8127235, 0], [38.9191886, 49.8089419, 0], [38.9203573, 49.8049462, 0], [38.9286996, 49.8038881, 0], [38.9274206, 49.8013809, 0], [38.927811, 49.7985761, 0], [38.9307528, 49.7971736, 0], [38.9329103, 49.7975803, 0], [38.9334741, 49.7997781, 0], [38.9403505, 49.8008884, 0], [38.9466628, 49.7978063, 0], [38.9490948, 49.7961019, 0], [38.9711376, 49.8072206, 0], [38.9849055, 49.8077831, 0], [39.02166, 49.8209101, 0], [39.033522, 49.8223722, 0], [39.0662328, 49.8153488, 0], [39.069763, 49.8187306, 0], [39.1103662, 49.8377731, 0], [39.1307382, 49.861568, 0], [39.1784018, 49.888001, 0], [39.188395, 49.8862222, 0], [39.2256563, 49.8401842, 0], [39.228114, 49.8165027, 0], [39.228992, 49.8084322, 0], [39.2391461, 49.7982264, 0], [39.2403717, 49.7911227, 0], [39.2503713, 49.7778017, 0], [39.2646388, 49.7684801, 0], [39.2754705, 49.7680264, 0], [39.28556, 49.7556663, 0], [39.3079236, 49.7530435, 0], [39.3769627, 49.7384241, 0], [39.4120621, 49.7531109, 0], [39.4382009, 49.7600062, 0], [39.4787607, 49.7564746, 0], [39.5338346, 49.7408478, 0], [39.6101091, 49.7337983, 0], [39.5913601, 49.7191335, 0], [39.613305, 49.6913621, 0], [39.6383788, 49.6350998, 0], [39.6599951, 49.6148107, 0], [39.6869259, 49.611558, 0], [39.6967474, 49.6042914, 0], [39.7127471, 49.6059228, 0], [39.7502318, 49.5967191, 0], [39.8053125, 49.5580501, 0], [39.8389138, 49.5635177, 0], [39.8902242, 49.5583589, 0], [39.9346008, 49.572783, 0], [39.9522226, 49.596549, 0], [40.0567287, 49.6065734, 0], [40.0635377, 49.5992332, 0], [40.1352584, 49.6162537, 0], [40.139525, 49.5962742, 0], [40.1684346, 49.5689206, 0], [40.037599, 49.5198952, 0], [40.04176, 49.4991027, 0], [40.0291895, 49.4535986, 0], [40.0472045, 49.4448782, 0], [40.0595506, 49.4352626, 0], [40.0769088, 49.4099572, 0], [40.1056311, 49.3912919, 0], [40.1134017, 49.3856956, 0], [40.1295486, 49.3823809, 0], [40.1445985, 49.3776671, 0], [40.156906, 49.3726686, 0], [40.1626028, 49.3678371, 0], [40.1598053, 49.3660175, 0], [40.1701818, 49.3564001, 0], [40.1764287, 49.3566185, 0], [40.196814, 49.3452278, 0], [40.1885261, 49.3074433, 0], [40.1840397, 49.3039851, 0], [40.1857451, 49.2842881, 0], [40.2192639, 49.2651715, 0], [40.2208062, 49.2577735, 0], [40.2143705, 49.2448867, 0], [40.2088148, 49.242226, 0], [40.1882278, 49.2386257, 0], [40.1770838, 49.2374891, 0], [40.1372265, 49.239885, 0], [40.1229698, 49.2309907, 0], [40.1082896, 49.2108827, 0], [40.0927592, 49.2031637, 0], [40.0761297, 49.1868276, 0], [40.031575, 49.1802406, 0], [39.9727245, 49.1252934, 0], [39.958701, 49.1055643, 0], [39.9455145, 49.0897976, 0], [39.9381691, 49.0827982, 0], [39.942532, 49.0713467, 0], [39.9379507, 49.0562772, 0], [39.9102626, 49.0574623, 0], [39.8803048, 49.0643197, 0], [39.8203094, 49.0583019, 0], [39.8031433, 49.0592018, 0], [39.7871328, 49.0493582, 0], [39.7666226, 49.0401318, 0], [39.7403201, 49.0422198, 0], [39.6933662, 49.0505397, 0], [39.6820889, 49.0457791, 0], [39.673217, 49.0393297, 0], [39.6835816, 49.0369246, 0], [39.6817358, 49.0287326, 0], [39.6756634, 49.0268881, 0], [39.6736576, 49.0149338, 0], [39.6792044, 49.0128865, 0], [39.6702767, 49.0031482, 0], [39.6634114, 49.0008718, 0], [39.6769304, 48.9895384, 0], [39.6911238, 48.9962895, 0], [39.6911344, 48.9969722, 0], [39.6932693, 48.9993021, 0], [39.6952703, 48.999046, 0], [39.6963807, 48.9993881, 0], [39.6970379, 49.000206, 0], [39.6981028, 49.0008268, 0], [39.6992884, 49.0009703, 0], [39.7038248, 48.9993304, 0], [39.7056744, 48.9976415, 0], [39.7063954, 48.9961067, 0], [39.7076098, 48.9955432, 0], [39.7084981, 48.9944314, 0], [39.7076186, 48.9935901, 0], [39.7077047, 48.9927417, 0], [39.7083276, 48.992446, 0], [39.7097153, 48.9926127, 0], [39.7115482, 48.9918026, 0], [39.7118037, 48.9908274, 0], [39.7126395, 48.9901287, 0], [39.7146073, 48.9901109, 0], [39.7153496, 48.9897089, 0], [39.7154075, 48.9885802, 0], [39.7157117, 48.9879918, 0], [39.7167695, 48.9870667, 0], [39.7169186, 48.9862422, 0], [39.7164999, 48.9856102, 0], [39.7167236, 48.9849123, 0], [39.7174133, 48.9845882, 0], [39.7176175, 48.9843629, 0], [39.7179234, 48.9833772, 0], [39.7176226, 48.9823543, 0], [39.7189764, 48.9816292, 0], [39.721521, 48.9812885, 0], [39.7233642, 48.9805198, 0], [39.7252267, 48.9802357, 0], [39.7263809, 48.9794609, 0], [39.7264818, 48.9786786, 0], [39.7244781, 48.9780682, 0], [39.7248201, 48.9765649, 0], [39.7270045, 48.9755913, 0], [39.730221, 48.9767382, 0], [39.7298327, 48.9780683, 0], [39.7328018, 48.9794291, 0], [39.7333677, 48.9807476, 0], [39.7360446, 48.9824833, 0], [39.7472679, 48.9874123, 0], [39.7520804, 48.9865922, 0], [39.7768793, 48.9460251, 0], [39.7900973, 48.9384708, 0], [39.7823723, 48.9157447, 0], [39.805377, 48.9148422, 0], [39.8189362, 48.907791, 0], [39.8337412, 48.9008231, 0], [39.8367889, 48.9030519, 0], [39.8458018, 48.9029108, 0], [39.853161, 48.8907371, 0], [39.924336, 48.895717, 0], [39.9403091, 48.8866911, 0], [39.9506521, 48.8754591, 0], [39.9934295, 48.8682857, 0], [40.0039798, 48.9007927, 0], [40.0180629, 48.9077912, 0], [40.0311949, 48.9158013, 0], [40.0484954, 48.9101863, 0], [40.0554947, 48.9100982, 0], [40.0712862, 48.876975, 0], [40.0788309, 48.8698666, 0], [39.9764028, 48.7939027, 0], [39.9367367, 48.8007946, 0], [39.8862549, 48.8209457, 0], [39.8304389, 48.8335543, 0], [39.8278316, 48.831465, 0], [39.8075031, 48.838581, 0], [39.808044, 48.8394801, 0], [39.8046722, 48.8435763, 0], [39.7971263, 48.8405757, 0], [39.7858537, 48.7991578, 0], [39.7801942, 48.7860818, 0], [39.7776384, 48.7848687, 0], [39.7734948, 48.7844189, 0], [39.7715164, 48.7834911, 0], [39.7697056, 48.780787, 0], [39.7662131, 48.7791678, 0], [39.7654511, 48.7780788, 0], [39.7658051, 48.7765126, 0], [39.7656442, 48.7754979, 0], [39.7639706, 48.7745995, 0], [39.7624264, 48.7725623, 0], [39.7627706, 48.7716989, 0], [39.7636297, 48.7710335, 0], [39.766036, 48.7710309, 0], [39.7686596, 48.7693288, 0], [39.7685507, 48.7663095, 0], [39.7662045, 48.7642371, 0], [39.7609401, 48.7638619, 0], [39.7553033, 48.7679767, 0], [39.7400815, 48.7664179, 0], [39.7363764, 48.7521826, 0], [39.736921, 48.7488979, 0], [39.7387363, 48.7474767, 0], [39.7395753, 48.7444779, 0], [39.7393649, 48.7436306, 0], [39.7384079, 48.7432237, 0], [39.7373091, 48.743188, 0], [39.7361846, 48.7433996, 0], [39.7354377, 48.7437944, 0], [39.7350167, 48.7444426, 0], [39.7344966, 48.7449323, 0], [39.733671, 48.7451619, 0], [39.7321916, 48.7443334, 0], [39.7316469, 48.7420964, 0], [39.7288815, 48.7410904, 0], [39.7250112, 48.7404521, 0], [39.7255989, 48.7376807, 0], [39.7240625, 48.734598, 0], [39.7227063, 48.7318855, 0], [39.7266149, 48.7293715, 0], [39.7254634, 48.7270896, 0], [39.7048377, 48.7214631, 0], [39.7122616, 48.7159156, 0], [39.7125611, 48.7116703, 0], [39.7044919, 48.7068047, 0], [39.7131581, 48.7008348, 0], [39.7178755, 48.7033612, 0], [39.7202113, 48.6972033, 0], [39.7159652, 48.695208, 0], [39.7188272, 48.6933173, 0], [39.7166814, 48.6899344, 0], [39.718497, 48.6874289, 0], [39.7206021, 48.6867579, 0], [39.7207782, 48.6863296, 0], [39.7226753, 48.685055, 0], [39.7232026, 48.6840774, 0], [39.7230648, 48.6834469, 0], [39.7226817, 48.6833759, 0], [39.7216153, 48.6824264, 0], [39.7203409, 48.681944, 0], [39.7170839, 48.6814396, 0], [39.7141965, 48.6802254, 0], [39.7134978, 48.6761279, 0], [39.7121127, 48.6746516, 0], [39.707944, 48.6727922, 0], [39.704033, 48.6714854, 0], [39.702434, 48.6705154, 0], [39.7017208, 48.6694045, 0], [39.7024774, 48.6684353, 0], [39.7029015, 48.6672252, 0], [39.7032933, 48.6668371, 0], [39.7042601, 48.6666234, 0], [39.7050127, 48.6669183, 0], [39.707323, 48.6669638, 0], [39.7088219, 48.6677581, 0], [39.7102909, 48.6680627, 0], [39.7109443, 48.6676942, 0], [39.7113082, 48.6672185, 0], [39.7107302, 48.6639445, 0], [39.7095261, 48.6622539, 0], [39.7097211, 48.6608817, 0], [39.7096549, 48.6600033, 0], [39.7104079, 48.6580629, 0], [39.7113809, 48.6568763, 0], [39.7109802, 48.6555171, 0], [39.7106868, 48.6550367, 0], [39.709877, 48.6545451, 0], [39.7089808, 48.6546183, 0], [39.7064356, 48.6569728, 0], [39.7050109, 48.6563498, 0], [39.7043634, 48.6551469, 0], [39.7032914, 48.6543409, 0], [39.7022695, 48.6533094, 0], [39.6999035, 48.652604, 0], [39.6973541, 48.65103, 0], [39.6937148, 48.6494079, 0], [39.6912413, 48.6463219, 0], [39.6915299, 48.644962, 0], [39.6937698, 48.6432083, 0], [39.6943624, 48.6396733, 0], [39.6942396, 48.6376143, 0], [39.6937843, 48.6367714, 0], [39.6931611, 48.6362378, 0], [39.6906421, 48.6354833, 0], [39.6877685, 48.6328233, 0], [39.6800633, 48.6294977, 0], [39.6715351, 48.624331, 0], [39.6668727, 48.6200648, 0], [39.6661695, 48.6177206, 0], [39.6637976, 48.6130042, 0], [39.6614469, 48.6109039, 0], [39.6606231, 48.6090898, 0], [39.661023, 48.6065514, 0], [39.6633738, 48.6049218, 0], [39.6671134, 48.6052312, 0], [39.6689122, 48.6050365, 0], [39.6705761, 48.6045881, 0], [39.6711894, 48.6039545, 0], [39.6709438, 48.6032183, 0], [39.668158, 48.6013107, 0], [39.6681762, 48.5981814, 0], [39.6688065, 48.5965669, 0], [39.6700615, 48.5957732, 0], [39.6714269, 48.5954506, 0], [39.6735293, 48.5959049, 0], [39.6752736, 48.5969399, 0], [39.6760012, 48.5979503, 0], [39.6770487, 48.5983108, 0], [39.6786713, 48.5981205, 0], [39.6800407, 48.5973815, 0], [39.6806079, 48.5964024, 0], [39.6796545, 48.5954755, 0], [39.6781781, 48.5958601, 0], [39.6760176, 48.5947213, 0], [39.6754183, 48.5935416, 0], [39.6758393, 48.5917852, 0], [39.6764776, 48.5908626, 0], [39.6787987, 48.5900941, 0], [39.6794674, 48.5906025, 0], [39.6793619, 48.5918075, 0], [39.6809519, 48.5926356, 0], [39.6826722, 48.5926894, 0], [39.6871009, 48.5892083, 0], [39.6872709, 48.5870843, 0], [39.6772901, 48.5875652, 0], [39.6765177, 48.5881898, 0], [39.672226, 48.5884168, 0], [39.6675909, 48.5867705, 0], [39.6587505, 48.5856348, 0], [39.657549, 48.5846696, 0], [39.6353187, 48.5800421, 0], [39.6319715, 48.5806951, 0], [39.6236458, 48.5860891, 0], [39.6228303, 48.5863731, 0], [39.621929, 48.5858053, 0], [39.6212424, 48.5819441, 0], [39.6175517, 48.5771177, 0], [39.6137321, 48.5749028, 0], [39.6124877, 48.5729153, 0], [39.6080245, 48.5727165, 0], [39.6036471, 48.5741079, 0], [39.596315, 48.5750316, 0], [39.5949908, 48.5766935, 0], [39.5948066, 48.5793322, 0], [39.600643, 48.5857484, 0], [39.6040762, 48.5862595, 0], [39.6050204, 48.5867705, 0], [39.6045913, 48.5888143, 0], [39.6017588, 48.5915393, 0], [39.5963515, 48.5923909, 0], [39.5925379, 48.591299, 0], [39.5817729, 48.5850406, 0], [39.5777815, 48.5828829, 0], [39.5765372, 48.5812363, 0], [39.5733488, 48.5805247, 0], [39.5680736, 48.5818525, 0], [39.5629697, 48.5836344, 0], [39.5631476, 48.5862329, 0], [39.5660531, 48.5883033, 0], [39.5672794, 48.5902411, 0], [39.567304, 48.5921221, 0], [39.5656367, 48.5939539, 0], [39.5633068, 48.5974431, 0], [39.5617617, 48.5980108, 0], [39.5586718, 48.5980108, 0], [39.5512045, 48.5955699, 0], [39.5494879, 48.5932424, 0], [39.5505609, 48.5885871, 0], [39.5493162, 48.5859755, 0], [39.5450247, 48.5839315, 0], [39.5373858, 48.5833923, 0], [39.5312059, 48.5842722, 0], [39.5287169, 48.5859471, 0], [39.5269143, 48.5895523, 0], [39.5281334, 48.5918429, 0], [39.5332101, 48.593633, 0], [39.53359, 48.5954628, 0], [39.532425, 48.596441, 0], [39.5280477, 48.597179, 0], [39.525387, 48.5982007, 0], [39.5226355, 48.6029792, 0], [39.523481, 48.6051057, 0], [39.5272821, 48.6082772, 0], [39.5278218, 48.6094624, 0], [39.5271845, 48.6112652, 0], [39.5257254, 48.6130243, 0], [39.5167863, 48.6181009, 0], [39.5116491, 48.621876, 0], [39.5119798, 48.6235478, 0], [39.5154257, 48.6261878, 0], [39.5162713, 48.6279728, 0], [39.5167131, 48.6299887, 0], [39.5160265, 48.632201, 0], [39.5140898, 48.6338391, 0], [39.5104364, 48.6344562, 0], [39.500437, 48.632556, 0], [39.4955448, 48.6321306, 0], [39.4930128, 48.6304288, 0], [39.4862749, 48.6288972, 0], [39.4841506, 48.6282023, 0], [39.476104, 48.6287553, 0], [39.4685938, 48.6274506, 0], [39.4656326, 48.628188, 0], [39.464013, 48.6310664, 0], [39.4642705, 48.634016, 0], [39.4673921, 48.6372355, 0], [39.4658154, 48.6386672, 0], [39.4575645, 48.6386535, 0], [39.4542171, 48.6397878, 0], [39.4516422, 48.6410356, 0], [39.4495774, 48.6445597, 0], [39.4497999, 48.6504034, 0], [39.45131, 48.6517105, 0], [39.4533874, 48.6528147, 0], [39.452375, 48.6547127, 0], [39.4501783, 48.6556738, 0], [39.4465035, 48.6563032, 0], [39.4389503, 48.6549424, 0], [39.4323254, 48.6567511, 0], [39.4207479, 48.6582252, 0], [39.4142345, 48.6566941, 0], [39.4106961, 48.6576582, 0], [39.4080354, 48.6598127, 0], [39.4082071, 48.6614568, 0], [39.4135284, 48.6668422, 0], [39.4138719, 48.6684294, 0], [39.4117261, 48.6705266, 0], [39.4058231, 48.6738138, 0], [39.4026474, 48.6744372, 0], [39.3979931, 48.6746075, 0], [39.3905259, 48.6788014, 0], [39.3891718, 48.680388, 0], [39.3909313, 48.6837598, 0], [39.389601, 48.6847515, 0], [39.3817046, 48.6855165, 0], [39.3795588, 48.6862814, 0], [39.3779881, 48.6862391, 0], [39.3673187, 48.691976, 0], [39.3658924, 48.692231, 0], [39.3603134, 48.6958003, 0], [39.3559553, 48.6972163, 0], [39.3505051, 48.707639, 0], [39.3486596, 48.7087153, 0], [39.3468571, 48.7122268, 0], [39.3486404, 48.713473, 0], [39.3541336, 48.7132465, 0], [39.3601611, 48.7156814, 0], [39.365268, 48.7168424, 0], [39.3704606, 48.7159645, 0], [39.3720818, 48.7159364, 0], [39.3737889, 48.7174938, 0], [39.3741848, 48.7186546, 0], [39.3726065, 48.7198719, 0], [39.3691304, 48.7200702, 0], [39.3615344, 48.7223068, 0], [39.355226, 48.7252511, 0], [39.3537238, 48.7268931, 0], [39.3540746, 48.7296483, 0], [39.3570785, 48.7323091, 0], [39.3588772, 48.7339037, 0], [39.3588735, 48.7361776, 0], [39.3581944, 48.7370077, 0], [39.349268, 48.7424983, 0], [39.3472079, 48.745781, 0], [39.3470287, 48.7502144, 0], [39.346178, 48.7510443, 0], [39.3431406, 48.7573631, 0], [39.3433649, 48.7592115, 0], [39.3455302, 48.7616634, 0], [39.3491746, 48.7621539, 0], [39.3513279, 48.7630966, 0], [39.3538953, 48.765492, 0], [39.3545036, 48.7668307, 0], [39.3527834, 48.7679435, 0], [39.3510629, 48.7685469, 0], [39.3472451, 48.7683868, 0], [39.3403377, 48.766303, 0], [39.3361358, 48.7659821, 0], [39.3316726, 48.7666043, 0], [39.326605, 48.768311, 0], [39.3260862, 48.7700176, 0], [39.327485, 48.7721107, 0], [39.3279744, 48.7736946, 0], [39.3262579, 48.7755612, 0], [39.3245486, 48.7760513, 0], [39.3145923, 48.7748068, 0], [39.3118456, 48.7740715, 0], [39.308834, 48.7719976, 0], [39.3030909, 48.7654163, 0], [39.299915, 48.7630401, 0], [39.2926196, 48.7606073, 0], [39.2914962, 48.7594381, 0], [39.2906454, 48.7562503, 0], [39.2892828, 48.7536855, 0], [39.2895221, 48.7515159, 0], [39.286436, 48.7489032, 0], [39.2820625, 48.7486107, 0], [39.2788895, 48.7493413, 0], [39.2766606, 48.7523355, 0], [39.2747777, 48.7536833, 0], [39.272385, 48.7538889, 0], [39.2708111, 48.752761, 0], [39.2703037, 48.751214, 0], [39.2716769, 48.7477619, 0], [39.2708112, 48.7439889, 0], [39.2686652, 48.7419513, 0], [39.2644702, 48.7412546, 0], [39.2585371, 48.7427437, 0], [39.2563131, 48.7422719, 0], [39.2550255, 48.740687, 0], [39.2552841, 48.7387765, 0], [39.2592313, 48.7338376, 0], [39.2561413, 48.726874, 0], [39.2539646, 48.7244039, 0], [39.2533091, 48.7220612, 0], [39.2539023, 48.720155, 0], [39.2497824, 48.7125666, 0], [39.2435169, 48.7096215, 0], [39.2395901, 48.709127, 0], [39.2359926, 48.7110903, 0], [39.2323663, 48.7114148, 0], [39.2267874, 48.7089794, 0], [39.2248989, 48.7067705, 0], [39.2194058, 48.7051845, 0], [39.2125393, 48.7012195, 0], [39.207175, 48.6983021, 0], [39.2031839, 48.6986137, 0], [39.2003727, 48.7000016, 0], [39.1991498, 48.7022673, 0], [39.1983558, 48.7057793, 0], [39.1975189, 48.7064873, 0], [39.1965103, 48.7065157, 0], [39.1951083, 48.7039008, 0], [39.1909024, 48.6998222, 0], [39.1854168, 48.6934014, 0], [39.1816402, 48.6857524, 0], [39.1742513, 48.6803313, 0], [39.1633508, 48.6757409, 0], [39.1574358, 48.6753817, 0], [39.1519428, 48.6762885, 0], [39.1486736, 48.6752874, 0], [39.1445144, 48.6709135, 0], [39.1419006, 48.6666528, 0], [39.1416432, 48.6650656, 0], [39.1426731, 48.6635349, 0], [39.1419864, 48.6608705, 0], [39.1394898, 48.6596423, 0], [39.1273093, 48.6604736, 0], [39.1231894, 48.6600201, 0], [39.1168304, 48.6567508, 0], [39.1119381, 48.6533489, 0], [39.1036199, 48.6498709, 0], [39.0985561, 48.6508915, 0], [39.084909, 48.6506647, 0], [39.0758966, 48.6516286, 0], [39.0743517, 48.6504379, 0], [39.0548681, 48.6470355, 0], [39.0426802, 48.6464684, 0], [39.0380844, 48.6471869, 0], [39.0355485, 48.6482454, 0], [39.0334496, 48.6519783, 0], [39.0322087, 48.652876, 0], [39.0285105, 48.6530086, 0], [39.019155, 48.6569775, 0], [39.0123742, 48.6583382, 0], [39.0103182, 48.6600862, 0], [39.0096352, 48.6626278, 0], [39.0129825, 48.6640451, 0], [39.0185616, 48.6641017, 0], [39.0216515, 48.6624011, 0], [39.0254279, 48.6619759, 0], [39.027488, 48.6632514, 0], [39.0262863, 48.6672762, 0], [39.023883, 48.6698837, 0], [39.0205358, 48.6722643, 0], [39.0202783, 48.6756083, 0], [39.0195841, 48.6791411, 0], [39.0163693, 48.680945, 0], [39.0143558, 48.6834289, 0], [39.0157292, 48.6886421, 0], [39.01555, 48.6948935, 0], [39.0048287, 48.6963474, 0], [39.001817, 48.6980094, 0], [38.9998504, 48.7001997, 0], [38.9995071, 48.7039949, 0], [38.9982198, 48.7076767, 0], [38.9989883, 48.7111978, 0], [38.9969247, 48.7116038, 0], [38.9919248, 48.7100039, 0], [38.9869253, 48.7101597, 0], [38.9843076, 48.7118303, 0], [38.9847443, 48.7136235, 0], [38.988864, 48.7152092, 0], [38.9939206, 48.716191, 0], [38.9980481, 48.7174744, 0], [38.9993354, 48.7196263, 0], [38.9983914, 48.7242694, 0], [38.9914389, 48.7306106, 0], [38.9895432, 48.7349888, 0], [38.9844583, 48.737582, 0], [38.9822053, 48.7402883, 0], [38.9823341, 48.7421915, 0], [38.9812181, 48.7438471, 0], [38.9788143, 48.7448944, 0], [38.974999, 48.7447654, 0], [38.972565, 48.7435858, 0], [38.9698345, 48.7437486, 0], [38.9669485, 48.7452061, 0], [38.9640946, 48.7461965, 0], [38.9611333, 48.7461395, 0], [38.9599318, 48.7429131, 0], [38.9612192, 48.7399132, 0], [38.9610475, 48.7365172, 0], [38.9569485, 48.734069, 0], [38.9460695, 48.7344511, 0], [38.9437095, 48.7338565, 0], [38.9340107, 48.7357814, 0], [38.9324656, 48.7368002, 0], [38.934354, 48.7429134, 0], [38.937959, 48.7440736, 0], [38.9388603, 48.745814, 0], [38.938281, 48.7466842, 0], [38.9369612, 48.7471193, 0], [38.9350567, 48.7468558, 0], [38.9336673, 48.7460263, 0], [38.9306522, 48.7452765, 0], [38.9246333, 48.745036, 0], [38.9227237, 48.7450076, 0], [38.9213076, 48.7446113, 0], [38.9199692, 48.7434228, 0], [38.9180301, 48.7429135, 0], [38.9143233, 48.7443851, 0], [38.9125746, 48.7468754, 0], [38.911137, 48.7480073, 0], [38.9087767, 48.7492524, 0], [38.9047423, 48.7506104, 0], [38.9010944, 48.7509076, 0], [38.8988199, 48.7501862, 0], [38.8920393, 48.7504407, 0], [38.881332, 48.7501863, 0], [38.8802377, 48.7506107, 0], [38.879079, 48.7524782, 0], [38.8776197, 48.7525911, 0], [38.8716946, 48.7513075, 0], [38.8638811, 48.7513818, 0], [38.8609575, 48.7507381, 0], [38.8606035, 48.7497902, 0], [38.8593804, 48.7495921, 0], [38.8553895, 48.7496484, 0], [38.8471497, 48.7429134, 0], [38.8360776, 48.7232693, 0], [38.8300695, 48.7170404, 0], [38.8084401, 48.713416, 0], [38.7670695, 48.7143222, 0], [38.7535158, 48.7184937, 0], [38.6917155, 48.7293629, 0], [38.7055563, 48.7754613, 0], [38.5596903, 48.8300678, 0]]]}}, {"type": "Feature", "properties": {"name": "\u041e\u043a\u0443\u043f\u043e\u0432\u0430\u043d\u043e /// Occupied\n", "date": "2023-02-27"}, "geometry": {"type": "Polygon", "coordinates": [[[37.6878504, 48.0547535, 0], [37.6794605, 48.049407, 0], [37.6699861, 48.0433634, 0], [37.6478104, 48.0289444, 0], [37.6226618, 48.0194438, 0], [37.6164821, 48.0180947, 0], [37.6013759, 48.0169465, 0], [37.5885656, 48.0160207, 0], [37.5754335, 48.0139536, 0], [37.5733939, 48.0068986, 0], [37.556143, 48.0098553, 0], [37.5496206, 47.9973638, 0], [37.5585462, 47.986451, 0], [37.5484825, 47.9792624, 0], [37.5482264, 47.9864436, 0], [37.5431618, 47.9954325, 0], [37.543246, 47.9983477, 0], [37.5482884, 48.0071995, 0], [37.5585248, 48.0140971, 0], [37.5707975, 48.0142412, 0], [37.5734594, 48.0323812, 0], [37.5811089, 48.0343791, 0], [37.5805189, 48.037697, 0], [37.584727, 48.0382063, 0], [37.5843434, 48.0442536, 0], [37.5852474, 48.044275, 0], [37.5857851, 48.038418, 0], [37.5910648, 48.0393112, 0], [37.5904535, 48.048498, 0], [37.5931763, 48.0543948, 0], [37.5911044, 48.0541877, 0], [37.5908778, 48.0550132, 0], [37.5931906, 48.0555043, 0], [37.5931305, 48.0606977, 0], [37.5928995, 48.0615929, 0], [37.6037142, 48.0619083, 0], [37.60433, 48.0629755, 0], [37.6059947, 48.0651904, 0], [37.6108756, 48.0673488, 0], [37.614774, 48.0695737, 0], [37.6288078, 48.0655809, 0], [37.636797, 48.0717114, 0], [37.6404408, 48.0758679, 0], [37.6354058, 48.0787613, 0], [37.6291154, 48.0836504, 0], [37.6309908, 48.0844896, 0], [37.6306795, 48.0900487, 0], [37.626667, 48.1017671, 0], [37.6269455, 48.1043418, 0], [37.6408217, 48.1016224, 0], [37.655988, 48.1003596, 0], [37.6620263, 48.1006885, 0], [37.6716694, 48.1007876, 0], [37.6843724, 48.1024498, 0], [37.687382, 48.1037761, 0], [37.6920626, 48.1037228, 0], [37.6933527, 48.1026091, 0], [37.6963786, 48.0993579, 0], [37.7023216, 48.0997463, 0], [37.7099276, 48.1005652, 0], [37.7133226, 48.1006445, 0], [37.7134702, 48.1046865, 0], [37.7170036, 48.1110874, 0], [37.7257448, 48.1125535, 0], [37.7303429, 48.0984669, 0], [37.7328207, 48.0915983, 0], [37.7401052, 48.0910064, 0], [37.7464791, 48.0909703, 0], [37.7631824, 48.0947263, 0], [37.7665297, 48.1010318, 0], [37.7696197, 48.104127, 0], [37.7796618, 48.1058464, 0], [37.7901733, 48.1108621, 0], [37.7916224, 48.1124447, 0], [37.7961616, 48.1139699, 0], [37.8002004, 48.1149655, 0], [37.7920214, 48.1045282, 0], [37.7892831, 48.1001774, 0], [37.7730529, 48.0920319, 0], [37.7564355, 48.0866703, 0], [37.7463065, 48.0734746, 0], [37.7427884, 48.0727514, 0], [37.6997015, 48.0722042, 0], [37.6930492, 48.0693073, 0], [37.6877494, 48.0618935, 0], [37.6942941, 48.0565448, 0], [37.6911989, 48.0534065, 0], [37.6878504, 48.0547535, 0]]]}}, {"type": "Feature", "properties": {"name": "\u041e\u043a\u0443\u043f\u043e\u0432\u0430\u043d\u0438\u0439 \u041a\u0440\u0438\u043c /// Occupied Crimea", "date": "2023-02-27"}, "geometry": {"type": "Polygon", "coordinates": [[[35.2014582, 45.5233432, 0], [35.3112561, 45.411424, 0], [35.3820643, 45.3525144, 0], [35.467835, 45.3075439, 0], [35.4987587, 45.3061765, 0], [35.5258253, 45.2911927, 0], [35.6329034, 45.3245839, 0], [35.7155703, 45.3384578, 0], [35.7248509, 45.3515944, 0], [35.7537278, 45.3665483, 0], [35.7609848, 45.3812582, 0], [35.7488888, 45.3846329, 0], [35.7457265, 45.3906603, 0], [35.7489289, 45.3963309, 0], [35.8023584, 45.4242928, 0], [35.8264752, 45.4401288, 0], [35.8183678, 45.4514182, 0], [35.8177466, 45.4588693, 0], [35.8236493, 45.4663203, 0], [35.8417749, 45.4744726, 0], [35.8678308, 45.4732506, 0], [35.8760595, 45.4638555, 0], [35.8636895, 45.4542195, 0], [35.8465069, 45.446506, 0], [35.8868417, 45.4077745, 0], [35.9412212, 45.3800441, 0], [35.99701, 45.3714908, 0], [36.0428495, 45.3840091, 0], [36.0689422, 45.404374, 0], [36.0687847, 45.4454632, 0], [36.1238705, 45.4636175, 0], [36.1703899, 45.4723606, 0], [36.2653446, 45.4785656, 0], [36.2936833, 45.483861, 0], [36.307976, 45.4754137, 0], [36.3228675, 45.4712969, 0], [36.3363024, 45.4742206, 0], [36.3400479, 45.4775846, 0], [36.3393304, 45.4825134, 0], [36.3448483, 45.4843068, 0], [36.3455144, 45.4808912, 0], [36.357563, 45.4716171, 0], [36.372894, 45.4713796, 0], [36.3766024, 45.4636891, 0], [36.40184, 45.450177, 0], [36.4154584, 45.4468248, 0], [36.4214228, 45.4460021, 0], [36.4324737, 45.4478753, 0], [36.4340095, 45.4506761, 0], [36.4420638, 45.4532818, 0], [36.4415354, 45.4554057, 0], [36.4471741, 45.4601348, 0], [36.4610927, 45.4564353, 0], [36.4705485, 45.4585138, 0], [36.4820621, 45.455771, 0], [36.495456, 45.450514, 0], [36.4997463, 45.4454839, 0], [36.506954, 45.4422601, 0], [36.5188279, 45.433521, 0], [36.5326724, 45.4271898, 0], [36.5478306, 45.4256107, 0], [36.5544666, 45.4243677, 0], [36.5659405, 45.4284433, 0], [36.5656719, 45.4366253, 0], [36.57528, 45.442252, 0], [36.5870361, 45.4412702, 0], [36.5982765, 45.438662, 0], [36.6063464, 45.4287203, 0], [36.6155303, 45.4222714, 0], [36.611498, 45.4149214, 0], [36.607593, 45.4125733, 0], [36.6112727, 45.407542, 0], [36.6346424, 45.391737, 0], [36.6411992, 45.3906659, 0], [36.6487328, 45.3829201, 0], [36.6432106, 45.3778134, 0], [36.6334998, 45.3756526, 0], [36.6301062, 45.3737863, 0], [36.6332174, 45.362811, 0], [36.6305692, 45.360521, 0], [36.6256434, 45.3607631, 0], [36.6120254, 45.3559382, 0], [36.6059899, 45.3477328, 0], [36.5965542, 45.3450314, 0], [36.5923381, 45.3465005, 0], [36.564437, 45.3471145, 0], [36.5443505, 45.3447352, 0], [36.5349814, 45.3456374, 0], [36.535225, 45.3499175, 0], [36.5182864, 45.351539, 0], [36.4836435, 45.3508635, 0], [36.4778117, 45.3491316, 0], [36.4720407, 45.3412333, 0], [36.4732904, 45.3307439, 0], [36.4888368, 45.3246085, 0], [36.499502, 45.3186747, 0], [36.4844376, 45.3054783, 0], [36.4351793, 45.2950728, 0], [36.4216626, 45.286584, 0], [36.4260118, 45.2786405, 0], [36.4363329, 45.2762391, 0], [36.4396195, 45.2716223, 0], [36.4357829, 45.2580657, 0], [36.4237068, 45.2452621, 0], [36.4230493, 45.2372296, 0], [36.4120194, 45.2258774, 0], [36.4039117, 45.2141617, 0], [36.4077336, 45.1934044, 0], [36.4077775, 45.1728889, 0], [36.4177792, 45.1642945, 0], [36.4214277, 45.1529159, 0], [36.4225424, 45.1369381, 0], [36.4258005, 45.1344018, 0], [36.4256283, 45.1288927, 0], [36.4331798, 45.1176913, 0], [36.4396986, 45.1167266, 0], [36.4546058, 45.105555, 0], [36.456018, 45.095623, 0], [36.4400958, 45.0833272, 0], [36.3909776, 45.0653589, 0], [36.372884, 45.0574746, 0], [36.3377238, 45.0583023, 0], [36.3093286, 45.0579225, 0], [36.2821366, 45.0549895, 0], [36.2491529, 45.0476867, 0], [36.2479305, 45.0406804, 0], [36.2256841, 45.0268156, 0], [36.2134931, 45.0280697, 0], [36.2010446, 45.0330226, 0], [36.1600369, 45.035925, 0], [36.07129, 45.0482523, 0], [36.035405, 45.0492158, 0], [36.0125613, 45.0449319, 0], [35.994952, 45.0351096, 0], [35.9842147, 45.0228593, 0], [35.9540827, 45.0112187, 0], [35.9258506, 45.019111, 0], [35.907658, 45.0180791, 0], [35.9002865, 45.0141894, 0], [35.8793425, 45.009765, 0], [35.870587, 45.0041863, 0], [35.8420962, 44.9983656, 0], [35.834801, 44.9992133, 0], [35.8282777, 45.0045517, 0], [35.8341133, 45.0091003, 0], [35.8297795, 45.0140758, 0], [35.8219474, 45.0192032, 0], [35.8101654, 45.0214182, 0], [35.8144831, 45.0333055, 0], [35.8048863, 45.0455584, 0], [35.7853272, 45.0576281, 0], [35.7778784, 45.0663038, 0], [35.7487927, 45.0814648, 0], [35.6921353, 45.1046258, 0], [35.6297695, 45.1223028, 0], [35.5849604, 45.1293588, 0], [35.5413462, 45.1258609, 0], [35.4510629, 45.0973661, 0], [35.4146384, 45.0754096, 0], [35.3893992, 45.0494442, 0], [35.3859656, 45.0352458, 0], [35.4126517, 45.0257778, 0], [35.4286932, 45.0129122, 0], [35.395224, 44.999343, 0], [35.3667392, 44.9925592, 0], [35.3584162, 44.9855521, 0], [35.3561029, 44.9773304, 0], [35.3940383, 44.954933, 0], [35.3829729, 44.943891, 0], [35.3518029, 44.954952, 0], [35.3443152, 44.9641879, 0], [35.3224657, 44.9592101, 0], [35.3228067, 44.9664406, 0], [35.3015176, 44.9657761, 0], [35.2949869, 44.9597113, 0], [35.2836408, 44.9661604, 0], [35.2712818, 44.9675955, 0], [35.2584087, 44.9609038, 0], [35.2498252, 44.9528227, 0], [35.2565197, 44.9384226, 0], [35.2436533, 44.9167916, 0], [35.2166123, 44.9090052, 0], [35.2056017, 44.9102155, 0], [35.1905563, 44.9078868, 0], [35.177573, 44.9009364, 0], [35.1693108, 44.9002472, 0], [35.1562446, 44.8869106, 0], [35.1441549, 44.8670023, 0], [35.1393909, 44.861252, 0], [35.1305686, 44.8293107, 0], [35.1331009, 44.8228116, 0], [35.1184551, 44.81723, 0], [35.1110222, 44.8070199, 0], [35.0939798, 44.8013751, 0], [35.0810615, 44.7906125, 0], [35.0644251, 44.7971082, 0], [35.0436659, 44.7994591, 0], [35.0472737, 44.8148367, 0], [35.0295032, 44.8282486, 0], [35.0007004, 44.8320303, 0], [34.9887006, 44.8280748, 0], [34.9809909, 44.8344654, 0], [34.9678234, 44.8380274, 0], [34.9425288, 44.8338415, 0], [34.9350343, 44.8300421, 0], [34.9209884, 44.8287508, 0], [34.9203178, 44.8215301, 0], [34.9120951, 44.8157703, 0], [34.8451661, 44.8132958, 0], [34.8309312, 44.8169077, 0], [34.763731, 44.815057, 0], [34.7479866, 44.8070582, 0], [34.7288112, 44.8078253, 0], [34.6778578, 44.7878556, 0], [34.6256282, 44.773956, 0], [34.5446135, 44.7410058, 0], [34.4749636, 44.7150709, 0], [34.4321494, 44.682765, 0], [34.4121761, 44.6588071, 0], [34.4039237, 44.6397506, 0], [34.3896775, 44.6288837, 0], [34.3834201, 44.6158768, 0], [34.3778919, 44.612309, 0], [34.3758165, 44.5917031, 0], [34.3543535, 44.5856814, 0], [34.349805, 44.5718498, 0], [34.3490348, 44.5467673, 0], [34.334843, 44.5455071, 0], [34.3201349, 44.5510937, 0], [34.3089458, 44.5520875, 0], [34.2603617, 44.5075556, 0], [34.1719835, 44.4910109, 0], [34.1289364, 44.4278782, 0], [34.0572323, 44.4165212, 0], [34.0349861, 44.4036735, 0], [33.9634064, 44.3888504, 0], [33.939412, 44.3896463, 0], [33.8824227, 44.4002681, 0], [33.8460272, 44.4011421, 0], [33.7787368, 44.3814524, 0], [33.7590046, 44.3869324, 0], [33.7330924, 44.3833316, 0], [33.7028925, 44.4169259, 0], [33.673869, 44.4128073, 0], [33.6455297, 44.4219238, 0], [33.6383395, 44.4586871, 0], [33.6270126, 44.4795789, 0], [33.6019479, 44.4917389, 0], [33.5540478, 44.4868769, 0], [33.5060714, 44.5008455, 0], [33.4862427, 44.4949678, 0], [33.4727333, 44.5111351, 0], [33.4601297, 44.522891, 0], [33.4036944, 44.5532389, 0], [33.373305, 44.5840556, 0], [33.4501548, 44.6159461, 0], [33.4946154, 44.6177665, 0], [33.5082713, 44.6319164, 0], [33.5124742, 44.6331489, 0], [33.5210499, 44.6402578, 0], [33.5256907, 44.6383616, 0], [33.5311908, 44.6411069, 0], [33.5356674, 44.6459898, 0], [33.5418641, 44.6589325, 0], [33.5463628, 44.6779794, 0], [33.5474419, 44.698563, 0], [33.5457743, 44.7077982, 0], [33.5475831, 44.7244447, 0], [33.5397766, 44.7443212, 0], [33.5407223, 44.7617581, 0], [33.533513, 44.7926079, 0], [33.5406327, 44.802652, 0], [33.54552, 44.8041697, 0], [33.5471428, 44.8101296, 0], [33.549545, 44.8108275, 0], [33.5502309, 44.8222419, 0], [33.5485127, 44.8345975, 0], [33.5529705, 44.8416549, 0], [33.556915, 44.840587, 0], [33.5610313, 44.8423184, 0], [33.5696937, 44.838843, 0], [33.5789642, 44.8404874, 0], [33.5868637, 44.8470001, 0], [33.5906429, 44.8457225, 0], [33.5946361, 44.847578, 0], [33.6008626, 44.857663, 0], [33.6052004, 44.8663859, 0], [33.6064479, 44.8717023, 0], [33.6105925, 44.8993192, 0], [33.6109623, 44.9257206, 0], [33.5976519, 44.9765496, 0], [33.6043773, 44.9804712, 0], [33.6025946, 44.9979727, 0], [33.5808605, 45.0508807, 0], [33.5614904, 45.0810729, 0], [33.5363775, 45.1095514, 0], [33.5092654, 45.1344501, 0], [33.4807573, 45.1558915, 0], [33.4508543, 45.1742382, 0], [33.4326521, 45.1840929, 0], [33.4159888, 45.1914041, 0], [33.408547, 45.1934437, 0], [33.4007706, 45.1960654, 0], [33.3911961, 45.1973752, 0], [33.3827498, 45.1964713, 0], [33.3764355, 45.1918448, 0], [33.3762863, 45.1876599, 0], [33.3802818, 45.1859091, 0], [33.3749698, 45.1836789, 0], [33.3584289, 45.1782517, 0], [33.3500155, 45.1736994, 0], [33.3315483, 45.1718832, 0], [33.3251431, 45.1741248, 0], [33.3183942, 45.1745814, 0], [33.3100572, 45.1740999, 0], [33.3052393, 45.1727705, 0], [33.3012214, 45.170642, 0], [33.2989631, 45.1677871, 0], [33.29792, 45.1656334, 0], [33.3001384, 45.1620272, 0], [33.2960348, 45.1577192, 0], [33.2882929, 45.1541048, 0], [33.2842888, 45.1482765, 0], [33.2751597, 45.1459006, 0], [33.2680362, 45.1456289, 0], [33.2572946, 45.1478037, 0], [33.2459386, 45.1569381, 0], [33.2343482, 45.1682187, 0], [33.2252923, 45.1746946, 0], [33.2019842, 45.1832253, 0], [33.1852357, 45.1837167, 0], [33.1798209, 45.1876511, 0], [33.1658262, 45.1934696, 0], [33.1573263, 45.1987744, 0], [33.1488252, 45.2021432, 0], [33.1434036, 45.2070898, 0], [33.1389117, 45.216317, 0], [33.124087, 45.225712, 0], [33.107907, 45.2315099, 0], [33.0931987, 45.2488335, 0], [33.0812306, 45.2584206, 0], [33.0627764, 45.2756598, 0], [33.0352435, 45.2901602, 0], [32.9918481, 45.3224993, 0], [32.9667646, 45.3366935, 0], [32.9070191, 45.3594365, 0], [32.8467096, 45.3652645, 0], [32.7652199, 45.3638364, 0], [32.7353927, 45.3549724, 0], [32.7121592, 45.3413068, 0], [32.6855021, 45.3321019, 0], [32.6756878, 45.3206142, 0], [32.6529901, 45.313322, 0], [32.622109, 45.317634, 0], [32.599462, 45.325318, 0], [32.578538, 45.3276418, 0], [32.5698164, 45.3328876, 0], [32.5518462, 45.3323851, 0], [32.4894526, 45.3461358, 0], [32.5103771, 45.3608842, 0], [32.5134582, 45.3720378, 0], [32.5074454, 45.3819566, 0], [32.4886441, 45.3849884, 0], [32.4789393, 45.3891629, 0], [32.4797029, 45.4042634, 0], [32.4880695, 45.4079563, 0], [32.500388, 45.4246631, 0], [32.5242712, 45.4388715, 0], [32.5382082, 45.4548835, 0], [32.562144, 45.4702233, 0], [32.5905805, 45.4855798, 0], [32.6917844, 45.523882, 0], [32.7232198, 45.5330262, 0], [32.7368771, 45.5430069, 0], [32.7721049, 45.5578694, 0], [32.7931783, 45.56389, 0], [32.8203169, 45.5598252, 0], [32.8259738, 45.5573298, 0], [32.8339615, 45.5602345, 0], [32.8406482, 45.56511, 0], [32.8431411, 45.5705971, 0], [32.8435558, 45.5768336, 0], [32.8410082, 45.582406, 0], [32.8372907, 45.5833543, 0], [32.8292518, 45.583603, 0], [32.8212988, 45.5830103, 0], [32.8201285, 45.5843929, 0], [32.8201811, 45.5868413, 0], [32.8250404, 45.5906112, 0], [32.908691, 45.6403382, 0], [32.9993935, 45.6811474, 0], [33.0063371, 45.6793833, 0], [33.0171537, 45.6870091, 0], [33.0501444, 45.6969593, 0], [33.0691004, 45.7068331, 0], [33.0776807, 45.7073927, 0], [33.0957044, 45.7155026, 0], [33.1146383, 45.7127746, 0], [33.1279075, 45.7198415, 0], [33.1378005, 45.7198138, 0], [33.1529186, 45.7333554, 0], [33.1591843, 45.749182, 0], [33.1657369, 45.7882695, 0], [33.1758381, 45.8057417, 0], [33.1823381, 45.8099302, 0], [33.1858308, 45.8079522, 0], [33.1806246, 45.7972106, 0], [33.1724861, 45.7866032, 0], [33.1821144, 45.7739016, 0], [33.2119202, 45.7577279, 0], [33.2386596, 45.7528042, 0], [33.2806132, 45.7626695, 0], [33.3224096, 45.7750369, 0], [33.3734938, 45.7971871, 0], [33.4170901, 45.8302054, 0], [33.4322068, 45.8385764, 0], [33.4829745, 45.8543957, 0], [33.5179512, 45.8677769, 0], [33.5405932, 45.8849133, 0], [33.5441019, 45.8803349, 0], [33.5200621, 45.8577082, 0], [33.5008905, 45.8483554, 0], [33.5076216, 45.8410719, 0], [33.5176551, 45.846594, 0], [33.527171, 45.849723, 0], [33.5371159, 45.8457964, 0], [33.5421287, 45.8402584, 0], [33.5482128, 45.8435307, 0], [33.5517154, 45.8516275, 0], [33.5586395, 45.8617199, 0], [33.5687155, 45.8740076, 0], [33.5816528, 45.8712065, 0], [33.5937246, 45.8852915, 0], [33.6162717, 45.892143, 0], [33.6340965, 45.8826144, 0], [33.642234, 45.8763254, 0], [33.6546628, 45.8752329, 0], [33.6622334, 45.8715236, 0], [33.6615976, 45.86426, 0], [33.6741263, 45.8574315, 0], [33.6841906, 45.8500979, 0], [33.6847163, 45.8588878, 0], [33.6790774, 45.8673135, 0], [33.6799532, 45.8750482, 0], [33.6783673, 45.8851388, 0], [33.6751147, 45.8988677, 0], [33.6762137, 45.9039535, 0], [33.6800935, 45.9085396, 0], [33.6877728, 45.9127518, 0], [33.6919706, 45.9134707, 0], [33.6975452, 45.911367, 0], [33.7019952, 45.9110037, 0], [33.7202438, 45.9246362, 0], [33.7309277, 45.9301884, 0], [33.7495064, 45.9282755, 0], [33.7560271, 45.9311086, 0], [33.7579871, 45.9344939, 0], [33.7557842, 45.9392824, 0], [33.7510765, 45.9487997, 0], [33.7472783, 45.9466852, 0], [33.744939, 45.9503295, 0], [33.7229645, 45.950158, 0], [33.6923145, 45.9552601, 0], [33.682856, 45.9528033, 0], [33.6597606, 45.9545864, 0], [33.640135, 45.9493564, 0], [33.6475011, 45.9451658, 0], [33.6420789, 45.942885, 0], [33.6349923, 45.9413261, 0], [33.6244967, 45.942516, 0], [33.6176055, 45.9442427, 0], [33.6164792, 45.9490678, 0], [33.6277585, 45.9588485, 0], [33.6296884, 45.9674259, 0], [33.6293845, 45.9774581, 0], [33.6285431, 45.9876045, 0], [33.6228726, 45.9976173, 0], [33.6187235, 46.0125197, 0], [33.6113376, 46.054819, 0], [33.623699, 46.0717219, 0], [33.6372819, 46.0813513, 0], [33.6330381, 46.0973809, 0], [33.616561, 46.11536, 0], [33.612957, 46.1291484, 0], [33.6125276, 46.1382376, 0], [33.6066801, 46.1468776, 0], [33.6897001, 46.204334, 0], [33.7145537, 46.1968941, 0], [33.7405319, 46.1851281, 0], [33.82395, 46.1870691, 0], [34.0383336, 46.1169353, 0], [34.1225822, 46.1081224, 0], [34.1607715, 46.0804296, 0], [34.2277542, 46.0608165, 0], [34.3824645, 46.0346918, 0], [34.4367261, 45.9681642, 0], [34.4785519, 45.9469467, 0], [34.5560425, 45.988691, 0], [34.6514148, 45.9739079, 0], [34.7008834, 45.9591791, 0], [34.7527159, 45.9102311, 0], [34.7828789, 45.9049747, 0], [34.796134, 45.8920532, 0], [34.8008812, 45.8047349, 0], [34.9493437, 45.7629357, 0], [34.9582188, 45.7600372, 0], [34.9770528, 45.765285, 0], [35.0500557, 45.6672021, 0], [35.1098671, 45.5990246, 0], [35.2014582, 45.5233432, 0]]]}}, {"type": "Feature", "properties": {"name": "\u041e\u043a\u0443\u043f\u043e\u0432\u0430\u043d\u043e /// Occupied", "date": "2023-02-27"}, "geometry": {"type": "Polygon", "coordinates": [[[35.2525174, 46.2505709, 0], [35.2989871, 46.2989783, 0], [35.293277, 46.302449, 0], [35.2925857, 46.3079961, 0], [35.2988051, 46.314937, 0], [35.3174416, 46.3170382, 0], [35.3165158, 46.3307144, 0], [35.3179201, 46.3378326, 0], [35.3142642, 46.3437571, 0], [35.307895, 46.3482888, 0], [35.3041691, 46.3538716, 0], [35.2898036, 46.3565521, 0], [35.2690989, 46.3553905, 0], [35.2654164, 46.3523256, 0], [35.2614702, 46.3658773, 0], [35.2567497, 46.3752827, 0], [35.2017945, 46.3797144, 0], [35.1931728, 46.3709222, 0], [35.1783568, 46.3629189, 0], [35.1380024, 46.3482526, 0], [35.1177702, 46.3142433, 0], [35.079863, 46.2766366, 0], [35.0248139, 46.2563043, 0], [34.9030041, 46.2363897, 0], [34.833783, 46.2001334, 0], [34.8346407, 46.1155296, 0], [34.8524739, 46.0092176, 0], [34.8959643, 45.8988106, 0], [34.9770528, 45.765285, 0], [34.9582188, 45.7600372, 0], [34.8008812, 45.8047349, 0], [34.796134, 45.8920532, 0], [34.7828789, 45.9049747, 0], [34.7527159, 45.9102311, 0], [34.7008834, 45.9591791, 0], [34.6514148, 45.9739079, 0], [34.5560425, 45.988691, 0], [34.4785519, 45.9469467, 0], [34.4367261, 45.9681642, 0], [34.3824645, 46.0346918, 0], [34.2277542, 46.0608165, 0], [34.1607715, 46.0804296, 0], [34.1225822, 46.1081224, 0], [34.0383336, 46.1169353, 0], [33.82395, 46.1870691, 0], [33.7405319, 46.1851281, 0], [33.7145537, 46.1968941, 0], [33.6897001, 46.204334, 0], [33.6066801, 46.1468776, 0], [33.5309796, 46.1101035, 0], [33.5721609, 46.0737878, 0], [33.4967004, 46.0702854, 0], [33.5256314, 46.0267545, 0], [33.429206, 46.0254405, 0], [33.2823694, 46.0723123, 0], [33.1679366, 46.119522, 0], [32.9365042, 46.1016028, 0], [32.7101943, 46.1028118, 0], [32.5431059, 46.0616925, 0], [32.2195204, 46.1279609, 0], [32.2366721, 46.1501329, 0], [32.2279414, 46.1683471, 0], [32.2398791, 46.1785152, 0], [32.2218112, 46.18771, 0], [32.2081053, 46.1867989, 0], [32.2061324, 46.1721801, 0], [32.1870241, 46.175666, 0], [32.1659652, 46.196893, 0], [32.1211521, 46.2043925, 0], [32.0878278, 46.2214609, 0], [32.077753, 46.2389204, 0], [32.0514181, 46.2497849, 0], [32.0285439, 46.2455961, 0], [31.9695132, 46.2572078, 0], [31.9555985, 46.2658955, 0], [31.9437442, 46.2855591, 0], [31.9368206, 46.2921419, 0], [31.9044902, 46.2974386, 0], [31.8950685, 46.2807445, 0], [31.8832899, 46.2734161, 0], [31.8740032, 46.2652566, 0], [31.8708329, 46.2657735, 0], [31.8612225, 46.2721427, 0], [31.8507402, 46.268254, 0], [31.8476993, 46.2679219, 0], [31.8351926, 46.2728282, 0], [31.8331443, 46.2697922, 0], [31.8346957, 46.266138, 0], [31.8183057, 46.2643109, 0], [31.8132429, 46.2647435, 0], [31.8143596, 46.2694483, 0], [31.8097262, 46.2720936, 0], [31.7917038, 46.2738877, 0], [31.7845155, 46.2688628, 0], [31.7844089, 46.2650835, 0], [31.7796043, 46.2644672, 0], [31.7771981, 46.2681276, 0], [31.7832894, 46.2725096, 0], [31.78213, 46.2768377, 0], [31.775112, 46.282265, 0], [31.7755462, 46.2854607, 0], [31.7712141, 46.288838, 0], [31.7745083, 46.2939227, 0], [31.7680176, 46.2965165, 0], [31.7580932, 46.2948403, 0], [31.7477398, 46.2981388, 0], [31.7455912, 46.306021, 0], [31.7725398, 46.3271444, 0], [31.8234499, 46.3371015, 0], [31.8682771, 46.3343548, 0], [31.9697707, 46.3483597, 0], [32.0090507, 46.3641139, 0], [32.0355703, 46.4165629, 0], [32.0290404, 46.4375397, 0], [32.0022447, 46.453429, 0], [31.9748459, 46.4392025, 0], [31.9528254, 46.4374539, 0], [31.89212, 46.4568005, 0], [31.7970201, 46.4781096, 0], [31.7709055, 46.4845495, 0], [31.7420407, 46.4853092, 0], [31.7164553, 46.4786493, 0], [31.704266, 46.4665485, 0], [31.6969189, 46.4574832, 0], [31.6971262, 46.4472352, 0], [31.7069783, 46.4454262, 0], [31.7202659, 46.4333261, 0], [31.737668, 46.4261928, 0], [31.7892493, 46.3733802, 0], [31.7738399, 46.3585737, 0], [31.7460697, 46.3764563, 0], [31.7263209, 46.4086438, 0], [31.6943022, 46.4403084, 0], [31.6567519, 46.4688867, 0], [31.6142469, 46.5019174, 0], [31.5469521, 46.5387028, 0], [31.5216224, 46.561578, 0], [31.5112983, 46.5766614, 0], [31.5134183, 46.5807998, 0], [31.5305196, 46.5576033, 0], [31.5540849, 46.5454363, 0], [31.5816742, 46.537219, 0], [31.6315001, 46.5404893, 0], [31.6628584, 46.5363759, 0], [31.6976527, 46.5450053, 0], [31.7569233, 46.5479256, 0], [31.8070728, 46.5294354, 0], [31.8649158, 46.5175934, 0], [31.8815641, 46.5182691, 0], [31.879015, 46.5354656, 0], [31.9665383, 46.5082456, 0], [31.9941309, 46.4928168, 0], [32.0439937, 46.4915104, 0], [32.1166462, 46.517163, 0], [32.1486947, 46.5145828, 0], [32.1945942, 46.4882908, 0], [32.2576459, 46.4792954, 0], [32.3020978, 46.4677698, 0], [32.3439224, 46.4649397, 0], [32.4178426, 46.485009, 0], [32.4282614, 46.4853589, 0], [32.4316776, 46.4891582, 0], [32.4326909, 46.4947303, 0], [32.4377229, 46.5033333, 0], [32.4483244, 46.50284, 0], [32.4570687, 46.5037815, 0], [32.4647838, 46.5080307, 0], [32.4891314, 46.5273541, 0], [32.5002673, 46.533416, 0], [32.5056968, 46.5379343, 0], [32.5089916, 46.5399852, 0], [32.5145875, 46.540981, 0], [32.5206901, 46.5403274, 0], [32.5318567, 46.5368392, 0], [32.5375475, 46.5380339, 0], [32.5407588, 46.5426588, 0], [32.5483478, 46.5468998, 0], [32.5528615, 46.5559411, 0], [32.5604657, 46.5595807, 0], [32.5680079, 46.564889, 0], [32.5734915, 46.5711412, 0], [32.5909427, 46.5947402, 0], [32.6056522, 46.6086629, 0], [32.6155188, 46.6168963, 0], [32.6234688, 46.6225744, 0], [32.6461006, 46.6397692, 0], [32.6651983, 46.6512835, 0], [32.6832724, 46.6574626, 0], [32.6977453, 46.6619684, 0], [32.7182325, 46.6664138, 0], [32.7371441, 46.6650856, 0], [32.7583907, 46.6652739, 0], [32.7720078, 46.6669423, 0], [32.7828181, 46.6689693, 0], [32.7995314, 46.6748195, 0], [32.8035751, 46.6756096, 0], [32.8090409, 46.6762034, 0], [32.8146062, 46.6764194, 0], [32.824066, 46.6792116, 0], [32.836024, 46.6847162, 0], [32.8591528, 46.6969297, 0], [32.8844568, 46.7050945, 0], [32.8928211, 46.7109999, 0], [32.89915, 46.7123342, 0], [32.9053085, 46.7112559, 0], [32.9233571, 46.7182974, 0], [32.9285608, 46.7183454, 0], [32.9333953, 46.7171782, 0], [32.9427782, 46.7132742, 0], [32.9542331, 46.711513, 0], [32.9798491, 46.7104402, 0], [32.9910933, 46.7145087, 0], [33.0112229, 46.7170358, 0], [33.0195822, 46.7177162, 0], [33.0317187, 46.7208082, 0], [33.0433544, 46.723431, 0], [33.0463163, 46.7262559, 0], [33.0487234, 46.7269364, 0], [33.0544779, 46.7273594, 0], [33.0629166, 46.7311979, 0], [33.0639976, 46.7313545, 0], [33.0660187, 46.7311091, 0], [33.0705269, 46.7321924, 0], [33.0719658, 46.7331457, 0], [33.0763975, 46.73424, 0], [33.0798211, 46.7357459, 0], [33.0803578, 46.7361817, 0], [33.0841823, 46.7377282, 0], [33.0865668, 46.7377662, 0], [33.087448, 46.7379836, 0], [33.0881461, 46.7387026, 0], [33.087433, 46.739621, 0], [33.0881064, 46.7402198, 0], [33.0903958, 46.7415118, 0], [33.0915299, 46.7419814, 0], [33.0921505, 46.7421426, 0], [33.0932333, 46.7427195, 0], [33.0975884, 46.7431787, 0], [33.0999599, 46.7438403, 0], [33.1019611, 46.745296, 0], [33.1033748, 46.7458547, 0], [33.1040482, 46.747472, 0], [33.1112999, 46.7492293, 0], [33.112764, 46.7499094, 0], [33.1135736, 46.7499425, 0], [33.1171985, 46.7507402, 0], [33.1180287, 46.7512532, 0], [33.1332216, 46.7561281, 0], [33.1371674, 46.7557268, 0], [33.1401917, 46.7566581, 0], [33.1381951, 46.7593093, 0], [33.1520633, 46.763942, 0], [33.1722249, 46.7657024, 0], [33.1778816, 46.7662728, 0], [33.1785604, 46.7661159, 0], [33.1783312, 46.765016, 0], [33.1786735, 46.7646124, 0], [33.1797835, 46.7645796, 0], [33.1799922, 46.7643704, 0], [33.1801618, 46.7635044, 0], [33.2003675, 46.7634016, 0], [33.2004954, 46.7639693, 0], [33.2010953, 46.7644636, 0], [33.2012653, 46.7659517, 0], [33.2020773, 46.7681197, 0], [33.2446918, 46.7630406, 0], [33.2557563, 46.7540735, 0], [33.2863069, 46.749369, 0], [33.3172596, 46.7528588, 0], [33.3379268, 46.7571308, 0], [33.3547354, 46.7627522, 0], [33.3584344, 46.7693577, 0], [33.3716115, 46.7757005, 0], [33.3705608, 46.7768084, 0], [33.3714088, 46.7771126, 0], [33.3724713, 46.7760941, 0], [33.3733741, 46.7764584, 0], [33.3773363, 46.7767474, 0], [33.3900249, 46.7834027, 0], [33.4029391, 46.773568, 0], [33.4702672, 46.8209318, 0], [33.6202993, 46.8290051, 0], [33.6340293, 46.8662278, 0], [33.6338234, 46.8994853, 0], [33.6568173, 46.9046493, 0], [33.6784469, 46.9008966, 0], [33.6881602, 46.9204201, 0], [33.6956106, 46.9553908, 0], [33.6976692, 46.9951021, 0], [33.7227502, 47.0173544, 0], [33.8023184, 47.0589876, 0], [33.8407881, 47.0984953, 0], [33.8499522, 47.1377648, 0], [33.8635721, 47.1451822, 0], [33.903127, 47.1599485, 0], [33.9295544, 47.1795519, 0], [33.9448451, 47.1972232, 0], [33.9678607, 47.2112479, 0], [33.9827331, 47.230633, 0], [34.0196507, 47.3580093, 0], [34.0422354, 47.4104, 0], [34.0466778, 47.4176252, 0], [34.0648743, 47.4242885, 0], [34.1183461, 47.4205374, 0], [34.1457254, 47.4244375, 0], [34.19929, 47.4120751, 0], [34.2696797, 47.4395195, 0], [34.2961027, 47.4286586, 0], [34.3349123, 47.4469725, 0], [34.3383722, 47.4677319, 0], [34.3727587, 47.5106463, 0], [34.3869488, 47.5138458, 0], [34.4358396, 47.4968841, 0], [34.5006234, 47.4996444, 0], [34.5331376, 47.5304299, 0], [34.5445304, 47.5326781, 0], [34.5862489, 47.5217799, 0], [34.5990399, 47.5346411, 0], [34.6180346, 47.5444616, 0], [34.6283781, 47.5458007, 0], [34.6420717, 47.5443897, 0], [34.6801991, 47.5107016, 0], [34.6894139, 47.4948642, 0], [34.708982, 47.4905527, 0], [34.7193654, 47.4920934, 0], [34.7491537, 47.492572, 0], [34.7923046, 47.467718, 0], [34.8252023, 47.4647735, 0], [34.8599235, 47.4512248, 0], [34.8741835, 47.4494994, 0], [34.8747419, 47.4375288, 0], [34.8633723, 47.4208554, 0], [34.8837144, 47.406089, 0], [34.9354445, 47.3916029, 0], [34.9686931, 47.3892045, 0], [35.0288206, 47.4181151, 0], [35.046158, 47.4377275, 0], [35.0624319, 47.4486647, 0], [35.0702994, 47.4507769, 0], [35.1190963, 47.4510955, 0], [35.1486619, 47.445657, 0], [35.2026425, 47.4449743, 0], [35.2644227, 47.4738779, 0], [35.2807955, 47.4721641, 0], [35.2736544, 47.4936921, 0], [35.2746786, 47.4968778, 0], [35.2808962, 47.5033687, 0], [35.2878203, 47.5072123, 0], [35.2993812, 47.5109537, 0], [35.3135041, 47.5126535, 0], [35.3228214, 47.5155116, 0], [35.3301446, 47.5200357, 0], [35.3347223, 47.525255, 0], [35.3415303, 47.5360151, 0], [35.3482119, 47.5370533, 0], [35.3532727, 47.5364436, 0], [35.3586767, 47.5368768, 0], [35.3657509, 47.5351205, 0], [35.3719799, 47.5329906, 0], [35.3807378, 47.5359816, 0], [35.3944748, 47.5378127, 0], [35.4283605, 47.5319635, 0], [35.4405058, 47.5310366, 0], [35.4484826, 47.5309035, 0], [35.4557064, 47.5281252, 0], [35.453703, 47.518038, 0], [35.4585695, 47.5118791, 0], [35.5065103, 47.5136471, 0], [35.5390212, 47.5190384, 0], [35.5502503, 47.5234982, 0], [35.5681383, 47.5257022, 0], [35.5925506, 47.5193226, 0], [35.6152801, 47.5028513, 0], [35.6546633, 47.5009618, 0], [35.6653632, 47.5035721, 0], [35.6823576, 47.5108774, 0], [35.6995238, 47.506819, 0], [35.7115041, 47.5055123, 0], [35.7269941, 47.4996568, 0], [35.7370363, 47.4910741, 0], [35.7892811, 47.4909745, 0], [35.7965182, 47.4821609, 0], [35.8077012, 47.4825107, 0], [35.8118209, 47.4975877, 0], [35.8280284, 47.4927332, 0], [35.8296893, 47.4895813, 0], [35.8372725, 47.4920548, 0], [35.8418813, 47.4964217, 0], [35.8492495, 47.4961123, 0], [35.8511672, 47.4982077, 0], [35.8710238, 47.4968524, 0], [35.8735856, 47.4988315, 0], [35.9494357, 47.4900728, 0], [35.9502634, 47.501073, 0], [35.9808841, 47.5134859, 0], [36.0139186, 47.5103296, 0], [36.0207844, 47.5159044, 0], [36.0314694, 47.5271002, 0], [36.0413831, 47.5360916, 0], [36.0607843, 47.5370934, 0], [36.0829098, 47.5518307, 0], [36.0873625, 47.5738544, 0], [36.1057236, 47.5785034, 0], [36.1167055, 47.5779398, 0], [36.1281164, 47.5748274, 0], [36.1331976, 47.5751242, 0], [36.186966, 47.5808432, 0], [36.2095011, 47.5823617, 0], [36.2126182, 47.5864549, 0], [36.265864, 47.5889203, 0], [36.290478, 47.5935079, 0], [36.3683277, 47.6315602, 0], [36.4448402, 47.6502396, 0], [36.492896, 47.6593066, 0], [36.5211862, 47.6689593, 0], [36.538214, 47.6689171, 0], [36.5552546, 47.6730363, 0], [36.555749, 47.7003403, 0], [36.5769316, 47.7214694, 0], [36.6065339, 47.7738529, 0], [36.6197961, 47.7767859, 0], [36.6234235, 47.7837239, 0], [36.6271368, 47.7867853, 0], [36.660036, 47.7841794, 0], [36.6672526, 47.7931796, 0], [36.6620066, 47.8142984, 0], [36.6739284, 47.8183547, 0], [36.6783709, 47.8209347, 0], [36.6893186, 47.8147973, 0], [36.7163679, 47.8098959, 0], [36.7872904, 47.8186223, 0], [36.7878481, 47.8211943, 0], [36.7944142, 47.8216913, 0], [36.8008516, 47.8216192, 0], [36.8202493, 47.8216769, 0], [36.8360852, 47.8152793, 0], [36.8735563, 47.805457, 0], [36.8879868, 47.7953492, 0], [36.903955, 47.7868254, 0], [36.9295202, 47.7763473, 0], [36.964522, 47.7635413, 0], [37.0242325, 47.7447823, 0], [37.0535419, 47.7436656, 0], [37.0784584, 47.7420896, 0], [37.104062, 47.7423554, 0], [37.1286819, 47.7445623, 0], [37.1595708, 47.742367, 0], [37.1772489, 47.7508364, 0], [37.1815405, 47.7598825, 0], [37.1949322, 47.7583537, 0], [37.1954615, 47.7653856, 0], [37.2210635, 47.7613765, 0], [37.2356378, 47.7582954, 0], [37.2406876, 47.7577619, 0], [37.2478477, 47.7559083, 0], [37.2543209, 47.7553239, 0], [37.2586905, 47.7552514, 0], [37.2598421, 47.7666036, 0], [37.261479, 47.7684457, 0], [37.2698074, 47.7709217, 0], [37.2876243, 47.7692066, 0], [37.3047717, 47.7661609, 0], [37.3195127, 47.7629671, 0], [37.3346341, 47.7615522, 0], [37.3323669, 47.7561416, 0], [37.3308037, 47.7516756, 0], [37.3319098, 47.7490964, 0], [37.3465338, 47.7473523, 0], [37.3544172, 47.7445792, 0], [37.3568995, 47.7442315, 0], [37.3620955, 47.7457911, 0], [37.3774924, 47.7485324, 0], [37.402457, 47.7560122, 0], [37.4144621, 47.767009, 0], [37.4316066, 47.7761204, 0], [37.42891, 47.79973, 0], [37.4478453, 47.8008523, 0], [37.4566535, 47.8109284, 0], [37.4670091, 47.817087, 0], [37.486523, 47.8177572, 0], [37.4923097, 47.8225267, 0], [37.5124754, 47.8239692, 0], [37.5329927, 47.8436168, 0], [37.5280859, 47.8554011, 0], [37.5291983, 47.8964962, 0], [37.504902, 47.8937631, 0], [37.5011632, 47.8970631, 0], [37.5051491, 47.9076713, 0], [37.4933794, 47.9143253, 0], [37.4886573, 47.9187748, 0], [37.4876385, 47.9242596, 0], [37.4899023, 47.9309198, 0], [37.4926381, 47.9333239, 0], [37.4936254, 47.9351191, 0], [37.4955781, 47.9360788, 0], [37.4985071, 47.9359997, 0], [37.5003937, 47.9377426, 0], [37.5064986, 47.9453485, 0], [37.5031047, 47.9473039, 0], [37.5066636, 47.9539587, 0], [37.492733, 47.9589277, 0], [37.4917828, 47.9608391, 0], [37.4935179, 47.9629588, 0], [37.512874, 47.9679717, 0], [37.5320031, 47.9645878, 0], [37.5251581, 47.9572022, 0], [37.5218536, 47.94582, 0], [37.5285901, 47.9414985, 0], [37.5428393, 47.9324766, 0], [37.5394068, 47.9242357, 0], [37.5350286, 47.917986, 0], [37.5685999, 47.9077685, 0], [37.5759066, 47.9077328, 0], [37.6440338, 47.8866264, 0], [37.6342622, 47.838423, 0], [37.6345486, 47.8025384, 0], [37.623169, 47.7731102, 0], [37.6375888, 47.7519939, 0], [37.6726795, 47.7247168, 0], [37.7644947, 47.6847015, 0], [37.8039769, 47.6601962, 0], [37.801917, 47.6423879, 0], [37.7686147, 47.6354478, 0], [37.7823477, 47.5859162, 0], [37.8925547, 47.4697729, 0], [37.8784784, 47.4416839, 0], [37.8637154, 47.4265885, 0], [37.855819, 47.403124, 0], [37.856849, 47.3928985, 0], [37.8503258, 47.3842983, 0], [37.8383096, 47.3780216, 0], [37.841643, 47.3690218, 0], [37.8515994, 47.3655338, 0], [37.8417428, 47.3584893, 0], [37.8376229, 47.3524422, 0], [37.8486092, 47.3501161, 0], [37.8591525, 47.3543707, 0], [37.8612124, 47.3478578, 0], [37.856849, 47.3436027, 0], [37.8444894, 47.3419742, 0], [37.8292834, 47.3425074, 0], [37.8273232, 47.3284792, 0], [37.8245766, 47.3214977, 0], [37.8317864, 47.3149807, 0], [37.8348763, 47.3082302, 0], [37.8276665, 47.3026429, 0], [37.8338464, 47.2854117, 0], [37.833503, 47.249301, 0], [37.8513558, 47.198938, 0], [37.8499825, 47.1742053, 0], [37.8180535, 47.1190987, 0], [37.8292834, 47.1127418, 0], [37.8383095, 47.0997045, 0], [37.8219878, 47.0908909, 0], [37.7940835, 47.0837782, 0], [37.7743938, 47.0875496, 0], [37.7138794, 47.0798327, 0], [37.6858846, 47.0804963, 0], [37.684032, 47.0766772, 0], [37.6758112, 47.0778874, 0], [37.6273774, 47.0941014, 0], [37.6204618, 47.0865732, 0], [37.5878876, 47.0772638, 0], [37.5264869, 47.0697845, 0], [37.526304, 47.0495337, 0], [37.3214636, 46.8692065, 0], [37.2872851, 46.863351, 0], [37.2805705, 46.8736902, 0], [37.3189188, 46.8962982, 0], [37.2972107, 46.9273264, 0], [37.2380483, 46.9398175, 0], [37.0368602, 46.8654582, 0], [36.9930792, 46.8624588, 0], [36.9019536, 46.8087899, 0], [36.8685198, 46.765691, 0], [36.8380534, 46.7057614, 0], [36.8049871, 46.6591521, 0], [36.7589376, 46.6217212, 0], [36.742359, 46.6373607, 0], [36.7610148, 46.6658088, 0], [36.7783436, 46.6636496, 0], [36.7906962, 46.6747997, 0], [36.8012652, 46.7277543, 0], [36.7055683, 46.7776224, 0], [36.5871045, 46.7646623, 0], [36.3768491, 46.7055039, 0], [36.3170968, 46.6501447, 0], [36.1840637, 46.4980304, 0], [36.1167335, 46.4871992, 0], [36.0911211, 46.4924288, 0], [36.1472619, 46.508948, 0], [36.1516335, 46.5468178, 0], [36.1665138, 46.5276778, 0], [36.1908498, 46.5346757, 0], [36.2598962, 46.6186212, 0], [36.2290436, 46.6505061, 0], [36.1898849, 46.6670306, 0], [36.1170931, 46.6514246, 0], [35.9364232, 46.6585947, 0], [35.7360032, 46.5839813, 0], [35.6043534, 46.4804352, 0], [35.4578294, 46.4412316, 0], [35.3602359, 46.3546635, 0], [35.275482, 46.2556112, 0], [35.1858838, 46.1469167, 0], [35.1518034, 46.1216585, 0], [35.0708827, 46.0957873, 0], [34.9733811, 46.0721051, 0], [34.9871752, 46.1052755, 0], [35.0256763, 46.127811, 0], [35.0290037, 46.14808, 0], [35.1330574, 46.1634307, 0], [35.2090233, 46.1903722, 0], [35.2210679, 46.2268989, 0], [35.2525174, 46.2505709, 0]]]}}, {"type": "Feature", "properties": {"name": "\u041e\u043a\u0443\u043f\u043e\u0432\u0430\u043d\u043e /// Occupied", "date": "2023-02-27"}, "geometry": {"type": "Polygon", "coordinates": [[[38.1564814, 48.7325743, 0], [38.1825161, 48.7270372, 0], [38.1886075, 48.7298113, 0], [38.1939686, 48.7338821, 0], [38.1947876, 48.7375131, 0], [38.1945476, 48.7450285, 0], [38.1937409, 48.7515867, 0], [38.1978697, 48.7516651, 0], [38.2022137, 48.7528238, 0], [38.2054833, 48.7583985, 0], [38.2053164, 48.7596717, 0], [38.2166902, 48.761235, 0], [38.2186232, 48.7633638, 0], [38.2171693, 48.7707875, 0], [38.2181661, 48.7718527, 0], [38.228106, 48.7707447, 0], [38.2359859, 48.7717857, 0], [38.2432075, 48.7808824, 0], [38.2523985, 48.7839601, 0], [38.2554108, 48.7897521, 0], [38.2559555, 48.7939175, 0], [38.2611348, 48.8006848, 0], [38.266092, 48.8049857, 0], [38.2722087, 48.8075903, 0], [38.269079, 48.8134498, 0], [38.2572822, 48.8187524, 0], [38.2453303, 48.8313031, 0], [38.24489, 48.856506, 0], [38.2425615, 48.8649205, 0], [38.2386938, 48.8656338, 0], [38.2361295, 48.8698902, 0], [38.2341663, 48.8722547, 0], [38.2350458, 48.8773221, 0], [38.2315473, 48.8791154, 0], [38.2338854, 48.8819251, 0], [38.2446157, 48.8794625, 0], [38.2450888, 48.880488, 0], [38.2488446, 48.8801542, 0], [38.2502077, 48.8838816, 0], [38.2526923, 48.8855196, 0], [38.2536774, 48.8887089, 0], [38.2576465, 48.8895417, 0], [38.2607041, 48.8888574, 0], [38.2678978, 48.8893335, 0], [38.2679329, 48.8901358, 0], [38.272757, 48.8915809, 0], [38.2745773, 48.8950575, 0], [38.3115136, 48.9081755, 0], [38.2950275, 48.929373, 0], [38.2869444, 48.9335895, 0], [38.2675353, 48.9404936, 0], [38.2543862, 48.9426549, 0], [38.2433193, 48.9421292, 0], [38.2380896, 48.9418584, 0], [38.2346504, 48.9446661, 0], [38.2342272, 48.9465655, 0], [38.2338727, 48.9530268, 0], [38.2370485, 48.9565212, 0], [38.2448617, 48.9562453, 0], [38.2588575, 48.9692683, 0], [38.2410615, 49.005535, 0], [38.2626974, 49.0244189, 0], [38.2845275, 49.0264547, 0], [38.2997899, 49.0248792, 0], [38.3699793, 48.9817692, 0], [38.4023573, 48.9556589, 0], [38.4134788, 48.9399705, 0], [38.4749063, 48.9035945, 0], [38.4952926, 48.8707374, 0], [38.5305212, 48.8497759, 0], [38.559774, 48.8300656, 0], [38.7056399, 48.7754591, 0], [38.6917155, 48.7293629, 0], [38.6745492, 48.7293629, 0], [38.6784116, 48.723701, 0], [38.630253, 48.721172, 0], [38.5833035, 48.7198696, 0], [38.5785045, 48.7094303, 0], [38.5778178, 48.6967418, 0], [38.5723171, 48.6890556, 0], [38.5595313, 48.6866947, 0], [38.5490641, 48.6752945, 0], [38.5395372, 48.6735091, 0], [38.52737, 48.6746424, 0], [38.5162341, 48.6705617, 0], [38.515333, 48.6663671, 0], [38.4967934, 48.6631925, 0], [38.4803139, 48.6591107, 0], [38.4645136, 48.6564083, 0], [38.4452874, 48.6550476, 0], [38.431562, 48.6504924, 0], [38.419889, 48.6450485, 0], [38.4143883, 48.6382619, 0], [38.4088951, 48.62964, 0], [38.4047752, 48.6169314, 0], [38.4048894, 48.6090985, 0], [38.406156, 48.6019302, 0], [38.4027228, 48.5919397, 0], [38.4027228, 48.5478669, 0], [38.4143884, 48.5206053, 0], [38.4116492, 48.5105796, 0], [38.4054625, 48.4733655, 0], [38.3931095, 48.436606, 0], [38.3893332, 48.4322779, 0], [38.3910498, 48.4158739, 0], [38.380056, 48.4086007, 0], [38.3673606, 48.3996925, 0], [38.3543142, 48.390346, 0], [38.3436637, 48.3844372, 0], [38.3218402, 48.3710529, 0], [38.2907919, 48.361631, 0], [38.2737749, 48.3591918, 0], [38.2592061, 48.359806, 0], [38.2277695, 48.3671755, 0], [38.2150665, 48.3690002, 0], [38.2075134, 48.371509, 0], [38.1848541, 48.3749299, 0], [38.1500926, 48.3854193, 0], [38.1544451, 48.395536, 0], [38.1630936, 48.4021166, 0], [38.1485476, 48.4144818, 0], [38.1352438, 48.4190391, 0], [38.1174769, 48.420805, 0], [38.1137059, 48.4080126, 0], [38.0421228, 48.4090856, 0], [38.0048018, 48.3939537, 0], [37.9786234, 48.391275, 0], [37.9749586, 48.3811152, 0], [37.9701521, 48.3803171, 0], [37.9470402, 48.3751555, 0], [37.9586195, 48.394496, 0], [37.9646221, 48.3939796, 0], [37.964638, 48.3952463, 0], [37.9654144, 48.3961688, 0], [37.9630601, 48.4005493, 0], [37.962852, 48.4056988, 0], [37.9641584, 48.4092731, 0], [37.9609197, 48.4163493, 0], [37.9529483, 48.4161844, 0], [37.9526158, 48.4178423, 0], [37.9597612, 48.4189086, 0], [37.9593541, 48.427095, 0], [37.9554589, 48.4281472, 0], [37.9395883, 48.4489412, 0], [37.9352973, 48.4486541, 0], [37.9329805, 48.4491356, 0], [37.9348907, 48.4516664, 0], [37.9352776, 48.4537988, 0], [37.9381754, 48.4547049, 0], [37.9414168, 48.4612175, 0], [37.9464885, 48.4613777, 0], [37.9465286, 48.4679425, 0], [37.9421002, 48.4701634, 0], [37.9266063, 48.4822528, 0], [37.9178076, 48.4889226, 0], [37.9115618, 48.4933379, 0], [37.9101222, 48.4950227, 0], [37.9109365, 48.4966082, 0], [37.9205029, 48.5031266, 0], [37.910331, 48.5104745, 0], [37.907411, 48.5157653, 0], [37.9014842, 48.5165956, 0], [37.8928109, 48.5151512, 0], [37.8934558, 48.5204523, 0], [37.8882638, 48.525526, 0], [37.8846886, 48.5290368, 0], [37.8870142, 48.5297838, 0], [37.8805844, 48.5433189, 0], [37.894161, 48.5498988, 0], [37.9020156, 48.5521318, 0], [37.9153997, 48.5464576, 0], [37.9295461, 48.5435195, 0], [37.9369628, 48.5472691, 0], [37.9486388, 48.5520219, 0], [37.9608085, 48.5547308, 0], [37.9674636, 48.5599504, 0], [37.9700954, 48.5716394, 0], [37.9774488, 48.5725365, 0], [37.9785837, 48.5690416, 0], [37.9875364, 48.5657683, 0], [37.9915963, 48.5662433, 0], [37.9948233, 48.5635013, 0], [37.9987653, 48.5648885, 0], [38.0012862, 48.5676443, 0], [38.0030639, 48.569829, 0], [38.0044983, 48.5703666, 0], [38.0052215, 48.5718393, 0], [38.0061529, 48.5718883, 0], [38.0064493, 48.5736188, 0], [38.0111233, 48.5742703, 0], [38.0158854, 48.5726156, 0], [38.0172795, 48.574269, 0], [38.0157971, 48.5760076, 0], [38.0191213, 48.5764117, 0], [38.0224731, 48.5777814, 0], [38.0228763, 48.5829117, 0], [38.0218543, 48.5839947, 0], [38.0205242, 48.5861937, 0], [38.017932, 48.5864037, 0], [38.0159834, 48.5872665, 0], [38.0160036, 48.5874873, 0], [38.0162611, 48.5895737, 0], [38.0170383, 48.5919471, 0], [38.017323, 48.5941996, 0], [38.01981, 48.5944522, 0], [38.0217296, 48.5984728, 0], [38.0205593, 48.5994423, 0], [38.0195001, 48.5999184, 0], [38.0176215, 48.6018753, 0], [38.0166198, 48.6045821, 0], [38.0153444, 48.6060405, 0], [38.0135262, 48.6059349, 0], [38.0092189, 48.6054319, 0], [38.0090586, 48.6063556, 0], [38.0080942, 48.6065288, 0], [38.0077533, 48.6068466, 0], [38.0082302, 48.6071703, 0], [38.0109913, 48.6071859, 0], [38.0115172, 48.6090538, 0], [38.0107987, 48.612, 0], [38.0053377, 48.6215957, 0], [38.0002589, 48.6223255, 0], [37.9914475, 48.6225018, 0], [37.986826, 48.6227319, 0], [37.9834786, 48.6215404, 0], [37.9791015, 48.6248592, 0], [37.9746234, 48.6275979, 0], [37.9710083, 48.6273105, 0], [37.9674731, 48.6249364, 0], [37.9679557, 48.6205289, 0], [37.9668613, 48.6153452, 0], [37.9557449, 48.6107629, 0], [37.9498447, 48.6142257, 0], [37.9333385, 48.6217443, 0], [37.9310448, 48.6273855, 0], [37.9309825, 48.6334805, 0], [37.9332949, 48.6345789, 0], [37.9435041, 48.635677, 0], [37.9536228, 48.6353766, 0], [37.9558366, 48.6377252, 0], [37.9512527, 48.6404922, 0], [37.9532323, 48.6465982, 0], [37.9529725, 48.6546161, 0], [37.9446824, 48.660421, 0], [37.9406929, 48.6645986, 0], [37.9369972, 48.6715303, 0], [37.9374209, 48.6777817, 0], [37.9318237, 48.6820079, 0], [37.9456599, 48.6937854, 0], [37.9516043, 48.7018181, 0], [37.9632547, 48.7029695, 0], [37.9805335, 48.7116672, 0], [37.9884282, 48.7167623, 0], [37.9910015, 48.7250351, 0], [37.998725, 48.7381748, 0], [38.0094655, 48.7360677, 0], [38.0198982, 48.743865, 0], [38.021142, 48.7477097, 0], [38.0302606, 48.7501409, 0], [38.0346588, 48.7501705, 0], [38.0422656, 48.7469312, 0], [38.0484585, 48.7470694, 0], [38.0544797, 48.7485658, 0], [38.0559949, 48.7513923, 0], [38.0616296, 48.7505405, 0], [38.0698424, 48.7479164, 0], [38.0758701, 48.7432948, 0], [38.0849444, 48.7390266, 0], [38.0947876, 48.7427141, 0], [38.111983, 48.7426474, 0], [38.1163003, 48.739536, 0], [38.1240591, 48.7376041, 0], [38.1299329, 48.7340887, 0], [38.1564814, 48.7325743, 0]]]}}, {"type": "Feature", "properties": {"name": "\u041e\u043a\u0443\u043f\u043e\u0432\u0430\u043d\u043e /// Occupied\n", "date": "2023-02-27"}, "geometry": {"type": "Polygon", "coordinates": [[[32.5684313, 46.5731634, 0], [32.5688712, 46.5738271, 0], [32.5708238, 46.5732224, 0], [32.5702659, 46.5722119, 0], [32.5684313, 46.5731634, 0]]]}}]}