{"type": "FeatureCollection", "features": [{"type": "Feature", "properties": {"name": "\u041e\u043a\u0443\u043f\u043e\u0432\u0430\u043d\u043e /// Occupied\u00a0/// geoJSON.status.occupied", "date": "2025-08-31"}, "geometry": {"type": "Polygon", "coordinates": [[[36.6280488, 47.8888151, 0], [36.641428, 47.8886296, 0], [36.6435946, 47.9046868, 0], [36.6230981, 47.9094651, 0], [36.5840301, 47.9052977, 0], [36.5733352, 47.9074691, 0], [36.5720814, 47.910676, 0], [36.5857777, 47.9155666, 0], [36.6071141, 47.9144196, 0], [36.6202117, 47.9183322, 0], [36.6451739, 47.9210476, 0], [36.6482495, 47.9266466, 0], [36.6476562, 47.9283387, 0], [36.6368092, 47.9272996, 0], [36.617312, 47.9257177, 0], [36.611335, 47.9242742, 0], [36.6068014, 47.9270609, 0], [36.6025139, 47.9278008, 0], [36.6007152, 47.9314737, 0], [36.6103324, 47.9322137, 0], [36.6150551, 47.9307432, 0], [36.6201211, 47.9309977, 0], [36.6221907, 47.9368908, 0], [36.6205029, 47.9380269, 0], [36.6184143, 47.9486364, 0], [36.6317756, 47.950195, 0], [36.6357244, 47.9513733, 0], [36.6349441, 47.9577159, 0], [36.6499556, 47.9598623, 0], [36.6644228, 47.9629629, 0], [36.7180127, 47.9698008, 0], [36.7390264, 47.974934, 0], [36.7411481, 47.9823722, 0], [36.7466293, 47.9839365, 0], [36.7504859, 47.985724, 0], [36.7436442, 47.99251, 0], [36.7278703, 47.992916, 0], [36.710342, 47.9907514, 0], [36.7094446, 47.9830756, 0], [36.7042853, 47.9833398, 0], [36.6926026, 47.9852699, 0], [36.6658487, 47.9830029, 0], [36.6659475, 47.9744564, 0], [36.6622205, 47.9729982, 0], [36.6497565, 47.9724478, 0], [36.6505887, 47.9664484, 0], [36.6467863, 47.9644717, 0], [36.6438161, 47.9707475, 0], [36.6382861, 47.9715991, 0], [36.6350695, 47.9803373, 0], [36.630823, 47.9799966, 0], [36.6304158, 47.9812485, 0], [36.6446439, 47.9848322, 0], [36.6600322, 47.9859739, 0], [36.6665722, 47.9870967, 0], [36.66428, 47.9940599, 0], [36.6609879, 47.9940955, 0], [36.6595134, 47.9994548, 0], [36.6397397, 47.9970674, 0], [36.6393639, 47.9990441, 0], [36.6630172, 48.0050438, 0], [36.6804548, 48.0071657, 0], [36.6820511, 48.0121186, 0], [36.6812943, 48.0219954, 0], [36.6530533, 48.0257917, 0], [36.6333784, 48.0302656, 0], [36.6356263, 48.0198454, 0], [36.6332392, 48.0195289, 0], [36.6298384, 48.0318684, 0], [36.6270708, 48.0455227, 0], [36.6290348, 48.046094, 0], [36.6334013, 48.0326634, 0], [36.6537465, 48.0274239, 0], [36.6744851, 48.0267008, 0], [36.6733866, 48.0368368, 0], [36.6839264, 48.0364441, 0], [36.6857118, 48.0393798, 0], [36.6848183, 48.0472598, 0], [36.6783286, 48.0487664, 0], [36.6792211, 48.0501874, 0], [36.6778819, 48.0512643, 0], [36.666686, 48.0506369, 0], [36.6642056, 48.059482, 0], [36.6520358, 48.0582764, 0], [36.6480163, 48.0664818, 0], [36.6529589, 48.0675729, 0], [36.6544004, 48.0706133, 0], [36.6801943, 48.0693602, 0], [36.7012877, 48.0682929, 0], [36.6988744, 48.0827268, 0], [36.7063809, 48.0823167, 0], [36.7073872, 48.0805059, 0], [36.7126967, 48.0802886, 0], [36.7155229, 48.0846524, 0], [36.7195109, 48.0845404, 0], [36.7232213, 48.0800119, 0], [36.7246476, 48.0735038, 0], [36.7298498, 48.0688309, 0], [36.7405982, 48.068507, 0], [36.7482553, 48.062908, 0], [36.7487599, 48.0604555, 0], [36.7438622, 48.0592294, 0], [36.7428096, 48.0538168, 0], [36.7443319, 48.0498959, 0], [36.7518389, 48.0490538, 0], [36.7580634, 48.0525559, 0], [36.7602898, 48.0529794, 0], [36.7620013, 48.0559271, 0], [36.7649095, 48.0555117, 0], [36.7674742, 48.0522849, 0], [36.7736433, 48.0490579, 0], [36.774001, 48.047094, 0], [36.7845951, 48.0463996, 0], [36.7852575, 48.0497242, 0], [36.7948587, 48.0486323, 0], [36.8005118, 48.0519005, 0], [36.80389, 48.0512387, 0], [36.8041781, 48.0475932, 0], [36.8076726, 48.0467284, 0], [36.8122573, 48.0406379, 0], [36.8193206, 48.0402146, 0], [36.82707, 48.036577, 0], [36.8369067, 48.0456003, 0], [36.8438777, 48.0442498, 0], [36.8442375, 48.0427555, 0], [36.853438, 48.0373588, 0], [36.8762198, 48.0391362, 0], [36.9291742, 48.0180075, 0], [37.0118523, 48.0058829, 0], [37.0710428, 48.0064846, 0], [37.094593, 48.0119654, 0], [37.1353805, 48.0255243, 0], [37.2470086, 48.0267223, 0], [37.521854, 47.94582, 0], [37.542839, 47.932477, 0], [37.5350299, 47.918015, 0], [37.5686, 47.907768, 0], [37.575907, 47.907733, 0], [37.644034, 47.886626, 0], [37.634262, 47.838423, 0], [37.634549, 47.802538, 0], [37.623169, 47.77311, 0], [37.637589, 47.751994, 0], [37.67268, 47.724717, 0], [37.764495, 47.684702, 0], [37.7755288, 47.6754271, 0], [37.803977, 47.660196, 0], [37.8312754, 47.6567292, 0], [37.8523854, 47.641694, 0], [37.8458595, 47.6237619, 0], [37.8159936, 47.5852213, 0], [37.819427, 47.546303, 0], [37.892555, 47.469773, 0], [37.878478, 47.441684, 0], [37.863715, 47.426588, 0], [37.855819, 47.403124, 0], [37.856849, 47.392898, 0], [37.850326, 47.384298, 0], [37.83831, 47.378022, 0], [37.841643, 47.369022, 0], [37.851599, 47.365534, 0], [37.841743, 47.358489, 0], [37.837623, 47.352442, 0], [37.848609, 47.350116, 0], [37.859152, 47.354371, 0], [37.861212, 47.347858, 0], [37.856849, 47.343603, 0], [37.844489, 47.341974, 0], [37.829283, 47.342507, 0], [37.827323, 47.328479, 0], [37.824577, 47.321498, 0], [37.831786, 47.314981, 0], [37.834876, 47.30823, 0], [37.827666, 47.302643, 0], [37.833846, 47.285412, 0], [37.833503, 47.249301, 0], [37.8111872, 47.2012707, 0], [37.8005435, 47.1732715, 0], [37.818054, 47.119099, 0], [37.829283, 47.112742, 0], [37.83831, 47.099704, 0], [37.821989, 47.09092, 0], [37.794085, 47.083807, 0], [37.774395, 47.087579, 0], [37.71388, 47.079862, 0], [37.6858859, 47.080525, 0], [37.6840329, 47.076706, 0], [37.6758119, 47.077916, 0], [37.6273779, 47.09413, 0], [37.6204629, 47.086602, 0], [37.574156, 47.0853587, 0], [37.5285478, 47.0775291, 0], [37.4780681, 47.0314305, 0], [37.3418924, 46.8950477, 0], [37.3089232, 46.8701227, 0], [37.2855691, 46.866901, 0], [37.2841756, 46.8725455, 0], [37.2978535, 46.8727626, 0], [37.3240055, 46.891819, 0], [37.3161731, 46.9142709, 0], [37.2828449, 46.937346, 0], [37.2381602, 46.9510306, 0], [37.036174, 46.8706509, 0], [37.0061259, 46.8692952, 0], [36.8974913, 46.8109338, 0], [36.8685205, 46.76572, 0], [36.8380535, 46.70579, 0], [36.8049875, 46.659181, 0], [36.7697679, 46.6322195, 0], [36.7503553, 46.6311811, 0], [36.7492259, 46.6430472, 0], [36.7876141, 46.6641502, 0], [36.8182917, 46.7021299, 0], [36.8108785, 46.7303716, 0], [36.7760999, 46.7542565, 0], [36.7110616, 46.7814128, 0], [36.5366359, 46.7585761, 0], [36.414958, 46.7260118, 0], [36.3322034, 46.6770342, 0], [36.2328002, 46.5559024, 0], [36.1717045, 46.4981772, 0], [36.1431422, 46.5033058, 0], [36.1550673, 46.5279538, 0], [36.1665141, 46.527707, 0], [36.1908501, 46.534705, 0], [36.2598962, 46.61865, 0], [36.2290441, 46.650535, 0], [36.1898851, 46.66706, 0], [36.1146898, 46.6566385, 0], [35.9936152, 46.6660587, 0], [35.8739383, 46.6456624, 0], [35.7239866, 46.5868415, 0], [35.6242655, 46.5043364, 0], [35.5657181, 46.4754297, 0], [35.4578287, 46.441261, 0], [35.3602357, 46.354693, 0], [35.2658686, 46.250892, 0], [35.1886302, 46.1514651, 0], [35.1336065, 46.1195453, 0], [35.0664193, 46.0993871, 0], [34.978187, 46.0766593, 0], [34.9912944, 46.1045909, 0], [35.0308253, 46.1273641, 0], [35.0293468, 46.1450168, 0], [35.1368332, 46.1620333, 0], [35.2090226, 46.190401, 0], [35.2532032, 46.2487007, 0], [35.2989867, 46.299007, 0], [35.2943022, 46.3064241, 0], [35.3000922, 46.3144917, 0], [35.3174417, 46.317067, 0], [35.3311927, 46.3311579, 0], [35.3179197, 46.337862, 0], [35.3078947, 46.348318, 0], [35.2898036, 46.356581, 0], [35.2661022, 46.355554, 0], [35.2549465, 46.4049822, 0], [35.2680364, 46.4322011, 0], [35.2464475, 46.4464048, 0], [35.2117588, 46.447041, 0], [35.2182731, 46.4304054, 0], [35.1931726, 46.370951, 0], [35.1783566, 46.362948, 0], [35.1380016, 46.348282, 0], [35.1177696, 46.314272, 0], [35.0798625, 46.276666, 0], [35.0248135, 46.256333, 0], [34.9030034, 46.236419, 0], [34.8337824, 46.200162, 0], [34.8346404, 46.115559, 0], [34.8524734, 46.009247, 0], [34.8959634, 45.89884, 0], [34.977053, 45.765285, 0], [34.958219, 45.760037, 0], [34.800881, 45.804735, 0], [34.796134, 45.892053, 0], [34.782879, 45.904975, 0], [34.752716, 45.910231, 0], [34.700883, 45.959179, 0], [34.651415, 45.973908, 0], [34.556042, 45.988691, 0], [34.478552, 45.946947, 0], [34.436726, 45.968164, 0], [34.382464, 46.034692, 0], [34.227754, 46.060816, 0], [34.160772, 46.08043, 0], [34.122582, 46.108122, 0], [34.038334, 46.116935, 0], [33.82395, 46.187069, 0], [33.740532, 46.185128, 0], [33.714554, 46.196894, 0], [33.6897, 46.204334, 0], [33.60668, 46.146878, 0], [33.5805716, 46.1571784, 0], [33.5453724, 46.1233099, 0], [33.5139842, 46.1075148, 0], [33.5616884, 46.0740552, 0], [33.5151162, 46.08243, 0], [33.4966987, 46.070314, 0], [33.4931423, 46.0527188, 0], [33.5101802, 46.0284516, 0], [33.4911413, 46.0322404, 0], [33.4604216, 46.0460342, 0], [33.4370872, 46.0401646, 0], [33.4075754, 46.0409617, 0], [33.3664607, 46.0752498, 0], [33.3499462, 46.093137, 0], [33.3183151, 46.0991141, 0], [33.3182342, 46.0763028, 0], [33.2885474, 46.0749609, 0], [33.2780393, 46.0945251, 0], [33.3029958, 46.0935952, 0], [33.3086112, 46.1143165, 0], [33.2840087, 46.1250405, 0], [33.2566584, 46.1386509, 0], [33.2080208, 46.1270291, 0], [33.2228929, 46.1570383, 0], [33.1953058, 46.1701366, 0], [33.1814552, 46.1475617, 0], [33.1404697, 46.1276416, 0], [33.1015746, 46.1318733, 0], [33.062645, 46.1555911, 0], [33.0314748, 46.1497263, 0], [33.0296046, 46.1132428, 0], [32.9132757, 46.1067933, 0], [32.8637174, 46.1157227, 0], [32.8289775, 46.111371, 0], [32.7584466, 46.1190283, 0], [32.7328476, 46.1097869, 0], [32.7037448, 46.1062335, 0], [32.6770504, 46.0998169, 0], [32.6466589, 46.107865, 0], [32.5961414, 46.0958488, 0], [32.5442762, 46.0804766, 0], [32.5396283, 46.0734981, 0], [32.5418471, 46.0681868, 0], [32.5521201, 46.0682825, 0], [32.6200553, 46.0603997, 0], [32.7193638, 46.039073, 0], [32.7952785, 46.0303099, 0], [32.8785745, 46.025916, 0], [32.9080363, 46.0266225, 0], [32.926517, 46.031197, 0], [32.936279, 46.039686, 0], [32.9414071, 46.0460889, 0], [32.9728824, 46.030736, 0], [33.0174514, 46.0256746, 0], [33.0496585, 46.0277516, 0], [33.0700551, 46.014197, 0], [33.0363766, 46.0080341, 0], [32.9680429, 46.0125725, 0], [32.9120662, 46.0104008, 0], [32.7396149, 46.0336126, 0], [32.6378808, 46.0537028, 0], [32.5748973, 46.0637266, 0], [32.5465374, 46.0652942, 0], [32.3892209, 46.0945518, 0], [32.2260411, 46.1318861, 0], [32.2383866, 46.1498051, 0], [32.227939, 46.1683759, 0], [32.239877, 46.1785439, 0], [32.221809, 46.1877389, 0], [32.208103, 46.1868279, 0], [32.20613, 46.1722089, 0], [32.187022, 46.1756949, 0], [32.165963, 46.1969219, 0], [32.12115, 46.2044209, 0], [32.087826, 46.2214899, 0], [32.077751, 46.2389489, 0], [32.0514159, 46.2498139, 0], [32.0285419, 46.2456249, 0], [31.9695109, 46.2572369, 0], [31.9555959, 46.2659249, 0], [31.9437419, 46.2855879, 0], [31.9368189, 46.2921709, 0], [31.9044879, 46.2974679, 0], [31.8950659, 46.2807729, 0], [31.8832878, 46.2734449, 0], [31.8740008, 46.2652859, 0], [31.8708308, 46.2658029, 0], [31.8612198, 46.2721719, 0], [31.8507378, 46.2682829, 0], [31.8476968, 46.2679509, 0], [31.8351908, 46.2728569, 0], [31.8331418, 46.2698209, 0], [31.8346938, 46.2661669, 0], [31.8183038, 46.2643399, 0], [31.8132408, 46.2647729, 0], [31.8143578, 46.2694769, 0], [31.8097238, 46.2721229, 0], [31.7917018, 46.2739169, 0], [31.7845138, 46.2688919, 0], [31.7844068, 46.2651129, 0], [31.7796018, 46.2644959, 0], [31.7771958, 46.2681569, 0], [31.7832868, 46.2725389, 0], [31.7821278, 46.2768669, 0], [31.7751098, 46.2822939, 0], [31.7755438, 46.2854899, 0], [31.7712118, 46.2888669, 0], [31.7745058, 46.2939519, 0], [31.7680158, 46.2965449, 0], [31.7580908, 46.2948689, 0], [31.7477378, 46.2981679, 0], [31.7455888, 46.3060499, 0], [31.7725378, 46.3271729, 0], [31.8234478, 46.3371309, 0], [31.8682748, 46.3343839, 0], [31.9697689, 46.3483889, 0], [32.0090489, 46.3641429, 0], [32.0355679, 46.4165919, 0], [32.0290379, 46.4375689, 0], [32.0022429, 46.4534579, 0], [31.9748439, 46.4392309, 0], [31.9528229, 46.4374829, 0], [31.8921178, 46.4568289, 0], [31.7970178, 46.4781389, 0], [31.7709038, 46.4845789, 0], [31.7420388, 46.4853379, 0], [31.7164527, 46.4786779, 0], [31.7042637, 46.4665769, 0], [31.6969167, 46.4575119, 0], [31.6971237, 46.4472639, 0], [31.7069757, 46.4454549, 0], [31.7202637, 46.4333549, 0], [31.7376658, 46.4262219, 0], [31.7768872, 46.3741195, 0], [31.7738378, 46.3711594, 0], [31.7452095, 46.3864323, 0], [31.7249455, 46.4144723, 0], [31.6942997, 46.4403369, 0], [31.6567497, 46.4689159, 0], [31.6142447, 46.5019459, 0], [31.5469496, 46.5387319, 0], [31.5216196, 46.5616069, 0], [31.5112956, 46.5766899, 0], [31.5134156, 46.5808289, 0], [31.5305176, 46.5576319, 0], [31.5540826, 46.5454649, 0], [31.5816717, 46.5372479, 0], [31.6314977, 46.5405179, 0], [31.6628557, 46.5364049, 0], [31.6976507, 46.5450339, 0], [31.7569208, 46.5479549, 0], [31.8070708, 46.5294639, 0], [31.8649138, 46.5176219, 0], [31.8815618, 46.5182979, 0], [31.8987539, 46.5186059, 0], [31.9049095, 46.517962, 0], [31.9109057, 46.5115562, 0], [31.999388, 46.4880276, 0], [32.0463952, 46.4889388, 0], [32.0788785, 46.4992337, 0], [32.126377, 46.4986617, 0], [32.1646985, 46.4895332, 0], [32.2084966, 46.4781547, 0], [32.2369329, 46.4802785, 0], [32.2564424, 46.4771961, 0], [32.3020961, 46.4677989, 0], [32.3439201, 46.4624858, 0], [32.4013006, 46.4719945, 0], [32.417638, 46.4794622, 0], [32.4178411, 46.4850379, 0], [32.4282591, 46.4853879, 0], [32.4316761, 46.4891869, 0], [32.4326891, 46.4947589, 0], [32.4377211, 46.5033619, 0], [32.4483221, 46.5028689, 0], [32.4570671, 46.5038109, 0], [32.4647821, 46.5080599, 0], [32.4891291, 46.5273829, 0], [32.5002652, 46.5334449, 0], [32.5056952, 46.5379629, 0], [32.5089902, 46.5400139, 0], [32.5145852, 46.5410099, 0], [32.5206882, 46.5403559, 0], [32.5318552, 46.5368679, 0], [32.5375462, 46.5380629, 0], [32.5538035, 46.541271, 0], [32.5823333, 46.5551263, 0], [32.6665008, 46.5825337, 0], [32.6917769, 46.6012578, 0], [32.6890771, 46.6064164, 0], [32.6787383, 46.6141517, 0], [32.6844589, 46.6212449, 0], [32.7199882, 46.6317615, 0], [32.7511208, 46.6303085, 0], [32.7675244, 46.6355784, 0], [32.7843919, 46.6280188, 0], [32.7987104, 46.6321159, 0], [32.8035754, 46.6408897, 0], [32.8170258, 46.6458912, 0], [32.8336319, 46.6549499, 0], [32.8459334, 46.6632763, 0], [32.87011, 46.6825143, 0], [32.8750452, 46.6868421, 0], [32.8799589, 46.6864742, 0], [32.8857311, 46.68905, 0], [32.8910233, 46.6932022, 0], [32.8917669, 46.698237, 0], [32.9053064, 46.711285, 0], [32.9233554, 46.718326, 0], [32.9285594, 46.718374, 0], [32.9333934, 46.717207, 0], [32.9427764, 46.713303, 0], [32.9542314, 46.711542, 0], [32.9798474, 46.710469, 0], [32.9910914, 46.714538, 0], [33.0195804, 46.717745, 0], [33.0248939, 46.7245733, 0], [33.04052, 46.7292259, 0], [33.0433532, 46.7372273, 0], [33.0441725, 46.7384806, 0], [33.0484378, 46.7376035, 0], [33.0541727, 46.7314321, 0], [33.0621896, 46.7322653, 0], [33.0733123, 46.7384001, 0], [33.0819791, 46.7380097, 0], [33.0904107, 46.743645, 0], [33.1040465, 46.747501, 0], [33.1320618, 46.7551279, 0], [33.1371655, 46.755756, 0], [33.1401905, 46.756687, 0], [33.1414551, 46.7593674, 0], [33.153349, 46.7627951, 0], [33.1978698, 46.7675023, 0], [33.239884, 46.7635404, 0], [33.2543812, 46.752574, 0], [33.2863056, 46.749398, 0], [33.3133962, 46.7514766, 0], [33.3401572, 46.7570422, 0], [33.3588964, 46.7640157, 0], [33.3574455, 46.7670354, 0], [33.3716106, 46.775729, 0], [33.3705596, 46.776837, 0], [33.3714076, 46.777142, 0], [33.3724696, 46.776123, 0], [33.3733726, 46.776487, 0], [33.3771844, 46.7763058, 0], [33.3895301, 46.7827267, 0], [33.4029376, 46.773597, 0], [33.4702657, 46.820961, 0], [33.5634722, 46.8182091, 0], [33.6202977, 46.829034, 0], [33.63746, 46.8471761, 0], [33.6340277, 46.866257, 0], [33.6338217, 46.899514, 0], [33.6568158, 46.904678, 0], [33.6784458, 46.900926, 0], [33.6881588, 46.920449, 0], [33.6956098, 46.95542, 0], [33.6976678, 46.995131, 0], [33.8023168, 47.059017, 0], [33.8407868, 47.098524, 0], [33.8499508, 47.137794, 0], [33.9031259, 47.159977, 0], [33.9298141, 47.1772162, 0], [33.9448439, 47.197252, 0], [33.9678599, 47.211277, 0], [33.9827319, 47.230662, 0], [34.0422339, 47.410429, 0], [34.0466769, 47.417654, 0], [34.064873, 47.424317, 0], [34.118345, 47.420566, 0], [34.145724, 47.424467, 0], [34.199289, 47.412104, 0], [34.2696791, 47.439549, 0], [34.2961021, 47.428688, 0], [34.3349111, 47.447001, 0], [34.3383711, 47.467761, 0], [34.3741314, 47.5071964, 0], [34.3869481, 47.513875, 0], [34.4052178, 47.500758, 0], [34.4358392, 47.496913, 0], [34.5006222, 47.499673, 0], [34.5331372, 47.530459, 0], [34.5445292, 47.532707, 0], [34.5862482, 47.521809, 0], [34.5990392, 47.53467, 0], [34.6180343, 47.544491, 0], [34.6283773, 47.54583, 0], [34.6420713, 47.544419, 0], [34.6801983, 47.510731, 0], [34.6894133, 47.494893, 0], [34.7089813, 47.490582, 0], [34.7491533, 47.492601, 0], [34.7923044, 47.467747, 0], [34.8252014, 47.464803, 0], [34.8599234, 47.451254, 0], [34.8741834, 47.449528, 0], [34.8747414, 47.437558, 0], [34.8633714, 47.420884, 0], [34.8837134, 47.406118, 0], [34.9354434, 47.391632, 0], [34.9686925, 47.389233, 0], [35.0288205, 47.418144, 0], [35.0461575, 47.437757, 0], [35.0624315, 47.448694, 0], [35.1022275, 47.4510382, 0], [35.1486616, 47.445686, 0], [35.2026416, 47.445003, 0], [35.2644226, 47.473907, 0], [35.2807956, 47.472193, 0], [35.2736536, 47.493721, 0], [35.2808956, 47.503398, 0], [35.2993806, 47.510983, 0], [35.3135036, 47.512683, 0], [35.3264255, 47.5168163, 0], [35.3347217, 47.525284, 0], [35.3371523, 47.5301621, 0], [35.3319028, 47.547142, 0], [35.3281227, 47.5646938, 0], [35.3381036, 47.5657486, 0], [35.3431028, 47.5571892, 0], [35.3539594, 47.5567502, 0], [35.3560584, 47.5582512, 0], [35.3641658, 47.557565, 0], [35.3761587, 47.5577722, 0], [35.3785417, 47.5546419, 0], [35.3889498, 47.558321, 0], [35.4009894, 47.5586395, 0], [35.3977572, 47.5466471, 0], [35.3973085, 47.5402775, 0], [35.4029733, 47.5376411, 0], [35.4192822, 47.535041, 0], [35.4315209, 47.5375829, 0], [35.4491433, 47.5424089, 0], [35.4608444, 47.5406856, 0], [35.47711, 47.5436831, 0], [35.4856095, 47.5449088, 0], [35.4862987, 47.547351, 0], [35.488364, 47.5477746, 0], [35.4937768, 47.5454171, 0], [35.4945545, 47.5441024, 0], [35.5045325, 47.5441728, 0], [35.5047482, 47.5466311, 0], [35.5082698, 47.5469125, 0], [35.5096474, 47.5442306, 0], [35.5450213, 47.5468548, 0], [35.5453007, 47.5488314, 0], [35.5521892, 47.5494754, 0], [35.5529626, 47.5464761, 0], [35.5719146, 47.5385671, 0], [35.5903022, 47.5283661, 0], [35.592551, 47.519323, 0], [35.6131342, 47.5043006, 0], [35.6161569, 47.5043081, 0], [35.6165026, 47.5062368, 0], [35.6211815, 47.507665, 0], [35.6236289, 47.5058463, 0], [35.6369349, 47.5109636, 0], [35.6408407, 47.5074928, 0], [35.6329032, 47.502978, 0], [35.6346285, 47.5004876, 0], [35.654663, 47.500962, 0], [35.6704842, 47.5022091, 0], [35.6870634, 47.5097609, 0], [35.6995239, 47.506848, 0], [35.7115039, 47.505541, 0], [35.7185298, 47.4947885, 0], [35.731603, 47.4907137, 0], [35.7463914, 47.4898851, 0], [35.7451416, 47.4868222, 0], [35.7822566, 47.4856684, 0], [35.7906815, 47.4808849, 0], [35.7993754, 47.4735194, 0], [35.8028043, 47.4681927, 0], [35.8019409, 47.4585724, 0], [35.8194384, 47.4583628, 0], [35.8464078, 47.4554322, 0], [35.8490339, 47.4593942, 0], [35.8554209, 47.4617802, 0], [35.8871182, 47.4629173, 0], [35.8957318, 47.4634724, 0], [35.8961111, 47.4659602, 0], [35.9116146, 47.4689173, 0], [35.9214927, 47.4752318, 0], [35.9232632, 47.4847921, 0], [35.941736, 47.4854486, 0], [35.9419428, 47.4925534, 0], [35.9614617, 47.4899143, 0], [35.9680573, 47.5067029, 0], [35.971276, 47.5100656, 0], [35.9754999, 47.5102396, 0], [35.9951705, 47.5126051, 0], [36.018983, 47.5113156, 0], [36.020784, 47.515904, 0], [36.0300099, 47.5222894, 0], [36.0316841, 47.5261243, 0], [36.0671355, 47.5262561, 0], [36.0737337, 47.5329318, 0], [36.08291, 47.551831, 0], [36.087362, 47.573854, 0], [36.105724, 47.578503, 0], [36.116706, 47.57794, 0], [36.128116, 47.574827, 0], [36.133198, 47.575124, 0], [36.186966, 47.580843, 0], [36.2046516, 47.5821304, 0], [36.2105165, 47.5771254, 0], [36.2133627, 47.5766493, 0], [36.2153866, 47.5771638, 0], [36.2243629, 47.5780835, 0], [36.2225906, 47.5875224, 0], [36.2707665, 47.5950414, 0], [36.310331, 47.6057183, 0], [36.338205, 47.618398, 0], [36.3408192, 47.6266576, 0], [36.3460583, 47.6330359, 0], [36.3426187, 47.6377224, 0], [36.3499941, 47.6407896, 0], [36.3625128, 47.6318861, 0], [36.367813, 47.628263, 0], [36.373645, 47.629057, 0], [36.3727825, 47.6327431, 0], [36.3767226, 47.6351407, 0], [36.3860706, 47.6361207, 0], [36.3852517, 47.6403692, 0], [36.3861042, 47.6411535, 0], [36.3914199, 47.6416485, 0], [36.4030818, 47.6436789, 0], [36.4170491, 47.6378498, 0], [36.4700742, 47.6493149, 0], [36.4693784, 47.6650877, 0], [36.4675208, 47.6774816, 0], [36.477815, 47.6803456, 0], [36.4751205, 47.6868823, 0], [36.4835922, 47.6881449, 0], [36.4930845, 47.6831651, 0], [36.5103621, 47.6777858, 0], [36.5225928, 47.6818625, 0], [36.5362864, 47.6770237, 0], [36.5537424, 47.6878145, 0], [36.555749, 47.70034, 0], [36.5738421, 47.7175424, 0], [36.5741721, 47.7214533, 0], [36.554728, 47.732471, 0], [36.5331341, 47.7411206, 0], [36.5201385, 47.7455367, 0], [36.5307648, 47.7592284, 0], [36.5304515, 47.7651876, 0], [36.532398, 47.7651382, 0], [36.5346801, 47.7637721, 0], [36.53855, 47.7633002, 0], [36.5528594, 47.7642553, 0], [36.5703196, 47.765646, 0], [36.5768652, 47.7700299, 0], [36.5758826, 47.7819368, 0], [36.5682706, 47.7854378, 0], [36.5605011, 47.8127917, 0], [36.5620366, 47.8198352, 0], [36.569313, 47.8214862, 0], [36.5700891, 47.8285486, 0], [36.5432941, 47.8304187, 0], [36.5329307, 47.8401062, 0], [36.5241495, 47.848597, 0], [36.5249801, 47.857318, 0], [36.5403291, 47.8619638, 0], [36.5501901, 47.8781247, 0], [36.561424, 47.8808357, 0], [36.5733449, 47.8798614, 0], [36.5827646, 47.890058, 0], [36.587951, 47.8905099, 0], [36.5889206, 47.8877256, 0], [36.5857811, 47.8867176, 0], [36.5869807, 47.8775995, 0], [36.6010613, 47.87771, 0], [36.6053163, 47.8842677, 0], [36.6280488, 47.8888151, 0]]]}}, {"type": "Feature", "properties": {"name": "\u041e\u043a\u0443\u043f\u043e\u0432\u0430\u043d\u043e /// Occupied\u00a0/// geoJSON.status.occupied", "date": "2025-08-31"}, "geometry": {"type": "Polygon", "coordinates": [[[38.691727, 48.729363, 0], [38.299791, 49.024992, 0], [38.284528, 49.026568, 0], [38.262698, 49.024532, 0], [38.241062, 49.005535, 0], [38.258858, 48.969268, 0], [38.244862, 48.956245, 0], [38.237048, 48.956521, 0], [38.233873, 48.95314, 0], [38.234227, 48.946566, 0], [38.23465, 48.944666, 0], [38.2325901, 48.9409453, 0], [38.222726, 48.934585, 0], [38.1957752, 48.9280159, 0], [38.1836308, 48.9293707, 0], [38.1869347, 48.9345286, 0], [38.1874386, 48.9374533, 0], [38.1844558, 48.9425917, 0], [38.1786731, 48.9431308, 0], [38.1760657, 48.9466012, 0], [38.1686193, 48.9487083, 0], [38.1516649, 48.950569, 0], [38.1445823, 48.9495972, 0], [38.1325644, 48.9509364, 0], [38.1111041, 48.9562194, 0], [38.0953094, 48.9584028, 0], [38.0770653, 48.9585399, 0], [38.0628727, 48.957144, 0], [38.0556981, 48.9518636, 0], [38.0449193, 48.9516554, 0], [38.0406131, 48.9557475, 0], [38.0300481, 48.9613598, 0], [38.0154804, 48.9648449, 0], [38.0026062, 48.9729288, 0], [37.9950548, 48.9840527, 0], [37.9840734, 48.9879323, 0], [37.9674416, 49.0021762, 0], [37.956422, 49.0092055, 0], [37.9456915, 49.0090823, 0], [37.9404534, 49.0136876, 0], [37.9383889, 49.0192946, 0], [37.9415599, 49.0198072, 0], [37.9402675, 49.0234157, 0], [37.9512353, 49.0243411, 0], [37.9612831, 49.0333567, 0], [37.9548899, 49.0388808, 0], [37.9661017, 49.0482716, 0], [37.9681053, 49.060994, 0], [37.9557719, 49.0678235, 0], [37.9355677, 49.0733833, 0], [37.9177115, 49.0817984, 0], [37.9009008, 49.0810131, 0], [37.8838437, 49.077528, 0], [37.8695231, 49.0711608, 0], [37.8666548, 49.0721939, 0], [37.8661896, 49.0741265, 0], [37.8794344, 49.0815198, 0], [37.8944238, 49.0859613, 0], [37.893096, 49.0893353, 0], [37.8787686, 49.0873113, 0], [37.8608007, 49.0987608, 0], [37.8478266, 49.108554, 0], [37.8207715, 49.1083437, 0], [37.8111435, 49.1020937, 0], [37.7987695, 49.1002259, 0], [37.784443, 49.0923127, 0], [37.7572562, 49.0794432, 0], [37.7537626, 49.0804571, 0], [37.7769836, 49.097325, 0], [37.7830052, 49.1106079, 0], [37.7945334, 49.11964, 0], [37.8017297, 49.1287391, 0], [37.8012019, 49.1310981, 0], [37.7906549, 49.1277939, 0], [37.7813787, 49.1264938, 0], [37.7685003, 49.121677, 0], [37.7478996, 49.1204774, 0], [37.7411616, 49.1146006, 0], [37.7359905, 49.1150888, 0], [37.7321924, 49.1183858, 0], [37.7374276, 49.1224731, 0], [37.7463501, 49.1280451, 0], [37.7536004, 49.136166, 0], [37.7474951, 49.1379855, 0], [37.7456812, 49.1428931, 0], [37.7489199, 49.1474296, 0], [37.7562687, 49.1556716, 0], [37.764481, 49.1631786, 0], [37.7660785, 49.1684388, 0], [37.7568757, 49.1760065, 0], [37.7490458, 49.1786919, 0], [37.7553364, 49.1815741, 0], [37.7599112, 49.1856343, 0], [37.7765437, 49.1829055, 0], [37.7805607, 49.1852251, 0], [37.7839374, 49.1881339, 0], [37.7945503, 49.1856732, 0], [37.7947857, 49.1838852, 0], [37.8059658, 49.1808484, 0], [37.8144189, 49.185799, 0], [37.8392229, 49.186051, 0], [37.8422779, 49.1906001, 0], [37.8839005, 49.1928064, 0], [37.8926822, 49.200398, 0], [37.8807402, 49.2080924, 0], [37.8834742, 49.2135813, 0], [37.8841487, 49.2204719, 0], [37.8782986, 49.2216055, 0], [37.8763962, 49.2261024, 0], [37.8875267, 49.2264637, 0], [37.8951111, 49.2260092, 0], [37.8983056, 49.2244582, 0], [37.9187299, 49.2268129, 0], [37.9155863, 49.2427483, 0], [37.9194785, 49.2458472, 0], [37.9355643, 49.2393053, 0], [37.9575295, 49.2340801, 0], [37.9614703, 49.2396706, 0], [37.9673353, 49.2404595, 0], [37.9743888, 49.2400204, 0], [37.9898521, 49.2500146, 0], [37.9978763, 49.2521276, 0], [38.009803, 49.261509, 0], [38.014016, 49.268431, 0], [38.006727, 49.273896, 0], [38.012922, 49.285051, 0], [38.008788, 49.28801, 0], [38.002595, 49.288282, 0], [37.999277, 49.28581, 0], [37.997847, 49.283115, 0], [37.98938, 49.283586, 0], [37.983734, 49.28089, 0], [37.979567, 49.282252, 0], [37.967716, 49.286555, 0], [37.962008, 49.303265, 0], [37.969614, 49.303038, 0], [37.969378, 49.311145, 0], [37.961584, 49.311489, 0], [37.961857, 49.317318, 0], [37.966392, 49.322245, 0], [37.965519, 49.330277, 0], [37.964944, 49.332475, 0], [37.962823, 49.334169, 0], [37.957295, 49.334845, 0], [37.953435, 49.336622, 0], [37.950047, 49.337701, 0], [37.941789, 49.338838, 0], [37.942329, 49.341848, 0], [37.941177, 49.344568, 0], [37.943867, 49.346904, 0], [37.941921, 49.349687, 0], [37.947628, 49.351399, 0], [37.949573, 49.353118, 0], [37.954308, 49.361588, 0], [37.949072, 49.362706, 0], [37.9385188, 49.3791976, 0], [37.9325105, 49.3806904, 0], [37.9160735, 49.3785568, 0], [37.9163733, 49.3827975, 0], [37.8906119, 49.3820535, 0], [37.8756474, 49.3776019, 0], [37.8622302, 49.3804157, 0], [37.8471391, 49.3812728, 0], [37.846639, 49.3866555, 0], [37.8299588, 49.4011989, 0], [37.8239603, 49.3946435, 0], [37.815689, 49.3909634, 0], [37.7689321, 49.4052791, 0], [37.7666122, 49.4178463, 0], [37.7612919, 49.4290462, 0], [37.7382705, 49.4277616, 0], [37.7272636, 49.4383064, 0], [37.753062, 49.4484362, 0], [37.7709458, 49.4497942, 0], [37.7726836, 49.4516308, 0], [37.7606718, 49.4553436, 0], [37.7632982, 49.4615423, 0], [37.7810392, 49.4638419, 0], [37.7911813, 49.477356, 0], [37.8015938, 49.4938222, 0], [37.7991651, 49.5046294, 0], [37.7733578, 49.5056254, 0], [37.7625573, 49.5037586, 0], [37.7483262, 49.4952016, 0], [37.7289311, 49.5019971, 0], [37.7337532, 49.5108184, 0], [37.7235744, 49.5146237, 0], [37.713266, 49.513489, 0], [37.7063034, 49.5073888, 0], [37.6976259, 49.5024027, 0], [37.695034, 49.502686, 0], [37.6967156, 49.5088257, 0], [37.7007644, 49.5148622, 0], [37.6969683, 49.5253315, 0], [37.6928279, 49.5268861, 0], [37.6953232, 49.530318, 0], [37.6960211, 49.5411357, 0], [37.7008501, 49.5443336, 0], [37.7017524, 49.5529328, 0], [37.7153675, 49.5563607, 0], [37.7318293, 49.5571717, 0], [37.7596029, 49.5561771, 0], [37.7606685, 49.5592012, 0], [37.7538385, 49.5617803, 0], [37.7538315, 49.5634959, 0], [37.7612521, 49.5695864, 0], [37.7705703, 49.5721381, 0], [37.7721643, 49.5749122, 0], [37.79249, 49.580292, 0], [37.796328, 49.590543, 0], [37.790625, 49.592201, 0], [37.790894, 49.594665, 0], [37.804075, 49.594326, 0], [37.803024, 49.603214, 0], [37.789024, 49.603152, 0], [37.787941, 49.607704, 0], [37.808735, 49.607885, 0], [37.847763, 49.607847, 0], [37.8754319, 49.6238223, 0], [37.884046, 49.643734, 0], [37.873472, 49.647149, 0], [37.873369, 49.648036, 0], [37.878999, 49.648504, 0], [37.879635, 49.649599, 0], [37.885241, 49.6509, 0], [37.890805, 49.650614, 0], [37.889758, 49.658469, 0], [37.885536, 49.659628, 0], [37.883661, 49.662999, 0], [37.881644, 49.671304, 0], [37.881858, 49.674164, 0], [37.892407, 49.67743, 0], [37.894796, 49.685008, 0], [37.8863881, 49.6969263, 0], [37.8609168, 49.7003527, 0], [37.8634248, 49.7143358, 0], [37.842632, 49.724289, 0], [37.840806, 49.725637, 0], [37.843161, 49.728888, 0], [37.840488, 49.731728, 0], [37.843778, 49.733858, 0], [37.831842, 49.740466, 0], [37.822931, 49.740836, 0], [37.81084, 49.740881, 0], [37.804329, 49.735322, 0], [37.794385, 49.736725, 0], [37.785384, 49.73968, 0], [37.7778709, 49.7470144, 0], [37.763958, 49.749679, 0], [37.7557397, 49.7445889, 0], [37.7350221, 49.7476907, 0], [37.7324135, 49.7505689, 0], [37.717219, 49.760289, 0], [37.709672, 49.764685, 0], [37.700237, 49.767259, 0], [37.694536, 49.764733, 0], [37.689569, 49.763034, 0], [37.677727, 49.7634893, 0], [37.6720404, 49.7671743, 0], [37.666195, 49.774498, 0], [37.6579446, 49.7793822, 0], [37.6501718, 49.7792261, 0], [37.6401752, 49.7723425, 0], [37.6379039, 49.7686727, 0], [37.6383186, 49.7604771, 0], [37.6348782, 49.7499464, 0], [37.6312705, 49.7476194, 0], [37.6169353, 49.7415748, 0], [37.6042645, 49.731687, 0], [37.5920277, 49.7387101, 0], [37.5849088, 49.7461544, 0], [37.5736721, 49.7541519, 0], [37.5841023, 49.7551314, 0], [37.5914057, 49.7541713, 0], [37.6085877, 49.7542476, 0], [37.6146594, 49.7552183, 0], [37.6226835, 49.758158, 0], [37.6254159, 49.7653196, 0], [37.6285774, 49.7700414, 0], [37.620452, 49.7756228, 0], [37.6082072, 49.7747472, 0], [37.6066227, 49.7730649, 0], [37.6036651, 49.7729899, 0], [37.6025566, 49.7762211, 0], [37.6051457, 49.7796904, 0], [37.611246, 49.7840102, 0], [37.6121971, 49.7917099, 0], [37.6057032, 49.7957377, 0], [37.6052463, 49.8021529, 0], [37.6001337, 49.8092595, 0], [37.6005138, 49.8117685, 0], [37.6097562, 49.815873, 0], [37.6157104, 49.8234517, 0], [37.6170778, 49.8247906, 0], [37.6282327, 49.8280626, 0], [37.6294331, 49.8305293, 0], [37.6333917, 49.8409821, 0], [37.6322867, 49.8508793, 0], [37.6341422, 49.851668, 0], [37.6479094, 49.8513473, 0], [37.6479069, 49.8579491, 0], [37.6364603, 49.8627673, 0], [37.6406906, 49.8689727, 0], [37.6500102, 49.8715352, 0], [37.6496236, 49.8907775, 0], [37.6553692, 49.8895781, 0], [37.6635236, 49.882537, 0], [37.6779307, 49.882439, 0], [37.6828863, 49.8888124, 0], [37.6940245, 49.8910215, 0], [37.6966358, 49.8902701, 0], [37.7019903, 49.8901352, 0], [37.7082321, 49.8926171, 0], [37.7329278, 49.9005174, 0], [37.738516, 49.8977124, 0], [37.7443477, 49.9005486, 0], [37.7492381, 49.9082686, 0], [37.7471775, 49.9125705, 0], [37.7535285, 49.913556, 0], [37.7685905, 49.9125778, 0], [37.771121, 49.913478, 0], [37.775018, 49.921524, 0], [37.773713, 49.929327, 0], [37.7604612, 49.9385234, 0], [37.7537188, 49.9527571, 0], [37.7553259, 49.9581079, 0], [37.7611084, 49.9599001, 0], [37.7655452, 49.9656549, 0], [37.7617562, 49.9697469, 0], [37.7682731, 49.979852, 0], [37.7878872, 49.9856403, 0], [37.8082771, 49.9794461, 0], [37.8118682, 49.9775875, 0], [37.8219193, 49.9760611, 0], [37.8230124, 49.9770534, 0], [37.8295045, 49.9779377, 0], [37.8342995, 49.9813859, 0], [37.8387075, 49.9828765, 0], [37.8489198, 49.981954, 0], [37.8566628, 49.9880166, 0], [37.8611137, 49.9936833, 0], [37.8565523, 50.003486, 0], [37.8721491, 50.0098482, 0], [37.8613313, 50.0201549, 0], [37.8654919, 50.0419026, 0], [37.8736027, 50.0487068, 0], [37.8765892, 50.0533261, 0], [37.8913086, 50.0510964, 0], [37.902916, 50.046732, 0], [37.922215, 50.037343, 0], [37.926727, 50.034251, 0], [37.930119, 50.027404, 0], [37.9367513, 50.0183505, 0], [37.939445, 50.015581, 0], [37.962041, 49.982918, 0], [37.965809, 49.979304, 0], [37.980562, 49.976794, 0], [37.999075, 49.963601, 0], [38.005373, 49.967245, 0], [38.043687, 49.932897, 0], [38.012367, 49.918497, 0], [38.033921, 49.904761, 0], [38.056464, 49.923247, 0], [38.124994, 49.942552, 0], [38.126682, 49.92215, 0], [38.171565, 49.941901, 0], [38.162402, 49.951496, 0], [38.196332, 49.969759, 0], [38.217126, 49.987182, 0], [38.1858237, 50.0225529, 0], [38.188245, 50.023603, 0], [38.187923, 50.04072, 0], [38.183827, 50.045832, 0], [38.185066, 50.055692, 0], [38.178568, 50.079969, 0], [38.25406, 50.072508, 0], [38.275781, 50.07344, 0], [38.291493, 50.079436, 0], [38.301154, 50.087142, 0], [38.313196, 50.088337, 0], [38.329442, 50.08551, 0], [38.333976, 50.059093, 0], [38.3512, 50.034741, 0], [38.354164, 50.019048, 0], [38.349575, 50.006444, 0], [38.397563, 49.990585, 0], [38.416008, 49.981338, 0], [38.434095, 50.001019, 0], [38.46804, 49.995247, 0], [38.465914, 49.983961, 0], [38.47752, 49.983271, 0], [38.4833, 49.976528, 0], [38.487706, 49.963602, 0], [38.507898, 49.96403, 0], [38.526715, 49.958271, 0], [38.58157, 49.977416, 0], [38.616078, 49.97439, 0], [38.646196, 49.955937, 0], [38.666941, 49.972156, 0], [38.679731, 49.974494, 0], [38.676054, 49.992814, 0], [38.679052, 50.005448, 0], [38.687546, 50.008152, 0], [38.715136, 49.98771, 0], [38.715315, 49.982384, 0], [38.6853, 49.960344, 0], [38.6929, 49.934766, 0], [38.723247, 49.927005, 0], [38.733846, 49.905025, 0], [38.743847, 49.897307, 0], [38.768232, 49.896044, 0], [38.777683, 49.88532, 0], [38.79015, 49.87851, 0], [38.794958, 49.88331, 0], [38.8320172, 49.8767018, 0], [38.836346, 49.867366, 0], [38.849104, 49.865103, 0], [38.856713, 49.869139, 0], [38.869398, 49.864488, 0], [38.876416, 49.869423, 0], [38.898467, 49.870416, 0], [38.909338, 49.860103, 0], [38.916488, 49.859925, 0], [38.918648, 49.8579, 0], [38.90505, 49.849149, 0], [38.906706, 49.845044, 0], [38.912225, 49.844315, 0], [38.913878, 49.836114, 0], [38.911398, 49.834589, 0], [38.915094, 49.831059, 0], [38.913507, 49.82863, 0], [38.907392, 49.828412, 0], [38.909372, 49.81917, 0], [38.919124, 49.814665, 0], [38.916163, 49.812724, 0], [38.920357, 49.804946, 0], [38.9287, 49.803888, 0], [38.927811, 49.798576, 0], [38.930753, 49.797174, 0], [38.94035, 49.800888, 0], [38.949095, 49.796102, 0], [38.971138, 49.807221, 0], [38.984906, 49.807783, 0], [39.02166, 49.82091, 0], [39.033522, 49.822372, 0], [39.066233, 49.815349, 0], [39.069763, 49.818731, 0], [39.110366, 49.837773, 0], [39.130738, 49.861568, 0], [39.178402, 49.888001, 0], [39.188395, 49.886222, 0], [39.225656, 49.840184, 0], [39.228114, 49.816503, 0], [39.228992, 49.808432, 0], [39.239146, 49.798226, 0], [39.250371, 49.777802, 0], [39.264639, 49.76848, 0], [39.27547, 49.768026, 0], [39.28556, 49.755666, 0], [39.307924, 49.753044, 0], [39.376963, 49.738424, 0], [39.412062, 49.753111, 0], [39.438201, 49.760006, 0], [39.478761, 49.756475, 0], [39.533835, 49.740848, 0], [39.610109, 49.733798, 0], [39.59136, 49.719134, 0], [39.613305, 49.691362, 0], [39.638379, 49.6351, 0], [39.659995, 49.614811, 0], [39.686926, 49.611558, 0], [39.696747, 49.604291, 0], [39.714635, 49.606479, 0], [39.750232, 49.596719, 0], [39.805312, 49.55805, 0], [39.838914, 49.563518, 0], [39.890224, 49.558359, 0], [39.934601, 49.572783, 0], [39.952223, 49.596549, 0], [40.056729, 49.606573, 0], [40.063538, 49.599233, 0], [40.135258, 49.616254, 0], [40.168435, 49.568921, 0], [40.037599, 49.519895, 0], [40.04176, 49.499103, 0], [40.02919, 49.453599, 0], [40.0475347, 49.4445276, 0], [40.105631, 49.391292, 0], [40.129549, 49.382381, 0], [40.156906, 49.372669, 0], [40.162603, 49.367837, 0], [40.159805, 49.366018, 0], [40.170182, 49.3564, 0], [40.176429, 49.356618, 0], [40.196814, 49.345228, 0], [40.188526, 49.307443, 0], [40.18404, 49.303985, 0], [40.185745, 49.284288, 0], [40.219264, 49.265172, 0], [40.21437, 49.244887, 0], [40.188228, 49.238626, 0], [40.137226, 49.239885, 0], [40.10829, 49.210883, 0], [40.07613, 49.186828, 0], [40.031575, 49.180241, 0], [39.972108, 49.124488, 0], [39.958701, 49.105564, 0], [39.938169, 49.082798, 0], [39.942532, 49.071347, 0], [39.937951, 49.056277, 0], [39.910263, 49.057462, 0], [39.880305, 49.06432, 0], [39.803143, 49.059202, 0], [39.787133, 49.049358, 0], [39.766623, 49.040132, 0], [39.74032, 49.04222, 0], [39.693366, 49.05054, 0], [39.682089, 49.045779, 0], [39.673217, 49.03933, 0], [39.683582, 49.036925, 0], [39.681736, 49.028733, 0], [39.675663, 49.026888, 0], [39.673658, 49.014934, 0], [39.679204, 49.012886, 0], [39.670277, 49.003148, 0], [39.663411, 49.000872, 0], [39.67693, 48.989538, 0], [39.691124, 48.99629, 0], [39.693269, 48.999302, 0], [39.699288, 49.00097, 0], [39.705674, 48.997642, 0], [39.707619, 48.99359, 0], [39.71677, 48.987067, 0], [39.717623, 48.982354, 0], [39.7303802, 48.9782018, 0], [39.747268, 48.987412, 0], [39.75208, 48.986592, 0], [39.748412, 48.979267, 0], [39.75779, 48.966535, 0], [39.775576, 48.955491, 0], [39.776879, 48.946025, 0], [39.790097, 48.938471, 0], [39.782372, 48.915745, 0], [39.805377, 48.914842, 0], [39.818635, 48.905788, 0], [39.818786, 48.895506, 0], [39.828093, 48.887404, 0], [39.834653, 48.891944, 0], [39.836789, 48.903052, 0], [39.845802, 48.902911, 0], [39.853161, 48.890737, 0], [39.924336, 48.895717, 0], [39.940309, 48.886691, 0], [39.950652, 48.875459, 0], [39.99343, 48.868286, 0], [40.00398, 48.900793, 0], [40.031195, 48.915801, 0], [40.055495, 48.910098, 0], [40.071286, 48.876975, 0], [40.078831, 48.869867, 0], [39.976403, 48.793903, 0], [39.936737, 48.800795, 0], [39.886255, 48.820946, 0], [39.830439, 48.833554, 0], [39.827832, 48.831465, 0], [39.807503, 48.838581, 0], [39.808044, 48.83948, 0], [39.804672, 48.843576, 0], [39.797126, 48.840576, 0], [39.785854, 48.799158, 0], [39.780194, 48.786082, 0], [39.773495, 48.784419, 0], [39.765451, 48.778079, 0], [39.76363, 48.771034, 0], [39.766036, 48.771031, 0], [39.76866, 48.769329, 0], [39.768551, 48.76631, 0], [39.766204, 48.764237, 0], [39.76094, 48.763862, 0], [39.755303, 48.767977, 0], [39.740082, 48.766418, 0], [39.736376, 48.752183, 0], [39.736921, 48.748898, 0], [39.738736, 48.747477, 0], [39.739365, 48.743631, 0], [39.737309, 48.743188, 0], [39.733628, 48.744907, 0], [39.732192, 48.744333, 0], [39.731647, 48.742096, 0], [39.728882, 48.74109, 0], [39.725011, 48.740452, 0], [39.725599, 48.737681, 0], [39.724062, 48.734598, 0], [39.722706, 48.731886, 0], [39.726615, 48.729372, 0], [39.725463, 48.72709, 0], [39.704838, 48.721463, 0], [39.712262, 48.715916, 0], [39.712561, 48.71167, 0], [39.704492, 48.706805, 0], [39.713158, 48.700835, 0], [39.717876, 48.703361, 0], [39.720211, 48.697203, 0], [39.715965, 48.695208, 0], [39.718827, 48.693317, 0], [39.716681, 48.689934, 0], [39.718497, 48.687429, 0], [39.722546, 48.684956, 0], [39.722967, 48.684162, 0], [39.721986, 48.682727, 0], [39.717084, 48.68144, 0], [39.714196, 48.680225, 0], [39.713498, 48.676128, 0], [39.712113, 48.674652, 0], [39.704033, 48.671485, 0], [39.701721, 48.669404, 0], [39.702902, 48.667225, 0], [39.7045764, 48.6666239, 0], [39.710291, 48.668063, 0], [39.711308, 48.667218, 0], [39.709526, 48.662254, 0], [39.7114863, 48.6556365, 0], [39.7092384, 48.6545615, 0], [39.7064362, 48.6568874, 0], [39.7054403, 48.6565483, 0], [39.70227, 48.653309, 0], [39.699904, 48.652604, 0], [39.693715, 48.649408, 0], [39.691241, 48.646322, 0], [39.69153, 48.644962, 0], [39.69377, 48.643208, 0], [39.694362, 48.639673, 0], [39.69424, 48.637614, 0], [39.687768, 48.632823, 0], [39.680063, 48.629498, 0], [39.671535, 48.624331, 0], [39.6679888, 48.6213132, 0], [39.661447, 48.610904, 0], [39.660623, 48.60909, 0], [39.661023, 48.606551, 0], [39.663374, 48.604922, 0], [39.667113, 48.605231, 0], [39.670576, 48.604588, 0], [39.670944, 48.603218, 0], [39.668158, 48.601311, 0], [39.668176, 48.598181, 0], [39.668806, 48.596567, 0], [39.671427, 48.595451, 0], [39.675274, 48.59694, 0], [39.676001, 48.59795, 0], [39.678671, 48.59812, 0], [39.680608, 48.596402, 0], [39.679654, 48.595476, 0], [39.678178, 48.59586, 0], [39.676018, 48.594721, 0], [39.675839, 48.591785, 0], [39.676478, 48.590863, 0], [39.678799, 48.590094, 0], [39.679467, 48.590602, 0], [39.679362, 48.591808, 0], [39.682672, 48.592689, 0], [39.687101, 48.589208, 0], [39.687271, 48.587084, 0], [39.67699, 48.589013, 0], [39.671325, 48.58924, 0], [39.633431, 48.581263, 0], [39.623602, 48.587026, 0], [39.621071, 48.586713, 0], [39.619525, 48.583023, 0], [39.611029, 48.574051, 0], [39.601073, 48.574959, 0], [39.596866, 48.579502, 0], [39.605878, 48.585521, 0], [39.606406, 48.588618, 0], [39.600613, 48.592875, 0], [39.591386, 48.59225, 0], [39.584164, 48.588304, 0], [39.57434, 48.581738, 0], [39.564086, 48.584599, 0], [39.569414, 48.591116, 0], [39.563564, 48.599089, 0], [39.554981, 48.598295, 0], [39.549059, 48.595854, 0], [39.549316, 48.585976, 0], [39.539875, 48.584017, 0], [39.530691, 48.585691, 0], [39.529249, 48.591218, 0], [39.535012, 48.592838, 0], [39.534191, 48.596769, 0], [39.526932, 48.598541, 0], [39.524524, 48.602638, 0], [39.529832, 48.609362, 0], [39.528054, 48.612874, 0], [39.512924, 48.62213, 0], [39.517571, 48.626699, 0], [39.518343, 48.630272, 0], [39.516579, 48.633726, 0], [39.511638, 48.635704, 0], [39.494856, 48.633064, 0], [39.481982, 48.629065, 0], [39.475845, 48.629462, 0], [39.467219, 48.628555, 0], [39.465427, 48.633504, 0], [39.46868, 48.63769, 0], [39.465815, 48.638667, 0], [39.457564, 48.638654, 0], [39.454217, 48.639788, 0], [39.451642, 48.641036, 0], [39.449577, 48.64456, 0], [39.4498, 48.650403, 0], [39.45131, 48.65171, 0], [39.453387, 48.652815, 0], [39.452375, 48.654713, 0], [39.450178, 48.655674, 0], [39.446504, 48.656303, 0], [39.43895, 48.654942, 0], [39.432325, 48.656751, 0], [39.420748, 48.658225, 0], [39.414234, 48.656694, 0], [39.410696, 48.657658, 0], [39.408035, 48.659813, 0], [39.408207, 48.661457, 0], [39.413528, 48.666842, 0], [39.413872, 48.668429, 0], [39.411726, 48.670527, 0], [39.405823, 48.673814, 0], [39.402647, 48.674437, 0], [39.397993, 48.674608, 0], [39.390526, 48.678801, 0], [39.389172, 48.680388, 0], [39.390931, 48.68376, 0], [39.389601, 48.684752, 0], [39.381705, 48.685516, 0], [39.379559, 48.686281, 0], [39.377988, 48.686239, 0], [39.367319, 48.691976, 0], [39.365892, 48.692231, 0], [39.360313, 48.6958, 0], [39.355955, 48.697216, 0], [39.350505, 48.707639, 0], [39.34866, 48.708715, 0], [39.346857, 48.712227, 0], [39.34864, 48.713473, 0], [39.354134, 48.713246, 0], [39.360161, 48.715681, 0], [39.365268, 48.716842, 0], [39.370461, 48.715964, 0], [39.372082, 48.715936, 0], [39.373789, 48.717494, 0], [39.374185, 48.718655, 0], [39.372606, 48.719872, 0], [39.36913, 48.72007, 0], [39.361534, 48.722307, 0], [39.355226, 48.725251, 0], [39.353724, 48.726893, 0], [39.354075, 48.729648, 0], [39.357078, 48.732309, 0], [39.358877, 48.733904, 0], [39.358874, 48.736178, 0], [39.358194, 48.737008, 0], [39.349268, 48.742498, 0], [39.347208, 48.745781, 0], [39.347029, 48.750214, 0], [39.346178, 48.751044, 0], [39.343141, 48.757363, 0], [39.343365, 48.759212, 0], [39.34553, 48.761663, 0], [39.349175, 48.762154, 0], [39.351328, 48.763097, 0], [39.353895, 48.765492, 0], [39.354504, 48.766831, 0], [39.352783, 48.767944, 0], [39.351063, 48.768547, 0], [39.347245, 48.768387, 0], [39.340338, 48.766303, 0], [39.336136, 48.765982, 0], [39.331673, 48.766604, 0], [39.326605, 48.768311, 0], [39.326086, 48.770018, 0], [39.327485, 48.772111, 0], [39.327974, 48.773695, 0], [39.326258, 48.775561, 0], [39.324549, 48.776051, 0], [39.314592, 48.774807, 0], [39.311846, 48.774072, 0], [39.308834, 48.771998, 0], [39.303091, 48.765416, 0], [39.299915, 48.76304, 0], [39.29262, 48.760607, 0], [39.291496, 48.759438, 0], [39.290645, 48.75625, 0], [39.289283, 48.753686, 0], [39.289522, 48.751516, 0], [39.286436, 48.748903, 0], [39.282062, 48.748611, 0], [39.27889, 48.749341, 0], [39.276661, 48.752336, 0], [39.274778, 48.753683, 0], [39.272385, 48.753889, 0], [39.270811, 48.752761, 0], [39.270304, 48.751214, 0], [39.271677, 48.747762, 0], [39.270811, 48.743989, 0], [39.268665, 48.741951, 0], [39.26447, 48.741255, 0], [39.258537, 48.742744, 0], [39.256313, 48.742272, 0], [39.255026, 48.740687, 0], [39.255284, 48.738776, 0], [39.259231, 48.733838, 0], [39.256141, 48.726874, 0], [39.253965, 48.724404, 0], [39.253309, 48.722061, 0], [39.253902, 48.720155, 0], [39.249782, 48.712567, 0], [39.243517, 48.709622, 0], [39.23959, 48.709127, 0], [39.235993, 48.71109, 0], [39.232366, 48.711415, 0], [39.226787, 48.708979, 0], [39.224899, 48.70677, 0], [39.219406, 48.705184, 0], [39.212539, 48.70122, 0], [39.207175, 48.698302, 0], [39.203184, 48.698614, 0], [39.200373, 48.700002, 0], [39.19915, 48.702267, 0], [39.198356, 48.705779, 0], [39.197519, 48.706487, 0], [39.19651, 48.706516, 0], [39.195108, 48.703901, 0], [39.190902, 48.699822, 0], [39.185417, 48.693401, 0], [39.18164, 48.685752, 0], [39.174251, 48.680331, 0], [39.163351, 48.675741, 0], [39.157436, 48.675382, 0], [39.151943, 48.676288, 0], [39.148674, 48.675287, 0], [39.144514, 48.670914, 0], [39.141901, 48.666653, 0], [39.141643, 48.665066, 0], [39.142673, 48.663535, 0], [39.141986, 48.66087, 0], [39.13949, 48.659642, 0], [39.127309, 48.660474, 0], [39.123189, 48.66002, 0], [39.11683, 48.656751, 0], [39.111938, 48.653349, 0], [39.10362, 48.649871, 0], [39.098556, 48.650892, 0], [39.084909, 48.650665, 0], [39.075897, 48.651629, 0], [39.074352, 48.650438, 0], [39.054868, 48.647036, 0], [39.04268, 48.646468, 0], [39.038084, 48.647187, 0], [39.035548, 48.648245, 0], [39.03345, 48.651978, 0], [39.032209, 48.652876, 0], [39.02851, 48.653009, 0], [39.019155, 48.656978, 0], [39.012374, 48.658338, 0], [39.010318, 48.660086, 0], [39.009635, 48.662628, 0], [39.012982, 48.664045, 0], [39.018562, 48.664102, 0], [39.021652, 48.662401, 0], [39.025428, 48.661976, 0], [39.027488, 48.663251, 0], [39.026286, 48.667276, 0], [39.023883, 48.669884, 0], [39.020536, 48.672264, 0], [39.020278, 48.675608, 0], [39.019584, 48.679141, 0], [39.016369, 48.680945, 0], [39.014356, 48.683429, 0], [39.015729, 48.688642, 0], [39.01555, 48.694894, 0], [39.004829, 48.696347, 0], [39.001817, 48.698009, 0], [38.99985, 48.7002, 0], [38.999507, 48.703995, 0], [38.99822, 48.707677, 0], [38.998988, 48.711198, 0], [38.996925, 48.711604, 0], [38.991925, 48.710004, 0], [38.986925, 48.71016, 0], [38.984308, 48.71183, 0], [38.984744, 48.713624, 0], [38.988864, 48.715209, 0], [38.993921, 48.716191, 0], [38.998048, 48.717474, 0], [38.999335, 48.719626, 0], [38.998391, 48.724269, 0], [38.991439, 48.730611, 0], [38.989543, 48.734989, 0], [38.984458, 48.737582, 0], [38.982205, 48.740288, 0], [38.982334, 48.742192, 0], [38.981218, 48.743847, 0], [38.978814, 48.744894, 0], [38.974999, 48.744765, 0], [38.972565, 48.743586, 0], [38.969834, 48.743749, 0], [38.966948, 48.745206, 0], [38.964095, 48.746196, 0], [38.961133, 48.74614, 0], [38.959932, 48.742913, 0], [38.961219, 48.739913, 0], [38.961048, 48.736517, 0], [38.956948, 48.734069, 0], [38.94607, 48.734451, 0], [38.94371, 48.733856, 0], [38.934011, 48.735781, 0], [38.932466, 48.7368, 0], [38.934354, 48.742913, 0], [38.937959, 48.744074, 0], [38.93886, 48.745814, 0], [38.938281, 48.746684, 0], [38.936961, 48.747119, 0], [38.935057, 48.746856, 0], [38.933667, 48.746026, 0], [38.930652, 48.745276, 0], [38.924633, 48.745036, 0], [38.922724, 48.745008, 0], [38.921308, 48.744611, 0], [38.919969, 48.743423, 0], [38.91803, 48.742914, 0], [38.914323, 48.744385, 0], [38.912575, 48.746875, 0], [38.911137, 48.748007, 0], [38.908777, 48.749252, 0], [38.904742, 48.75061, 0], [38.901094, 48.750908, 0], [38.89882, 48.750186, 0], [38.892039, 48.750441, 0], [38.881332, 48.750186, 0], [38.880238, 48.750611, 0], [38.879079, 48.752478, 0], [38.87762, 48.752591, 0], [38.871695, 48.751308, 0], [38.863881, 48.751382, 0], [38.860958, 48.750738, 0], [38.860604, 48.74979, 0], [38.85938, 48.749592, 0], [38.85539, 48.749648, 0], [38.84715, 48.742913, 0], [38.836078, 48.723269, 0], [38.83007, 48.71704, 0], [38.80844, 48.713416, 0], [38.76707, 48.714322, 0], [38.753516, 48.718494, 0], [38.691727, 48.729363, 0]]]}}, {"type": "Feature", "properties": {"name": "\u041e\u043a\u0443\u043f\u043e\u0432\u0430\u043d\u043e /// Occupied /// geoJSON.status.occupied\n", "date": "2025-08-31"}, "geometry": {"type": "Polygon", "coordinates": [[[37.2343417, 48.5099179, 0], [37.2396379, 48.5100876, 0], [37.2472163, 48.5123061, 0], [37.2470316, 48.5060693, 0], [37.255456, 48.4929702, 0], [37.2568293, 48.4900123, 0], [37.2451066, 48.4885219, 0], [37.2369481, 48.4971494, 0], [37.2343417, 48.5099179, 0]]]}}, {"type": "Feature", "properties": {"name": "\u041e\u043a\u0443\u043f\u043e\u0432\u0430\u043d\u043e /// Occupied /// geoJSON.status.occupied\n", "date": "2025-08-31"}, "geometry": {"type": "Polygon", "coordinates": [[[37.2848101, 48.4927427, 0], [37.2867389, 48.4981767, 0], [37.2789153, 48.5204468, 0], [37.2785231, 48.5235932, 0], [37.2815642, 48.5260574, 0], [37.2874456, 48.5262906, 0], [37.2993187, 48.5101725, 0], [37.3038645, 48.4963829, 0], [37.2848101, 48.4927427, 0]]]}}, {"type": "Feature", "properties": {"name": "\u041e\u043a\u0443\u043f\u043e\u0432\u0430\u043d\u043e /// Occupied /// geoJSON.status.occupied\n", "date": "2025-08-31"}, "geometry": {"type": "Polygon", "coordinates": [[[35.3279976, 51.0711103, 0], [35.3215603, 51.0669573, 0], [35.3056816, 51.0621567, 0], [35.2952961, 51.0634513, 0], [35.2868929, 51.0675402, 0], [35.3037933, 51.0742383, 0], [35.304995, 51.0762875, 0], [35.3031925, 51.0774739, 0], [35.3043083, 51.0788759, 0], [35.3116898, 51.078768, 0], [35.3123764, 51.0773121, 0], [35.3279976, 51.0770425, 0], [35.3258518, 51.0741304, 0], [35.3279976, 51.0711103, 0]]]}}, {"type": "Feature", "properties": {"name": "\u041e\u043a\u0443\u043f\u043e\u0432\u0430\u043d\u043e /// Occupied /// geoJSON.status.occupied\n", "date": "2025-08-31"}, "geometry": {"type": "Polygon", "coordinates": [[[34.9301336, 51.2057236, 0], [34.9363753, 51.2083214, 0], [34.9393561, 51.2117794, 0], [34.9400818, 51.2179423, 0], [34.9449086, 51.2191154, 0], [34.9523104, 51.2191055, 0], [34.9527075, 51.2227288, 0], [34.9501594, 51.2249705, 0], [34.9500145, 51.2274272, 0], [34.9581369, 51.2286856, 0], [34.9761523, 51.2337749, 0], [34.9795212, 51.2358864, 0], [34.9827828, 51.2339517, 0], [34.9822678, 51.2320169, 0], [34.9937691, 51.2288997, 0], [34.9999489, 51.2292221, 0], [35.0045838, 51.231802, 0], [35.0091329, 51.2318289, 0], [35.0123085, 51.2305659, 0], [35.0128235, 51.2286847, 0], [35.021664, 51.2233632, 0], [35.0234666, 51.2205142, 0], [35.0283589, 51.2194928, 0], [35.0317063, 51.2197615, 0], [35.0378861, 51.2180413, 0], [35.0392594, 51.2040613, 0], [35.051875, 51.2093852, 0], [35.0629487, 51.2158908, 0], [35.063335, 51.2184981, 0], [35.0613179, 51.2229333, 0], [35.0690427, 51.2302434, 0], [35.0747075, 51.2319632, 0], [35.0849051, 51.2303378, 0], [35.1051432, 51.2327756, 0], [35.1176099, 51.229647, 0], [35.1197383, 51.2314849, 0], [35.149981, 51.223417, 0], [35.1491227, 51.2210518, 0], [35.1371064, 51.2158908, 0], [35.1364197, 51.210084, 0], [35.1429429, 51.2070728, 0], [35.1439728, 51.2023404, 0], [35.1302399, 51.1939501, 0], [35.1307797, 51.173706, 0], [35.1344083, 51.1708954, 0], [35.1232131, 51.1653558, 0], [35.1265241, 51.1592237, 0], [35.130579, 51.1565489, 0], [35.1374982, 51.153758, 0], [35.140812, 51.1511822, 0], [35.1353152, 51.1483999, 0], [35.136644, 51.1441282, 0], [35.1440031, 51.1405924, 0], [35.1439057, 51.1366703, 0], [35.1420918, 51.1336098, 0], [35.1159525, 51.1245299, 0], [35.0972393, 51.1278318, 0], [35.0860353, 51.1359116, 0], [35.0470278, 51.1213952, 0], [35.0358705, 51.1235763, 0], [35.0331859, 51.1182929, 0], [35.0163403, 51.1194744, 0], [35.0086594, 51.1134879, 0], [34.998618, 51.1172466, 0], [34.9969033, 51.1157105, 0], [34.9930378, 51.1181844, 0], [34.970325, 51.1208204, 0], [34.9770514, 51.1240494, 0], [34.9671317, 51.1267017, 0], [34.9574439, 51.1396281, 0], [34.9604697, 51.1481362, 0], [34.9496105, 51.156372, 0], [34.9348476, 51.1663839, 0], [34.9151066, 51.1681061, 0], [34.9055845, 51.1736845, 0], [34.8778756, 51.1639775, 0], [34.8748016, 51.1545352, 0], [34.8848821, 51.1387435, 0], [34.8783117, 51.1294116, 0], [34.8677463, 51.1225943, 0], [34.8530518, 51.1239889, 0], [34.8371561, 51.1354569, 0], [34.8351222, 51.1441614, 0], [34.8410713, 51.1476962, 0], [34.8337429, 51.1528279, 0], [34.8233757, 51.1527537, 0], [34.819207, 51.1488897, 0], [34.8131901, 51.1484285, 0], [34.8036392, 51.1412178, 0], [34.7956017, 51.1524742, 0], [34.7892783, 51.1560846, 0], [34.7668492, 51.155389, 0], [34.7554082, 51.1517835, 0], [34.7477143, 51.1647672, 0], [34.7531561, 51.1808908, 0], [34.7621563, 51.1764895, 0], [34.7725284, 51.1746703, 0], [34.7791968, 51.177273, 0], [34.7807163, 51.1809513, 0], [34.7842961, 51.1844143, 0], [34.7896839, 51.1821236, 0], [34.7903172, 51.1801171, 0], [34.8001746, 51.1755803, 0], [34.808658, 51.1764236, 0], [34.8087292, 51.1728542, 0], [34.8133995, 51.1716077, 0], [34.8159238, 51.1693924, 0], [34.8348287, 51.1693228, 0], [34.8347857, 51.1782826, 0], [34.833155, 51.1825602, 0], [34.8466738, 51.1891907, 0], [34.8457721, 51.1913021, 0], [34.8621658, 51.1989938, 0], [34.8704055, 51.1932386, 0], [34.8764269, 51.1912086, 0], [34.8833559, 51.1957473, 0], [34.8982904, 51.193273, 0], [34.905629, 51.2010852, 0], [34.9040411, 51.2034112, 0], [34.9118514, 51.2064639, 0], [34.9242542, 51.2052337, 0], [34.9301336, 51.2057236, 0]]]}}, {"type": "Feature", "properties": {"name": "\u041e\u0441\u0442\u0440\u0456\u0432 \u0422\u0443\u0437\u043b\u0430 /// Occupied Tuzla Island\u00a0/// geoJSON.territories.tuzla", "date": "2025-08-31"}, "geometry": {"type": "Polygon", "coordinates": [[[36.519242, 45.293988, 0], [36.531774, 45.286199, 0], [36.547052, 45.279677, 0], [36.557012, 45.267052, 0], [36.578294, 45.249048, 0], [36.571599, 45.250076, 0], [36.549112, 45.261314, 0], [36.54585, 45.26808, 0], [36.537782, 45.273999, 0], [36.533319, 45.279798, 0], [36.518298, 45.288856, 0], [36.50714, 45.295558, 0], [36.519242, 45.293988, 0]]]}}, {"type": "Feature", "properties": {"name": "\u041e\u043a\u0443\u043f\u043e\u0432\u0430\u043d\u043e /// Occupied /// geoJSON.status.occupied\n", "date": "2025-08-31"}, "geometry": {"type": "Polygon", "coordinates": [[[35.8877542, 50.4375065, 0], [35.8892133, 50.4389688, 0], [35.8919599, 50.4381488, 0], [35.8941915, 50.4378208, 0], [35.8959081, 50.4386955, 0], [35.9001996, 50.4390235, 0], [35.9011438, 50.4381488, 0], [35.9036329, 50.4380941, 0], [35.9047487, 50.4389688, 0], [35.9074094, 50.4378755, 0], [35.9092119, 50.4356341, 0], [35.911701, 50.4347047, 0], [35.9192541, 50.4357981, 0], [35.920799, 50.4373835, 0], [35.9238889, 50.4358528, 0], [35.9276655, 50.4348687, 0], [35.9281804, 50.4337206, 0], [35.9322145, 50.4319711, 0], [35.9323003, 50.4309323, 0], [35.9352186, 50.4301122, 0], [35.9376218, 50.4318071, 0], [35.937536, 50.4333926, 0], [35.9393384, 50.4337753, 0], [35.94363, 50.4333926, 0], [35.9413125, 50.431151, 0], [35.9352186, 50.4287452, 0], [35.9275796, 50.4302762, 0], [35.9247473, 50.431643, 0], [35.9129455, 50.4315883, 0], [35.9033325, 50.4339393, 0], [35.9040191, 50.4350054, 0], [35.8975389, 50.4362901, 0], [35.8944919, 50.4356341, 0], [35.890093, 50.4367411, 0], [35.8877542, 50.4375065, 0]]]}}, {"type": "Feature", "properties": {"name": "\u041e\u0420\u0414\u041b\u041e /// CADR and CALR\u00a0/// geoJSON.territories.ordlo", "date": "2025-08-31"}, "geometry": {"type": "Polygon", "coordinates": [[[39.082891, 47.851604, 0], [39.082778, 47.869927, 0], [38.8393994, 47.8642544, 0], [38.835102, 47.816059, 0], [38.788677, 47.815974, 0], [38.798157, 47.77844, 0], [38.788943, 47.737015, 0], [38.770869, 47.720629, 0], [38.773164, 47.685764, 0], [38.754069, 47.684888, 0], [38.730305, 47.680361, 0], [38.729124, 47.698807, 0], [38.670796, 47.698954, 0], [38.6592, 47.700057, 0], [38.665616, 47.697176, 0], [38.665887, 47.669418, 0], [38.629274, 47.669278, 0], [38.629589, 47.653336, 0], [38.620087, 47.64487, 0], [38.456275, 47.644253, 0], [38.456688, 47.617004, 0], [38.35012, 47.616689, 0], [38.350737, 47.576206, 0], [38.31097, 47.576028, 0], [38.31115, 47.553619, 0], [38.305114, 47.544851, 0], [38.284804, 47.544465, 0], [38.284908, 47.508376, 0], [38.295072, 47.508064, 0], [38.2941, 47.490745, 0], [38.289402, 47.476754, 0], [38.302022, 47.475121, 0], [38.302085, 47.39287, 0], [38.300409, 47.391514, 0], [38.286416, 47.391477, 0], [38.286492, 47.37356, 0], [38.258732, 47.373353, 0], [38.245559, 47.363193, 0], [38.247363, 47.361737, 0], [38.250461, 47.357713, 0], [38.246788, 47.351445, 0], [38.24024, 47.346223, 0], [38.230693, 47.343169, 0], [38.230493, 47.338902, 0], [38.222079, 47.332853, 0], [38.225794, 47.332115, 0], [38.227214, 47.32971, 0], [38.221472, 47.327345, 0], [38.220978, 47.30538, 0], [38.336304, 47.306408, 0], [38.334511, 47.301408, 0], [38.328204, 47.300397, 0], [38.327091, 47.299009, 0], [38.327547, 47.297527, 0], [38.333288, 47.296975, 0], [38.333739, 47.296253, 0], [38.333354, 47.292132, 0], [38.32969, 47.289612, 0], [38.328436, 47.284808, 0], [38.325766, 47.284601, 0], [38.323394, 47.281132, 0], [38.327186, 47.279544, 0], [38.326187, 47.277483, 0], [38.327633, 47.27668, 0], [38.33081, 47.275932, 0], [38.333735, 47.268938, 0], [38.333286, 47.268272, 0], [38.329143, 47.266503, 0], [38.330997, 47.264575, 0], [38.330785, 47.263449, 0], [38.324491, 47.256821, 0], [38.288043, 47.2565, 0], [38.288189, 47.23856, 0], [38.260502, 47.238316, 0], [38.253541, 47.233616, 0], [38.247703, 47.233423, 0], [38.246091, 47.23411, 0], [38.242767, 47.232683, 0], [38.241649, 47.232812, 0], [38.240751, 47.232146, 0], [38.239886, 47.232412, 0], [38.237809, 47.232043, 0], [38.237346, 47.231216, 0], [38.236248, 47.230817, 0], [38.235123, 47.231097, 0], [38.234334, 47.230986, 0], [38.232907, 47.22919, 0], [38.232862, 47.22841, 0], [38.233674, 47.228017, 0], [38.234011, 47.227113, 0], [38.233869, 47.225801, 0], [38.234648, 47.225407, 0], [38.236145, 47.225608, 0], [38.23641, 47.225413, 0], [38.236274, 47.2245, 0], [38.236442, 47.224262, 0], [38.238517, 47.22364, 0], [38.238714, 47.223216, 0], [38.238255, 47.222409, 0], [38.238759, 47.221739, 0], [38.23976, 47.221618, 0], [38.240047, 47.221361, 0], [38.240083, 47.220149, 0], [38.239897, 47.219924, 0], [38.239826, 47.218731, 0], [38.240507, 47.218336, 0], [38.241288, 47.218482, 0], [38.242505, 47.217811, 0], [38.24279, 47.217117, 0], [38.24228, 47.216212, 0], [38.242276, 47.215302, 0], [38.241893, 47.214844, 0], [38.241542, 47.212529, 0], [38.241847, 47.212166, 0], [38.241222, 47.211753, 0], [38.240825, 47.210855, 0], [38.241152, 47.210543, 0], [38.241055, 47.210114, 0], [38.239657, 47.208713, 0], [38.237378, 47.208391, 0], [38.234781, 47.202589, 0], [38.23559, 47.196129, 0], [38.236312, 47.139527, 0], [38.234068, 47.135546, 0], [38.231909, 47.129692, 0], [38.229247, 47.127085, 0], [38.228451, 47.122673, 0], [38.230118, 47.119406, 0], [38.211502, 47.107183, 0], [38.186556, 47.093712, 0], [38.163265, 47.065455, 0], [38.084988, 47.020418, 0], [38.080408, 47.026545, 0], [38.106046, 47.047179, 0], [38.131796, 47.053729, 0], [38.132826, 47.06402, 0], [38.122869, 47.080622, 0], [38.104662, 47.095627, 0], [38.08885, 47.105956, 0], [38.062671, 47.110804, 0], [38.054332, 47.108302, 0], [38.040785, 47.096257, 0], [38.040012, 47.091875, 0], [38.032545, 47.08907, 0], [37.993063, 47.099003, 0], [37.975882, 47.095683, 0], [37.979072, 47.09281, 0], [37.99023, 47.091466, 0], [37.983964, 47.083576, 0], [37.895473, 47.110921, 0], [37.87958, 47.106667, 0], [37.862171, 47.106248, 0], [37.83831, 47.099704, 0], [37.829283, 47.112742, 0], [37.818054, 47.119099, 0], [37.8005435, 47.1732715, 0], [37.8111872, 47.2012707, 0], [37.833503, 47.249301, 0], [37.833846, 47.285412, 0], [37.827666, 47.302643, 0], [37.834876, 47.30823, 0], [37.831786, 47.314981, 0], [37.824577, 47.321498, 0], [37.827323, 47.328479, 0], [37.829283, 47.342507, 0], [37.844489, 47.341974, 0], [37.856849, 47.343603, 0], [37.861212, 47.347858, 0], [37.859152, 47.354371, 0], [37.848609, 47.350116, 0], [37.837623, 47.352442, 0], [37.841743, 47.358489, 0], [37.851599, 47.365534, 0], [37.841643, 47.369022, 0], [37.83831, 47.378022, 0], [37.850326, 47.384298, 0], [37.856849, 47.392898, 0], [37.855819, 47.403124, 0], [37.863715, 47.426588, 0], [37.878478, 47.441684, 0], [37.892555, 47.469773, 0], [37.819427, 47.546303, 0], [37.8159936, 47.5852213, 0], [37.8458595, 47.6237619, 0], [37.8523854, 47.641694, 0], [37.8312754, 47.6567292, 0], [37.803977, 47.660196, 0], [37.7755288, 47.6754271, 0], [37.764495, 47.684702, 0], [37.67268, 47.724717, 0], [37.637589, 47.751994, 0], [37.623169, 47.77311, 0], [37.634549, 47.802538, 0], [37.634262, 47.838423, 0], [37.644034, 47.886626, 0], [37.575907, 47.907733, 0], [37.5686, 47.907768, 0], [37.5350299, 47.918015, 0], [37.542839, 47.932477, 0], [37.521854, 47.94582, 0], [37.525158, 47.957202, 0], [37.532003, 47.964588, 0], [37.5412006, 47.9745867, 0], [37.5447913, 47.9774234, 0], [37.5499411, 47.9796642, 0], [37.558546, 47.986451, 0], [37.549621, 47.997364, 0], [37.556143, 48.009855, 0], [37.573394, 48.006899, 0], [37.575455, 48.013961, 0], [37.588566, 48.016021, 0], [37.616482, 48.018095, 0], [37.622662, 48.019444, 0], [37.64781, 48.028944, 0], [37.68785, 48.054754, 0], [37.691199, 48.053406, 0], [37.694294, 48.056545, 0], [37.687749, 48.061894, 0], [37.693049, 48.069307, 0], [37.699702, 48.072204, 0], [37.7257935, 48.0733245, 0], [37.7266508, 48.0795824, 0], [37.7430873, 48.0868254, 0], [37.756436, 48.08667, 0], [37.773053, 48.092032, 0], [37.789283, 48.100177, 0], [37.792021, 48.104528, 0], [37.8002, 48.114966, 0], [37.8041065, 48.1176711, 0], [37.808937, 48.1220791, 0], [37.8168038, 48.1322916, 0], [37.819855, 48.143897, 0], [37.824622, 48.157818, 0], [37.828593, 48.17515, 0], [37.856208, 48.192846, 0], [37.88333, 48.199712, 0], [37.896571, 48.215429, 0], [37.892943, 48.233569, 0], [37.89157, 48.255061, 0], [37.895347, 48.268546, 0], [37.8943398, 48.286666, 0], [37.9011467, 48.2908822, 0], [37.9006815, 48.3232554, 0], [37.9054956, 48.3404377, 0], [37.9185517, 48.3465274, 0], [37.9236168, 48.352797, 0], [37.9292962, 48.3594898, 0], [37.9317853, 48.3605734, 0], [37.9348411, 48.3609871, 0], [37.942023, 48.3574628, 0], [37.9447965, 48.3596702, 0], [37.9422644, 48.3622507, 0], [37.9500832, 48.3734333, 0], [37.9584861, 48.3771036, 0], [37.970152, 48.380317, 0], [37.974959, 48.381115, 0], [37.978623, 48.391275, 0], [38.004802, 48.393954, 0], [38.042123, 48.409086, 0], [38.068504, 48.408673, 0], [38.113706, 48.408013, 0], [38.117477, 48.420805, 0], [38.135244, 48.419039, 0], [38.148548, 48.414482, 0], [38.163094, 48.402117, 0], [38.1890602, 48.4165331, 0], [38.2385206, 48.3867172, 0], [38.273689, 48.359192, 0], [38.290706, 48.361631, 0], [38.321754, 48.371053, 0], [38.343578, 48.384437, 0], [38.354228, 48.390346, 0], [38.367914, 48.402171, 0], [38.390964, 48.415874, 0], [38.389247, 48.432278, 0], [38.393024, 48.436606, 0], [38.405377, 48.473366, 0], [38.411563, 48.51058, 0], [38.414303, 48.520605, 0], [38.402637, 48.547867, 0], [38.402637, 48.59194, 0], [38.40607, 48.60193, 0], [38.438793, 48.6110275, 0], [38.4412529, 48.6172714, 0], [38.4362747, 48.6292431, 0], [38.4263261, 48.6386961, 0], [38.431476, 48.650492, 0], [38.445202, 48.655048, 0], [38.464428, 48.656408, 0], [38.480228, 48.659111, 0], [38.496708, 48.663192, 0], [38.515247, 48.666367, 0], [38.516148, 48.670562, 0], [38.527284, 48.674642, 0], [38.539451, 48.673509, 0], [38.548978, 48.675294, 0], [38.559446, 48.686695, 0], [38.572231, 48.689056, 0], [38.577732, 48.696742, 0], [38.578419, 48.70943, 0], [38.583218, 48.71987, 0], [38.630167, 48.721172, 0], [38.678412, 48.723701, 0], [38.674549, 48.729363, 0], [38.691716, 48.729363, 0], [38.753514, 48.718492, 0], [38.767067, 48.71432, 0], [38.808438, 48.713414, 0], [38.830067, 48.717038, 0], [38.836076, 48.723267, 0], [38.847148, 48.742911, 0], [38.855387, 48.749646, 0], [38.859378, 48.74959, 0], [38.860601, 48.749788, 0], [38.860955, 48.750736, 0], [38.863879, 48.75138, 0], [38.871692, 48.751305, 0], [38.877618, 48.752589, 0], [38.879077, 48.752476, 0], [38.880236, 48.750608, 0], [38.88133, 48.750184, 0], [38.892037, 48.750438, 0], [38.898818, 48.750184, 0], [38.901092, 48.750905, 0], [38.90474, 48.750608, 0], [38.908775, 48.74925, 0], [38.911135, 48.748005, 0], [38.912572, 48.746873, 0], [38.914321, 48.744383, 0], [38.918028, 48.742911, 0], [38.919967, 48.743421, 0], [38.921306, 48.744609, 0], [38.922722, 48.745005, 0], [38.93065, 48.745274, 0], [38.933665, 48.746024, 0], [38.935055, 48.746854, 0], [38.936959, 48.747117, 0], [38.938279, 48.746682, 0], [38.938858, 48.745812, 0], [38.937957, 48.744071, 0], [38.934352, 48.742911, 0], [38.932464, 48.736798, 0], [38.934009, 48.735779, 0], [38.943707, 48.733854, 0], [38.946067, 48.734449, 0], [38.956946, 48.734067, 0], [38.961045, 48.736515, 0], [38.961217, 48.739911, 0], [38.95993, 48.742911, 0], [38.961131, 48.746137, 0], [38.964092, 48.746194, 0], [38.966946, 48.745204, 0], [38.969832, 48.743746, 0], [38.972563, 48.743584, 0], [38.974997, 48.744763, 0], [38.978812, 48.744892, 0], [38.981216, 48.743845, 0], [38.982332, 48.742189, 0], [38.982203, 48.740286, 0], [38.984456, 48.73758, 0], [38.989541, 48.734987, 0], [38.991437, 48.730608, 0], [38.998389, 48.724267, 0], [38.999333, 48.719624, 0], [38.998046, 48.717472, 0], [38.993918, 48.716189, 0], [38.988862, 48.715207, 0], [38.984742, 48.713621, 0], [38.984305, 48.711828, 0], [38.986923, 48.710158, 0], [38.991923, 48.710002, 0], [38.996922, 48.711602, 0], [38.998986, 48.711196, 0], [38.998218, 48.707674, 0], [38.999505, 48.703993, 0], [38.999848, 48.700198, 0], [39.001815, 48.698007, 0], [39.004826, 48.696345, 0], [39.015548, 48.694891, 0], [39.015727, 48.68864, 0], [39.014354, 48.683427, 0], [39.016367, 48.680943, 0], [39.019582, 48.679139, 0], [39.020276, 48.675606, 0], [39.020534, 48.672262, 0], [39.023881, 48.669882, 0], [39.026284, 48.667274, 0], [39.027486, 48.663249, 0], [39.025426, 48.661974, 0], [39.021649, 48.662399, 0], [39.018559, 48.6641, 0], [39.01298, 48.664043, 0], [39.009633, 48.662626, 0], [39.010316, 48.660084, 0], [39.012372, 48.658336, 0], [39.019153, 48.656975, 0], [39.028508, 48.653006, 0], [39.032206, 48.652874, 0], [39.033447, 48.651976, 0], [39.035546, 48.648243, 0], [39.038082, 48.647185, 0], [39.042678, 48.646466, 0], [39.054866, 48.647033, 0], [39.07435, 48.650436, 0], [39.075894, 48.651626, 0], [39.084907, 48.650662, 0], [39.098554, 48.650889, 0], [39.103618, 48.649869, 0], [39.111936, 48.653347, 0], [39.116828, 48.656748, 0], [39.123187, 48.660018, 0], [39.127307, 48.660471, 0], [39.139488, 48.65964, 0], [39.141984, 48.660868, 0], [39.142671, 48.663533, 0], [39.141641, 48.665063, 0], [39.141898, 48.66665, 0], [39.144512, 48.670911, 0], [39.148672, 48.675285, 0], [39.151941, 48.676286, 0], [39.157434, 48.675379, 0], [39.163349, 48.675739, 0], [39.174249, 48.680329, 0], [39.181638, 48.68575, 0], [39.185415, 48.693399, 0], [39.1909, 48.69982, 0], [39.195106, 48.703898, 0], [39.196508, 48.706513, 0], [39.197517, 48.706485, 0], [39.198354, 48.705777, 0], [39.199148, 48.702265, 0], [39.200371, 48.699999, 0], [39.203182, 48.698611, 0], [39.207173, 48.6983, 0], [39.219404, 48.705182, 0], [39.224897, 48.706768, 0], [39.226785, 48.708977, 0], [39.232364, 48.711412, 0], [39.23599, 48.711088, 0], [39.239588, 48.709125, 0], [39.243515, 48.709619, 0], [39.24978, 48.712564, 0], [39.2539, 48.720153, 0], [39.253307, 48.722059, 0], [39.253962, 48.724402, 0], [39.256139, 48.726872, 0], [39.259229, 48.733835, 0], [39.255282, 48.738774, 0], [39.255023, 48.740685, 0], [39.256311, 48.74227, 0], [39.258535, 48.742741, 0], [39.264468, 48.741252, 0], [39.268663, 48.741949, 0], [39.270809, 48.743987, 0], [39.271675, 48.74776, 0], [39.270302, 48.751212, 0], [39.270809, 48.752759, 0], [39.272383, 48.753887, 0], [39.274776, 48.753681, 0], [39.276658, 48.752333, 0], [39.278887, 48.749339, 0], [39.28206, 48.748608, 0], [39.286434, 48.748901, 0], [39.28952, 48.751514, 0], [39.289281, 48.753683, 0], [39.290643, 48.756248, 0], [39.291494, 48.759436, 0], [39.292617, 48.760605, 0], [39.299913, 48.763038, 0], [39.303089, 48.765414, 0], [39.308832, 48.771995, 0], [39.311844, 48.774069, 0], [39.31459, 48.774804, 0], [39.324546, 48.776049, 0], [39.326256, 48.775559, 0], [39.327972, 48.773692, 0], [39.327483, 48.772108, 0], [39.326084, 48.770015, 0], [39.326603, 48.768309, 0], [39.33167, 48.766602, 0], [39.336134, 48.76598, 0], [39.340336, 48.766301, 0], [39.347243, 48.768384, 0], [39.351063, 48.768547, 0], [39.352781, 48.767941, 0], [39.354502, 48.766828, 0], [39.353893, 48.76549, 0], [39.351326, 48.763094, 0], [39.349172, 48.762152, 0], [39.345528, 48.761661, 0], [39.343363, 48.759209, 0], [39.343138, 48.757361, 0], [39.346176, 48.751042, 0], [39.347027, 48.750212, 0], [39.347206, 48.745779, 0], [39.349266, 48.742496, 0], [39.358192, 48.737005, 0], [39.358871, 48.736175, 0], [39.358875, 48.733901, 0], [39.354072, 48.729646, 0], [39.353722, 48.726891, 0], [39.355224, 48.725249, 0], [39.361532, 48.722304, 0], [39.369128, 48.720068, 0], [39.372604, 48.71987, 0], [39.374183, 48.718652, 0], [39.373787, 48.717492, 0], [39.37208, 48.715934, 0], [39.370458, 48.715962, 0], [39.365266, 48.71684, 0], [39.360159, 48.715679, 0], [39.354131, 48.713244, 0], [39.348638, 48.713471, 0], [39.346855, 48.712224, 0], [39.348657, 48.708713, 0], [39.350503, 48.707637, 0], [39.355953, 48.697214, 0], [39.360311, 48.695798, 0], [39.36589, 48.692229, 0], [39.367316, 48.691974, 0], [39.377986, 48.686237, 0], [39.379557, 48.686279, 0], [39.381702, 48.685514, 0], [39.389599, 48.684749, 0], [39.390929, 48.683758, 0], [39.38917, 48.680386, 0], [39.390524, 48.678799, 0], [39.397991, 48.674605, 0], [39.402645, 48.674435, 0], [39.405821, 48.673812, 0], [39.411724, 48.670524, 0], [39.41387, 48.668427, 0], [39.413526, 48.66684, 0], [39.408205, 48.661454, 0], [39.408033, 48.65981, 0], [39.410694, 48.657656, 0], [39.414232, 48.656692, 0], [39.420746, 48.658223, 0], [39.432323, 48.656749, 0], [39.438948, 48.65494, 0], [39.446501, 48.656301, 0], [39.450176, 48.655672, 0], [39.452373, 48.65471, 0], [39.453385, 48.652812, 0], [39.451308, 48.651708, 0], [39.449798, 48.650401, 0], [39.449575, 48.644557, 0], [39.45164, 48.641033, 0], [39.454215, 48.639786, 0], [39.457562, 48.638651, 0], [39.465813, 48.638665, 0], [39.4686795, 48.6376897, 0], [39.4654267, 48.6335035, 0], [39.4672186, 48.6285546, 0], [39.4758449, 48.6294616, 0], [39.4819818, 48.6290648, 0], [39.494856, 48.6330645, 0], [39.5116376, 48.6357039, 0], [39.5165791, 48.6337256, 0], [39.5183434, 48.6302723, 0], [39.5175713, 48.6266987, 0], [39.5129236, 48.6221295, 0], [39.5280545, 48.6128737, 0], [39.5298325, 48.6093625, 0], [39.5245243, 48.6026385, 0], [39.5269318, 48.5985413, 0], [39.5341908, 48.5967686, 0], [39.5350124, 48.5928382, 0], [39.5292488, 48.5912185, 0], [39.5306906, 48.5856913, 0], [39.539875, 48.5840166, 0], [39.549314, 48.585973, 0], [39.549059, 48.595854, 0], [39.5549814, 48.5982948, 0], [39.5635639, 48.5990889, 0], [39.5694136, 48.5911155, 0], [39.5640858, 48.5845992, 0], [39.5743396, 48.5817384, 0], [39.5841637, 48.5883036, 0], [39.5913857, 48.5922505, 0], [39.600613, 48.5928753, 0], [39.6064064, 48.5886179, 0], [39.6058783, 48.5855209, 0], [39.5968664, 48.5795022, 0], [39.6010726, 48.5749594, 0], [39.6110289, 48.5740514, 0], [39.6195254, 48.5830228, 0], [39.6210707, 48.5867134, 0], [39.6236025, 48.5870259, 0], [39.6334311, 48.5812628, 0], [39.6713252, 48.5892403, 0], [39.6769896, 48.5890127, 0], [39.687271, 48.587084, 0], [39.691635, 48.586378, 0], [39.697765, 48.58716, 0], [39.702546, 48.587778, 0], [39.714893, 48.585248, 0], [39.721237, 48.584834, 0], [39.723379, 48.586216, 0], [39.726252, 48.586624, 0], [39.730178, 48.585919, 0], [39.734629, 48.585851, 0], [39.738743, 48.586838, 0], [39.744319, 48.590057, 0], [39.746721, 48.590673, 0], [39.749038, 48.590243, 0], [39.751054, 48.588836, 0], [39.75055, 48.583338, 0], [39.751295, 48.58209, 0], [39.754759, 48.583, 0], [39.770368, 48.587994, 0], [39.772062, 48.591601, 0], [39.773425, 48.592326, 0], [39.789985, 48.593369, 0], [39.796119, 48.591847, 0], [39.800216, 48.589553, 0], [39.804495, 48.585454, 0], [39.80861, 48.583972, 0], [39.812855, 48.583855, 0], [39.82236, 48.586636, 0], [39.825051, 48.586152, 0], [39.826311, 48.584207, 0], [39.825482, 48.581645, 0], [39.820604, 48.579285, 0], [39.821685, 48.578332, 0], [39.846829, 48.572934, 0], [39.85763, 48.561413, 0], [39.854533, 48.552999, 0], [39.858045, 48.545366, 0], [39.857486, 48.537401, 0], [39.866756, 48.508883, 0], [39.866135, 48.504775, 0], [39.861877, 48.501924, 0], [39.856659, 48.501636, 0], [39.853191, 48.503425, 0], [39.84871, 48.50284, 0], [39.846469, 48.499306, 0], [39.847884, 48.495108, 0], [39.847753, 48.485678, 0], [39.846338, 48.473712, 0], [39.857752, 48.463363, 0], [39.897326, 48.448112, 0], [39.898555, 48.445972, 0], [39.896766, 48.44422, 0], [39.889864, 48.443571, 0], [39.888817, 48.441993, 0], [39.895926, 48.429242, 0], [39.910297, 48.421956, 0], [39.912763, 48.41558, 0], [39.906484, 48.407494, 0], [39.906312, 48.403562, 0], [39.908459, 48.402052, 0], [39.91605, 48.40061, 0], [39.918644, 48.397611, 0], [39.917405, 48.39481, 0], [39.906743, 48.392269, 0], [39.905962, 48.390316, 0], [39.907802, 48.388712, 0], [39.914558, 48.386827, 0], [39.916306, 48.384231, 0], [39.917522, 48.379228, 0], [39.92122, 48.375928, 0], [39.926845, 48.375075, 0], [39.93189, 48.376929, 0], [39.935271, 48.384697, 0], [39.938309, 48.387562, 0], [39.941535, 48.387072, 0], [39.943278, 48.383791, 0], [39.934751, 48.372274, 0], [39.93675, 48.367136, 0], [39.940668, 48.365023, 0], [39.939451, 48.360773, 0], [39.944422, 48.357166, 0], [39.94253, 48.354963, 0], [39.947507, 48.35523, 0], [39.943644, 48.34812, 0], [39.930727, 48.348957, 0], [39.918603, 48.347207, 0], [39.918581, 48.341692, 0], [39.877934, 48.334073, 0], [39.859703, 48.334566, 0], [39.845593, 48.332774, 0], [39.845217, 48.329499, 0], [39.840394, 48.329117, 0], [39.8418874, 48.3188237, 0], [39.840832, 48.3103935, 0], [39.858898, 48.309238, 0], [39.88795, 48.3094335, 0], [39.8878393, 48.3045909, 0], [39.9013356, 48.2943252, 0], [39.9100342, 48.2910574, 0], [39.909745, 48.287526, 0], [39.911103, 48.285018, 0], [39.910753, 48.282907, 0], [39.909377, 48.280766, 0], [39.910064, 48.27901, 0], [39.908434, 48.278133, 0], [39.90822, 48.277008, 0], [39.909508, 48.276717, 0], [39.909686, 48.276012, 0], [39.910418, 48.276031, 0], [39.911385, 48.275269, 0], [39.912254, 48.273746, 0], [39.911831, 48.27277, 0], [39.910589, 48.272153, 0], [39.910269, 48.271645, 0], [39.911139, 48.27102, 0], [39.913076, 48.271193, 0], [39.914065, 48.271958, 0], [39.914753, 48.271887, 0], [39.915049, 48.271344, 0], [39.91458, 48.270755, 0], [39.91426, 48.269847, 0], [39.914829, 48.269678, 0], [39.917496, 48.270094, 0], [39.91898, 48.270601, 0], [39.919657, 48.271298, 0], [39.921069, 48.27166, 0], [39.922955, 48.271306, 0], [39.924907, 48.271485, 0], [39.925969, 48.27216, 0], [39.925899, 48.272969, 0], [39.925628, 48.273588, 0], [39.925836, 48.273969, 0], [39.927291, 48.275387, 0], [39.927869, 48.276582, 0], [39.929638, 48.277779, 0], [39.931596, 48.277992, 0], [39.932875, 48.279241, 0], [39.934695, 48.279066, 0], [39.934978, 48.27975, 0], [39.934112, 48.280735, 0], [39.932176, 48.281213, 0], [39.930286, 48.28238, 0], [39.930156, 48.282764, 0], [39.930585, 48.283285, 0], [39.932108, 48.28373, 0], [39.933277, 48.283753, 0], [39.934098, 48.283479, 0], [39.935023, 48.28377, 0], [39.936215, 48.285058, 0], [39.93664, 48.286887, 0], [39.937024, 48.288116, 0], [39.936615, 48.289958, 0], [39.936882, 48.291565, 0], [39.937703, 48.292225, 0], [39.938521, 48.292127, 0], [39.941612, 48.292849, 0], [39.943716, 48.29191, 0], [39.94481, 48.292027, 0], [39.945958, 48.292741, 0], [39.946532, 48.293784, 0], [39.947227, 48.294163, 0], [39.948411, 48.294295, 0], [39.948426, 48.2961, 0], [39.949037, 48.296715, 0], [39.950737, 48.297222, 0], [39.950836, 48.297733, 0], [39.949619, 48.298845, 0], [39.949848, 48.299401, 0], [39.951958, 48.300093, 0], [39.952219, 48.301038, 0], [39.951769, 48.302131, 0], [39.951995, 48.302392, 0], [39.951721, 48.30305, 0], [39.951971, 48.303551, 0], [39.952975, 48.303915, 0], [39.954057, 48.304012, 0], [39.955606, 48.303746, 0], [39.95666, 48.303185, 0], [39.956822, 48.302619, 0], [39.9569157, 48.3014789, 0], [39.9637437, 48.3034161, 0], [39.965441, 48.304678, 0], [39.965814, 48.305656, 0], [39.965678, 48.306403, 0], [39.966383, 48.306776, 0], [39.967636, 48.306805, 0], [39.968735, 48.307134, 0], [39.970808, 48.307084, 0], [39.971265, 48.307302, 0], [39.971236, 48.307796, 0], [39.970793, 48.308971, 0], [39.97188, 48.309716, 0], [39.971029, 48.311629, 0], [39.972492, 48.312971, 0], [39.974425, 48.313471, 0], [39.975498, 48.31432, 0], [39.977623, 48.315173, 0], [39.9789, 48.315713, 0], [39.980311, 48.315784, 0], [39.982518, 48.315704, 0], [39.98418, 48.316207, 0], [39.985311, 48.317001, 0], [39.986949, 48.317512, 0], [39.990815, 48.317082, 0], [39.991074, 48.316582, 0], [39.990989, 48.316061, 0], [39.993222, 48.313596, 0], [39.993925, 48.3007095, 0], [39.999745, 48.28929, 0], [40.0096496, 48.2701118, 0], [40.0140446, 48.2701332, 0], [40.0157041, 48.2674012, 0], [40.0128862, 48.2661358, 0], [40.020776, 48.2537796, 0], [40.005778, 48.2410291, 0], [40.009557, 48.22457, 0], [40.0029279, 48.2233008, 0], [39.9426232, 48.2289716, 0], [39.9369858, 48.1803522, 0], [39.9101094, 48.1793886, 0], [39.9069524, 48.1687576, 0], [39.9073568, 48.1481523, 0], [39.8715396, 48.1161955, 0], [39.868584, 48.079444, 0], [39.832202, 48.0665, 0], [39.885886, 48.047866, 0], [39.877208, 48.041378, 0], [39.779662, 48.039336, 0], [39.786777, 48.025034, 0], [39.785081, 48.023125, 0], [39.795218, 48.010703, 0], [39.797687, 48.009306, 0], [39.802998, 48.007948, 0], [39.804541, 48.006459, 0], [39.810975, 48.004856, 0], [39.81672, 48.001463, 0], [39.816518, 48.000116, 0], [39.813736, 47.998502, 0], [39.813771, 47.996697, 0], [39.817916, 47.994778, 0], [39.81618, 47.992798, 0], [39.816717, 47.984542, 0], [39.823031, 47.98354, 0], [39.822798, 47.979535, 0], [39.819849, 47.977446, 0], [39.817538, 47.976646, 0], [39.815117, 47.973617, 0], [39.815408, 47.970866, 0], [39.819844, 47.967762, 0], [39.827391, 47.950834, 0], [39.805888, 47.950562, 0], [39.806594, 47.933666, 0], [39.793904, 47.915897, 0], [39.794941, 47.866833, 0], [39.762505, 47.870145, 0], [39.763184, 47.846537, 0], [39.73791, 47.827729, 0], [39.565587, 47.836556, 0], [39.542168, 47.824981, 0], [39.534491, 47.83253, 0], [39.520308, 47.825141, 0], [39.478474, 47.859474, 0], [39.44625, 47.850644, 0], [39.437354, 47.839834, 0], [39.412529, 47.830898, 0], [39.39045, 47.866185, 0], [39.241734, 47.867014, 0], [39.236213, 47.853953, 0], [39.149682, 47.842582, 0], [39.109535, 47.842747, 0], [39.109389, 47.851752, 0], [39.082891, 47.851604, 0]]]}}, {"type": "Feature", "properties": {"name": "\u041e\u043a\u0443\u043f\u043e\u0432\u0430\u043d\u0438\u0439 \u041a\u0440\u0438\u043c /// Occupied Crimea\u00a0/// geoJSON.territories.crimea", "date": "2025-08-31"}, "geometry": {"type": "Polygon", "coordinates": [[[35.201458, 45.523343, 0], [35.311256, 45.411424, 0], [35.382064, 45.352514, 0], [35.467835, 45.307544, 0], [35.498759, 45.306176, 0], [35.525825, 45.291193, 0], [35.632903, 45.324584, 0], [35.71557, 45.338458, 0], [35.724851, 45.351594, 0], [35.753728, 45.366548, 0], [35.760985, 45.381258, 0], [35.748889, 45.384633, 0], [35.745726, 45.39066, 0], [35.748929, 45.396331, 0], [35.802358, 45.424293, 0], [35.826475, 45.440129, 0], [35.818368, 45.451418, 0], [35.817747, 45.458869, 0], [35.823649, 45.46632, 0], [35.841775, 45.474473, 0], [35.867831, 45.473251, 0], [35.87606, 45.463856, 0], [35.86369, 45.45422, 0], [35.846507, 45.446506, 0], [35.886842, 45.407774, 0], [35.941221, 45.380044, 0], [35.99701, 45.371491, 0], [36.04285, 45.384009, 0], [36.068942, 45.404374, 0], [36.068785, 45.445463, 0], [36.12387, 45.463618, 0], [36.17039, 45.472361, 0], [36.265345, 45.478566, 0], [36.293683, 45.483861, 0], [36.307976, 45.475414, 0], [36.322868, 45.471297, 0], [36.336302, 45.474221, 0], [36.340048, 45.477585, 0], [36.33933, 45.482513, 0], [36.344848, 45.484307, 0], [36.345514, 45.480891, 0], [36.357563, 45.471617, 0], [36.372894, 45.47138, 0], [36.376602, 45.463689, 0], [36.40184, 45.450177, 0], [36.415458, 45.446825, 0], [36.421423, 45.446002, 0], [36.432474, 45.447875, 0], [36.43401, 45.450676, 0], [36.442064, 45.453282, 0], [36.441535, 45.455406, 0], [36.447174, 45.460135, 0], [36.461093, 45.456435, 0], [36.470548, 45.458514, 0], [36.482062, 45.455771, 0], [36.495456, 45.450514, 0], [36.499746, 45.445484, 0], [36.506954, 45.44226, 0], [36.518828, 45.433521, 0], [36.532672, 45.42719, 0], [36.547831, 45.425611, 0], [36.554467, 45.424368, 0], [36.56594, 45.428443, 0], [36.565672, 45.436625, 0], [36.57528, 45.442252, 0], [36.587036, 45.44127, 0], [36.598276, 45.438662, 0], [36.606346, 45.42872, 0], [36.61553, 45.422271, 0], [36.611498, 45.414921, 0], [36.607593, 45.412573, 0], [36.611273, 45.407542, 0], [36.634642, 45.391737, 0], [36.641199, 45.390666, 0], [36.648733, 45.38292, 0], [36.643211, 45.377813, 0], [36.6335, 45.375653, 0], [36.630106, 45.373786, 0], [36.633217, 45.362811, 0], [36.630569, 45.360521, 0], [36.625643, 45.360763, 0], [36.612025, 45.355938, 0], [36.60599, 45.347733, 0], [36.596554, 45.345031, 0], [36.592338, 45.3465, 0], [36.564437, 45.347114, 0], [36.54435, 45.344735, 0], [36.534981, 45.345637, 0], [36.535225, 45.349918, 0], [36.518286, 45.351539, 0], [36.483644, 45.350864, 0], [36.477812, 45.349132, 0], [36.472041, 45.341233, 0], [36.47329, 45.330744, 0], [36.488837, 45.324608, 0], [36.499502, 45.318675, 0], [36.484438, 45.305478, 0], [36.435179, 45.295073, 0], [36.421663, 45.286584, 0], [36.426012, 45.27864, 0], [36.436333, 45.276239, 0], [36.43962, 45.271622, 0], [36.435783, 45.258066, 0], [36.423707, 45.245262, 0], [36.423049, 45.23723, 0], [36.412019, 45.225877, 0], [36.403912, 45.214162, 0], [36.407734, 45.193404, 0], [36.407778, 45.172889, 0], [36.417779, 45.164294, 0], [36.421428, 45.152916, 0], [36.422542, 45.136938, 0], [36.4258, 45.134402, 0], [36.425628, 45.128893, 0], [36.43318, 45.117691, 0], [36.439699, 45.116727, 0], [36.454606, 45.105555, 0], [36.456018, 45.095623, 0], [36.440096, 45.083327, 0], [36.390978, 45.065359, 0], [36.372884, 45.057475, 0], [36.337724, 45.058302, 0], [36.309329, 45.057922, 0], [36.282137, 45.05499, 0], [36.249153, 45.047687, 0], [36.24793, 45.04068, 0], [36.225684, 45.026816, 0], [36.213493, 45.02807, 0], [36.201045, 45.033023, 0], [36.160037, 45.035925, 0], [36.07129, 45.048252, 0], [36.035405, 45.049216, 0], [36.012561, 45.044932, 0], [35.994952, 45.03511, 0], [35.984215, 45.022859, 0], [35.954083, 45.011219, 0], [35.925851, 45.019111, 0], [35.907658, 45.018079, 0], [35.900286, 45.014189, 0], [35.879342, 45.009765, 0], [35.870587, 45.004186, 0], [35.842096, 44.998366, 0], [35.834801, 44.999213, 0], [35.828278, 45.004552, 0], [35.834113, 45.0091, 0], [35.82978, 45.014076, 0], [35.821947, 45.019203, 0], [35.810165, 45.021418, 0], [35.814483, 45.033306, 0], [35.804886, 45.045558, 0], [35.785327, 45.057628, 0], [35.777878, 45.066304, 0], [35.748793, 45.081465, 0], [35.692135, 45.104626, 0], [35.62977, 45.122303, 0], [35.58496, 45.129359, 0], [35.541346, 45.125861, 0], [35.451063, 45.097366, 0], [35.414638, 45.07541, 0], [35.389399, 45.049444, 0], [35.385966, 45.035246, 0], [35.412652, 45.025778, 0], [35.428693, 45.012912, 0], [35.395224, 44.999343, 0], [35.366739, 44.992559, 0], [35.358416, 44.985552, 0], [35.356103, 44.97733, 0], [35.394038, 44.954933, 0], [35.382973, 44.943891, 0], [35.351803, 44.954952, 0], [35.344315, 44.964188, 0], [35.322466, 44.95921, 0], [35.322807, 44.966441, 0], [35.301518, 44.965776, 0], [35.294987, 44.959711, 0], [35.283641, 44.96616, 0], [35.271282, 44.967596, 0], [35.258409, 44.960904, 0], [35.249825, 44.952823, 0], [35.25652, 44.938423, 0], [35.243653, 44.916792, 0], [35.216612, 44.909005, 0], [35.205602, 44.910216, 0], [35.190556, 44.907887, 0], [35.177573, 44.900936, 0], [35.169311, 44.900247, 0], [35.156245, 44.886911, 0], [35.144155, 44.867002, 0], [35.139391, 44.861252, 0], [35.130569, 44.829311, 0], [35.133101, 44.822812, 0], [35.118455, 44.81723, 0], [35.111022, 44.80702, 0], [35.09398, 44.801375, 0], [35.081062, 44.790612, 0], [35.064425, 44.797108, 0], [35.043666, 44.799459, 0], [35.047274, 44.814837, 0], [35.029503, 44.828249, 0], [35.0007, 44.83203, 0], [34.988701, 44.828075, 0], [34.980991, 44.834465, 0], [34.967823, 44.838027, 0], [34.942529, 44.833842, 0], [34.935034, 44.830042, 0], [34.920988, 44.828751, 0], [34.920318, 44.82153, 0], [34.912095, 44.81577, 0], [34.845166, 44.813296, 0], [34.830931, 44.816908, 0], [34.763731, 44.815057, 0], [34.747987, 44.807058, 0], [34.728811, 44.807825, 0], [34.677858, 44.787856, 0], [34.625628, 44.773956, 0], [34.544614, 44.741006, 0], [34.474964, 44.715071, 0], [34.432149, 44.682765, 0], [34.412176, 44.658807, 0], [34.403924, 44.639751, 0], [34.389678, 44.628884, 0], [34.38342, 44.615877, 0], [34.377892, 44.612309, 0], [34.375816, 44.591703, 0], [34.354354, 44.585681, 0], [34.349805, 44.57185, 0], [34.349035, 44.546767, 0], [34.334843, 44.545507, 0], [34.320135, 44.551094, 0], [34.308946, 44.552088, 0], [34.260362, 44.507556, 0], [34.171984, 44.491011, 0], [34.128936, 44.427878, 0], [34.057232, 44.416521, 0], [34.034986, 44.403674, 0], [33.963406, 44.38885, 0], [33.939412, 44.389646, 0], [33.882423, 44.400268, 0], [33.846027, 44.401142, 0], [33.778737, 44.381452, 0], [33.759005, 44.386932, 0], [33.733092, 44.383332, 0], [33.702892, 44.416926, 0], [33.673869, 44.412807, 0], [33.64553, 44.421924, 0], [33.63834, 44.458687, 0], [33.627013, 44.479579, 0], [33.601948, 44.491739, 0], [33.554048, 44.486877, 0], [33.506071, 44.500846, 0], [33.486243, 44.494968, 0], [33.472733, 44.511135, 0], [33.46013, 44.522891, 0], [33.403694, 44.553239, 0], [33.373305, 44.584056, 0], [33.450155, 44.615946, 0], [33.494615, 44.617766, 0], [33.508271, 44.631916, 0], [33.512474, 44.633149, 0], [33.52105, 44.640258, 0], [33.525691, 44.638362, 0], [33.531191, 44.641107, 0], [33.535667, 44.64599, 0], [33.541864, 44.658932, 0], [33.546363, 44.677979, 0], [33.547442, 44.698563, 0], [33.545774, 44.707798, 0], [33.547583, 44.724445, 0], [33.539777, 44.744321, 0], [33.540722, 44.761758, 0], [33.533513, 44.792608, 0], [33.540633, 44.802652, 0], [33.54552, 44.80417, 0], [33.547143, 44.81013, 0], [33.549545, 44.810828, 0], [33.550231, 44.822242, 0], [33.548513, 44.834598, 0], [33.55297, 44.841655, 0], [33.556915, 44.840587, 0], [33.561031, 44.842318, 0], [33.569694, 44.838843, 0], [33.578964, 44.840487, 0], [33.586864, 44.847, 0], [33.590643, 44.845722, 0], [33.594636, 44.847578, 0], [33.600863, 44.857663, 0], [33.6052, 44.866386, 0], [33.606448, 44.871702, 0], [33.610592, 44.899319, 0], [33.610962, 44.925721, 0], [33.597652, 44.97655, 0], [33.604377, 44.980471, 0], [33.602595, 44.997973, 0], [33.58086, 45.050881, 0], [33.56149, 45.081073, 0], [33.536378, 45.109551, 0], [33.509265, 45.13445, 0], [33.480757, 45.155892, 0], [33.450854, 45.174238, 0], [33.432652, 45.184093, 0], [33.415989, 45.191404, 0], [33.408547, 45.193444, 0], [33.400771, 45.196065, 0], [33.391196, 45.197375, 0], [33.38275, 45.196471, 0], [33.376436, 45.191845, 0], [33.376286, 45.18766, 0], [33.380282, 45.185909, 0], [33.37497, 45.183679, 0], [33.358429, 45.178252, 0], [33.350015, 45.173699, 0], [33.331548, 45.171883, 0], [33.325143, 45.174125, 0], [33.318394, 45.174581, 0], [33.310057, 45.1741, 0], [33.305239, 45.17277, 0], [33.301221, 45.170642, 0], [33.298963, 45.167787, 0], [33.29792, 45.165633, 0], [33.300138, 45.162027, 0], [33.296035, 45.157719, 0], [33.288293, 45.154105, 0], [33.284289, 45.148276, 0], [33.27516, 45.145901, 0], [33.268036, 45.145629, 0], [33.257295, 45.147804, 0], [33.245939, 45.156938, 0], [33.234348, 45.168219, 0], [33.225292, 45.174695, 0], [33.201984, 45.183225, 0], [33.185236, 45.183717, 0], [33.179821, 45.187651, 0], [33.165826, 45.19347, 0], [33.157326, 45.198774, 0], [33.148825, 45.202143, 0], [33.143404, 45.20709, 0], [33.138912, 45.216317, 0], [33.124087, 45.225712, 0], [33.107907, 45.23151, 0], [33.093199, 45.248834, 0], [33.081231, 45.258421, 0], [33.062776, 45.27566, 0], [33.035244, 45.29016, 0], [32.991848, 45.322499, 0], [32.966765, 45.336694, 0], [32.907019, 45.359436, 0], [32.84671, 45.365264, 0], [32.76522, 45.363836, 0], [32.735393, 45.354972, 0], [32.712159, 45.341307, 0], [32.685502, 45.332102, 0], [32.675688, 45.320614, 0], [32.65299, 45.313322, 0], [32.622109, 45.317634, 0], [32.599462, 45.325318, 0], [32.578538, 45.327642, 0], [32.569816, 45.332888, 0], [32.551846, 45.332385, 0], [32.489453, 45.346136, 0], [32.510377, 45.360884, 0], [32.513458, 45.372038, 0], [32.507445, 45.381957, 0], [32.488644, 45.384988, 0], [32.478939, 45.389163, 0], [32.479703, 45.404263, 0], [32.48807, 45.407956, 0], [32.500388, 45.424663, 0], [32.524271, 45.438872, 0], [32.538208, 45.454884, 0], [32.562144, 45.470223, 0], [32.59058, 45.48558, 0], [32.691784, 45.523882, 0], [32.72322, 45.533026, 0], [32.736877, 45.543007, 0], [32.772105, 45.557869, 0], [32.793178, 45.56389, 0], [32.820317, 45.559825, 0], [32.825974, 45.55733, 0], [32.833962, 45.560234, 0], [32.840648, 45.56511, 0], [32.843141, 45.570597, 0], [32.843556, 45.576834, 0], [32.841008, 45.582406, 0], [32.837291, 45.583354, 0], [32.829252, 45.583603, 0], [32.821299, 45.58301, 0], [32.820129, 45.584393, 0], [32.820181, 45.586841, 0], [32.82504, 45.590611, 0], [32.908691, 45.640338, 0], [32.999393, 45.681147, 0], [33.006337, 45.679383, 0], [33.017154, 45.687009, 0], [33.050144, 45.696959, 0], [33.0691, 45.706833, 0], [33.077681, 45.707393, 0], [33.095704, 45.715503, 0], [33.114638, 45.712775, 0], [33.127908, 45.719842, 0], [33.1378, 45.719814, 0], [33.152919, 45.733355, 0], [33.159184, 45.749182, 0], [33.165737, 45.78827, 0], [33.175838, 45.805742, 0], [33.182338, 45.80993, 0], [33.185831, 45.807952, 0], [33.180625, 45.797211, 0], [33.172486, 45.786603, 0], [33.182114, 45.773902, 0], [33.21192, 45.757728, 0], [33.23866, 45.752804, 0], [33.280613, 45.76267, 0], [33.32241, 45.775037, 0], [33.373494, 45.797187, 0], [33.41709, 45.830205, 0], [33.432207, 45.838576, 0], [33.482974, 45.854396, 0], [33.517951, 45.867777, 0], [33.540593, 45.884913, 0], [33.544102, 45.880335, 0], [33.520062, 45.857708, 0], [33.50089, 45.848355, 0], [33.507622, 45.841072, 0], [33.517655, 45.846594, 0], [33.527171, 45.849723, 0], [33.537116, 45.845796, 0], [33.542129, 45.840258, 0], [33.548213, 45.843531, 0], [33.551715, 45.851628, 0], [33.55864, 45.86172, 0], [33.568716, 45.874008, 0], [33.581653, 45.871206, 0], [33.593725, 45.885292, 0], [33.616272, 45.892143, 0], [33.634096, 45.882614, 0], [33.642234, 45.876325, 0], [33.654663, 45.875233, 0], [33.662233, 45.871524, 0], [33.661598, 45.86426, 0], [33.674126, 45.857432, 0], [33.684191, 45.850098, 0], [33.684716, 45.858888, 0], [33.679077, 45.867314, 0], [33.679953, 45.875048, 0], [33.678367, 45.885139, 0], [33.675115, 45.898868, 0], [33.676214, 45.903954, 0], [33.680094, 45.90854, 0], [33.687773, 45.912752, 0], [33.691971, 45.913471, 0], [33.697545, 45.911367, 0], [33.701995, 45.911004, 0], [33.720244, 45.924636, 0], [33.730928, 45.930188, 0], [33.749506, 45.928276, 0], [33.756027, 45.931109, 0], [33.757987, 45.934494, 0], [33.755784, 45.939282, 0], [33.751076, 45.9488, 0], [33.747278, 45.946685, 0], [33.744939, 45.95033, 0], [33.722964, 45.950158, 0], [33.692314, 45.95526, 0], [33.682856, 45.952803, 0], [33.659761, 45.954586, 0], [33.640135, 45.949356, 0], [33.647501, 45.945166, 0], [33.642079, 45.942885, 0], [33.634992, 45.941326, 0], [33.624497, 45.942516, 0], [33.617606, 45.944243, 0], [33.616479, 45.949068, 0], [33.627758, 45.958848, 0], [33.629688, 45.967426, 0], [33.629384, 45.977458, 0], [33.628543, 45.987604, 0], [33.622873, 45.997617, 0], [33.618724, 46.01252, 0], [33.611338, 46.054819, 0], [33.623699, 46.071722, 0], [33.637282, 46.081351, 0], [33.633038, 46.097381, 0], [33.616561, 46.11536, 0], [33.612957, 46.129148, 0], [33.612528, 46.138238, 0], [33.60668, 46.146878, 0], [33.6897, 46.204334, 0], [33.714554, 46.196894, 0], [33.740532, 46.185128, 0], [33.82395, 46.187069, 0], [34.038334, 46.116935, 0], [34.122582, 46.108122, 0], [34.160772, 46.08043, 0], [34.227754, 46.060816, 0], [34.382464, 46.034692, 0], [34.436726, 45.968164, 0], [34.478552, 45.946947, 0], [34.556042, 45.988691, 0], [34.651415, 45.973908, 0], [34.700883, 45.959179, 0], [34.752716, 45.910231, 0], [34.782879, 45.904975, 0], [34.796134, 45.892053, 0], [34.800881, 45.804735, 0], [34.958219, 45.760037, 0], [34.977053, 45.765285, 0], [35.050056, 45.667202, 0], [35.109867, 45.599025, 0], [35.201458, 45.523343, 0]]]}}, {"type": "Feature", "properties": {"name": "\u041e\u043a\u0443\u043f\u043e\u0432\u0430\u043d\u043e /// Occupied\u00a0/// geoJSON.status.occupied", "date": "2025-08-31"}, "geometry": {"type": "Polygon", "coordinates": [[[38.1144114, 48.7657626, 0], [38.1290239, 48.7674481, 0], [38.1421778, 48.7676056, 0], [38.1593018, 48.7647511, 0], [38.1782569, 48.7730725, 0], [38.1771302, 48.7830476, 0], [38.174168, 48.7862337, 0], [38.1758628, 48.7885075, 0], [38.1787165, 48.7895656, 0], [38.184606, 48.790764, 0], [38.1880228, 48.7896102, 0], [38.1879202, 48.8048527, 0], [38.1835182, 48.8143136, 0], [38.1763638, 48.8575955, 0], [38.165202, 48.8616968, 0], [38.1665209, 48.8696445, 0], [38.1749088, 48.8833184, 0], [38.1783994, 48.9007022, 0], [38.1664641, 48.9043622, 0], [38.154355, 48.910729, 0], [38.1552923, 48.913993, 0], [38.1603495, 48.9134776, 0], [38.1714095, 48.9079908, 0], [38.1805803, 48.9072982, 0], [38.1856805, 48.9153609, 0], [38.1837851, 48.9209974, 0], [38.1675617, 48.9236757, 0], [38.167817, 48.9261278, 0], [38.1820613, 48.9265774, 0], [38.1840061, 48.9279153, 0], [38.1836308, 48.9293707, 0], [38.1957752, 48.9280159, 0], [38.222726, 48.934585, 0], [38.2325901, 48.9409453, 0], [38.23465, 48.944666, 0], [38.234227, 48.946566, 0], [38.233873, 48.95314, 0], [38.237048, 48.956521, 0], [38.244862, 48.956245, 0], [38.258858, 48.969268, 0], [38.241062, 49.005535, 0], [38.262698, 49.024532, 0], [38.284528, 49.026568, 0], [38.299791, 49.024992, 0], [38.691727, 48.729363, 0], [38.674549, 48.729363, 0], [38.678412, 48.723701, 0], [38.630135, 48.721172, 0], [38.583218, 48.71987, 0], [38.578419, 48.70943, 0], [38.577732, 48.696742, 0], [38.572231, 48.689056, 0], [38.559446, 48.686695, 0], [38.548978, 48.675294, 0], [38.539451, 48.673509, 0], [38.527284, 48.674642, 0], [38.516148, 48.670562, 0], [38.515247, 48.666367, 0], [38.496708, 48.663192, 0], [38.480228, 48.659111, 0], [38.464428, 48.656408, 0], [38.445202, 48.655048, 0], [38.431476, 48.650492, 0], [38.426326, 48.638696, 0], [38.436275, 48.629243, 0], [38.441253, 48.617271, 0], [38.438793, 48.611028, 0], [38.40607, 48.60193, 0], [38.402637, 48.59194, 0], [38.402637, 48.547867, 0], [38.414303, 48.520605, 0], [38.411566, 48.510568, 0], [38.405377, 48.473366, 0], [38.393024, 48.436606, 0], [38.389247, 48.432278, 0], [38.390964, 48.415874, 0], [38.367914, 48.402171, 0], [38.354228, 48.390346, 0], [38.343578, 48.384437, 0], [38.321754, 48.371053, 0], [38.290706, 48.361631, 0], [38.273689, 48.359192, 0], [38.238521, 48.386717, 0], [38.18906, 48.416533, 0], [38.163094, 48.402117, 0], [38.148548, 48.414482, 0], [38.135244, 48.419039, 0], [38.117477, 48.420805, 0], [38.113706, 48.408013, 0], [38.042123, 48.409086, 0], [38.00477, 48.393954, 0], [37.978623, 48.391275, 0], [37.974959, 48.381115, 0], [37.970152, 48.380317, 0], [37.9584861, 48.3771036, 0], [37.9500832, 48.3734333, 0], [37.9422644, 48.3622507, 0], [37.9447965, 48.3596702, 0], [37.942023, 48.3574628, 0], [37.9348411, 48.3609871, 0], [37.9317853, 48.3605734, 0], [37.9292962, 48.3594898, 0], [37.9236168, 48.352797, 0], [37.9185517, 48.3465274, 0], [37.9054956, 48.3404377, 0], [37.8705267, 48.3543096, 0], [37.851891, 48.3646574, 0], [37.8048188, 48.3820939, 0], [37.8006131, 48.3866541, 0], [37.7996404, 48.3908363, 0], [37.8032819, 48.3904911, 0], [37.8071556, 48.3994508, 0], [37.8055458, 48.4027413, 0], [37.8099665, 48.4059526, 0], [37.8162324, 48.404007, 0], [37.8176071, 48.4046581, 0], [37.8173093, 48.406587, 0], [37.8178793, 48.4069674, 0], [37.8164017, 48.4094341, 0], [37.8172079, 48.4097701, 0], [37.8187007, 48.4072003, 0], [37.8187497, 48.4067495, 0], [37.82225, 48.4038636, 0], [37.8242414, 48.4048341, 0], [37.8246148, 48.4046356, 0], [37.8266543, 48.4041658, 0], [37.8295769, 48.4058984, 0], [37.8316811, 48.4068302, 0], [37.8344928, 48.4055297, 0], [37.8361734, 48.4054272, 0], [37.8418797, 48.4040556, 0], [37.844484, 48.4025184, 0], [37.8460155, 48.402363, 0], [37.8482884, 48.4044427, 0], [37.8465559, 48.4057337, 0], [37.846776, 48.4078936, 0], [37.8492707, 48.4089994, 0], [37.8442637, 48.4188895, 0], [37.81858, 48.4275539, 0], [37.8081675, 48.4296911, 0], [37.8094275, 48.4323976, 0], [37.8181277, 48.4301794, 0], [37.8465802, 48.4210215, 0], [37.8495023, 48.423426, 0], [37.8548686, 48.4343529, 0], [37.8405579, 48.4454666, 0], [37.8343647, 48.4531365, 0], [37.8309186, 48.4725281, 0], [37.8294974, 48.4831695, 0], [37.832435, 48.4854746, 0], [37.83975, 48.4830006, 0], [37.8466908, 48.4867778, 0], [37.8584386, 48.4862306, 0], [37.8778113, 48.4760309, 0], [37.8951887, 48.4734428, 0], [37.9275752, 48.4666811, 0], [37.936066, 48.4777738, 0], [37.9290705, 48.4833806, 0], [37.9137847, 48.4940493, 0], [37.9136033, 48.4956164, 0], [37.9227977, 48.5013079, 0], [37.9228458, 48.5034582, 0], [37.8982404, 48.5298172, 0], [37.8891017, 48.529644, 0], [37.8794223, 48.5374031, 0], [37.865217, 48.5430908, 0], [37.8646376, 48.5471554, 0], [37.8570198, 48.5472424, 0], [37.8583943, 48.5545789, 0], [37.8532328, 48.5554899, 0], [37.8545943, 48.5684716, 0], [37.8412393, 48.5702673, 0], [37.8377024, 48.5715831, 0], [37.8377343, 48.5781429, 0], [37.8344, 48.5782949, 0], [37.8322813, 48.5807569, 0], [37.8246699, 48.5815722, 0], [37.8206556, 48.5847328, 0], [37.8211059, 48.5881595, 0], [37.8181444, 48.5905924, 0], [37.8175429, 48.5930167, 0], [37.8086354, 48.5921262, 0], [37.8085588, 48.5936042, 0], [37.813675, 48.5953943, 0], [37.8133931, 48.5976688, 0], [37.804326, 48.5989899, 0], [37.782024, 48.5991278, 0], [37.7669009, 48.6020001, 0], [37.7650796, 48.6106609, 0], [37.7790339, 48.6118652, 0], [37.7790199, 48.6191892, 0], [37.7806868, 48.6193045, 0], [37.7832975, 48.6116463, 0], [37.8077354, 48.61321, 0], [37.8100939, 48.6221593, 0], [37.8163838, 48.6237097, 0], [37.822763, 48.6290342, 0], [37.8214884, 48.6345335, 0], [37.8178526, 48.635957, 0], [37.8146562, 48.6453996, 0], [37.8382954, 48.6603318, 0], [37.8558834, 48.6723416, 0], [37.8617757, 48.6694117, 0], [37.8651032, 48.6716469, 0], [37.8832782, 48.6752424, 0], [37.8871049, 48.6785062, 0], [37.9012812, 48.6790533, 0], [37.911087, 48.6834025, 0], [37.9107748, 48.6846255, 0], [37.915522, 48.688725, 0], [37.910438, 48.690366, 0], [37.9106124, 48.6916101, 0], [37.911874, 48.6930122, 0], [37.9123888, 48.6956746, 0], [37.9190656, 48.6975365, 0], [37.9295206, 48.7026555, 0], [37.934579, 48.703062, 0], [37.93865, 48.702072, 0], [37.962794, 48.7011, 0], [37.979729, 48.707306, 0], [37.988396, 48.716876, 0], [37.99097, 48.725148, 0], [37.998693, 48.738288, 0], [38.013382, 48.739464, 0], [38.022599, 48.740876, 0], [38.026323, 48.741013, 0], [38.027763, 48.745535, 0], [38.027522, 48.74731, 0], [38.028426, 48.749363, 0], [38.029467, 48.750722, 0], [38.034627, 48.750284, 0], [38.042234, 48.747044, 0], [38.048427, 48.747183, 0], [38.0513581, 48.7485092, 0], [38.053961, 48.747843, 0], [38.0582375, 48.7482236, 0], [38.060568, 48.7490694, 0], [38.0688668, 48.7560662, 0], [38.0741493, 48.7611201, 0], [38.0699675, 48.765454, 0], [38.0695618, 48.7693353, 0], [38.0706388, 48.7717801, 0], [38.0822474, 48.7711945, 0], [38.0924818, 48.7678926, 0], [38.1088325, 48.7653364, 0], [38.1144114, 48.7657626, 0]]]}}, {"type": "Feature", "properties": {"name": "\u041e\u043a\u0443\u043f\u043e\u0432\u0430\u043d\u043e /// Occupied /// geoJSON.status.occupied\n", "date": "2025-08-31"}, "geometry": {"type": "Polygon", "coordinates": [[[31.5185179, 46.3123958, 0], [31.5147417, 46.3212872, 0], [31.5137113, 46.3301786, 0], [31.5114791, 46.349257, 0], [31.516114, 46.3607517, 0], [31.5215226, 46.3669706, 0], [31.5276814, 46.3694727, 0], [31.5326921, 46.369628, 0], [31.5351277, 46.3679473, 0], [31.5345483, 46.3615353, 0], [31.5360288, 46.3563672, 0], [31.5357704, 46.347421, 0], [31.5363707, 46.3372901, 0], [31.5328516, 46.3193318, 0], [31.5358566, 46.3056349, 0], [31.5418638, 46.2900999, 0], [31.5523352, 46.2782367, 0], [31.5636705, 46.268092, 0], [31.5768906, 46.2605568, 0], [31.5927674, 46.2530201, 0], [31.6098417, 46.2466681, 0], [31.6277803, 46.2451878, 0], [31.6458899, 46.2447732, 0], [31.6713823, 46.2499326, 0], [31.6808237, 46.2488642, 0], [31.6797495, 46.2444429, 0], [31.6742346, 46.2450221, 0], [31.6632269, 46.2418017, 0], [31.6559317, 46.239308, 0], [31.6517271, 46.2357454, 0], [31.6556264, 46.2325719, 0], [31.664569, 46.2302172, 0], [31.6771159, 46.2291677, 0], [31.6977437, 46.2237408, 0], [31.7110167, 46.2220285, 0], [31.7682214, 46.2123192, 0], [31.849782, 46.1997302, 0], [31.9145042, 46.1883018, 0], [31.9748887, 46.1806034, 0], [32.0071353, 46.1768614, 0], [32.0328561, 46.1754894, 0], [32.0403514, 46.1735991, 0], [32.0409807, 46.1724429, 0], [32.046073, 46.1728915, 0], [32.0502496, 46.1725997, 0], [32.0538818, 46.1705301, 0], [32.0590588, 46.1702435, 0], [32.0677548, 46.1681586, 0], [32.0778235, 46.1669051, 0], [32.0828546, 46.1673698, 0], [32.0827105, 46.1663447, 0], [32.0798197, 46.165498, 0], [32.0222124, 46.1740427, 0], [31.9865362, 46.1783043, 0], [31.9661349, 46.1800629, 0], [31.9043024, 46.1882149, 0], [31.8603083, 46.195154, 0], [31.7010797, 46.221792, 0], [31.6737534, 46.2273536, 0], [31.6373218, 46.2342125, 0], [31.5909589, 46.2512384, 0], [31.5621271, 46.2669054, 0], [31.5404905, 46.2827451, 0], [31.5233274, 46.3018998, 0], [31.5185179, 46.3123958, 0]]]}}, {"type": "Feature", "properties": {"name": "\u041e\u043a\u0443\u043f\u043e\u0432\u0430\u043d\u043e /// Occupied /// geoJSON.status.occupied\n", "date": "2025-08-31"}, "geometry": {"type": "Polygon", "coordinates": [[[36.400835, 50.30717, 0], [36.409299, 50.312446, 0], [36.425543, 50.32827, 0], [36.433698, 50.330681, 0], [36.440317, 50.31098, 0], [36.472289, 50.313161, 0], [36.487653, 50.311665, 0], [36.489951, 50.309924, 0], [36.489689, 50.307838, 0], [36.492712, 50.30452, 0], [36.500702, 50.299248, 0], [36.511151, 50.295369, 0], [36.512759, 50.295767, 0], [36.515658, 50.295914, 0], [36.516363, 50.2951651, 0], [36.5266074, 50.2934738, 0], [36.5260913, 50.2924902, 0], [36.5252859, 50.2920598, 0], [36.5251358, 50.2907313, 0], [36.5228153, 50.2891452, 0], [36.523917, 50.2864244, 0], [36.556128, 50.281366, 0], [36.560789, 50.284236, 0], [36.571219, 50.285748, 0], [36.582933, 50.286282, 0], [36.5856143, 50.2858851, 0], [36.5885739, 50.2832694, 0], [36.588033, 50.281698, 0], [36.589552, 50.279346, 0], [36.5926628, 50.278079, 0], [36.5926044, 50.2757183, 0], [36.5739434, 50.2750449, 0], [36.580365, 50.262584, 0], [36.575109, 50.260672, 0], [36.577894, 50.258635, 0], [36.574008, 50.255268, 0], [36.56865, 50.257768, 0], [36.559931, 50.250796, 0], [36.5691994, 50.2445395, 0], [36.5328009, 50.2424247, 0], [36.5053965, 50.2386766, 0], [36.485493, 50.2422065, 0], [36.4810324, 50.2416389, 0], [36.4663563, 50.2514038, 0], [36.4482473, 50.2535934, 0], [36.4439846, 50.2483374, 0], [36.4232993, 50.2539903, 0], [36.4183642, 50.2568714, 0], [36.415918, 50.2597248, 0], [36.4053581, 50.2611313, 0], [36.3893847, 50.27628, 0], [36.3780466, 50.2937659, 0], [36.373927, 50.30029, 0], [36.400835, 50.30717, 0]]]}}, {"type": "Feature", "properties": {"name": "\u041e\u043a\u0443\u043f\u043e\u0432\u0430\u043d\u043e /// Occupied /// geoJSON.status.occupied\n", "date": "2025-08-31"}, "geometry": {"type": "Polygon", "coordinates": [[[36.7607026, 50.2899484, 0], [36.7642754, 50.2919664, 0], [36.7683642, 50.3018802, 0], [36.8003327, 50.3060231, 0], [36.8039383, 50.3098318, 0], [36.8208034, 50.3135665, 0], [36.8284851, 50.3128301, 0], [36.8333579, 50.3131381, 0], [36.8519428, 50.3275937, 0], [36.8626278, 50.3317863, 0], [36.872241, 50.335704, 0], [36.882156, 50.336552, 0], [36.915294, 50.346287, 0], [36.937645, 50.350224, 0], [36.957421, 50.34918, 0], [37.0329949, 50.348824, 0], [37.0313153, 50.3390896, 0], [37.0387063, 50.3310695, 0], [37.0405896, 50.3272298, 0], [37.0538011, 50.3225676, 0], [37.0530254, 50.3192776, 0], [37.0436669, 50.3175219, 0], [37.0385972, 50.3202032, 0], [37.0224391, 50.3191999, 0], [37.0167508, 50.3141956, 0], [37.0124104, 50.3098545, 0], [37.0097012, 50.3093503, 0], [37.0021369, 50.3128909, 0], [36.9915809, 50.3080833, 0], [36.9871195, 50.3080991, 0], [36.9786677, 50.3096491, 0], [36.9739926, 50.306923, 0], [36.9576398, 50.3045128, 0], [36.9539485, 50.3011995, 0], [36.9488415, 50.3037899, 0], [36.9453224, 50.3024947, 0], [36.946095, 50.2999385, 0], [36.9344647, 50.2978139, 0], [36.9365893, 50.2926732, 0], [36.9352803, 50.2923167, 0], [36.9354734, 50.2914667, 0], [36.9279417, 50.2901511, 0], [36.9232854, 50.2915083, 0], [36.912578, 50.2885608, 0], [36.9077714, 50.2913027, 0], [36.8982872, 50.2899318, 0], [36.892107, 50.2910848, 0], [36.8627533, 50.2795114, 0], [36.8542986, 50.2663323, 0], [36.8442995, 50.2642334, 0], [36.8377765, 50.2613528, 0], [36.8376054, 50.2588282, 0], [36.8331418, 50.2564689, 0], [36.8295583, 50.2541643, 0], [36.8234212, 50.2499793, 0], [36.8218329, 50.2495541, 0], [36.8085084, 50.2480724, 0], [36.7892518, 50.2458, 0], [36.7722271, 50.2552691, 0], [36.7554563, 50.2602926, 0], [36.7397726, 50.2656587, 0], [36.7271229, 50.2677935, 0], [36.720128, 50.277444, 0], [36.728862, 50.27733, 0], [36.739936, 50.282955, 0], [36.7423255, 50.2816186, 0], [36.7448866, 50.2818179, 0], [36.744987, 50.2806835, 0], [36.748778, 50.2802072, 0], [36.749837, 50.2809, 0], [36.750696, 50.283002, 0], [36.750267, 50.286309, 0], [36.7480321, 50.287217, 0], [36.7479429, 50.2882348, 0], [36.7546605, 50.2905174, 0], [36.7607026, 50.2899484, 0]]]}}, {"type": "Feature", "properties": {"name": "\u041e\u043a\u0443\u043f\u043e\u0432\u0430\u043d\u043e /// Occupied /// geoJSON.status.occupied\n", "date": "2025-08-31"}, "geometry": {"type": "Polygon", "coordinates": [[[36.594232, 50.232573, 0], [36.5988467, 50.2298147, 0], [36.5952204, 50.2298559, 0], [36.5905641, 50.227536, 0], [36.5873883, 50.2277145, 0], [36.5846418, 50.2300206, 0], [36.586776, 50.2351401, 0], [36.594232, 50.232573, 0]]]}}, {"type": "Feature", "properties": {"name": "\u041e\u043a\u0443\u043f\u043e\u0432\u0430\u043d\u043e /// Occupied /// geoJSON.status.occupied", "date": "2025-08-31"}, "geometry": {"type": "Polygon", "coordinates": [[[37.856208, 48.192846, 0], [37.828593, 48.17515, 0], [37.824622, 48.157818, 0], [37.819855, 48.143897, 0], [37.8168038, 48.1322916, 0], [37.808937, 48.1220791, 0], [37.8038315, 48.1172891, 0], [37.8002, 48.114966, 0], [37.792021, 48.104528, 0], [37.789283, 48.100177, 0], [37.773053, 48.092032, 0], [37.756436, 48.08667, 0], [37.7430873, 48.0868254, 0], [37.7266508, 48.0795824, 0], [37.7257935, 48.0733245, 0], [37.699702, 48.072204, 0], [37.693049, 48.069307, 0], [37.687749, 48.061894, 0], [37.694294, 48.056545, 0], [37.691199, 48.053406, 0], [37.68785, 48.054754, 0], [37.64781, 48.028944, 0], [37.622662, 48.019444, 0], [37.616482, 48.018095, 0], [37.588566, 48.016021, 0], [37.575455, 48.013961, 0], [37.573394, 48.006899, 0], [37.556143, 48.009855, 0], [37.549621, 47.997364, 0], [37.558546, 47.986451, 0], [37.5499411, 47.9796642, 0], [37.5447913, 47.9774234, 0], [37.5412006, 47.9745867, 0], [37.525158, 47.957202, 0], [37.521854, 47.94582, 0], [37.2470086, 48.0267223, 0], [37.1353805, 48.0255243, 0], [37.094593, 48.0119654, 0], [37.0710428, 48.0064846, 0], [37.0118523, 48.0058829, 0], [36.9291742, 48.0180075, 0], [36.8762198, 48.0391362, 0], [36.8910654, 48.044984, 0], [36.9088663, 48.0735067, 0], [36.9146668, 48.0799241, 0], [36.9120754, 48.1006447, 0], [36.9141217, 48.1022861, 0], [36.9049702, 48.1038362, 0], [36.9030589, 48.1135328, 0], [36.9159115, 48.1138306, 0], [36.9122179, 48.1296877, 0], [36.9045316, 48.1348009, 0], [36.9066298, 48.1393987, 0], [36.9061032, 48.1433825, 0], [36.9070082, 48.1646546, 0], [36.9159826, 48.1666889, 0], [36.9358505, 48.1860098, 0], [36.9417146, 48.188125, 0], [36.9520571, 48.1949715, 0], [36.9510694, 48.2024819, 0], [36.9606894, 48.2189969, 0], [36.96024, 48.2276552, 0], [36.9670075, 48.2374026, 0], [36.9701347, 48.2372448, 0], [36.9840751, 48.237716, 0], [37.0075369, 48.2405024, 0], [37.0107082, 48.241622, 0], [37.017581, 48.2428441, 0], [37.0180767, 48.2417511, 0], [37.0290074, 48.2429071, 0], [37.0383503, 48.2443775, 0], [37.0404857, 48.2466411, 0], [37.0463325, 48.2497625, 0], [37.0460856, 48.2520836, 0], [37.0527961, 48.2554302, 0], [37.0589928, 48.2567754, 0], [37.05763, 48.2637587, 0], [37.0726105, 48.2649967, 0], [37.0784632, 48.26085, 0], [37.0790073, 48.2587337, 0], [37.0693383, 48.2524457, 0], [37.0743816, 48.2487863, 0], [37.0828572, 48.2475839, 0], [37.0886819, 48.2535761, 0], [37.1006879, 48.2566525, 0], [37.1140974, 48.2475234, 0], [37.1226824, 48.2445154, 0], [37.1222535, 48.2416855, 0], [37.1289242, 48.2378049, 0], [37.1382111, 48.2385365, 0], [37.1454304, 48.2368517, 0], [37.1521099, 48.2372627, 0], [37.1612043, 48.2369697, 0], [37.1692913, 48.2354082, 0], [37.1739472, 48.2329883, 0], [37.1755855, 48.2263933, 0], [37.173104, 48.2225429, 0], [37.1820382, 48.218837, 0], [37.1863602, 48.2177387, 0], [37.1960313, 48.216773, 0], [37.2075265, 48.2163793, 0], [37.211254, 48.2139266, 0], [37.2169373, 48.2148984, 0], [37.2165973, 48.2167605, 0], [37.2173097, 48.2173197, 0], [37.219801, 48.2174493, 0], [37.2197914, 48.2166919, 0], [37.2174262, 48.2164062, 0], [37.2177861, 48.2149981, 0], [37.2221076, 48.2103866, 0], [37.2316071, 48.2109691, 0], [37.2363859, 48.213725, 0], [37.2508465, 48.2115223, 0], [37.2594774, 48.2159288, 0], [37.2613074, 48.22073, 0], [37.2676873, 48.2198713, 0], [37.277615, 48.2163538, 0], [37.2865987, 48.2168395, 0], [37.2857036, 48.2206925, 0], [37.3026646, 48.2239285, 0], [37.3063171, 48.2300567, 0], [37.3049113, 48.2313626, 0], [37.3061234, 48.2322111, 0], [37.3082838, 48.230975, 0], [37.3091993, 48.2316827, 0], [37.3082945, 48.2349453, 0], [37.3133549, 48.2363496, 0], [37.3120319, 48.2453175, 0], [37.3163862, 48.2467503, 0], [37.3153442, 48.2502959, 0], [37.3173921, 48.2524698, 0], [37.3172581, 48.253964, 0], [37.3229129, 48.2543519, 0], [37.3251098, 48.2527453, 0], [37.3299331, 48.2532472, 0], [37.3315209, 48.2575905, 0], [37.3360486, 48.2573047, 0], [37.3404044, 48.2538758, 0], [37.3470471, 48.2584789, 0], [37.3531066, 48.258296, 0], [37.3661341, 48.262948, 0], [37.3686085, 48.2735168, 0], [37.3721624, 48.2771732, 0], [37.3736571, 48.2828278, 0], [37.3721971, 48.2879358, 0], [37.3727856, 48.2903624, 0], [37.3869309, 48.2955683, 0], [37.3868282, 48.3049991, 0], [37.352501, 48.321364, 0], [37.3412668, 48.3392463, 0], [37.3297857, 48.3496157, 0], [37.3128478, 48.3494441, 0], [37.2939064, 48.348702, 0], [37.2767673, 48.3527488, 0], [37.2670536, 48.3492831, 0], [37.257866, 48.3486449, 0], [37.2522758, 48.3535179, 0], [37.252675, 48.3602171, 0], [37.2629148, 48.3626092, 0], [37.263472, 48.3669421, 0], [37.262728, 48.3717409, 0], [37.2174261, 48.375938, 0], [37.2177815, 48.3821831, 0], [37.2261355, 48.398095, 0], [37.2501969, 48.40235, 0], [37.2501988, 48.4075505, 0], [37.2687411, 48.4102434, 0], [37.2678228, 48.4254129, 0], [37.2623824, 48.4337418, 0], [37.2541963, 48.4506136, 0], [37.2498366, 48.4682941, 0], [37.256246, 48.4717206, 0], [37.2661639, 48.4708895, 0], [37.2708178, 48.4677928, 0], [37.2820709, 48.4700868, 0], [37.2834064, 48.4820441, 0], [37.3021854, 48.4830151, 0], [37.2964152, 48.4723793, 0], [37.2861349, 48.4631934, 0], [37.2801638, 48.4445901, 0], [37.3006035, 48.4192517, 0], [37.3146037, 48.4222152, 0], [37.324336, 48.4219103, 0], [37.3313204, 48.4095298, 0], [37.3792542, 48.4097796, 0], [37.3835114, 48.4265181, 0], [37.4021885, 48.4339145, 0], [37.4311406, 48.4397466, 0], [37.4295188, 48.4539639, 0], [37.4568997, 48.4556324, 0], [37.4652946, 48.4352982, 0], [37.4753608, 48.4258344, 0], [37.4811666, 48.42563, 0], [37.4835388, 48.4195018, 0], [37.5047018, 48.4198219, 0], [37.4956166, 48.4302029, 0], [37.516756, 48.4352837, 0], [37.577564, 48.4426388, 0], [37.5914696, 48.4314717, 0], [37.5983371, 48.4320912, 0], [37.6000108, 48.4298384, 0], [37.6132304, 48.432405, 0], [37.6208422, 48.4237167, 0], [37.6508259, 48.4239292, 0], [37.6607962, 48.4272829, 0], [37.6651264, 48.4254396, 0], [37.6688714, 48.4192945, 0], [37.6753752, 48.4192499, 0], [37.6754969, 48.4038309, 0], [37.6885762, 48.3866979, 0], [37.7018975, 48.3819629, 0], [37.7140196, 48.3834134, 0], [37.7269178, 48.3959337, 0], [37.7602778, 48.3966282, 0], [37.760249, 48.3919076, 0], [37.7701446, 48.3825787, 0], [37.7821713, 48.386372, 0], [37.8006131, 48.3866541, 0], [37.8048188, 48.3820939, 0], [37.851891, 48.364657, 0], [37.8705267, 48.3543096, 0], [37.9054956, 48.3404377, 0], [37.9006815, 48.3232554, 0], [37.9011467, 48.2908822, 0], [37.8943398, 48.286666, 0], [37.895347, 48.268546, 0], [37.89157, 48.255061, 0], [37.892943, 48.233569, 0], [37.896571, 48.215429, 0], [37.88333, 48.199712, 0], [37.856208, 48.192846, 0]]]}}, {"type": "Feature", "properties": {"name": "\u041e\u043a\u0443\u043f\u043e\u0432\u0430\u043d\u043e /// Occupied /// geoJSON.status.occupied\n", "date": "2025-08-31"}, "geometry": {"type": "Polygon", "coordinates": [[[35.162895, 51.1095767, 0], [35.1637533, 51.1073673, 0], [35.1666715, 51.1057505, 0], [35.1640966, 51.1050499, 0], [35.1643541, 51.1007383, 0], [35.1564577, 51.1037565, 0], [35.1546552, 51.103002, 0], [35.1505353, 51.1063972, 0], [35.1544836, 51.1102233, 0], [35.162895, 51.1095767, 0]]]}}, {"type": "Feature", "properties": {"name": "\u041e\u043a\u0443\u043f\u043e\u0432\u0430\u043d\u043e /// Occupied /// geoJSON.status.occupied\n", "date": "2025-08-31"}, "geometry": {"type": "Polygon", "coordinates": [[[37.5786875, 49.7666034, 0], [37.5760267, 49.7672132, 0], [37.575855, 49.7697078, 0], [37.5791166, 49.7705394, 0], [37.5818632, 49.7697078, 0], [37.5786875, 49.7666034, 0]]]}}, {"type": "Feature", "properties": {"name": "\u041e\u043a\u0443\u043f\u043e\u0432\u0430\u043d\u043e /// Occupied /// geoJSON.status.occupied\n", "date": "2025-08-31"}, "geometry": {"type": "Polygon", "coordinates": [[[37.6391317, 50.1787259, 0], [37.6434232, 50.1743285, 0], [37.6470281, 50.1745484, 0], [37.6573278, 50.1643228, 0], [37.6688291, 50.1526652, 0], [37.6847936, 50.1459552, 0], [37.6944067, 50.1403446, 0], [37.7007581, 50.1341831, 0], [37.7088262, 50.133963, 0], [37.7076246, 50.1276907, 0], [37.7132894, 50.1215276, 0], [37.6880552, 50.1175652, 0], [37.6770689, 50.1136024, 0], [37.6655675, 50.1131621, 0], [37.6635076, 50.1155838, 0], [37.6568128, 50.1165745, 0], [37.6454831, 50.1167396, 0], [37.6376726, 50.1203169, 0], [37.6373294, 50.1233991, 0], [37.6307203, 50.1246092, 0], [37.6262571, 50.1259299, 0], [37.6262571, 50.1304418, 0], [37.6310636, 50.1324225, 0], [37.6269437, 50.1373739, 0], [37.6178457, 50.1378141, 0], [37.5952722, 50.1395744, 0], [37.5899506, 50.1465601, 0], [37.5978471, 50.1481553, 0], [37.6048852, 50.1592642, 0], [37.6156141, 50.1653125, 0], [37.6276304, 50.1674017, 0], [37.6262571, 50.1764173, 0], [37.6391317, 50.1787259, 0]]]}}]}