{"type": "FeatureCollection", "features": [{"type": "Feature", "properties": {"name": "\u041e\u043a\u0443\u043f\u043e\u0432\u0430\u043d\u043e /// Occupied /// geoJSON.status.occupied", "date": "2025-10-31"}, "geometry": {"type": "Polygon", "coordinates": [[[35.887754, 50.437506, 0], [35.889213, 50.438969, 0], [35.89196, 50.438149, 0], [35.894192, 50.437821, 0], [35.895908, 50.438696, 0], [35.9002, 50.439024, 0], [35.901144, 50.438149, 0], [35.903633, 50.438094, 0], [35.904749, 50.438969, 0], [35.907409, 50.437876, 0], [35.909212, 50.435634, 0], [35.911701, 50.434705, 0], [35.919254, 50.435798, 0], [35.920799, 50.437384, 0], [35.923889, 50.435853, 0], [35.927666, 50.434869, 0], [35.92818, 50.433721, 0], [35.932214, 50.431971, 0], [35.9323, 50.430932, 0], [35.935219, 50.430112, 0], [35.937622, 50.431807, 0], [35.937536, 50.433393, 0], [35.939338, 50.433775, 0], [35.94363, 50.433393, 0], [35.941312, 50.431151, 0], [35.935219, 50.428745, 0], [35.92758, 50.430276, 0], [35.924747, 50.431643, 0], [35.912946, 50.431588, 0], [35.903332, 50.433939, 0], [35.904019, 50.435005, 0], [35.897539, 50.43629, 0], [35.894492, 50.435634, 0], [35.890093, 50.436741, 0], [35.887754, 50.437506, 0]]]}}, {"type": "Feature", "properties": {"name": "\u041e\u043a\u0443\u043f\u043e\u0432\u0430\u043d\u043e /// Occupied /// geoJSON.status.occupied", "date": "2025-10-31"}, "geometry": {"type": "Polygon", "coordinates": [[[34.930134, 51.205724, 0], [34.936375, 51.208321, 0], [34.939356, 51.211779, 0], [34.940082, 51.217942, 0], [34.944909, 51.219115, 0], [34.95231, 51.219106, 0], [34.952708, 51.222729, 0], [34.950159, 51.22497, 0], [34.950014, 51.227427, 0], [34.958137, 51.228686, 0], [34.976152, 51.233775, 0], [34.979521, 51.235886, 0], [34.982783, 51.233952, 0], [34.982268, 51.232017, 0], [34.993769, 51.2289, 0], [34.999949, 51.229222, 0], [35.004584, 51.231802, 0], [35.009133, 51.231829, 0], [35.012308, 51.230566, 0], [35.012824, 51.228685, 0], [35.021664, 51.223363, 0], [35.023467, 51.220514, 0], [35.028359, 51.219493, 0], [35.031706, 51.219762, 0], [35.037886, 51.218041, 0], [35.039259, 51.204061, 0], [35.051875, 51.209385, 0], [35.062949, 51.215891, 0], [35.063335, 51.218498, 0], [35.061318, 51.222933, 0], [35.069043, 51.230243, 0], [35.074708, 51.231963, 0], [35.084905, 51.230338, 0], [35.105143, 51.232776, 0], [35.11761, 51.229647, 0], [35.119738, 51.231485, 0], [35.149981, 51.223417, 0], [35.149123, 51.221052, 0], [35.137106, 51.215891, 0], [35.13642, 51.210084, 0], [35.142943, 51.207073, 0], [35.143973, 51.20234, 0], [35.13024, 51.19395, 0], [35.13078, 51.173706, 0], [35.134408, 51.170895, 0], [35.123213, 51.165356, 0], [35.126524, 51.159224, 0], [35.130579, 51.156549, 0], [35.137498, 51.153758, 0], [35.140812, 51.151182, 0], [35.135315, 51.1484, 0], [35.136644, 51.144128, 0], [35.144003, 51.140592, 0], [35.143906, 51.13667, 0], [35.142092, 51.13361, 0], [35.115952, 51.12453, 0], [35.097239, 51.127832, 0], [35.05505, 51.112478, 0], [35.047623, 51.112815, 0], [35.047672, 51.115792, 0], [35.042838, 51.116499, 0], [35.04148, 51.112248, 0], [35.03986, 51.1103768, 0], [35.037414, 51.110403, 0], [35.033296, 51.113528, 0], [35.030561, 51.112242, 0], [35.030193, 51.108784, 0], [35.028294, 51.106061, 0], [35.0193974, 51.1068814, 0], [35.0128209, 51.1103415, 0], [35.0133197, 51.1123649, 0], [35.0242903, 51.1139569, 0], [35.0226369, 51.1164712, 0], [35.0193639, 51.1167316, 0], [35.0181509, 51.1149444, 0], [35.0150745, 51.116387, 0], [35.008659, 51.113488, 0], [34.998618, 51.117247, 0], [34.996903, 51.11571, 0], [34.993038, 51.118184, 0], [34.970325, 51.12082, 0], [34.977051, 51.124049, 0], [34.967132, 51.126702, 0], [34.957444, 51.139628, 0], [34.9330042, 51.1495359, 0], [34.9133894, 51.1551877, 0], [34.9080688, 51.1638005, 0], [34.8950226, 51.1575563, 0], [34.9043824, 51.1505388, 0], [34.8926389, 51.1431973, 0], [34.8847507, 51.1485436, 0], [34.8802952, 51.1465667, 0], [34.884882, 51.138744, 0], [34.878312, 51.129412, 0], [34.867746, 51.122594, 0], [34.853052, 51.123989, 0], [34.837156, 51.135457, 0], [34.835122, 51.144161, 0], [34.841071, 51.147696, 0], [34.833743, 51.152828, 0], [34.8243568, 51.1643937, 0], [34.8162799, 51.1680223, 0], [34.803124, 51.1677048, 0], [34.7895939, 51.1628096, 0], [34.7830124, 51.1583459, 0], [34.766849, 51.155389, 0], [34.7611587, 51.16691, 0], [34.7519197, 51.1678886, 0], [34.753156, 51.180891, 0], [34.762156, 51.17649, 0], [34.772528, 51.17467, 0], [34.779197, 51.177273, 0], [34.780716, 51.180951, 0], [34.784296, 51.184414, 0], [34.789684, 51.182124, 0], [34.790317, 51.180117, 0], [34.800175, 51.17558, 0], [34.808658, 51.176424, 0], [34.808729, 51.172854, 0], [34.8134, 51.171608, 0], [34.815924, 51.169392, 0], [34.834829, 51.169323, 0], [34.834786, 51.178283, 0], [34.833155, 51.18256, 0], [34.846674, 51.189191, 0], [34.845772, 51.191302, 0], [34.862166, 51.198994, 0], [34.870406, 51.193239, 0], [34.876427, 51.191209, 0], [34.883356, 51.195747, 0], [34.89829, 51.193273, 0], [34.905629, 51.201085, 0], [34.904041, 51.203411, 0], [34.911851, 51.206464, 0], [34.924254, 51.205234, 0], [34.930134, 51.205724, 0]]]}}, {"type": "Feature", "properties": {"name": "\u041e\u0441\u0442\u0440\u0456\u0432 \u0422\u0443\u0437\u043b\u0430 /// Occupied Tuzla Island\u00a0/// geoJSON.territories.tuzla", "date": "2025-10-31"}, "geometry": {"type": "Polygon", "coordinates": [[[36.519242, 45.293988, 0], [36.531774, 45.286199, 0], [36.547052, 45.279677, 0], [36.557012, 45.267052, 0], [36.578294, 45.249048, 0], [36.571599, 45.250076, 0], [36.549112, 45.261314, 0], [36.54585, 45.26808, 0], [36.537782, 45.273999, 0], [36.533319, 45.279798, 0], [36.518298, 45.288856, 0], [36.50714, 45.295558, 0], [36.519242, 45.293988, 0]]]}}, {"type": "Feature", "properties": {"name": "\u041e\u0420\u0414\u041b\u041e /// CADR and CALR\u00a0/// geoJSON.territories.ordlo", "date": "2025-10-31"}, "geometry": {"type": "Polygon", "coordinates": [[[39.082891, 47.851604, 0], [39.082778, 47.869927, 0], [38.839399, 47.864254, 0], [38.835102, 47.816059, 0], [38.788677, 47.815974, 0], [38.798157, 47.77844, 0], [38.788943, 47.737015, 0], [38.770869, 47.720629, 0], [38.773164, 47.685764, 0], [38.754069, 47.684888, 0], [38.730305, 47.680361, 0], [38.729124, 47.698807, 0], [38.670796, 47.698954, 0], [38.6592, 47.700057, 0], [38.665616, 47.697176, 0], [38.665887, 47.669418, 0], [38.629274, 47.669278, 0], [38.629589, 47.653336, 0], [38.620087, 47.64487, 0], [38.456275, 47.644253, 0], [38.456688, 47.617004, 0], [38.35012, 47.616689, 0], [38.350737, 47.576206, 0], [38.31097, 47.576028, 0], [38.31115, 47.553619, 0], [38.305114, 47.544851, 0], [38.284804, 47.544465, 0], [38.284908, 47.508376, 0], [38.295072, 47.508064, 0], [38.2941, 47.490745, 0], [38.289402, 47.476754, 0], [38.302022, 47.475121, 0], [38.302085, 47.39287, 0], [38.300409, 47.391514, 0], [38.286416, 47.391477, 0], [38.286492, 47.37356, 0], [38.258732, 47.373353, 0], [38.245559, 47.363193, 0], [38.247363, 47.361737, 0], [38.250461, 47.357713, 0], [38.246788, 47.351445, 0], [38.24024, 47.346223, 0], [38.230693, 47.343169, 0], [38.230493, 47.338902, 0], [38.222079, 47.332853, 0], [38.225794, 47.332115, 0], [38.227214, 47.32971, 0], [38.221472, 47.327345, 0], [38.220978, 47.30538, 0], [38.336304, 47.306408, 0], [38.334511, 47.301408, 0], [38.328204, 47.300397, 0], [38.327091, 47.299009, 0], [38.327547, 47.297527, 0], [38.333288, 47.296975, 0], [38.333739, 47.296253, 0], [38.333354, 47.292132, 0], [38.32969, 47.289612, 0], [38.328436, 47.284808, 0], [38.325766, 47.284601, 0], [38.323394, 47.281132, 0], [38.327186, 47.279544, 0], [38.326187, 47.277483, 0], [38.327633, 47.27668, 0], [38.33081, 47.275932, 0], [38.333735, 47.268938, 0], [38.333286, 47.268272, 0], [38.329143, 47.266503, 0], [38.330997, 47.264575, 0], [38.330785, 47.263449, 0], [38.324491, 47.256821, 0], [38.288043, 47.2565, 0], [38.288189, 47.23856, 0], [38.260502, 47.238316, 0], [38.253541, 47.233616, 0], [38.247703, 47.233423, 0], [38.246091, 47.23411, 0], [38.242767, 47.232683, 0], [38.241649, 47.232812, 0], [38.240751, 47.232146, 0], [38.239886, 47.232412, 0], [38.237809, 47.232043, 0], [38.237346, 47.231216, 0], [38.236248, 47.230817, 0], [38.235123, 47.231097, 0], [38.234334, 47.230986, 0], [38.232907, 47.22919, 0], [38.232862, 47.22841, 0], [38.233674, 47.228017, 0], [38.234011, 47.227113, 0], [38.233869, 47.225801, 0], [38.234648, 47.225407, 0], [38.236145, 47.225608, 0], [38.23641, 47.225413, 0], [38.236274, 47.2245, 0], [38.236442, 47.224262, 0], [38.238517, 47.22364, 0], [38.238714, 47.223216, 0], [38.238255, 47.222409, 0], [38.238759, 47.221739, 0], [38.23976, 47.221618, 0], [38.240047, 47.221361, 0], [38.240083, 47.220149, 0], [38.239897, 47.219924, 0], [38.239826, 47.218731, 0], [38.240507, 47.218336, 0], [38.241288, 47.218482, 0], [38.242505, 47.217811, 0], [38.24279, 47.217117, 0], [38.24228, 47.216212, 0], [38.242276, 47.215302, 0], [38.241893, 47.214844, 0], [38.241542, 47.212529, 0], [38.241847, 47.212166, 0], [38.241222, 47.211753, 0], [38.240825, 47.210855, 0], [38.241152, 47.210543, 0], [38.241055, 47.210114, 0], [38.239657, 47.208713, 0], [38.237378, 47.208391, 0], [38.234781, 47.202589, 0], [38.23559, 47.196129, 0], [38.236312, 47.139527, 0], [38.234068, 47.135546, 0], [38.231909, 47.129692, 0], [38.229247, 47.127085, 0], [38.228451, 47.122673, 0], [38.230118, 47.119406, 0], [38.211502, 47.107183, 0], [38.186556, 47.093712, 0], [38.163265, 47.065455, 0], [38.084988, 47.020418, 0], [38.080408, 47.026545, 0], [38.106046, 47.047179, 0], [38.131796, 47.053729, 0], [38.132826, 47.06402, 0], [38.122869, 47.080622, 0], [38.104662, 47.095627, 0], [38.08885, 47.105956, 0], [38.062671, 47.110804, 0], [38.054332, 47.108302, 0], [38.040785, 47.096257, 0], [38.040012, 47.091875, 0], [38.032545, 47.08907, 0], [37.993063, 47.099003, 0], [37.975882, 47.095683, 0], [37.979072, 47.09281, 0], [37.99023, 47.091466, 0], [37.983964, 47.083576, 0], [37.895473, 47.110921, 0], [37.87958, 47.106667, 0], [37.862171, 47.106248, 0], [37.83831, 47.099704, 0], [37.829283, 47.112742, 0], [37.818054, 47.119099, 0], [37.800544, 47.173272, 0], [37.811187, 47.201271, 0], [37.833503, 47.249301, 0], [37.833846, 47.285412, 0], [37.827666, 47.302643, 0], [37.834876, 47.30823, 0], [37.831786, 47.314981, 0], [37.824577, 47.321498, 0], [37.827323, 47.328479, 0], [37.829283, 47.342507, 0], [37.844489, 47.341974, 0], [37.856849, 47.343603, 0], [37.861212, 47.347858, 0], [37.859152, 47.354371, 0], [37.848609, 47.350116, 0], [37.837623, 47.352442, 0], [37.841743, 47.358489, 0], [37.851599, 47.365534, 0], [37.841643, 47.369022, 0], [37.83831, 47.378022, 0], [37.850326, 47.384298, 0], [37.856849, 47.392898, 0], [37.855819, 47.403124, 0], [37.863715, 47.426588, 0], [37.878478, 47.441684, 0], [37.892555, 47.469773, 0], [37.819427, 47.546303, 0], [37.815994, 47.585221, 0], [37.84586, 47.623762, 0], [37.852385, 47.641694, 0], [37.831275, 47.656729, 0], [37.803977, 47.660196, 0], [37.775529, 47.675427, 0], [37.764495, 47.684702, 0], [37.67268, 47.724717, 0], [37.637589, 47.751994, 0], [37.623169, 47.77311, 0], [37.634549, 47.802538, 0], [37.634262, 47.838423, 0], [37.644034, 47.886626, 0], [37.575907, 47.907733, 0], [37.5686, 47.907768, 0], [37.53503, 47.918015, 0], [37.542839, 47.932477, 0], [37.521854, 47.94582, 0], [37.525158, 47.957202, 0], [37.532003, 47.964588, 0], [37.541201, 47.974587, 0], [37.544791, 47.977423, 0], [37.549941, 47.979664, 0], [37.558546, 47.986451, 0], [37.549621, 47.997364, 0], [37.556143, 48.009855, 0], [37.573394, 48.006899, 0], [37.575455, 48.013961, 0], [37.588566, 48.016021, 0], [37.616482, 48.018095, 0], [37.622662, 48.019444, 0], [37.64781, 48.028944, 0], [37.68785, 48.054754, 0], [37.691199, 48.053406, 0], [37.694294, 48.056545, 0], [37.687749, 48.061894, 0], [37.693049, 48.069307, 0], [37.699702, 48.072204, 0], [37.725794, 48.073324, 0], [37.726651, 48.079582, 0], [37.743087, 48.086825, 0], [37.756436, 48.08667, 0], [37.773053, 48.092032, 0], [37.789283, 48.100177, 0], [37.792021, 48.104528, 0], [37.8002, 48.114966, 0], [37.804106, 48.117671, 0], [37.808937, 48.122079, 0], [37.816804, 48.132292, 0], [37.819855, 48.143897, 0], [37.824622, 48.157818, 0], [37.828593, 48.17515, 0], [37.856208, 48.192846, 0], [37.88333, 48.199712, 0], [37.896571, 48.215429, 0], [37.892943, 48.233569, 0], [37.89157, 48.255061, 0], [37.895347, 48.268546, 0], [37.89434, 48.286666, 0], [37.901147, 48.290882, 0], [37.900682, 48.323255, 0], [37.905496, 48.340438, 0], [37.918552, 48.346527, 0], [37.923617, 48.352797, 0], [37.929296, 48.35949, 0], [37.931785, 48.360573, 0], [37.934841, 48.360987, 0], [37.942023, 48.357463, 0], [37.944796, 48.35967, 0], [37.942264, 48.362251, 0], [37.950083, 48.373433, 0], [37.958486, 48.377104, 0], [37.970152, 48.380317, 0], [37.974959, 48.381115, 0], [37.978623, 48.391275, 0], [38.004802, 48.393954, 0], [38.042123, 48.409086, 0], [38.068504, 48.408673, 0], [38.113706, 48.408013, 0], [38.117477, 48.420805, 0], [38.135244, 48.419039, 0], [38.148548, 48.414482, 0], [38.163094, 48.402117, 0], [38.18906, 48.416533, 0], [38.238521, 48.386717, 0], [38.273689, 48.359192, 0], [38.290706, 48.361631, 0], [38.321754, 48.371053, 0], [38.343578, 48.384437, 0], [38.354228, 48.390346, 0], [38.367914, 48.402171, 0], [38.390964, 48.415874, 0], [38.389247, 48.432278, 0], [38.393024, 48.436606, 0], [38.405377, 48.473366, 0], [38.411563, 48.51058, 0], [38.414303, 48.520605, 0], [38.402637, 48.547867, 0], [38.402637, 48.59194, 0], [38.40607, 48.60193, 0], [38.438793, 48.611028, 0], [38.441253, 48.617271, 0], [38.436275, 48.629243, 0], [38.426326, 48.638696, 0], [38.431476, 48.650492, 0], [38.445202, 48.655048, 0], [38.464428, 48.656408, 0], [38.480228, 48.659111, 0], [38.496708, 48.663192, 0], [38.515247, 48.666367, 0], [38.516148, 48.670562, 0], [38.527284, 48.674642, 0], [38.539451, 48.673509, 0], [38.548978, 48.675294, 0], [38.559446, 48.686695, 0], [38.572231, 48.689056, 0], [38.577732, 48.696742, 0], [38.578419, 48.70943, 0], [38.583218, 48.71987, 0], [38.630167, 48.721172, 0], [38.678412, 48.723701, 0], [38.674549, 48.729363, 0], [38.691716, 48.729363, 0], [38.753514, 48.718492, 0], [38.767067, 48.71432, 0], [38.808438, 48.713414, 0], [38.830067, 48.717038, 0], [38.836076, 48.723267, 0], [38.847148, 48.742911, 0], [38.855387, 48.749646, 0], [38.859378, 48.74959, 0], [38.860601, 48.749788, 0], [38.860955, 48.750736, 0], [38.863879, 48.75138, 0], [38.871692, 48.751305, 0], [38.877618, 48.752589, 0], [38.879077, 48.752476, 0], [38.880236, 48.750608, 0], [38.88133, 48.750184, 0], [38.892037, 48.750438, 0], [38.898818, 48.750184, 0], [38.901092, 48.750905, 0], [38.90474, 48.750608, 0], [38.908775, 48.74925, 0], [38.911135, 48.748005, 0], [38.912572, 48.746873, 0], [38.914321, 48.744383, 0], [38.918028, 48.742911, 0], [38.919967, 48.743421, 0], [38.921306, 48.744609, 0], [38.922722, 48.745005, 0], [38.93065, 48.745274, 0], [38.933665, 48.746024, 0], [38.935055, 48.746854, 0], [38.936959, 48.747117, 0], [38.938279, 48.746682, 0], [38.938858, 48.745812, 0], [38.937957, 48.744071, 0], [38.934352, 48.742911, 0], [38.932464, 48.736798, 0], [38.934009, 48.735779, 0], [38.943707, 48.733854, 0], [38.946067, 48.734449, 0], [38.956946, 48.734067, 0], [38.961045, 48.736515, 0], [38.961217, 48.739911, 0], [38.95993, 48.742911, 0], [38.961131, 48.746137, 0], [38.964092, 48.746194, 0], [38.966946, 48.745204, 0], [38.969832, 48.743746, 0], [38.972563, 48.743584, 0], [38.974997, 48.744763, 0], [38.978812, 48.744892, 0], [38.981216, 48.743845, 0], [38.982332, 48.742189, 0], [38.982203, 48.740286, 0], [38.984456, 48.73758, 0], [38.989541, 48.734987, 0], [38.991437, 48.730608, 0], [38.998389, 48.724267, 0], [38.999333, 48.719624, 0], [38.998046, 48.717472, 0], [38.993918, 48.716189, 0], [38.988862, 48.715207, 0], [38.984742, 48.713621, 0], [38.984305, 48.711828, 0], [38.986923, 48.710158, 0], [38.991923, 48.710002, 0], [38.996922, 48.711602, 0], [38.998986, 48.711196, 0], [38.998218, 48.707674, 0], [38.999505, 48.703993, 0], [38.999848, 48.700198, 0], [39.001815, 48.698007, 0], [39.004826, 48.696345, 0], [39.015548, 48.694891, 0], [39.015727, 48.68864, 0], [39.014354, 48.683427, 0], [39.016367, 48.680943, 0], [39.019582, 48.679139, 0], [39.020276, 48.675606, 0], [39.020534, 48.672262, 0], [39.023881, 48.669882, 0], [39.026284, 48.667274, 0], [39.027486, 48.663249, 0], [39.025426, 48.661974, 0], [39.021649, 48.662399, 0], [39.018559, 48.6641, 0], [39.01298, 48.664043, 0], [39.009633, 48.662626, 0], [39.010316, 48.660084, 0], [39.012372, 48.658336, 0], [39.019153, 48.656975, 0], [39.028508, 48.653006, 0], [39.032206, 48.652874, 0], [39.033447, 48.651976, 0], [39.035546, 48.648243, 0], [39.038082, 48.647185, 0], [39.042678, 48.646466, 0], [39.054866, 48.647033, 0], [39.07435, 48.650436, 0], [39.075894, 48.651626, 0], [39.084907, 48.650662, 0], [39.098554, 48.650889, 0], [39.103618, 48.649869, 0], [39.111936, 48.653347, 0], [39.116828, 48.656748, 0], [39.123187, 48.660018, 0], [39.127307, 48.660471, 0], [39.139488, 48.65964, 0], [39.141984, 48.660868, 0], [39.142671, 48.663533, 0], [39.141641, 48.665063, 0], [39.141898, 48.66665, 0], [39.144512, 48.670911, 0], [39.148672, 48.675285, 0], [39.151941, 48.676286, 0], [39.157434, 48.675379, 0], [39.163349, 48.675739, 0], [39.174249, 48.680329, 0], [39.181638, 48.68575, 0], [39.185415, 48.693399, 0], [39.1909, 48.69982, 0], [39.195106, 48.703898, 0], [39.196508, 48.706513, 0], [39.197517, 48.706485, 0], [39.198354, 48.705777, 0], [39.199148, 48.702265, 0], [39.200371, 48.699999, 0], [39.203182, 48.698611, 0], [39.207173, 48.6983, 0], [39.219404, 48.705182, 0], [39.224897, 48.706768, 0], [39.226785, 48.708977, 0], [39.232364, 48.711412, 0], [39.23599, 48.711088, 0], [39.239588, 48.709125, 0], [39.243515, 48.709619, 0], [39.24978, 48.712564, 0], [39.2539, 48.720153, 0], [39.253307, 48.722059, 0], [39.253962, 48.724402, 0], [39.256139, 48.726872, 0], [39.259229, 48.733835, 0], [39.255282, 48.738774, 0], [39.255023, 48.740685, 0], [39.256311, 48.74227, 0], [39.258535, 48.742741, 0], [39.264468, 48.741252, 0], [39.268663, 48.741949, 0], [39.270809, 48.743987, 0], [39.271675, 48.74776, 0], [39.270302, 48.751212, 0], [39.270809, 48.752759, 0], [39.272383, 48.753887, 0], [39.274776, 48.753681, 0], [39.276658, 48.752333, 0], [39.278887, 48.749339, 0], [39.28206, 48.748608, 0], [39.286434, 48.748901, 0], [39.28952, 48.751514, 0], [39.289281, 48.753683, 0], [39.290643, 48.756248, 0], [39.291494, 48.759436, 0], [39.292617, 48.760605, 0], [39.299913, 48.763038, 0], [39.303089, 48.765414, 0], [39.308832, 48.771995, 0], [39.311844, 48.774069, 0], [39.31459, 48.774804, 0], [39.324546, 48.776049, 0], [39.326256, 48.775559, 0], [39.327972, 48.773692, 0], [39.327483, 48.772108, 0], [39.326084, 48.770015, 0], [39.326603, 48.768309, 0], [39.33167, 48.766602, 0], [39.336134, 48.76598, 0], [39.340336, 48.766301, 0], [39.347243, 48.768384, 0], [39.351063, 48.768547, 0], [39.352781, 48.767941, 0], [39.354502, 48.766828, 0], [39.353893, 48.76549, 0], [39.351326, 48.763094, 0], [39.349172, 48.762152, 0], [39.345528, 48.761661, 0], [39.343363, 48.759209, 0], [39.343138, 48.757361, 0], [39.346176, 48.751042, 0], [39.347027, 48.750212, 0], [39.347206, 48.745779, 0], [39.349266, 48.742496, 0], [39.358192, 48.737005, 0], [39.358871, 48.736175, 0], [39.358875, 48.733901, 0], [39.354072, 48.729646, 0], [39.353722, 48.726891, 0], [39.355224, 48.725249, 0], [39.361532, 48.722304, 0], [39.369128, 48.720068, 0], [39.372604, 48.71987, 0], [39.374183, 48.718652, 0], [39.373787, 48.717492, 0], [39.37208, 48.715934, 0], [39.370458, 48.715962, 0], [39.365266, 48.71684, 0], [39.360159, 48.715679, 0], [39.354131, 48.713244, 0], [39.348638, 48.713471, 0], [39.346855, 48.712224, 0], [39.348657, 48.708713, 0], [39.350503, 48.707637, 0], [39.355953, 48.697214, 0], [39.360311, 48.695798, 0], [39.36589, 48.692229, 0], [39.367316, 48.691974, 0], [39.377986, 48.686237, 0], [39.379557, 48.686279, 0], [39.381702, 48.685514, 0], [39.389599, 48.684749, 0], [39.390929, 48.683758, 0], [39.38917, 48.680386, 0], [39.390524, 48.678799, 0], [39.397991, 48.674605, 0], [39.402645, 48.674435, 0], [39.405821, 48.673812, 0], [39.411724, 48.670524, 0], [39.41387, 48.668427, 0], [39.413526, 48.66684, 0], [39.408205, 48.661454, 0], [39.408033, 48.65981, 0], [39.410694, 48.657656, 0], [39.414232, 48.656692, 0], [39.420746, 48.658223, 0], [39.432323, 48.656749, 0], [39.438948, 48.65494, 0], [39.446501, 48.656301, 0], [39.450176, 48.655672, 0], [39.452373, 48.65471, 0], [39.453385, 48.652812, 0], [39.451308, 48.651708, 0], [39.449798, 48.650401, 0], [39.449575, 48.644557, 0], [39.45164, 48.641033, 0], [39.454215, 48.639786, 0], [39.457562, 48.638651, 0], [39.465813, 48.638665, 0], [39.46868, 48.63769, 0], [39.465427, 48.633504, 0], [39.467219, 48.628555, 0], [39.475845, 48.629462, 0], [39.481982, 48.629065, 0], [39.494856, 48.633064, 0], [39.511638, 48.635704, 0], [39.516579, 48.633726, 0], [39.518343, 48.630272, 0], [39.517571, 48.626699, 0], [39.512924, 48.62213, 0], [39.528054, 48.612874, 0], [39.529832, 48.609362, 0], [39.524524, 48.602638, 0], [39.526932, 48.598541, 0], [39.534191, 48.596769, 0], [39.535012, 48.592838, 0], [39.529249, 48.591218, 0], [39.530691, 48.585691, 0], [39.539875, 48.584017, 0], [39.549314, 48.585973, 0], [39.549059, 48.595854, 0], [39.554981, 48.598295, 0], [39.563564, 48.599089, 0], [39.569414, 48.591116, 0], [39.564086, 48.584599, 0], [39.57434, 48.581738, 0], [39.584164, 48.588304, 0], [39.591386, 48.59225, 0], [39.600613, 48.592875, 0], [39.606406, 48.588618, 0], [39.605878, 48.585521, 0], [39.596866, 48.579502, 0], [39.601073, 48.574959, 0], [39.611029, 48.574051, 0], [39.619525, 48.583023, 0], [39.621071, 48.586713, 0], [39.623602, 48.587026, 0], [39.633431, 48.581263, 0], [39.671325, 48.58924, 0], [39.67699, 48.589013, 0], [39.687271, 48.587084, 0], [39.691635, 48.586378, 0], [39.697765, 48.58716, 0], [39.702546, 48.587778, 0], [39.714893, 48.585248, 0], [39.721237, 48.584834, 0], [39.723379, 48.586216, 0], [39.726252, 48.586624, 0], [39.730178, 48.585919, 0], [39.734629, 48.585851, 0], [39.738743, 48.586838, 0], [39.744319, 48.590057, 0], [39.746721, 48.590673, 0], [39.749038, 48.590243, 0], [39.751054, 48.588836, 0], [39.75055, 48.583338, 0], [39.751295, 48.58209, 0], [39.754759, 48.583, 0], [39.770368, 48.587994, 0], [39.772062, 48.591601, 0], [39.773425, 48.592326, 0], [39.789985, 48.593369, 0], [39.796119, 48.591847, 0], [39.800216, 48.589553, 0], [39.804495, 48.585454, 0], [39.80861, 48.583972, 0], [39.812855, 48.583855, 0], [39.82236, 48.586636, 0], [39.825051, 48.586152, 0], [39.826311, 48.584207, 0], [39.825482, 48.581645, 0], [39.820604, 48.579285, 0], [39.821685, 48.578332, 0], [39.846829, 48.572934, 0], [39.85763, 48.561413, 0], [39.854533, 48.552999, 0], [39.858045, 48.545366, 0], [39.857486, 48.537401, 0], [39.866756, 48.508883, 0], [39.866135, 48.504775, 0], [39.861877, 48.501924, 0], [39.856659, 48.501636, 0], [39.853191, 48.503425, 0], [39.84871, 48.50284, 0], [39.846469, 48.499306, 0], [39.847884, 48.495108, 0], [39.847753, 48.485678, 0], [39.846338, 48.473712, 0], [39.857752, 48.463363, 0], [39.897326, 48.448112, 0], [39.898555, 48.445972, 0], [39.896766, 48.44422, 0], [39.889864, 48.443571, 0], [39.888817, 48.441993, 0], [39.895926, 48.429242, 0], [39.910297, 48.421956, 0], [39.912763, 48.41558, 0], [39.906484, 48.407494, 0], [39.906312, 48.403562, 0], [39.908459, 48.402052, 0], [39.91605, 48.40061, 0], [39.918644, 48.397611, 0], [39.917405, 48.39481, 0], [39.906743, 48.392269, 0], [39.905962, 48.390316, 0], [39.907802, 48.388712, 0], [39.914558, 48.386827, 0], [39.916306, 48.384231, 0], [39.917522, 48.379228, 0], [39.92122, 48.375928, 0], [39.926845, 48.375075, 0], [39.93189, 48.376929, 0], [39.935271, 48.384697, 0], [39.938309, 48.387562, 0], [39.941535, 48.387072, 0], [39.943278, 48.383791, 0], [39.934751, 48.372274, 0], [39.93675, 48.367136, 0], [39.940668, 48.365023, 0], [39.939451, 48.360773, 0], [39.944422, 48.357166, 0], [39.94253, 48.354963, 0], [39.947507, 48.35523, 0], [39.943644, 48.34812, 0], [39.930727, 48.348957, 0], [39.918603, 48.347207, 0], [39.918581, 48.341692, 0], [39.877934, 48.334073, 0], [39.859703, 48.334566, 0], [39.845593, 48.332774, 0], [39.845217, 48.329499, 0], [39.840394, 48.329117, 0], [39.841887, 48.318824, 0], [39.840832, 48.310394, 0], [39.858898, 48.309238, 0], [39.88795, 48.309434, 0], [39.887839, 48.304591, 0], [39.901336, 48.294325, 0], [39.910034, 48.291057, 0], [39.909745, 48.287526, 0], [39.911103, 48.285018, 0], [39.910753, 48.282907, 0], [39.909377, 48.280766, 0], [39.910064, 48.27901, 0], [39.908434, 48.278133, 0], [39.90822, 48.277008, 0], [39.909508, 48.276717, 0], [39.909686, 48.276012, 0], [39.910418, 48.276031, 0], [39.911385, 48.275269, 0], [39.912254, 48.273746, 0], [39.911831, 48.27277, 0], [39.910589, 48.272153, 0], [39.910269, 48.271645, 0], [39.911139, 48.27102, 0], [39.913076, 48.271193, 0], [39.914065, 48.271958, 0], [39.914753, 48.271887, 0], [39.915049, 48.271344, 0], [39.91458, 48.270755, 0], [39.91426, 48.269847, 0], [39.914829, 48.269678, 0], [39.917496, 48.270094, 0], [39.91898, 48.270601, 0], [39.919657, 48.271298, 0], [39.921069, 48.27166, 0], [39.922955, 48.271306, 0], [39.924907, 48.271485, 0], [39.925969, 48.27216, 0], [39.925899, 48.272969, 0], [39.925628, 48.273588, 0], [39.925836, 48.273969, 0], [39.927291, 48.275387, 0], [39.927869, 48.276582, 0], [39.929638, 48.277779, 0], [39.931596, 48.277992, 0], [39.932875, 48.279241, 0], [39.934695, 48.279066, 0], [39.934978, 48.27975, 0], [39.934112, 48.280735, 0], [39.932176, 48.281213, 0], [39.930286, 48.28238, 0], [39.930156, 48.282764, 0], [39.930585, 48.283285, 0], [39.932108, 48.28373, 0], [39.933277, 48.283753, 0], [39.934098, 48.283479, 0], [39.935023, 48.28377, 0], [39.936215, 48.285058, 0], [39.93664, 48.286887, 0], [39.937024, 48.288116, 0], [39.936615, 48.289958, 0], [39.936882, 48.291565, 0], [39.937703, 48.292225, 0], [39.938521, 48.292127, 0], [39.941612, 48.292849, 0], [39.943716, 48.29191, 0], [39.94481, 48.292027, 0], [39.945958, 48.292741, 0], [39.946532, 48.293784, 0], [39.947227, 48.294163, 0], [39.948411, 48.294295, 0], [39.948426, 48.2961, 0], [39.949037, 48.296715, 0], [39.950737, 48.297222, 0], [39.950836, 48.297733, 0], [39.949619, 48.298845, 0], [39.949848, 48.299401, 0], [39.951958, 48.300093, 0], [39.952219, 48.301038, 0], [39.951769, 48.302131, 0], [39.951995, 48.302392, 0], [39.951721, 48.30305, 0], [39.951971, 48.303551, 0], [39.952975, 48.303915, 0], [39.954057, 48.304012, 0], [39.955606, 48.303746, 0], [39.95666, 48.303185, 0], [39.956822, 48.302619, 0], [39.956916, 48.301479, 0], [39.963744, 48.303416, 0], [39.965441, 48.304678, 0], [39.965814, 48.305656, 0], [39.965678, 48.306403, 0], [39.966383, 48.306776, 0], [39.967636, 48.306805, 0], [39.968735, 48.307134, 0], [39.970808, 48.307084, 0], [39.971265, 48.307302, 0], [39.971236, 48.307796, 0], [39.970793, 48.308971, 0], [39.97188, 48.309716, 0], [39.971029, 48.311629, 0], [39.972492, 48.312971, 0], [39.974425, 48.313471, 0], [39.975498, 48.31432, 0], [39.977623, 48.315173, 0], [39.9789, 48.315713, 0], [39.980311, 48.315784, 0], [39.982518, 48.315704, 0], [39.98418, 48.316207, 0], [39.985311, 48.317001, 0], [39.986949, 48.317512, 0], [39.990815, 48.317082, 0], [39.991074, 48.316582, 0], [39.990989, 48.316061, 0], [39.993222, 48.313596, 0], [39.993925, 48.30071, 0], [39.999745, 48.28929, 0], [40.00965, 48.270112, 0], [40.014045, 48.270133, 0], [40.015704, 48.267401, 0], [40.012886, 48.266136, 0], [40.020776, 48.25378, 0], [40.005778, 48.241029, 0], [40.009557, 48.22457, 0], [40.002928, 48.223301, 0], [39.942623, 48.228972, 0], [39.936986, 48.180352, 0], [39.910109, 48.179389, 0], [39.906952, 48.168758, 0], [39.907357, 48.148152, 0], [39.87154, 48.116196, 0], [39.868584, 48.079444, 0], [39.832202, 48.0665, 0], [39.885886, 48.047866, 0], [39.877208, 48.041378, 0], [39.779662, 48.039336, 0], [39.786777, 48.025034, 0], [39.785081, 48.023125, 0], [39.795218, 48.010703, 0], [39.797687, 48.009306, 0], [39.802998, 48.007948, 0], [39.804541, 48.006459, 0], [39.810975, 48.004856, 0], [39.81672, 48.001463, 0], [39.816518, 48.000116, 0], [39.813736, 47.998502, 0], [39.813771, 47.996697, 0], [39.817916, 47.994778, 0], [39.81618, 47.992798, 0], [39.816717, 47.984542, 0], [39.823031, 47.98354, 0], [39.822798, 47.979535, 0], [39.819849, 47.977446, 0], [39.817538, 47.976646, 0], [39.815117, 47.973617, 0], [39.815408, 47.970866, 0], [39.819844, 47.967762, 0], [39.827391, 47.950834, 0], [39.805888, 47.950562, 0], [39.806594, 47.933666, 0], [39.793904, 47.915897, 0], [39.794941, 47.866833, 0], [39.762505, 47.870145, 0], [39.763184, 47.846537, 0], [39.73791, 47.827729, 0], [39.565587, 47.836556, 0], [39.542168, 47.824981, 0], [39.534491, 47.83253, 0], [39.520308, 47.825141, 0], [39.478474, 47.859474, 0], [39.44625, 47.850644, 0], [39.437354, 47.839834, 0], [39.412529, 47.830898, 0], [39.39045, 47.866185, 0], [39.241734, 47.867014, 0], [39.236213, 47.853953, 0], [39.149682, 47.842582, 0], [39.109535, 47.842747, 0], [39.109389, 47.851752, 0], [39.082891, 47.851604, 0]]]}}, {"type": "Feature", "properties": {"name": "\u041e\u043a\u0443\u043f\u043e\u0432\u0430\u043d\u0438\u0439 \u041a\u0440\u0438\u043c /// Occupied Crimea\u00a0/// geoJSON.territories.crimea", "date": "2025-10-31"}, "geometry": {"type": "Polygon", "coordinates": [[[35.201458, 45.523343, 0], [35.311256, 45.411424, 0], [35.382064, 45.352514, 0], [35.467835, 45.307544, 0], [35.498759, 45.306176, 0], [35.525825, 45.291193, 0], [35.632903, 45.324584, 0], [35.71557, 45.338458, 0], [35.724851, 45.351594, 0], [35.753728, 45.366548, 0], [35.760985, 45.381258, 0], [35.748889, 45.384633, 0], [35.745726, 45.39066, 0], [35.748929, 45.396331, 0], [35.802358, 45.424293, 0], [35.826475, 45.440129, 0], [35.818368, 45.451418, 0], [35.817747, 45.458869, 0], [35.823649, 45.46632, 0], [35.841775, 45.474473, 0], [35.867831, 45.473251, 0], [35.87606, 45.463856, 0], [35.86369, 45.45422, 0], [35.846507, 45.446506, 0], [35.886842, 45.407774, 0], [35.941221, 45.380044, 0], [35.99701, 45.371491, 0], [36.04285, 45.384009, 0], [36.068942, 45.404374, 0], [36.068785, 45.445463, 0], [36.12387, 45.463618, 0], [36.17039, 45.472361, 0], [36.265345, 45.478566, 0], [36.293683, 45.483861, 0], [36.307976, 45.475414, 0], [36.322868, 45.471297, 0], [36.336302, 45.474221, 0], [36.340048, 45.477585, 0], [36.33933, 45.482513, 0], [36.344848, 45.484307, 0], [36.345514, 45.480891, 0], [36.357563, 45.471617, 0], [36.372894, 45.47138, 0], [36.376602, 45.463689, 0], [36.40184, 45.450177, 0], [36.415458, 45.446825, 0], [36.421423, 45.446002, 0], [36.432474, 45.447875, 0], [36.43401, 45.450676, 0], [36.442064, 45.453282, 0], [36.441535, 45.455406, 0], [36.447174, 45.460135, 0], [36.461093, 45.456435, 0], [36.470548, 45.458514, 0], [36.482062, 45.455771, 0], [36.495456, 45.450514, 0], [36.499746, 45.445484, 0], [36.506954, 45.44226, 0], [36.518828, 45.433521, 0], [36.532672, 45.42719, 0], [36.547831, 45.425611, 0], [36.554467, 45.424368, 0], [36.56594, 45.428443, 0], [36.565672, 45.436625, 0], [36.57528, 45.442252, 0], [36.587036, 45.44127, 0], [36.598276, 45.438662, 0], [36.606346, 45.42872, 0], [36.61553, 45.422271, 0], [36.611498, 45.414921, 0], [36.607593, 45.412573, 0], [36.611273, 45.407542, 0], [36.634642, 45.391737, 0], [36.641199, 45.390666, 0], [36.648733, 45.38292, 0], [36.643211, 45.377813, 0], [36.6335, 45.375653, 0], [36.630106, 45.373786, 0], [36.633217, 45.362811, 0], [36.630569, 45.360521, 0], [36.625643, 45.360763, 0], [36.612025, 45.355938, 0], [36.60599, 45.347733, 0], [36.596554, 45.345031, 0], [36.592338, 45.3465, 0], [36.564437, 45.347114, 0], [36.54435, 45.344735, 0], [36.534981, 45.345637, 0], [36.535225, 45.349918, 0], [36.518286, 45.351539, 0], [36.483644, 45.350864, 0], [36.477812, 45.349132, 0], [36.472041, 45.341233, 0], [36.47329, 45.330744, 0], [36.488837, 45.324608, 0], [36.499502, 45.318675, 0], [36.484438, 45.305478, 0], [36.435179, 45.295073, 0], [36.421663, 45.286584, 0], [36.426012, 45.27864, 0], [36.436333, 45.276239, 0], [36.43962, 45.271622, 0], [36.435783, 45.258066, 0], [36.423707, 45.245262, 0], [36.423049, 45.23723, 0], [36.412019, 45.225877, 0], [36.403912, 45.214162, 0], [36.407734, 45.193404, 0], [36.407778, 45.172889, 0], [36.417779, 45.164294, 0], [36.421428, 45.152916, 0], [36.422542, 45.136938, 0], [36.4258, 45.134402, 0], [36.425628, 45.128893, 0], [36.43318, 45.117691, 0], [36.439699, 45.116727, 0], [36.454606, 45.105555, 0], [36.456018, 45.095623, 0], [36.440096, 45.083327, 0], [36.390978, 45.065359, 0], [36.372884, 45.057475, 0], [36.337724, 45.058302, 0], [36.309329, 45.057922, 0], [36.282137, 45.05499, 0], [36.249153, 45.047687, 0], [36.24793, 45.04068, 0], [36.225684, 45.026816, 0], [36.213493, 45.02807, 0], [36.201045, 45.033023, 0], [36.160037, 45.035925, 0], [36.07129, 45.048252, 0], [36.035405, 45.049216, 0], [36.012561, 45.044932, 0], [35.994952, 45.03511, 0], [35.984215, 45.022859, 0], [35.954083, 45.011219, 0], [35.925851, 45.019111, 0], [35.907658, 45.018079, 0], [35.900286, 45.014189, 0], [35.879342, 45.009765, 0], [35.870587, 45.004186, 0], [35.842096, 44.998366, 0], [35.834801, 44.999213, 0], [35.828278, 45.004552, 0], [35.834113, 45.0091, 0], [35.82978, 45.014076, 0], [35.821947, 45.019203, 0], [35.810165, 45.021418, 0], [35.814483, 45.033306, 0], [35.804886, 45.045558, 0], [35.785327, 45.057628, 0], [35.777878, 45.066304, 0], [35.748793, 45.081465, 0], [35.692135, 45.104626, 0], [35.62977, 45.122303, 0], [35.58496, 45.129359, 0], [35.541346, 45.125861, 0], [35.451063, 45.097366, 0], [35.414638, 45.07541, 0], [35.389399, 45.049444, 0], [35.385966, 45.035246, 0], [35.412652, 45.025778, 0], [35.428693, 45.012912, 0], [35.395224, 44.999343, 0], [35.366739, 44.992559, 0], [35.358416, 44.985552, 0], [35.356103, 44.97733, 0], [35.394038, 44.954933, 0], [35.382973, 44.943891, 0], [35.351803, 44.954952, 0], [35.344315, 44.964188, 0], [35.322466, 44.95921, 0], [35.322807, 44.966441, 0], [35.301518, 44.965776, 0], [35.294987, 44.959711, 0], [35.283641, 44.96616, 0], [35.271282, 44.967596, 0], [35.258409, 44.960904, 0], [35.249825, 44.952823, 0], [35.25652, 44.938423, 0], [35.243653, 44.916792, 0], [35.216612, 44.909005, 0], [35.205602, 44.910216, 0], [35.190556, 44.907887, 0], [35.177573, 44.900936, 0], [35.169311, 44.900247, 0], [35.156245, 44.886911, 0], [35.144155, 44.867002, 0], [35.139391, 44.861252, 0], [35.130569, 44.829311, 0], [35.133101, 44.822812, 0], [35.118455, 44.81723, 0], [35.111022, 44.80702, 0], [35.09398, 44.801375, 0], [35.081062, 44.790612, 0], [35.064425, 44.797108, 0], [35.043666, 44.799459, 0], [35.047274, 44.814837, 0], [35.029503, 44.828249, 0], [35.0007, 44.83203, 0], [34.988701, 44.828075, 0], [34.980991, 44.834465, 0], [34.967823, 44.838027, 0], [34.942529, 44.833842, 0], [34.935034, 44.830042, 0], [34.920988, 44.828751, 0], [34.920318, 44.82153, 0], [34.912095, 44.81577, 0], [34.845166, 44.813296, 0], [34.830931, 44.816908, 0], [34.763731, 44.815057, 0], [34.747987, 44.807058, 0], [34.728811, 44.807825, 0], [34.677858, 44.787856, 0], [34.625628, 44.773956, 0], [34.544614, 44.741006, 0], [34.474964, 44.715071, 0], [34.432149, 44.682765, 0], [34.412176, 44.658807, 0], [34.403924, 44.639751, 0], [34.389678, 44.628884, 0], [34.38342, 44.615877, 0], [34.377892, 44.612309, 0], [34.375816, 44.591703, 0], [34.354354, 44.585681, 0], [34.349805, 44.57185, 0], [34.349035, 44.546767, 0], [34.334843, 44.545507, 0], [34.320135, 44.551094, 0], [34.308946, 44.552088, 0], [34.260362, 44.507556, 0], [34.171984, 44.491011, 0], [34.128936, 44.427878, 0], [34.057232, 44.416521, 0], [34.034986, 44.403674, 0], [33.963406, 44.38885, 0], [33.939412, 44.389646, 0], [33.882423, 44.400268, 0], [33.846027, 44.401142, 0], [33.778737, 44.381452, 0], [33.759005, 44.386932, 0], [33.733092, 44.383332, 0], [33.702892, 44.416926, 0], [33.673869, 44.412807, 0], [33.64553, 44.421924, 0], [33.63834, 44.458687, 0], [33.627013, 44.479579, 0], [33.601948, 44.491739, 0], [33.554048, 44.486877, 0], [33.506071, 44.500846, 0], [33.486243, 44.494968, 0], [33.472733, 44.511135, 0], [33.46013, 44.522891, 0], [33.403694, 44.553239, 0], [33.373305, 44.584056, 0], [33.450155, 44.615946, 0], [33.494615, 44.617766, 0], [33.508271, 44.631916, 0], [33.512474, 44.633149, 0], [33.52105, 44.640258, 0], [33.525691, 44.638362, 0], [33.531191, 44.641107, 0], [33.535667, 44.64599, 0], [33.541864, 44.658932, 0], [33.546363, 44.677979, 0], [33.547442, 44.698563, 0], [33.545774, 44.707798, 0], [33.547583, 44.724445, 0], [33.539777, 44.744321, 0], [33.540722, 44.761758, 0], [33.533513, 44.792608, 0], [33.540633, 44.802652, 0], [33.54552, 44.80417, 0], [33.547143, 44.81013, 0], [33.549545, 44.810828, 0], [33.550231, 44.822242, 0], [33.548513, 44.834598, 0], [33.55297, 44.841655, 0], [33.556915, 44.840587, 0], [33.561031, 44.842318, 0], [33.569694, 44.838843, 0], [33.578964, 44.840487, 0], [33.586864, 44.847, 0], [33.590643, 44.845722, 0], [33.594636, 44.847578, 0], [33.600863, 44.857663, 0], [33.6052, 44.866386, 0], [33.606448, 44.871702, 0], [33.610592, 44.899319, 0], [33.610962, 44.925721, 0], [33.597652, 44.97655, 0], [33.604377, 44.980471, 0], [33.602595, 44.997973, 0], [33.58086, 45.050881, 0], [33.56149, 45.081073, 0], [33.536378, 45.109551, 0], [33.509265, 45.13445, 0], [33.480757, 45.155892, 0], [33.450854, 45.174238, 0], [33.432652, 45.184093, 0], [33.415989, 45.191404, 0], [33.408547, 45.193444, 0], [33.400771, 45.196065, 0], [33.391196, 45.197375, 0], [33.38275, 45.196471, 0], [33.376436, 45.191845, 0], [33.376286, 45.18766, 0], [33.380282, 45.185909, 0], [33.37497, 45.183679, 0], [33.358429, 45.178252, 0], [33.350015, 45.173699, 0], [33.331548, 45.171883, 0], [33.325143, 45.174125, 0], [33.318394, 45.174581, 0], [33.310057, 45.1741, 0], [33.305239, 45.17277, 0], [33.301221, 45.170642, 0], [33.298963, 45.167787, 0], [33.29792, 45.165633, 0], [33.300138, 45.162027, 0], [33.296035, 45.157719, 0], [33.288293, 45.154105, 0], [33.284289, 45.148276, 0], [33.27516, 45.145901, 0], [33.268036, 45.145629, 0], [33.257295, 45.147804, 0], [33.245939, 45.156938, 0], [33.234348, 45.168219, 0], [33.225292, 45.174695, 0], [33.201984, 45.183225, 0], [33.185236, 45.183717, 0], [33.179821, 45.187651, 0], [33.165826, 45.19347, 0], [33.157326, 45.198774, 0], [33.148825, 45.202143, 0], [33.143404, 45.20709, 0], [33.138912, 45.216317, 0], [33.124087, 45.225712, 0], [33.107907, 45.23151, 0], [33.093199, 45.248834, 0], [33.081231, 45.258421, 0], [33.062776, 45.27566, 0], [33.035244, 45.29016, 0], [32.991848, 45.322499, 0], [32.966765, 45.336694, 0], [32.907019, 45.359436, 0], [32.84671, 45.365264, 0], [32.76522, 45.363836, 0], [32.735393, 45.354972, 0], [32.712159, 45.341307, 0], [32.685502, 45.332102, 0], [32.675688, 45.320614, 0], [32.65299, 45.313322, 0], [32.622109, 45.317634, 0], [32.599462, 45.325318, 0], [32.578538, 45.327642, 0], [32.569816, 45.332888, 0], [32.551846, 45.332385, 0], [32.489453, 45.346136, 0], [32.510377, 45.360884, 0], [32.513458, 45.372038, 0], [32.507445, 45.381957, 0], [32.488644, 45.384988, 0], [32.478939, 45.389163, 0], [32.479703, 45.404263, 0], [32.48807, 45.407956, 0], [32.500388, 45.424663, 0], [32.524271, 45.438872, 0], [32.538208, 45.454884, 0], [32.562144, 45.470223, 0], [32.59058, 45.48558, 0], [32.691784, 45.523882, 0], [32.72322, 45.533026, 0], [32.736877, 45.543007, 0], [32.772105, 45.557869, 0], [32.793178, 45.56389, 0], [32.820317, 45.559825, 0], [32.825974, 45.55733, 0], [32.833962, 45.560234, 0], [32.840648, 45.56511, 0], [32.843141, 45.570597, 0], [32.843556, 45.576834, 0], [32.841008, 45.582406, 0], [32.837291, 45.583354, 0], [32.829252, 45.583603, 0], [32.821299, 45.58301, 0], [32.820129, 45.584393, 0], [32.820181, 45.586841, 0], [32.82504, 45.590611, 0], [32.908691, 45.640338, 0], [32.999393, 45.681147, 0], [33.006337, 45.679383, 0], [33.017154, 45.687009, 0], [33.050144, 45.696959, 0], [33.0691, 45.706833, 0], [33.077681, 45.707393, 0], [33.095704, 45.715503, 0], [33.114638, 45.712775, 0], [33.127908, 45.719842, 0], [33.1378, 45.719814, 0], [33.152919, 45.733355, 0], [33.159184, 45.749182, 0], [33.165737, 45.78827, 0], [33.175838, 45.805742, 0], [33.182338, 45.80993, 0], [33.185831, 45.807952, 0], [33.180625, 45.797211, 0], [33.172486, 45.786603, 0], [33.182114, 45.773902, 0], [33.21192, 45.757728, 0], [33.23866, 45.752804, 0], [33.280613, 45.76267, 0], [33.32241, 45.775037, 0], [33.373494, 45.797187, 0], [33.41709, 45.830205, 0], [33.432207, 45.838576, 0], [33.482974, 45.854396, 0], [33.517951, 45.867777, 0], [33.540593, 45.884913, 0], [33.544102, 45.880335, 0], [33.520062, 45.857708, 0], [33.50089, 45.848355, 0], [33.507622, 45.841072, 0], [33.517655, 45.846594, 0], [33.527171, 45.849723, 0], [33.537116, 45.845796, 0], [33.542129, 45.840258, 0], [33.548213, 45.843531, 0], [33.551715, 45.851628, 0], [33.55864, 45.86172, 0], [33.568716, 45.874008, 0], [33.581653, 45.871206, 0], [33.593725, 45.885292, 0], [33.616272, 45.892143, 0], [33.634096, 45.882614, 0], [33.642234, 45.876325, 0], [33.654663, 45.875233, 0], [33.662233, 45.871524, 0], [33.661598, 45.86426, 0], [33.674126, 45.857432, 0], [33.684191, 45.850098, 0], [33.684716, 45.858888, 0], [33.679077, 45.867314, 0], [33.679953, 45.875048, 0], [33.678367, 45.885139, 0], [33.675115, 45.898868, 0], [33.676214, 45.903954, 0], [33.680094, 45.90854, 0], [33.687773, 45.912752, 0], [33.691971, 45.913471, 0], [33.697545, 45.911367, 0], [33.701995, 45.911004, 0], [33.720244, 45.924636, 0], [33.730928, 45.930188, 0], [33.749506, 45.928276, 0], [33.756027, 45.931109, 0], [33.757987, 45.934494, 0], [33.755784, 45.939282, 0], [33.751076, 45.9488, 0], [33.747278, 45.946685, 0], [33.744939, 45.95033, 0], [33.722964, 45.950158, 0], [33.692314, 45.95526, 0], [33.682856, 45.952803, 0], [33.659761, 45.954586, 0], [33.640135, 45.949356, 0], [33.647501, 45.945166, 0], [33.642079, 45.942885, 0], [33.634992, 45.941326, 0], [33.624497, 45.942516, 0], [33.617606, 45.944243, 0], [33.616479, 45.949068, 0], [33.627758, 45.958848, 0], [33.629688, 45.967426, 0], [33.629384, 45.977458, 0], [33.628543, 45.987604, 0], [33.622873, 45.997617, 0], [33.618724, 46.01252, 0], [33.611338, 46.054819, 0], [33.623699, 46.071722, 0], [33.637282, 46.081351, 0], [33.633038, 46.097381, 0], [33.616561, 46.11536, 0], [33.612957, 46.129148, 0], [33.612528, 46.138238, 0], [33.60668, 46.146878, 0], [33.6897, 46.204334, 0], [33.714554, 46.196894, 0], [33.740532, 46.185128, 0], [33.82395, 46.187069, 0], [34.038334, 46.116935, 0], [34.122582, 46.108122, 0], [34.160772, 46.08043, 0], [34.227754, 46.060816, 0], [34.382464, 46.034692, 0], [34.436726, 45.968164, 0], [34.478552, 45.946947, 0], [34.556042, 45.988691, 0], [34.651415, 45.973908, 0], [34.700883, 45.959179, 0], [34.752716, 45.910231, 0], [34.782879, 45.904975, 0], [34.796134, 45.892053, 0], [34.800881, 45.804735, 0], [34.958219, 45.760037, 0], [34.977053, 45.765285, 0], [35.050056, 45.667202, 0], [35.109867, 45.599025, 0], [35.201458, 45.523343, 0]]]}}, {"type": "Feature", "properties": {"name": "\u041e\u043a\u0443\u043f\u043e\u0432\u0430\u043d\u043e /// Occupied\u00a0/// geoJSON.status.occupied", "date": "2025-10-31"}, "geometry": {"type": "Polygon", "coordinates": [[[38.691727, 48.729363, 0], [38.299791, 49.024992, 0], [38.284528, 49.026568, 0], [38.262698, 49.024532, 0], [38.241062, 49.005535, 0], [38.258858, 48.969268, 0], [38.244862, 48.956245, 0], [38.237048, 48.956521, 0], [38.233873, 48.95314, 0], [38.234227, 48.946566, 0], [38.23465, 48.944666, 0], [38.23259, 48.940945, 0], [38.222726, 48.934585, 0], [38.195775, 48.928016, 0], [38.183631, 48.929371, 0], [38.1644095, 48.9301332, 0], [38.160013, 48.931049, 0], [38.152507, 48.931555, 0], [38.142769, 48.933357, 0], [38.139536, 48.931827, 0], [38.136904, 48.926181, 0], [38.132843, 48.924137, 0], [38.1301083, 48.9260747, 0], [38.1267853, 48.9270103, 0], [38.1176687, 48.9271466, 0], [38.1159488, 48.9312999, 0], [38.110449, 48.933291, 0], [38.107729, 48.933221, 0], [38.095529, 48.935208, 0], [38.094208, 48.93876, 0], [38.090655, 48.94048, 0], [38.080396, 48.940016, 0], [38.063786, 48.937182, 0], [38.0645183, 48.9422561, 0], [38.056779, 48.942489, 0], [38.057672, 48.947523, 0], [38.0444295, 48.9489697, 0], [38.0393405, 48.9398741, 0], [38.0257721, 48.9382004, 0], [38.0137483, 48.9418249, 0], [38.0051571, 48.9461422, 0], [37.98611, 48.945366, 0], [37.976331, 48.951916, 0], [37.9846667, 48.957519, 0], [37.9756528, 48.9635623, 0], [37.9715884, 48.972811, 0], [37.9683802, 48.9765379, 0], [37.9705477, 48.9795412, 0], [37.9654414, 48.9845902, 0], [37.9758289, 48.986475, 0], [37.9806398, 48.9899033, 0], [37.967442, 49.002176, 0], [37.956422, 49.009206, 0], [37.945692, 49.009082, 0], [37.940453, 49.013688, 0], [37.938389, 49.019295, 0], [37.94156, 49.019807, 0], [37.940268, 49.023416, 0], [37.951235, 49.024341, 0], [37.961283, 49.033357, 0], [37.95489, 49.038881, 0], [37.966102, 49.048272, 0], [37.968105, 49.060994, 0], [37.955772, 49.067824, 0], [37.935568, 49.073383, 0], [37.917712, 49.081798, 0], [37.900901, 49.081013, 0], [37.883844, 49.077528, 0], [37.869523, 49.071161, 0], [37.866655, 49.072194, 0], [37.86619, 49.074126, 0], [37.879434, 49.08152, 0], [37.894424, 49.085961, 0], [37.893096, 49.089335, 0], [37.878769, 49.087311, 0], [37.860801, 49.098761, 0], [37.837699, 49.106082, 0], [37.823518, 49.101376, 0], [37.824705, 49.098272, 0], [37.815077, 49.084488, 0], [37.783585, 49.071062, 0], [37.7606369, 49.0662002, 0], [37.7462437, 49.0709098, 0], [37.753763, 49.080457, 0], [37.7432839, 49.0905351, 0], [37.7318226, 49.0888391, 0], [37.7259205, 49.0816947, 0], [37.720738, 49.0823946, 0], [37.7217351, 49.0883787, 0], [37.7140733, 49.0890198, 0], [37.7069264, 49.0892393, 0], [37.7049064, 49.0951302, 0], [37.7111264, 49.0989699, 0], [37.7102995, 49.1015666, 0], [37.7141076, 49.1022527, 0], [37.7166597, 49.1063778, 0], [37.7164959, 49.1098833, 0], [37.7122354, 49.1132999, 0], [37.7024815, 49.1165462, 0], [37.7075211, 49.1186571, 0], [37.7313337, 49.1205206, 0], [37.737428, 49.122473, 0], [37.74635, 49.128045, 0], [37.7536, 49.136166, 0], [37.747495, 49.137986, 0], [37.745681, 49.142893, 0], [37.74892, 49.14743, 0], [37.756269, 49.155672, 0], [37.764481, 49.163179, 0], [37.766078, 49.168439, 0], [37.756876, 49.176006, 0], [37.749046, 49.178692, 0], [37.755336, 49.181574, 0], [37.759911, 49.185634, 0], [37.776544, 49.182906, 0], [37.780561, 49.185225, 0], [37.783937, 49.188134, 0], [37.79455, 49.185673, 0], [37.794786, 49.183885, 0], [37.805966, 49.180848, 0], [37.814419, 49.185799, 0], [37.839223, 49.186051, 0], [37.842278, 49.1906, 0], [37.8839, 49.192806, 0], [37.892682, 49.200398, 0], [37.88074, 49.208092, 0], [37.883474, 49.213581, 0], [37.884149, 49.220472, 0], [37.878299, 49.221606, 0], [37.876396, 49.226102, 0], [37.887527, 49.226464, 0], [37.895111, 49.226009, 0], [37.898306, 49.224458, 0], [37.91873, 49.226813, 0], [37.915586, 49.242748, 0], [37.919478, 49.245847, 0], [37.935564, 49.239305, 0], [37.95753, 49.23408, 0], [37.96147, 49.239671, 0], [37.967335, 49.24046, 0], [37.974389, 49.24002, 0], [37.989852, 49.250015, 0], [37.997876, 49.252128, 0], [38.009803, 49.261509, 0], [38.014016, 49.268431, 0], [38.006727, 49.273896, 0], [38.012922, 49.285051, 0], [38.008788, 49.28801, 0], [38.002595, 49.288282, 0], [37.999277, 49.28581, 0], [37.997847, 49.283115, 0], [37.98938, 49.283586, 0], [37.983734, 49.28089, 0], [37.979567, 49.282252, 0], [37.967716, 49.286555, 0], [37.962008, 49.303265, 0], [37.969614, 49.303038, 0], [37.969378, 49.311145, 0], [37.961584, 49.311489, 0], [37.961857, 49.317318, 0], [37.966392, 49.322245, 0], [37.965519, 49.330277, 0], [37.964944, 49.332475, 0], [37.962823, 49.334169, 0], [37.957295, 49.334845, 0], [37.953435, 49.336622, 0], [37.950047, 49.337701, 0], [37.941789, 49.338838, 0], [37.942329, 49.341848, 0], [37.941177, 49.344568, 0], [37.943867, 49.346904, 0], [37.941921, 49.349687, 0], [37.947628, 49.351399, 0], [37.949573, 49.353118, 0], [37.954308, 49.361588, 0], [37.949072, 49.362706, 0], [37.938519, 49.379198, 0], [37.93251, 49.38069, 0], [37.916074, 49.378557, 0], [37.916373, 49.382798, 0], [37.890612, 49.382054, 0], [37.875647, 49.377602, 0], [37.86223, 49.380416, 0], [37.847139, 49.381273, 0], [37.846639, 49.386656, 0], [37.829959, 49.401199, 0], [37.82396, 49.394644, 0], [37.815689, 49.390963, 0], [37.768932, 49.405279, 0], [37.766612, 49.417846, 0], [37.761292, 49.429046, 0], [37.73827, 49.427762, 0], [37.727264, 49.438306, 0], [37.753062, 49.448436, 0], [37.770946, 49.449794, 0], [37.772684, 49.451631, 0], [37.760672, 49.455344, 0], [37.763298, 49.461542, 0], [37.781039, 49.463842, 0], [37.791181, 49.477356, 0], [37.801594, 49.493822, 0], [37.799165, 49.504629, 0], [37.773358, 49.505625, 0], [37.762557, 49.503759, 0], [37.748326, 49.495202, 0], [37.728931, 49.501997, 0], [37.733753, 49.510818, 0], [37.723574, 49.514624, 0], [37.713266, 49.513489, 0], [37.706303, 49.507389, 0], [37.697626, 49.502403, 0], [37.695034, 49.502686, 0], [37.696716, 49.508826, 0], [37.700764, 49.514862, 0], [37.696968, 49.525332, 0], [37.692828, 49.526886, 0], [37.695323, 49.530318, 0], [37.696021, 49.541136, 0], [37.70085, 49.544334, 0], [37.701752, 49.552933, 0], [37.715368, 49.556361, 0], [37.731829, 49.557172, 0], [37.759603, 49.556177, 0], [37.760668, 49.559201, 0], [37.753838, 49.56178, 0], [37.753832, 49.563496, 0], [37.761252, 49.569586, 0], [37.77057, 49.572138, 0], [37.772164, 49.574912, 0], [37.79249, 49.580292, 0], [37.796328, 49.590543, 0], [37.790625, 49.592201, 0], [37.790894, 49.594665, 0], [37.804075, 49.594326, 0], [37.803024, 49.603214, 0], [37.789024, 49.603152, 0], [37.787941, 49.607704, 0], [37.808735, 49.607885, 0], [37.847763, 49.607847, 0], [37.858781, 49.62777, 0], [37.870055, 49.633506, 0], [37.8705538, 49.6458152, 0], [37.8537397, 49.6478602, 0], [37.8398441, 49.6463459, 0], [37.8278452, 49.6479837, 0], [37.8278787, 49.65037, 0], [37.8390018, 49.6520605, 0], [37.8681337, 49.6502659, 0], [37.885241, 49.6509, 0], [37.890805, 49.650614, 0], [37.889758, 49.658469, 0], [37.885536, 49.659628, 0], [37.873876, 49.669887, 0], [37.853492, 49.679302, 0], [37.8271121, 49.6701629, 0], [37.8038923, 49.6749017, 0], [37.8000699, 49.6778064, 0], [37.802359, 49.6860639, 0], [37.800663, 49.6932677, 0], [37.8352333, 49.694706, 0], [37.8521623, 49.6965779, 0], [37.863425, 49.714336, 0], [37.842632, 49.724289, 0], [37.840806, 49.725637, 0], [37.843161, 49.728888, 0], [37.840488, 49.731728, 0], [37.843778, 49.733858, 0], [37.831842, 49.740466, 0], [37.822931, 49.740836, 0], [37.81084, 49.740881, 0], [37.804329, 49.735322, 0], [37.794385, 49.736725, 0], [37.785384, 49.73968, 0], [37.777871, 49.747014, 0], [37.763958, 49.749679, 0], [37.75574, 49.744589, 0], [37.735022, 49.747691, 0], [37.732414, 49.750569, 0], [37.717219, 49.760289, 0], [37.709672, 49.764685, 0], [37.700237, 49.767259, 0], [37.694536, 49.764733, 0], [37.689569, 49.763034, 0], [37.677727, 49.763489, 0], [37.67204, 49.767174, 0], [37.666195, 49.774498, 0], [37.657945, 49.779382, 0], [37.650172, 49.779226, 0], [37.640175, 49.772342, 0], [37.6397923, 49.7661229, 0], [37.6455288, 49.7546549, 0], [37.6309298, 49.7428469, 0], [37.6204553, 49.7396321, 0], [37.6206257, 49.732644, 0], [37.6190269, 49.7262498, 0], [37.612219, 49.7251862, 0], [37.6162008, 49.7112961, 0], [37.6131402, 49.711103, 0], [37.6043845, 49.7233706, 0], [37.6020281, 49.7235067, 0], [37.5980879, 49.7218649, 0], [37.595235, 49.7185626, 0], [37.5972745, 49.7145524, 0], [37.5962047, 49.712812, 0], [37.5981159, 49.7115533, 0], [37.6025047, 49.7115344, 0], [37.60655, 49.7100446, 0], [37.6015773, 49.7090333, 0], [37.5934157, 49.7091382, 0], [37.5885584, 49.7100755, 0], [37.5888977, 49.7118692, 0], [37.5906103, 49.7124974, 0], [37.5912888, 49.7175277, 0], [37.5884359, 49.7206694, 0], [37.5828177, 49.7246899, 0], [37.5931682, 49.7323972, 0], [37.592028, 49.73871, 0], [37.584909, 49.746154, 0], [37.5724275, 49.754152, 0], [37.5722993, 49.7591052, 0], [37.5733513, 49.7644092, 0], [37.575855, 49.769708, 0], [37.579117, 49.770539, 0], [37.581863, 49.769708, 0], [37.5774501, 49.7603432, 0], [37.5793645, 49.7563424, 0], [37.591406, 49.754171, 0], [37.6037154, 49.7583244, 0], [37.6015122, 49.7618303, 0], [37.5937484, 49.7628646, 0], [37.5932795, 49.7721585, 0], [37.602557, 49.776221, 0], [37.605146, 49.77969, 0], [37.611246, 49.78401, 0], [37.612197, 49.79171, 0], [37.605703, 49.795738, 0], [37.605246, 49.802153, 0], [37.600134, 49.80926, 0], [37.600514, 49.811768, 0], [37.609756, 49.815873, 0], [37.61571, 49.823452, 0], [37.617078, 49.824791, 0], [37.628233, 49.828063, 0], [37.629433, 49.830529, 0], [37.633392, 49.840982, 0], [37.632287, 49.850879, 0], [37.634142, 49.851668, 0], [37.647909, 49.851347, 0], [37.647907, 49.857949, 0], [37.63646, 49.862767, 0], [37.640691, 49.868973, 0], [37.65001, 49.871535, 0], [37.649624, 49.890778, 0], [37.655369, 49.889578, 0], [37.663524, 49.882537, 0], [37.677931, 49.882439, 0], [37.682886, 49.888812, 0], [37.694024, 49.891022, 0], [37.696636, 49.89027, 0], [37.70199, 49.890135, 0], [37.708232, 49.892617, 0], [37.732928, 49.900517, 0], [37.738516, 49.897712, 0], [37.744348, 49.900549, 0], [37.749238, 49.908269, 0], [37.747178, 49.91257, 0], [37.753528, 49.913556, 0], [37.76859, 49.912578, 0], [37.771121, 49.913478, 0], [37.775018, 49.921524, 0], [37.773713, 49.929327, 0], [37.752736, 49.93996, 0], [37.748912, 49.953199, 0], [37.734898, 49.95601, 0], [37.727291, 49.961004, 0], [37.734732, 49.966041, 0], [37.75069, 49.972173, 0], [37.761756, 49.969747, 0], [37.768273, 49.979852, 0], [37.787887, 49.98564, 0], [37.808277, 49.979446, 0], [37.811868, 49.977588, 0], [37.821919, 49.976061, 0], [37.823012, 49.977053, 0], [37.829504, 49.977938, 0], [37.8343, 49.981386, 0], [37.838708, 49.982876, 0], [37.846345, 49.998288, 0], [37.839668, 50.007438, 0], [37.844806, 50.019279, 0], [37.83995, 50.020097, 0], [37.841274, 50.02268, 0], [37.846915, 50.023195, 0], [37.845367, 50.029639, 0], [37.852961, 50.037493, 0], [37.873603, 50.048707, 0], [37.876589, 50.053326, 0], [37.891309, 50.051096, 0], [37.902916, 50.046732, 0], [37.922215, 50.037343, 0], [37.926727, 50.034251, 0], [37.930119, 50.027404, 0], [37.936751, 50.01835, 0], [37.939445, 50.015581, 0], [37.962041, 49.982918, 0], [37.965809, 49.979304, 0], [37.980562, 49.976794, 0], [37.999075, 49.963601, 0], [38.005373, 49.967245, 0], [38.043687, 49.932897, 0], [38.012367, 49.918497, 0], [38.033921, 49.904761, 0], [38.056464, 49.923247, 0], [38.124994, 49.942552, 0], [38.126682, 49.92215, 0], [38.171565, 49.941901, 0], [38.162402, 49.951496, 0], [38.196332, 49.969759, 0], [38.217126, 49.987182, 0], [38.185824, 50.022553, 0], [38.188245, 50.023603, 0], [38.187923, 50.04072, 0], [38.183827, 50.045832, 0], [38.185066, 50.055692, 0], [38.178568, 50.079969, 0], [38.25406, 50.072508, 0], [38.275781, 50.07344, 0], [38.291493, 50.079436, 0], [38.301154, 50.087142, 0], [38.313196, 50.088337, 0], [38.329442, 50.08551, 0], [38.333976, 50.059093, 0], [38.3512, 50.034741, 0], [38.354164, 50.019048, 0], [38.349575, 50.006444, 0], [38.397563, 49.990585, 0], [38.416008, 49.981338, 0], [38.434095, 50.001019, 0], [38.46804, 49.995247, 0], [38.465914, 49.983961, 0], [38.47752, 49.983271, 0], [38.4833, 49.976528, 0], [38.487706, 49.963602, 0], [38.507898, 49.96403, 0], [38.526715, 49.958271, 0], [38.58157, 49.977416, 0], [38.616078, 49.97439, 0], [38.646196, 49.955937, 0], [38.666941, 49.972156, 0], [38.679731, 49.974494, 0], [38.676054, 49.992814, 0], [38.679052, 50.005448, 0], [38.687546, 50.008152, 0], [38.715136, 49.98771, 0], [38.715315, 49.982384, 0], [38.6853, 49.960344, 0], [38.6929, 49.934766, 0], [38.723247, 49.927005, 0], [38.733846, 49.905025, 0], [38.743847, 49.897307, 0], [38.768232, 49.896044, 0], [38.777683, 49.88532, 0], [38.79015, 49.87851, 0], [38.794958, 49.88331, 0], [38.832017, 49.876702, 0], [38.836346, 49.867366, 0], [38.849104, 49.865103, 0], [38.856713, 49.869139, 0], [38.869398, 49.864488, 0], [38.876416, 49.869423, 0], [38.898467, 49.870416, 0], [38.909338, 49.860103, 0], [38.916488, 49.859925, 0], [38.918648, 49.8579, 0], [38.90505, 49.849149, 0], [38.906706, 49.845044, 0], [38.912225, 49.844315, 0], [38.913878, 49.836114, 0], [38.911398, 49.834589, 0], [38.915094, 49.831059, 0], [38.913507, 49.82863, 0], [38.907392, 49.828412, 0], [38.909372, 49.81917, 0], [38.919124, 49.814665, 0], [38.916163, 49.812724, 0], [38.920357, 49.804946, 0], [38.9287, 49.803888, 0], [38.927811, 49.798576, 0], [38.930753, 49.797174, 0], [38.94035, 49.800888, 0], [38.949095, 49.796102, 0], [38.971138, 49.807221, 0], [38.984906, 49.807783, 0], [39.02166, 49.82091, 0], [39.033522, 49.822372, 0], [39.066233, 49.815349, 0], [39.069763, 49.818731, 0], [39.110366, 49.837773, 0], [39.130738, 49.861568, 0], [39.178402, 49.888001, 0], [39.188395, 49.886222, 0], [39.225656, 49.840184, 0], [39.228114, 49.816503, 0], [39.228992, 49.808432, 0], [39.239146, 49.798226, 0], [39.250371, 49.777802, 0], [39.264639, 49.76848, 0], [39.27547, 49.768026, 0], [39.28556, 49.755666, 0], [39.307924, 49.753044, 0], [39.376963, 49.738424, 0], [39.412062, 49.753111, 0], [39.438201, 49.760006, 0], [39.478761, 49.756475, 0], [39.533835, 49.740848, 0], [39.610109, 49.733798, 0], [39.59136, 49.719134, 0], [39.613305, 49.691362, 0], [39.638379, 49.6351, 0], [39.659995, 49.614811, 0], [39.686926, 49.611558, 0], [39.696747, 49.604291, 0], [39.714635, 49.606479, 0], [39.750232, 49.596719, 0], [39.805312, 49.55805, 0], [39.838914, 49.563518, 0], [39.890224, 49.558359, 0], [39.934601, 49.572783, 0], [39.952223, 49.596549, 0], [40.056729, 49.606573, 0], [40.063538, 49.599233, 0], [40.135258, 49.616254, 0], [40.168435, 49.568921, 0], [40.037599, 49.519895, 0], [40.04176, 49.499103, 0], [40.02919, 49.453599, 0], [40.047535, 49.444528, 0], [40.105631, 49.391292, 0], [40.129549, 49.382381, 0], [40.156906, 49.372669, 0], [40.162603, 49.367837, 0], [40.159805, 49.366018, 0], [40.170182, 49.3564, 0], [40.176429, 49.356618, 0], [40.196814, 49.345228, 0], [40.188526, 49.307443, 0], [40.18404, 49.303985, 0], [40.185745, 49.284288, 0], [40.219264, 49.265172, 0], [40.21437, 49.244887, 0], [40.188228, 49.238626, 0], [40.137226, 49.239885, 0], [40.10829, 49.210883, 0], [40.07613, 49.186828, 0], [40.031575, 49.180241, 0], [39.972108, 49.124488, 0], [39.958701, 49.105564, 0], [39.938169, 49.082798, 0], [39.942532, 49.071347, 0], [39.937951, 49.056277, 0], [39.910263, 49.057462, 0], [39.880305, 49.06432, 0], [39.803143, 49.059202, 0], [39.787133, 49.049358, 0], [39.766623, 49.040132, 0], [39.74032, 49.04222, 0], [39.693366, 49.05054, 0], [39.682089, 49.045779, 0], [39.673217, 49.03933, 0], [39.683582, 49.036925, 0], [39.681736, 49.028733, 0], [39.675663, 49.026888, 0], [39.673658, 49.014934, 0], [39.679204, 49.012886, 0], [39.670277, 49.003148, 0], [39.663411, 49.000872, 0], [39.67693, 48.989538, 0], [39.691124, 48.99629, 0], [39.693269, 48.999302, 0], [39.699288, 49.00097, 0], [39.705674, 48.997642, 0], [39.707619, 48.99359, 0], [39.71677, 48.987067, 0], [39.717623, 48.982354, 0], [39.73038, 48.978202, 0], [39.747268, 48.987412, 0], [39.75208, 48.986592, 0], [39.748412, 48.979267, 0], [39.75779, 48.966535, 0], [39.775576, 48.955491, 0], [39.776879, 48.946025, 0], [39.790097, 48.938471, 0], [39.782372, 48.915745, 0], [39.805377, 48.914842, 0], [39.818635, 48.905788, 0], [39.818786, 48.895506, 0], [39.828093, 48.887404, 0], [39.834653, 48.891944, 0], [39.836789, 48.903052, 0], [39.845802, 48.902911, 0], [39.853161, 48.890737, 0], [39.924336, 48.895717, 0], [39.940309, 48.886691, 0], [39.950652, 48.875459, 0], [39.99343, 48.868286, 0], [40.00398, 48.900793, 0], [40.031195, 48.915801, 0], [40.055495, 48.910098, 0], [40.071286, 48.876975, 0], [40.078831, 48.869867, 0], [39.976403, 48.793903, 0], [39.936737, 48.800795, 0], [39.886255, 48.820946, 0], [39.830439, 48.833554, 0], [39.827832, 48.831465, 0], [39.807503, 48.838581, 0], [39.808044, 48.83948, 0], [39.804672, 48.843576, 0], [39.797126, 48.840576, 0], [39.785854, 48.799158, 0], [39.780194, 48.786082, 0], [39.773495, 48.784419, 0], [39.765451, 48.778079, 0], [39.76363, 48.771034, 0], [39.766036, 48.771031, 0], [39.76866, 48.769329, 0], [39.768551, 48.76631, 0], [39.766204, 48.764237, 0], [39.76094, 48.763862, 0], [39.755303, 48.767977, 0], [39.740082, 48.766418, 0], [39.736376, 48.752183, 0], [39.736921, 48.748898, 0], [39.738736, 48.747477, 0], [39.739365, 48.743631, 0], [39.737309, 48.743188, 0], [39.733628, 48.744907, 0], [39.732192, 48.744333, 0], [39.731647, 48.742096, 0], [39.728882, 48.74109, 0], [39.725011, 48.740452, 0], [39.725599, 48.737681, 0], [39.724062, 48.734598, 0], [39.722706, 48.731886, 0], [39.726615, 48.729372, 0], [39.725463, 48.72709, 0], [39.704838, 48.721463, 0], [39.712262, 48.715916, 0], [39.712561, 48.71167, 0], [39.704492, 48.706805, 0], [39.713158, 48.700835, 0], [39.717876, 48.703361, 0], [39.720211, 48.697203, 0], [39.715965, 48.695208, 0], [39.718827, 48.693317, 0], [39.716681, 48.689934, 0], [39.718497, 48.687429, 0], [39.722546, 48.684956, 0], [39.722967, 48.684162, 0], [39.721986, 48.682727, 0], [39.717084, 48.68144, 0], [39.714196, 48.680225, 0], [39.713498, 48.676128, 0], [39.712113, 48.674652, 0], [39.704033, 48.671485, 0], [39.701721, 48.669404, 0], [39.702902, 48.667225, 0], [39.704576, 48.666624, 0], [39.710291, 48.668063, 0], [39.711308, 48.667218, 0], [39.709526, 48.662254, 0], [39.711486, 48.655636, 0], [39.709238, 48.654562, 0], [39.706436, 48.656887, 0], [39.70544, 48.656548, 0], [39.70227, 48.653309, 0], [39.699904, 48.652604, 0], [39.693715, 48.649408, 0], [39.691241, 48.646322, 0], [39.69153, 48.644962, 0], [39.69377, 48.643208, 0], [39.694362, 48.639673, 0], [39.69424, 48.637614, 0], [39.687768, 48.632823, 0], [39.680063, 48.629498, 0], [39.671535, 48.624331, 0], [39.667989, 48.621313, 0], [39.661447, 48.610904, 0], [39.660623, 48.60909, 0], [39.661023, 48.606551, 0], [39.663374, 48.604922, 0], [39.667113, 48.605231, 0], [39.670576, 48.604588, 0], [39.670944, 48.603218, 0], [39.668158, 48.601311, 0], [39.668176, 48.598181, 0], [39.668806, 48.596567, 0], [39.671427, 48.595451, 0], [39.675274, 48.59694, 0], [39.676001, 48.59795, 0], [39.678671, 48.59812, 0], [39.680608, 48.596402, 0], [39.679654, 48.595476, 0], [39.678178, 48.59586, 0], [39.676018, 48.594721, 0], [39.675839, 48.591785, 0], [39.676478, 48.590863, 0], [39.678799, 48.590094, 0], [39.679467, 48.590602, 0], [39.679362, 48.591808, 0], [39.682672, 48.592689, 0], [39.687101, 48.589208, 0], [39.687271, 48.587084, 0], [39.67699, 48.589013, 0], [39.671325, 48.58924, 0], [39.633431, 48.581263, 0], [39.623602, 48.587026, 0], [39.621071, 48.586713, 0], [39.619525, 48.583023, 0], [39.611029, 48.574051, 0], [39.601073, 48.574959, 0], [39.596866, 48.579502, 0], [39.605878, 48.585521, 0], [39.606406, 48.588618, 0], [39.600613, 48.592875, 0], [39.591386, 48.59225, 0], [39.584164, 48.588304, 0], [39.57434, 48.581738, 0], [39.564086, 48.584599, 0], [39.569414, 48.591116, 0], [39.563564, 48.599089, 0], [39.554981, 48.598295, 0], [39.549059, 48.595854, 0], [39.549316, 48.585976, 0], [39.539875, 48.584017, 0], [39.530691, 48.585691, 0], [39.529249, 48.591218, 0], [39.535012, 48.592838, 0], [39.534191, 48.596769, 0], [39.526932, 48.598541, 0], [39.524524, 48.602638, 0], [39.529832, 48.609362, 0], [39.528054, 48.612874, 0], [39.512924, 48.62213, 0], [39.517571, 48.626699, 0], [39.518343, 48.630272, 0], [39.516579, 48.633726, 0], [39.511638, 48.635704, 0], [39.494856, 48.633064, 0], [39.481982, 48.629065, 0], [39.475845, 48.629462, 0], [39.467219, 48.628555, 0], [39.465427, 48.633504, 0], [39.46868, 48.63769, 0], [39.465815, 48.638667, 0], [39.457564, 48.638654, 0], [39.454217, 48.639788, 0], [39.451642, 48.641036, 0], [39.449577, 48.64456, 0], [39.4498, 48.650403, 0], [39.45131, 48.65171, 0], [39.453387, 48.652815, 0], [39.452375, 48.654713, 0], [39.450178, 48.655674, 0], [39.446504, 48.656303, 0], [39.43895, 48.654942, 0], [39.432325, 48.656751, 0], [39.420748, 48.658225, 0], [39.414234, 48.656694, 0], [39.410696, 48.657658, 0], [39.408035, 48.659813, 0], [39.408207, 48.661457, 0], [39.413528, 48.666842, 0], [39.413872, 48.668429, 0], [39.411726, 48.670527, 0], [39.405823, 48.673814, 0], [39.402647, 48.674437, 0], [39.397993, 48.674608, 0], [39.390526, 48.678801, 0], [39.389172, 48.680388, 0], [39.390931, 48.68376, 0], [39.389601, 48.684752, 0], [39.381705, 48.685516, 0], [39.379559, 48.686281, 0], [39.377988, 48.686239, 0], [39.367319, 48.691976, 0], [39.365892, 48.692231, 0], [39.360313, 48.6958, 0], [39.355955, 48.697216, 0], [39.350505, 48.707639, 0], [39.34866, 48.708715, 0], [39.346857, 48.712227, 0], [39.34864, 48.713473, 0], [39.354134, 48.713246, 0], [39.360161, 48.715681, 0], [39.365268, 48.716842, 0], [39.370461, 48.715964, 0], [39.372082, 48.715936, 0], [39.373789, 48.717494, 0], [39.374185, 48.718655, 0], [39.372606, 48.719872, 0], [39.36913, 48.72007, 0], [39.361534, 48.722307, 0], [39.355226, 48.725251, 0], [39.353724, 48.726893, 0], [39.354075, 48.729648, 0], [39.357078, 48.732309, 0], [39.358877, 48.733904, 0], [39.358874, 48.736178, 0], [39.358194, 48.737008, 0], [39.349268, 48.742498, 0], [39.347208, 48.745781, 0], [39.347029, 48.750214, 0], [39.346178, 48.751044, 0], [39.343141, 48.757363, 0], [39.343365, 48.759212, 0], [39.34553, 48.761663, 0], [39.349175, 48.762154, 0], [39.351328, 48.763097, 0], [39.353895, 48.765492, 0], [39.354504, 48.766831, 0], [39.352783, 48.767944, 0], [39.351063, 48.768547, 0], [39.347245, 48.768387, 0], [39.340338, 48.766303, 0], [39.336136, 48.765982, 0], [39.331673, 48.766604, 0], [39.326605, 48.768311, 0], [39.326086, 48.770018, 0], [39.327485, 48.772111, 0], [39.327974, 48.773695, 0], [39.326258, 48.775561, 0], [39.324549, 48.776051, 0], [39.314592, 48.774807, 0], [39.311846, 48.774072, 0], [39.308834, 48.771998, 0], [39.303091, 48.765416, 0], [39.299915, 48.76304, 0], [39.29262, 48.760607, 0], [39.291496, 48.759438, 0], [39.290645, 48.75625, 0], [39.289283, 48.753686, 0], [39.289522, 48.751516, 0], [39.286436, 48.748903, 0], [39.282062, 48.748611, 0], [39.27889, 48.749341, 0], [39.276661, 48.752336, 0], [39.274778, 48.753683, 0], [39.272385, 48.753889, 0], [39.270811, 48.752761, 0], [39.270304, 48.751214, 0], [39.271677, 48.747762, 0], [39.270811, 48.743989, 0], [39.268665, 48.741951, 0], [39.26447, 48.741255, 0], [39.258537, 48.742744, 0], [39.256313, 48.742272, 0], [39.255026, 48.740687, 0], [39.255284, 48.738776, 0], [39.259231, 48.733838, 0], [39.256141, 48.726874, 0], [39.253965, 48.724404, 0], [39.253309, 48.722061, 0], [39.253902, 48.720155, 0], [39.249782, 48.712567, 0], [39.243517, 48.709622, 0], [39.23959, 48.709127, 0], [39.235993, 48.71109, 0], [39.232366, 48.711415, 0], [39.226787, 48.708979, 0], [39.224899, 48.70677, 0], [39.219406, 48.705184, 0], [39.212539, 48.70122, 0], [39.207175, 48.698302, 0], [39.203184, 48.698614, 0], [39.200373, 48.700002, 0], [39.19915, 48.702267, 0], [39.198356, 48.705779, 0], [39.197519, 48.706487, 0], [39.19651, 48.706516, 0], [39.195108, 48.703901, 0], [39.190902, 48.699822, 0], [39.185417, 48.693401, 0], [39.18164, 48.685752, 0], [39.174251, 48.680331, 0], [39.163351, 48.675741, 0], [39.157436, 48.675382, 0], [39.151943, 48.676288, 0], [39.148674, 48.675287, 0], [39.144514, 48.670914, 0], [39.141901, 48.666653, 0], [39.141643, 48.665066, 0], [39.142673, 48.663535, 0], [39.141986, 48.66087, 0], [39.13949, 48.659642, 0], [39.127309, 48.660474, 0], [39.123189, 48.66002, 0], [39.11683, 48.656751, 0], [39.111938, 48.653349, 0], [39.10362, 48.649871, 0], [39.098556, 48.650892, 0], [39.084909, 48.650665, 0], [39.075897, 48.651629, 0], [39.074352, 48.650438, 0], [39.054868, 48.647036, 0], [39.04268, 48.646468, 0], [39.038084, 48.647187, 0], [39.035548, 48.648245, 0], [39.03345, 48.651978, 0], [39.032209, 48.652876, 0], [39.02851, 48.653009, 0], [39.019155, 48.656978, 0], [39.012374, 48.658338, 0], [39.010318, 48.660086, 0], [39.009635, 48.662628, 0], [39.012982, 48.664045, 0], [39.018562, 48.664102, 0], [39.021652, 48.662401, 0], [39.025428, 48.661976, 0], [39.027488, 48.663251, 0], [39.026286, 48.667276, 0], [39.023883, 48.669884, 0], [39.020536, 48.672264, 0], [39.020278, 48.675608, 0], [39.019584, 48.679141, 0], [39.016369, 48.680945, 0], [39.014356, 48.683429, 0], [39.015729, 48.688642, 0], [39.01555, 48.694894, 0], [39.004829, 48.696347, 0], [39.001817, 48.698009, 0], [38.99985, 48.7002, 0], [38.999507, 48.703995, 0], [38.99822, 48.707677, 0], [38.998988, 48.711198, 0], [38.996925, 48.711604, 0], [38.991925, 48.710004, 0], [38.986925, 48.71016, 0], [38.984308, 48.71183, 0], [38.984744, 48.713624, 0], [38.988864, 48.715209, 0], [38.993921, 48.716191, 0], [38.998048, 48.717474, 0], [38.999335, 48.719626, 0], [38.998391, 48.724269, 0], [38.991439, 48.730611, 0], [38.989543, 48.734989, 0], [38.984458, 48.737582, 0], [38.982205, 48.740288, 0], [38.982334, 48.742192, 0], [38.981218, 48.743847, 0], [38.978814, 48.744894, 0], [38.974999, 48.744765, 0], [38.972565, 48.743586, 0], [38.969834, 48.743749, 0], [38.966948, 48.745206, 0], [38.964095, 48.746196, 0], [38.961133, 48.74614, 0], [38.959932, 48.742913, 0], [38.961219, 48.739913, 0], [38.961048, 48.736517, 0], [38.956948, 48.734069, 0], [38.94607, 48.734451, 0], [38.94371, 48.733856, 0], [38.934011, 48.735781, 0], [38.932466, 48.7368, 0], [38.934354, 48.742913, 0], [38.937959, 48.744074, 0], [38.93886, 48.745814, 0], [38.938281, 48.746684, 0], [38.936961, 48.747119, 0], [38.935057, 48.746856, 0], [38.933667, 48.746026, 0], [38.930652, 48.745276, 0], [38.924633, 48.745036, 0], [38.922724, 48.745008, 0], [38.921308, 48.744611, 0], [38.919969, 48.743423, 0], [38.91803, 48.742914, 0], [38.914323, 48.744385, 0], [38.912575, 48.746875, 0], [38.911137, 48.748007, 0], [38.908777, 48.749252, 0], [38.904742, 48.75061, 0], [38.901094, 48.750908, 0], [38.89882, 48.750186, 0], [38.892039, 48.750441, 0], [38.881332, 48.750186, 0], [38.880238, 48.750611, 0], [38.879079, 48.752478, 0], [38.87762, 48.752591, 0], [38.871695, 48.751308, 0], [38.863881, 48.751382, 0], [38.860958, 48.750738, 0], [38.860604, 48.74979, 0], [38.85938, 48.749592, 0], [38.85539, 48.749648, 0], [38.84715, 48.742913, 0], [38.836078, 48.723269, 0], [38.83007, 48.71704, 0], [38.80844, 48.713416, 0], [38.76707, 48.714322, 0], [38.753516, 48.718494, 0], [38.691727, 48.729363, 0]]]}}, {"type": "Feature", "properties": {"name": "\u041e\u043a\u0443\u043f\u043e\u0432\u0430\u043d\u043e /// Occupied\u00a0/// geoJSON.status.occupied", "date": "2025-10-31"}, "geometry": {"type": "Polygon", "coordinates": [[[38.114411, 48.765763, 0], [38.1246895, 48.771521, 0], [38.143346, 48.7720248, 0], [38.1765961, 48.7778728, 0], [38.1751807, 48.7799392, 0], [38.1776629, 48.7802664, 0], [38.1768014, 48.7832012, 0], [38.1684741, 48.7900128, 0], [38.1758537, 48.7954672, 0], [38.1706069, 48.8041951, 0], [38.1660999, 48.8097538, 0], [38.175348, 48.8108963, 0], [38.1838001, 48.8085839, 0], [38.183518, 48.814314, 0], [38.176364, 48.857596, 0], [38.165202, 48.861697, 0], [38.166521, 48.869644, 0], [38.174909, 48.883318, 0], [38.178399, 48.900702, 0], [38.166464, 48.904362, 0], [38.154355, 48.910729, 0], [38.155292, 48.913993, 0], [38.16035, 48.913478, 0], [38.1640715, 48.9123347, 0], [38.1656884, 48.9174798, 0], [38.1643014, 48.920433, 0], [38.1640366, 48.9231933, 0], [38.1629346, 48.9252927, 0], [38.1639758, 48.9272563, 0], [38.1644095, 48.9301332, 0], [38.183631, 48.929371, 0], [38.195775, 48.928016, 0], [38.222726, 48.934585, 0], [38.23259, 48.940945, 0], [38.23465, 48.944666, 0], [38.234227, 48.946566, 0], [38.233873, 48.95314, 0], [38.237048, 48.956521, 0], [38.244862, 48.956245, 0], [38.258858, 48.969268, 0], [38.241062, 49.005535, 0], [38.262698, 49.024532, 0], [38.284528, 49.026568, 0], [38.299791, 49.024992, 0], [38.691727, 48.729363, 0], [38.674549, 48.729363, 0], [38.678412, 48.723701, 0], [38.630135, 48.721172, 0], [38.583218, 48.71987, 0], [38.578419, 48.70943, 0], [38.577732, 48.696742, 0], [38.572231, 48.689056, 0], [38.559446, 48.686695, 0], [38.548978, 48.675294, 0], [38.539451, 48.673509, 0], [38.527284, 48.674642, 0], [38.516148, 48.670562, 0], [38.515247, 48.666367, 0], [38.496708, 48.663192, 0], [38.480228, 48.659111, 0], [38.464428, 48.656408, 0], [38.445202, 48.655048, 0], [38.431476, 48.650492, 0], [38.426326, 48.638696, 0], [38.436275, 48.629243, 0], [38.441253, 48.617271, 0], [38.438793, 48.611028, 0], [38.40607, 48.60193, 0], [38.402637, 48.59194, 0], [38.402637, 48.547867, 0], [38.414303, 48.520605, 0], [38.411566, 48.510568, 0], [38.405377, 48.473366, 0], [38.393024, 48.436606, 0], [38.389247, 48.432278, 0], [38.390964, 48.415874, 0], [38.367914, 48.402171, 0], [38.354228, 48.390346, 0], [38.343578, 48.384437, 0], [38.321754, 48.371053, 0], [38.290706, 48.361631, 0], [38.273689, 48.359192, 0], [38.238521, 48.386717, 0], [38.18906, 48.416533, 0], [38.163094, 48.402117, 0], [38.148548, 48.414482, 0], [38.135244, 48.419039, 0], [38.117477, 48.420805, 0], [38.113706, 48.408013, 0], [38.042123, 48.409086, 0], [38.00477, 48.393954, 0], [37.978623, 48.391275, 0], [37.974959, 48.381115, 0], [37.970152, 48.380317, 0], [37.958486, 48.377104, 0], [37.950083, 48.373433, 0], [37.942264, 48.362251, 0], [37.944796, 48.35967, 0], [37.942023, 48.357463, 0], [37.934841, 48.360987, 0], [37.931785, 48.360573, 0], [37.929296, 48.35949, 0], [37.923617, 48.352797, 0], [37.918552, 48.346527, 0], [37.905496, 48.340438, 0], [37.870527, 48.35431, 0], [37.851891, 48.364657, 0], [37.804819, 48.382094, 0], [37.800613, 48.386654, 0], [37.79964, 48.390836, 0], [37.803282, 48.390491, 0], [37.807156, 48.399451, 0], [37.805546, 48.402741, 0], [37.809966, 48.405953, 0], [37.816232, 48.404007, 0], [37.817607, 48.404658, 0], [37.817309, 48.406587, 0], [37.817879, 48.406967, 0], [37.816402, 48.409434, 0], [37.817208, 48.40977, 0], [37.818701, 48.4072, 0], [37.81875, 48.40675, 0], [37.82225, 48.403864, 0], [37.824241, 48.404834, 0], [37.824615, 48.404636, 0], [37.826654, 48.404166, 0], [37.829577, 48.405898, 0], [37.831681, 48.40683, 0], [37.834493, 48.40553, 0], [37.836173, 48.405427, 0], [37.839589, 48.404623, 0], [37.84291, 48.4088422, 0], [37.8381325, 48.4132865, 0], [37.8097601, 48.4239026, 0], [37.7997566, 48.4334497, 0], [37.8019607, 48.4373523, 0], [37.8083433, 48.4408847, 0], [37.8167109, 48.4417518, 0], [37.8292915, 48.4394779, 0], [37.840558, 48.445467, 0], [37.834365, 48.453136, 0], [37.830919, 48.472528, 0], [37.829497, 48.48317, 0], [37.832435, 48.485475, 0], [37.83975, 48.483001, 0], [37.846691, 48.486778, 0], [37.8495126, 48.4896442, 0], [37.8654514, 48.4880924, 0], [37.893644, 48.4795881, 0], [37.9078339, 48.4782895, 0], [37.9172254, 48.483381, 0], [37.913785, 48.494049, 0], [37.913603, 48.495616, 0], [37.922798, 48.501308, 0], [37.922846, 48.503458, 0], [37.915023, 48.5042482, 0], [37.8960647, 48.4984343, 0], [37.8804919, 48.500019, 0], [37.8767623, 48.5061526, 0], [37.8819287, 48.5138549, 0], [37.9104604, 48.5140228, 0], [37.89824, 48.529817, 0], [37.889102, 48.529644, 0], [37.879422, 48.537403, 0], [37.865217, 48.543091, 0], [37.864638, 48.547155, 0], [37.85702, 48.547242, 0], [37.858394, 48.554579, 0], [37.853233, 48.55549, 0], [37.854594, 48.568472, 0], [37.841239, 48.570267, 0], [37.837702, 48.571583, 0], [37.837734, 48.578143, 0], [37.8344, 48.578295, 0], [37.832281, 48.580757, 0], [37.82467, 48.581572, 0], [37.820656, 48.584733, 0], [37.821106, 48.58816, 0], [37.818144, 48.590592, 0], [37.817543, 48.593017, 0], [37.808635, 48.592126, 0], [37.808559, 48.593604, 0], [37.813675, 48.595394, 0], [37.813393, 48.597669, 0], [37.804326, 48.59899, 0], [37.782024, 48.599128, 0], [37.766901, 48.602, 0], [37.76508, 48.610661, 0], [37.779034, 48.611865, 0], [37.77902, 48.619189, 0], [37.780687, 48.619304, 0], [37.783298, 48.611646, 0], [37.807735, 48.61321, 0], [37.810094, 48.622159, 0], [37.816384, 48.62371, 0], [37.822763, 48.629034, 0], [37.821488, 48.634534, 0], [37.817853, 48.635957, 0], [37.814656, 48.6454, 0], [37.838295, 48.660332, 0], [37.855883, 48.672342, 0], [37.861776, 48.669412, 0], [37.865103, 48.671647, 0], [37.883278, 48.675242, 0], [37.887105, 48.678506, 0], [37.901281, 48.679053, 0], [37.911087, 48.683402, 0], [37.910775, 48.684626, 0], [37.915522, 48.688725, 0], [37.910438, 48.690366, 0], [37.910612, 48.69161, 0], [37.911874, 48.693012, 0], [37.912389, 48.695675, 0], [37.919066, 48.697536, 0], [37.929521, 48.702656, 0], [37.934579, 48.703062, 0], [37.93865, 48.702072, 0], [37.962794, 48.7011, 0], [37.979729, 48.707306, 0], [37.988396, 48.716876, 0], [37.99097, 48.725148, 0], [37.998693, 48.738288, 0], [38.013382, 48.739464, 0], [38.022599, 48.740876, 0], [38.026323, 48.741013, 0], [38.027763, 48.745535, 0], [38.027522, 48.74731, 0], [38.028426, 48.749363, 0], [38.029467, 48.750722, 0], [38.034627, 48.750284, 0], [38.042234, 48.747044, 0], [38.048427, 48.747183, 0], [38.051358, 48.748509, 0], [38.053961, 48.747843, 0], [38.058238, 48.748224, 0], [38.060568, 48.749069, 0], [38.068867, 48.756066, 0], [38.074149, 48.76112, 0], [38.069968, 48.765454, 0], [38.069562, 48.769335, 0], [38.070639, 48.77178, 0], [38.082247, 48.771194, 0], [38.092482, 48.767893, 0], [38.108832, 48.765336, 0], [38.114411, 48.765763, 0]]]}}, {"type": "Feature", "properties": {"name": "\u041e\u043a\u0443\u043f\u043e\u0432\u0430\u043d\u043e /// Occupied /// geoJSON.status.occupied", "date": "2025-10-31"}, "geometry": {"type": "Polygon", "coordinates": [[[31.518518, 46.312396, 0], [31.514742, 46.321287, 0], [31.513711, 46.330179, 0], [31.511479, 46.349257, 0], [31.516114, 46.360752, 0], [31.521523, 46.366971, 0], [31.527681, 46.369473, 0], [31.532692, 46.369628, 0], [31.535128, 46.367947, 0], [31.534548, 46.361535, 0], [31.536029, 46.356367, 0], [31.53577, 46.347421, 0], [31.536371, 46.33729, 0], [31.532852, 46.319332, 0], [31.535857, 46.305635, 0], [31.541864, 46.2901, 0], [31.552335, 46.278237, 0], [31.56367, 46.268092, 0], [31.576891, 46.260557, 0], [31.592767, 46.25302, 0], [31.609842, 46.246668, 0], [31.62778, 46.245188, 0], [31.64589, 46.244773, 0], [31.671382, 46.249933, 0], [31.680824, 46.248864, 0], [31.67975, 46.244443, 0], [31.674235, 46.245022, 0], [31.663227, 46.241802, 0], [31.655932, 46.239308, 0], [31.651727, 46.235745, 0], [31.655626, 46.232572, 0], [31.664569, 46.230217, 0], [31.677116, 46.229168, 0], [31.697744, 46.223741, 0], [31.711017, 46.222028, 0], [31.768221, 46.212319, 0], [31.849782, 46.19973, 0], [31.914504, 46.188302, 0], [31.974889, 46.180603, 0], [32.007135, 46.176861, 0], [32.032856, 46.175489, 0], [32.040351, 46.173599, 0], [32.040981, 46.172443, 0], [32.046073, 46.172892, 0], [32.05025, 46.1726, 0], [32.053882, 46.17053, 0], [32.059059, 46.170244, 0], [32.067755, 46.168159, 0], [32.077824, 46.166905, 0], [32.082855, 46.16737, 0], [32.08271, 46.166345, 0], [32.07982, 46.165498, 0], [32.022212, 46.174043, 0], [31.986536, 46.178304, 0], [31.966135, 46.180063, 0], [31.904302, 46.188215, 0], [31.860308, 46.195154, 0], [31.70108, 46.221792, 0], [31.673753, 46.227354, 0], [31.637322, 46.234212, 0], [31.590959, 46.251238, 0], [31.562127, 46.266905, 0], [31.54049, 46.282745, 0], [31.523327, 46.3019, 0], [31.518518, 46.312396, 0]]]}}, {"type": "Feature", "properties": {"name": "\u041e\u043a\u0443\u043f\u043e\u0432\u0430\u043d\u043e /// Occupied /// geoJSON.status.occupied", "date": "2025-10-31"}, "geometry": {"type": "Polygon", "coordinates": [[[36.400835, 50.30717, 0], [36.409299, 50.312446, 0], [36.425543, 50.32827, 0], [36.433698, 50.330681, 0], [36.440317, 50.31098, 0], [36.472289, 50.313161, 0], [36.487653, 50.311665, 0], [36.489951, 50.309924, 0], [36.489689, 50.307838, 0], [36.492712, 50.30452, 0], [36.500702, 50.299248, 0], [36.511151, 50.295369, 0], [36.512759, 50.295767, 0], [36.515658, 50.295914, 0], [36.516363, 50.295165, 0], [36.526607, 50.293474, 0], [36.526091, 50.29249, 0], [36.525286, 50.29206, 0], [36.525136, 50.290731, 0], [36.522815, 50.289145, 0], [36.523917, 50.286424, 0], [36.556128, 50.281366, 0], [36.560789, 50.284236, 0], [36.571219, 50.285748, 0], [36.582933, 50.286282, 0], [36.585614, 50.285885, 0], [36.588574, 50.283269, 0], [36.588033, 50.281698, 0], [36.589552, 50.279346, 0], [36.592663, 50.278079, 0], [36.592604, 50.275718, 0], [36.573943, 50.275045, 0], [36.580365, 50.262584, 0], [36.575109, 50.260672, 0], [36.577894, 50.258635, 0], [36.574008, 50.255268, 0], [36.56865, 50.257768, 0], [36.559931, 50.250796, 0], [36.569199, 50.24454, 0], [36.532801, 50.242425, 0], [36.505396, 50.238677, 0], [36.485493, 50.242206, 0], [36.481032, 50.241639, 0], [36.466356, 50.251404, 0], [36.448247, 50.253593, 0], [36.443985, 50.248337, 0], [36.423299, 50.25399, 0], [36.418364, 50.256871, 0], [36.415918, 50.259725, 0], [36.405358, 50.261131, 0], [36.389385, 50.27628, 0], [36.378047, 50.293766, 0], [36.373927, 50.30029, 0], [36.400835, 50.30717, 0]]]}}, {"type": "Feature", "properties": {"name": "\u041e\u043a\u0443\u043f\u043e\u0432\u0430\u043d\u043e /// Occupied /// geoJSON.status.occupied", "date": "2025-10-31"}, "geometry": {"type": "Polygon", "coordinates": [[[36.760703, 50.289948, 0], [36.764275, 50.291966, 0], [36.768364, 50.30188, 0], [36.800333, 50.306023, 0], [36.803938, 50.309832, 0], [36.820803, 50.313566, 0], [36.828485, 50.31283, 0], [36.833358, 50.313138, 0], [36.851943, 50.327594, 0], [36.862628, 50.331786, 0], [36.872241, 50.335704, 0], [36.882156, 50.336552, 0], [36.915294, 50.346287, 0], [36.937645, 50.350224, 0], [36.957421, 50.34918, 0], [37.032995, 50.348824, 0], [37.031315, 50.33909, 0], [37.038706, 50.33107, 0], [37.04059, 50.32723, 0], [37.053801, 50.322568, 0], [37.053025, 50.319278, 0], [37.043667, 50.317522, 0], [37.038597, 50.320203, 0], [37.022439, 50.3192, 0], [37.016751, 50.314196, 0], [37.01241, 50.309854, 0], [37.009701, 50.30935, 0], [37.002137, 50.312891, 0], [36.991581, 50.308083, 0], [36.98712, 50.308099, 0], [36.978668, 50.309649, 0], [36.973993, 50.306923, 0], [36.95764, 50.304513, 0], [36.953948, 50.3012, 0], [36.948842, 50.30379, 0], [36.945322, 50.302495, 0], [36.946095, 50.299938, 0], [36.934465, 50.297814, 0], [36.936589, 50.292673, 0], [36.93528, 50.292317, 0], [36.9352155, 50.2895477, 0], [36.9285428, 50.2882317, 0], [36.92549, 50.2822503, 0], [36.9215793, 50.2823018, 0], [36.916676, 50.2862435, 0], [36.912578, 50.288561, 0], [36.907771, 50.291303, 0], [36.898287, 50.289932, 0], [36.8860989, 50.2797326, 0], [36.8860772, 50.2779083, 0], [36.854299, 50.266332, 0], [36.8443, 50.264233, 0], [36.837776, 50.261353, 0], [36.837605, 50.258828, 0], [36.833142, 50.256469, 0], [36.829558, 50.254164, 0], [36.823421, 50.249979, 0], [36.821833, 50.249554, 0], [36.808508, 50.248072, 0], [36.789252, 50.2458, 0], [36.772227, 50.255269, 0], [36.755456, 50.260293, 0], [36.739773, 50.265659, 0], [36.727123, 50.267794, 0], [36.720128, 50.277444, 0], [36.728862, 50.27733, 0], [36.739936, 50.282955, 0], [36.742326, 50.281619, 0], [36.744887, 50.281818, 0], [36.744987, 50.280684, 0], [36.748778, 50.280207, 0], [36.749837, 50.2809, 0], [36.750696, 50.283002, 0], [36.750267, 50.286309, 0], [36.748032, 50.287217, 0], [36.747943, 50.288235, 0], [36.75466, 50.290517, 0], [36.760703, 50.289948, 0]]]}}, {"type": "Feature", "properties": {"name": "\u041e\u043a\u0443\u043f\u043e\u0432\u0430\u043d\u043e /// Occupied /// geoJSON.status.occupied", "date": "2025-10-31"}, "geometry": {"type": "Polygon", "coordinates": [[[36.594232, 50.232573, 0], [36.598847, 50.229815, 0], [36.59522, 50.229856, 0], [36.590564, 50.227536, 0], [36.587388, 50.227714, 0], [36.584642, 50.230021, 0], [36.586776, 50.23514, 0], [36.594232, 50.232573, 0]]]}}, {"type": "Feature", "properties": {"name": "\u041e\u043a\u0443\u043f\u043e\u0432\u0430\u043d\u043e /// Occupied /// geoJSON.status.occupied", "date": "2025-10-31"}, "geometry": {"type": "Polygon", "coordinates": [[[37.856208, 48.192846, 0], [37.828593, 48.17515, 0], [37.824622, 48.157818, 0], [37.819855, 48.143897, 0], [37.816804, 48.132292, 0], [37.808937, 48.122079, 0], [37.803832, 48.117289, 0], [37.8002, 48.114966, 0], [37.792021, 48.104528, 0], [37.789283, 48.100177, 0], [37.773053, 48.092032, 0], [37.756436, 48.08667, 0], [37.743087, 48.086825, 0], [37.726651, 48.079582, 0], [37.725794, 48.073324, 0], [37.699702, 48.072204, 0], [37.693049, 48.069307, 0], [37.687749, 48.061894, 0], [37.694294, 48.056545, 0], [37.691199, 48.053406, 0], [37.68785, 48.054754, 0], [37.64781, 48.028944, 0], [37.622662, 48.019444, 0], [37.616482, 48.018095, 0], [37.588566, 48.016021, 0], [37.575455, 48.013961, 0], [37.573394, 48.006899, 0], [37.556143, 48.009855, 0], [37.549621, 47.997364, 0], [37.558546, 47.986451, 0], [37.549941, 47.979664, 0], [37.544791, 47.977423, 0], [37.541201, 47.974587, 0], [37.525158, 47.957202, 0], [37.521854, 47.94582, 0], [37.247009, 48.026722, 0], [37.13538, 48.025524, 0], [37.094593, 48.011965, 0], [37.071043, 48.006485, 0], [37.011852, 48.005883, 0], [36.929174, 48.018008, 0], [36.87622, 48.039136, 0], [36.8603413, 48.0416036, 0], [36.8551891, 48.0453032, 0], [36.8531278, 48.0524431, 0], [36.8582776, 48.0541645, 0], [36.8658308, 48.0531316, 0], [36.8764813, 48.0475693, 0], [36.8855878, 48.0495221, 0], [36.8931487, 48.0593644, 0], [36.9017421, 48.0658789, 0], [36.9015349, 48.0905887, 0], [36.9119121, 48.0922911, 0], [36.912075, 48.100645, 0], [36.914122, 48.102286, 0], [36.90497, 48.103836, 0], [36.903059, 48.113533, 0], [36.915912, 48.113831, 0], [36.912218, 48.129688, 0], [36.904532, 48.134801, 0], [36.90663, 48.139399, 0], [36.906103, 48.143382, 0], [36.907008, 48.164655, 0], [36.915983, 48.166689, 0], [36.93585, 48.18601, 0], [36.941715, 48.188125, 0], [36.952057, 48.194972, 0], [36.951069, 48.202482, 0], [36.960689, 48.218997, 0], [36.96024, 48.227655, 0], [36.967008, 48.237403, 0], [36.9739116, 48.2378738, 0], [36.9741186, 48.2407458, 0], [36.9798515, 48.2412536, 0], [36.980041, 48.2432037, 0], [36.9922591, 48.2461037, 0], [37.0131971, 48.2451659, 0], [37.017581, 48.242844, 0], [37.018077, 48.241751, 0], [37.029007, 48.242907, 0], [37.03835, 48.244378, 0], [37.040486, 48.246641, 0], [37.046332, 48.249762, 0], [37.046086, 48.252084, 0], [37.0511652, 48.2551443, 0], [37.0503241, 48.2616321, 0], [37.05763, 48.263759, 0], [37.07261, 48.264997, 0], [37.078463, 48.26085, 0], [37.0871268, 48.2600806, 0], [37.0963964, 48.2583092, 0], [37.1131655, 48.2720947, 0], [37.1226729, 48.2739308, 0], [37.1347772, 48.2681198, 0], [37.1391715, 48.2694478, 0], [37.144976, 48.2631903, 0], [37.1548304, 48.2758729, 0], [37.1575259, 48.2751297, 0], [37.1530119, 48.2652461, 0], [37.1581886, 48.2559886, 0], [37.1727006, 48.2552741, 0], [37.1717031, 48.2621651, 0], [37.1767406, 48.2672959, 0], [37.1805468, 48.2666044, 0], [37.1857262, 48.2644847, 0], [37.1770367, 48.2558669, 0], [37.1757938, 48.2523451, 0], [37.1721065, 48.249759, 0], [37.1633654, 48.249873, 0], [37.1653239, 48.2384563, 0], [37.169291, 48.235408, 0], [37.169226, 48.233732, 0], [37.174209, 48.23172, 0], [37.175498, 48.228885, 0], [37.181336, 48.23131, 0], [37.183829, 48.228557, 0], [37.197865, 48.22921, 0], [37.198553, 48.22706, 0], [37.1859, 48.225242, 0], [37.18636, 48.217739, 0], [37.196031, 48.216773, 0], [37.207526, 48.216379, 0], [37.211254, 48.213927, 0], [37.216937, 48.214898, 0], [37.216597, 48.21676, 0], [37.21731, 48.21732, 0], [37.219801, 48.217449, 0], [37.219791, 48.216692, 0], [37.217426, 48.216406, 0], [37.217786, 48.214998, 0], [37.222108, 48.210387, 0], [37.231607, 48.210969, 0], [37.236386, 48.213725, 0], [37.250846, 48.211522, 0], [37.259477, 48.215929, 0], [37.261307, 48.22073, 0], [37.267687, 48.219871, 0], [37.277615, 48.216354, 0], [37.286599, 48.21684, 0], [37.285704, 48.220692, 0], [37.302665, 48.223928, 0], [37.306317, 48.230057, 0], [37.304911, 48.231363, 0], [37.306123, 48.232211, 0], [37.308284, 48.230975, 0], [37.309199, 48.231683, 0], [37.308294, 48.234945, 0], [37.313355, 48.23635, 0], [37.312032, 48.245318, 0], [37.316386, 48.24675, 0], [37.315344, 48.250296, 0], [37.317392, 48.25247, 0], [37.317258, 48.253964, 0], [37.322913, 48.254352, 0], [37.32511, 48.252745, 0], [37.329933, 48.253247, 0], [37.331521, 48.25759, 0], [37.336049, 48.257305, 0], [37.340404, 48.253876, 0], [37.347047, 48.258479, 0], [37.3457256, 48.271723, 0], [37.346807, 48.2738026, 0], [37.3593732, 48.2788295, 0], [37.3681638, 48.2827709, 0], [37.372197, 48.287936, 0], [37.3684086, 48.2904191, 0], [37.3648989, 48.2950969, 0], [37.3423293, 48.2932953, 0], [37.333597, 48.2911315, 0], [37.3319028, 48.2929648, 0], [37.3389858, 48.2951469, 0], [37.3711034, 48.2976476, 0], [37.386931, 48.295568, 0], [37.386828, 48.304999, 0], [37.352501, 48.321364, 0], [37.3469467, 48.3277749, 0], [37.3348724, 48.3252547, 0], [37.3301789, 48.3311799, 0], [37.3436234, 48.3331012, 0], [37.341267, 48.339246, 0], [37.329786, 48.349616, 0], [37.324664, 48.351755, 0], [37.323857, 48.363924, 0], [37.309143, 48.364003, 0], [37.305466, 48.350243, 0], [37.3141203, 48.3460643, 0], [37.3100714, 48.3434829, 0], [37.293906, 48.348702, 0], [37.276767, 48.352749, 0], [37.267054, 48.349283, 0], [37.2539178, 48.3433397, 0], [37.2514218, 48.3406137, 0], [37.2449547, 48.3409598, 0], [37.252276, 48.353518, 0], [37.252675, 48.360217, 0], [37.262915, 48.362609, 0], [37.2648453, 48.3693369, 0], [37.2814391, 48.3772143, 0], [37.3006818, 48.3808408, 0], [37.2989311, 48.3843394, 0], [37.287219, 48.3874842, 0], [37.269727, 48.3896019, 0], [37.2685364, 48.397981, 0], [37.2712967, 48.4032994, 0], [37.2704531, 48.407934, 0], [37.2569365, 48.4101263, 0], [37.247883, 48.4094702, 0], [37.2355242, 48.4121306, 0], [37.2407613, 48.4154006, 0], [37.2402061, 48.4166708, 0], [37.2381702, 48.4180692, 0], [37.238805, 48.4192222, 0], [37.2405, 48.4183617, 0], [37.2513579, 48.4172671, 0], [37.2550063, 48.4162741, 0], [37.2598146, 48.4182757, 0], [37.2633896, 48.4187685, 0], [37.2626732, 48.4215398, 0], [37.2576171, 48.4213814, 0], [37.2569547, 48.4240849, 0], [37.2594946, 48.4259033, 0], [37.2641979, 48.4261289, 0], [37.2667554, 48.4245887, 0], [37.2688662, 48.4249545, 0], [37.2687454, 48.4277125, 0], [37.2729298, 48.4280187, 0], [37.2763202, 48.4236188, 0], [37.2872856, 48.4204791, 0], [37.294651, 48.4197761, 0], [37.2942059, 48.4215224, 0], [37.2964719, 48.421469, 0], [37.300604, 48.419252, 0], [37.314775, 48.425291, 0], [37.322046, 48.423771, 0], [37.3331435, 48.4236649, 0], [37.34733, 48.4199559, 0], [37.3840401, 48.4209079, 0], [37.3892614, 48.4345693, 0], [37.3960251, 48.4347259, 0], [37.4057071, 48.4361349, 0], [37.4041575, 48.4408133, 0], [37.4288679, 48.4433308, 0], [37.429519, 48.453964, 0], [37.4320513, 48.456108, 0], [37.4348524, 48.4744189, 0], [37.4522652, 48.4729905, 0], [37.4629013, 48.4646189, 0], [37.4740549, 48.4590094, 0], [37.4917416, 48.4341747, 0], [37.516756, 48.435284, 0], [37.577564, 48.442639, 0], [37.59147, 48.431472, 0], [37.598337, 48.432091, 0], [37.600011, 48.429838, 0], [37.61323, 48.432405, 0], [37.620842, 48.423717, 0], [37.650826, 48.423929, 0], [37.660796, 48.427283, 0], [37.665126, 48.42544, 0], [37.668871, 48.419294, 0], [37.675375, 48.41925, 0], [37.675497, 48.403831, 0], [37.6863444, 48.4029974, 0], [37.6866201, 48.3975801, 0], [37.7050936, 48.3964082, 0], [37.7255447, 48.3972447, 0], [37.7385165, 48.3988714, 0], [37.7365062, 48.4111373, 0], [37.7455865, 48.4121709, 0], [37.7455262, 48.4133468, 0], [37.759763, 48.4146333, 0], [37.7627526, 48.4054359, 0], [37.7635106, 48.398177, 0], [37.76963, 48.3918129, 0], [37.782171, 48.386372, 0], [37.800613, 48.386654, 0], [37.804819, 48.382094, 0], [37.851891, 48.364657, 0], [37.870527, 48.35431, 0], [37.905496, 48.340438, 0], [37.900682, 48.323255, 0], [37.901147, 48.290882, 0], [37.89434, 48.286666, 0], [37.895347, 48.268546, 0], [37.89157, 48.255061, 0], [37.892943, 48.233569, 0], [37.896571, 48.215429, 0], [37.88333, 48.199712, 0], [37.856208, 48.192846, 0]]]}}, {"type": "Feature", "properties": {"name": "\u041e\u043a\u0443\u043f\u043e\u0432\u0430\u043d\u043e /// Occupied /// geoJSON.status.occupied", "date": "2025-10-31"}, "geometry": {"type": "Polygon", "coordinates": [[[35.162895, 51.109577, 0], [35.163753, 51.107367, 0], [35.166672, 51.10575, 0], [35.164097, 51.10505, 0], [35.164354, 51.100738, 0], [35.156458, 51.103756, 0], [35.154655, 51.103002, 0], [35.150535, 51.106397, 0], [35.154484, 51.110223, 0], [35.162895, 51.109577, 0]]]}}, {"type": "Feature", "properties": {"name": "\u041e\u043a\u0443\u043f\u043e\u0432\u0430\u043d\u043e /// Occupied /// geoJSON.status.occupied", "date": "2025-10-31"}, "geometry": {"type": "Polygon", "coordinates": [[[37.639132, 50.178726, 0], [37.643423, 50.174328, 0], [37.647028, 50.174548, 0], [37.657328, 50.164323, 0], [37.668829, 50.152665, 0], [37.684794, 50.145955, 0], [37.694407, 50.140345, 0], [37.700758, 50.134183, 0], [37.708826, 50.133963, 0], [37.707625, 50.127691, 0], [37.713289, 50.121528, 0], [37.7262557, 50.1067205, 0], [37.7337023, 50.1028541, 0], [37.7440646, 50.0937019, 0], [37.755685, 50.078479, 0], [37.7363302, 50.0761739, 0], [37.7257272, 50.0869773, 0], [37.6964664, 50.1019323, 0], [37.677069, 50.113602, 0], [37.665568, 50.113162, 0], [37.663508, 50.115584, 0], [37.656813, 50.116574, 0], [37.645483, 50.11674, 0], [37.637673, 50.120317, 0], [37.637329, 50.123399, 0], [37.63072, 50.124609, 0], [37.626257, 50.12593, 0], [37.626257, 50.130442, 0], [37.631064, 50.132422, 0], [37.626944, 50.137374, 0], [37.617846, 50.137814, 0], [37.595272, 50.139574, 0], [37.589951, 50.14656, 0], [37.597847, 50.148155, 0], [37.604885, 50.159264, 0], [37.615614, 50.165312, 0], [37.62763, 50.167402, 0], [37.626257, 50.176417, 0], [37.639132, 50.178726, 0]]]}}, {"type": "Feature", "properties": {"name": "\u041e\u043a\u0443\u043f\u043e\u0432\u0430\u043d\u043e /// Occupied\u00a0/// geoJSON.status.occupied", "date": "2025-10-31"}, "geometry": {"type": "Polygon", "coordinates": [[[36.5076922, 47.9048152, 0], [36.5187587, 47.9051187, 0], [36.5348828, 47.9186295, 0], [36.5493359, 47.9198802, 0], [36.5528843, 47.9235263, 0], [36.552414, 47.927276, 0], [36.544421, 47.927275, 0], [36.542938, 47.932307, 0], [36.5350569, 47.9343413, 0], [36.5347286, 47.9375256, 0], [36.544887, 47.937224, 0], [36.550333, 47.940962, 0], [36.561321, 47.947226, 0], [36.573339, 47.946476, 0], [36.579519, 47.941816, 0], [36.5890046, 47.9421162, 0], [36.5914945, 47.9440551, 0], [36.5919356, 47.9500012, 0], [36.550708, 47.954003, 0], [36.5429518, 47.9533544, 0], [36.5377609, 47.9478345, 0], [36.5325705, 47.9490405, 0], [36.5293991, 47.9523144, 0], [36.5339135, 47.957856, 0], [36.5422988, 47.962875, 0], [36.5466398, 47.9707705, 0], [36.5488543, 47.9708675, 0], [36.5514635, 47.9615484, 0], [36.56849, 47.959585, 0], [36.614981, 47.951683, 0], [36.630145, 47.950712, 0], [36.62885, 47.957946, 0], [36.6471236, 47.9604942, 0], [36.646786, 47.964472, 0], [36.643816, 47.970748, 0], [36.638286, 47.971599, 0], [36.63507, 47.980337, 0], [36.630823, 47.979997, 0], [36.630416, 47.981248, 0], [36.644644, 47.984832, 0], [36.660032, 47.985974, 0], [36.666572, 47.987097, 0], [36.66428, 47.99406, 0], [36.660988, 47.994096, 0], [36.659513, 47.999455, 0], [36.63974, 47.997067, 0], [36.639364, 47.999044, 0], [36.663017, 48.005044, 0], [36.680455, 48.007166, 0], [36.682051, 48.012119, 0], [36.681294, 48.021995, 0], [36.671593, 48.024299, 0], [36.670998, 48.02553, 0], [36.674485, 48.026701, 0], [36.673387, 48.036837, 0], [36.683926, 48.036444, 0], [36.683484, 48.032162, 0], [36.689565, 48.031898, 0], [36.691428, 48.038715, 0], [36.685712, 48.03938, 0], [36.684818, 48.04726, 0], [36.678329, 48.048766, 0], [36.679221, 48.050187, 0], [36.677882, 48.051264, 0], [36.666686, 48.050637, 0], [36.664206, 48.059482, 0], [36.652036, 48.058276, 0], [36.648016, 48.066482, 0], [36.652959, 48.067573, 0], [36.6544, 48.070613, 0], [36.6549376, 48.0777294, 0], [36.6459476, 48.0848434, 0], [36.6429232, 48.0896823, 0], [36.6437758, 48.0930851, 0], [36.6481504, 48.0932671, 0], [36.664587, 48.0927965, 0], [36.669607, 48.0947914, 0], [36.6840262, 48.0884158, 0], [36.698874, 48.082727, 0], [36.706381, 48.082317, 0], [36.707387, 48.080506, 0], [36.712697, 48.080289, 0], [36.715523, 48.084652, 0], [36.719511, 48.08454, 0], [36.7226202, 48.086434, 0], [36.7289995, 48.0865924, 0], [36.7297856, 48.0847219, 0], [36.7313983, 48.083853, 0], [36.7355, 48.0837867, 0], [36.7360395, 48.0813694, 0], [36.7457506, 48.0790139, 0], [36.7448182, 48.0772316, 0], [36.7281498, 48.0780783, 0], [36.7276184, 48.0722722, 0], [36.740598, 48.068507, 0], [36.748255, 48.062908, 0], [36.74876, 48.060456, 0], [36.743862, 48.059229, 0], [36.74281, 48.053817, 0], [36.744332, 48.049896, 0], [36.751839, 48.049054, 0], [36.758063, 48.052556, 0], [36.76029, 48.052979, 0], [36.762001, 48.055927, 0], [36.76491, 48.055512, 0], [36.767474, 48.052285, 0], [36.773643, 48.049058, 0], [36.774001, 48.047094, 0], [36.784595, 48.0464, 0], [36.785258, 48.049724, 0], [36.794859, 48.048632, 0], [36.800512, 48.0519, 0], [36.80389, 48.051239, 0], [36.804178, 48.047593, 0], [36.807673, 48.046728, 0], [36.812257, 48.040638, 0], [36.819321, 48.040215, 0], [36.82398, 48.038471, 0], [36.8268215, 48.0359589, 0], [36.8303773, 48.0363964, 0], [36.8335285, 48.0356107, 0], [36.8366797, 48.0359728, 0], [36.8395, 48.037995, 0], [36.844229, 48.039084, 0], [36.8527347, 48.0349506, 0], [36.856099, 48.039367, 0], [36.8603413, 48.0416036, 0], [36.87622, 48.039136, 0], [36.929174, 48.018008, 0], [37.011852, 48.005883, 0], [37.071043, 48.006485, 0], [37.094593, 48.011965, 0], [37.13538, 48.025524, 0], [37.247009, 48.026722, 0], [37.521854, 47.94582, 0], [37.542839, 47.932477, 0], [37.53503, 47.918015, 0], [37.5686, 47.907768, 0], [37.575907, 47.907733, 0], [37.644034, 47.886626, 0], [37.634262, 47.838423, 0], [37.634549, 47.802538, 0], [37.623169, 47.77311, 0], [37.637589, 47.751994, 0], [37.67268, 47.724717, 0], [37.764495, 47.684702, 0], [37.775529, 47.675427, 0], [37.803977, 47.660196, 0], [37.831275, 47.656729, 0], [37.852385, 47.641694, 0], [37.84586, 47.623762, 0], [37.815994, 47.585221, 0], [37.819427, 47.546303, 0], [37.892555, 47.469773, 0], [37.878478, 47.441684, 0], [37.863715, 47.426588, 0], [37.855819, 47.403124, 0], [37.856849, 47.392898, 0], [37.850326, 47.384298, 0], [37.83831, 47.378022, 0], [37.841643, 47.369022, 0], [37.851599, 47.365534, 0], [37.841743, 47.358489, 0], [37.837623, 47.352442, 0], [37.848609, 47.350116, 0], [37.859152, 47.354371, 0], [37.861212, 47.347858, 0], [37.856849, 47.343603, 0], [37.844489, 47.341974, 0], [37.829283, 47.342507, 0], [37.827323, 47.328479, 0], [37.824577, 47.321498, 0], [37.831786, 47.314981, 0], [37.834876, 47.30823, 0], [37.827666, 47.302643, 0], [37.833846, 47.285412, 0], [37.833503, 47.249301, 0], [37.811187, 47.201271, 0], [37.800544, 47.173272, 0], [37.818054, 47.119099, 0], [37.829283, 47.112742, 0], [37.83831, 47.099704, 0], [37.821989, 47.09092, 0], [37.794085, 47.083807, 0], [37.774395, 47.087579, 0], [37.71388, 47.079862, 0], [37.685886, 47.080525, 0], [37.684033, 47.076706, 0], [37.675812, 47.077916, 0], [37.627378, 47.09413, 0], [37.620463, 47.086602, 0], [37.574156, 47.085359, 0], [37.528548, 47.077529, 0], [37.478068, 47.03143, 0], [37.341892, 46.895048, 0], [37.308923, 46.870123, 0], [37.285569, 46.866901, 0], [37.284176, 46.872546, 0], [37.297854, 46.872763, 0], [37.324006, 46.891819, 0], [37.316173, 46.914271, 0], [37.282845, 46.937346, 0], [37.23816, 46.951031, 0], [37.036174, 46.870651, 0], [37.006126, 46.869295, 0], [36.897491, 46.810934, 0], [36.86852, 46.76572, 0], [36.838054, 46.70579, 0], [36.804988, 46.659181, 0], [36.769768, 46.63222, 0], [36.750355, 46.631181, 0], [36.749226, 46.643047, 0], [36.787614, 46.66415, 0], [36.818292, 46.70213, 0], [36.810878, 46.730372, 0], [36.7761, 46.754256, 0], [36.711062, 46.781413, 0], [36.536636, 46.758576, 0], [36.414958, 46.726012, 0], [36.332203, 46.677034, 0], [36.2328, 46.555902, 0], [36.171704, 46.498177, 0], [36.143142, 46.503306, 0], [36.155067, 46.527954, 0], [36.166514, 46.527707, 0], [36.19085, 46.534705, 0], [36.259896, 46.61865, 0], [36.229044, 46.650535, 0], [36.189885, 46.66706, 0], [36.11469, 46.656638, 0], [35.993615, 46.666059, 0], [35.873938, 46.645662, 0], [35.723987, 46.586842, 0], [35.624266, 46.504336, 0], [35.565718, 46.47543, 0], [35.457829, 46.441261, 0], [35.360236, 46.354693, 0], [35.265869, 46.250892, 0], [35.18863, 46.151465, 0], [35.133606, 46.119545, 0], [35.066419, 46.099387, 0], [34.978187, 46.076659, 0], [34.991294, 46.104591, 0], [35.030825, 46.127364, 0], [35.029347, 46.145017, 0], [35.136833, 46.162033, 0], [35.209023, 46.190401, 0], [35.253203, 46.248701, 0], [35.298987, 46.299007, 0], [35.294302, 46.306424, 0], [35.300092, 46.314492, 0], [35.317442, 46.317067, 0], [35.331193, 46.331158, 0], [35.31792, 46.337862, 0], [35.307895, 46.348318, 0], [35.289804, 46.356581, 0], [35.266102, 46.355554, 0], [35.254946, 46.404982, 0], [35.268036, 46.432201, 0], [35.246448, 46.446405, 0], [35.211759, 46.447041, 0], [35.218273, 46.430405, 0], [35.193173, 46.370951, 0], [35.178357, 46.362948, 0], [35.138002, 46.348282, 0], [35.11777, 46.314272, 0], [35.079862, 46.276666, 0], [35.024814, 46.256333, 0], [34.903003, 46.236419, 0], [34.833782, 46.200162, 0], [34.83464, 46.115559, 0], [34.852473, 46.009247, 0], [34.895963, 45.89884, 0], [34.977053, 45.765285, 0], [34.958219, 45.760037, 0], [34.800881, 45.804735, 0], [34.796134, 45.892053, 0], [34.782879, 45.904975, 0], [34.752716, 45.910231, 0], [34.700883, 45.959179, 0], [34.651415, 45.973908, 0], [34.556042, 45.988691, 0], [34.478552, 45.946947, 0], [34.436726, 45.968164, 0], [34.382464, 46.034692, 0], [34.227754, 46.060816, 0], [34.160772, 46.08043, 0], [34.122582, 46.108122, 0], [34.038334, 46.116935, 0], [33.82395, 46.187069, 0], [33.740532, 46.185128, 0], [33.714554, 46.196894, 0], [33.6897, 46.204334, 0], [33.60668, 46.146878, 0], [33.580572, 46.157178, 0], [33.545372, 46.12331, 0], [33.513984, 46.107515, 0], [33.561688, 46.074055, 0], [33.515116, 46.08243, 0], [33.496699, 46.070314, 0], [33.493142, 46.052719, 0], [33.51018, 46.028452, 0], [33.491141, 46.03224, 0], [33.460422, 46.046034, 0], [33.437087, 46.040165, 0], [33.407575, 46.040962, 0], [33.366461, 46.07525, 0], [33.349946, 46.093137, 0], [33.318315, 46.099114, 0], [33.318234, 46.076303, 0], [33.288547, 46.074961, 0], [33.278039, 46.094525, 0], [33.302996, 46.093595, 0], [33.308611, 46.114316, 0], [33.284009, 46.12504, 0], [33.256658, 46.138651, 0], [33.208021, 46.127029, 0], [33.222893, 46.157038, 0], [33.195306, 46.170137, 0], [33.181455, 46.147562, 0], [33.14047, 46.127642, 0], [33.101575, 46.131873, 0], [33.062645, 46.155591, 0], [33.031475, 46.149726, 0], [33.029605, 46.113243, 0], [32.913276, 46.106793, 0], [32.863717, 46.115723, 0], [32.828978, 46.111371, 0], [32.758447, 46.119028, 0], [32.732848, 46.109787, 0], [32.703745, 46.106234, 0], [32.67705, 46.099817, 0], [32.646659, 46.107865, 0], [32.596141, 46.095849, 0], [32.544276, 46.080477, 0], [32.539628, 46.073498, 0], [32.541847, 46.068187, 0], [32.55212, 46.068282, 0], [32.620055, 46.0604, 0], [32.719364, 46.039073, 0], [32.795279, 46.03031, 0], [32.878574, 46.025916, 0], [32.908036, 46.026622, 0], [32.926517, 46.031197, 0], [32.936279, 46.039686, 0], [32.941407, 46.046089, 0], [32.972882, 46.030736, 0], [33.017451, 46.025675, 0], [33.049658, 46.027752, 0], [33.070055, 46.014197, 0], [33.036377, 46.008034, 0], [32.968043, 46.012572, 0], [32.912066, 46.010401, 0], [32.739615, 46.033613, 0], [32.637881, 46.053703, 0], [32.574897, 46.063727, 0], [32.546537, 46.065294, 0], [32.389221, 46.094552, 0], [32.226041, 46.131886, 0], [32.238387, 46.149805, 0], [32.227939, 46.168376, 0], [32.239877, 46.178544, 0], [32.221809, 46.187739, 0], [32.208103, 46.186828, 0], [32.20613, 46.172209, 0], [32.187022, 46.175695, 0], [32.165963, 46.196922, 0], [32.12115, 46.204421, 0], [32.087826, 46.22149, 0], [32.077751, 46.238949, 0], [32.051416, 46.249814, 0], [32.028542, 46.245625, 0], [31.969511, 46.257237, 0], [31.955596, 46.265925, 0], [31.943742, 46.285588, 0], [31.936819, 46.292171, 0], [31.904488, 46.297468, 0], [31.895066, 46.280773, 0], [31.883288, 46.273445, 0], [31.874001, 46.265286, 0], [31.870831, 46.265803, 0], [31.86122, 46.272172, 0], [31.850738, 46.268283, 0], [31.847697, 46.267951, 0], [31.835191, 46.272857, 0], [31.833142, 46.269821, 0], [31.834694, 46.266167, 0], [31.818304, 46.26434, 0], [31.813241, 46.264773, 0], [31.814358, 46.269477, 0], [31.809724, 46.272123, 0], [31.791702, 46.273917, 0], [31.784514, 46.268892, 0], [31.784407, 46.265113, 0], [31.779602, 46.264496, 0], [31.777196, 46.268157, 0], [31.783287, 46.272539, 0], [31.782128, 46.276867, 0], [31.77511, 46.282294, 0], [31.775544, 46.28549, 0], [31.771212, 46.288867, 0], [31.774506, 46.293952, 0], [31.768016, 46.296545, 0], [31.758091, 46.294869, 0], [31.747738, 46.298168, 0], [31.745589, 46.30605, 0], [31.772538, 46.327173, 0], [31.823448, 46.337131, 0], [31.868275, 46.334384, 0], [31.969769, 46.348389, 0], [32.009049, 46.364143, 0], [32.035568, 46.416592, 0], [32.029038, 46.437569, 0], [32.002243, 46.453458, 0], [31.974844, 46.439231, 0], [31.952823, 46.437483, 0], [31.892118, 46.456829, 0], [31.797018, 46.478139, 0], [31.770904, 46.484579, 0], [31.742039, 46.485338, 0], [31.716453, 46.478678, 0], [31.704264, 46.466577, 0], [31.696917, 46.457512, 0], [31.697124, 46.447264, 0], [31.706976, 46.445455, 0], [31.720264, 46.433355, 0], [31.737666, 46.426222, 0], [31.776887, 46.37412, 0], [31.773838, 46.371159, 0], [31.74521, 46.386432, 0], [31.724946, 46.414472, 0], [31.6943, 46.440337, 0], [31.65675, 46.468916, 0], [31.614245, 46.501946, 0], [31.54695, 46.538732, 0], [31.52162, 46.561607, 0], [31.511296, 46.57669, 0], [31.513416, 46.580829, 0], [31.530518, 46.557632, 0], [31.554083, 46.545465, 0], [31.581672, 46.537248, 0], [31.631498, 46.540518, 0], [31.662856, 46.536405, 0], [31.697651, 46.545034, 0], [31.756921, 46.547955, 0], [31.807071, 46.529464, 0], [31.864914, 46.517622, 0], [31.881562, 46.518298, 0], [31.898754, 46.518606, 0], [31.90491, 46.517962, 0], [31.910906, 46.511556, 0], [31.999388, 46.488028, 0], [32.046395, 46.488939, 0], [32.078878, 46.499234, 0], [32.126377, 46.498662, 0], [32.164698, 46.489533, 0], [32.208497, 46.478155, 0], [32.236933, 46.480278, 0], [32.256442, 46.477196, 0], [32.302096, 46.467799, 0], [32.34392, 46.462486, 0], [32.401301, 46.471994, 0], [32.417638, 46.479462, 0], [32.417841, 46.485038, 0], [32.428259, 46.485388, 0], [32.431676, 46.489187, 0], [32.432689, 46.494759, 0], [32.437721, 46.503362, 0], [32.448322, 46.502869, 0], [32.457067, 46.503811, 0], [32.464782, 46.50806, 0], [32.489129, 46.527383, 0], [32.500265, 46.533445, 0], [32.505695, 46.537963, 0], [32.50899, 46.540014, 0], [32.514585, 46.54101, 0], [32.520688, 46.540356, 0], [32.531855, 46.536868, 0], [32.537546, 46.538063, 0], [32.553804, 46.541271, 0], [32.582333, 46.555126, 0], [32.666501, 46.582534, 0], [32.691777, 46.601258, 0], [32.689077, 46.606416, 0], [32.678738, 46.614152, 0], [32.684459, 46.621245, 0], [32.719988, 46.631762, 0], [32.751121, 46.630308, 0], [32.767524, 46.635578, 0], [32.784392, 46.628019, 0], [32.79871, 46.632116, 0], [32.803575, 46.64089, 0], [32.817026, 46.645891, 0], [32.833632, 46.65495, 0], [32.845933, 46.663276, 0], [32.87011, 46.682514, 0], [32.875045, 46.686842, 0], [32.879959, 46.686474, 0], [32.885731, 46.68905, 0], [32.891023, 46.693202, 0], [32.891767, 46.698237, 0], [32.905306, 46.711285, 0], [32.923355, 46.718326, 0], [32.928559, 46.718374, 0], [32.933393, 46.717207, 0], [32.942776, 46.713303, 0], [32.954231, 46.711542, 0], [32.979847, 46.710469, 0], [32.991091, 46.714538, 0], [33.01958, 46.717745, 0], [33.024894, 46.724573, 0], [33.04052, 46.729226, 0], [33.043353, 46.737227, 0], [33.044173, 46.738481, 0], [33.048438, 46.737604, 0], [33.054173, 46.731432, 0], [33.06219, 46.732265, 0], [33.073312, 46.7384, 0], [33.081979, 46.73801, 0], [33.090411, 46.743645, 0], [33.104047, 46.747501, 0], [33.132062, 46.755128, 0], [33.137166, 46.755756, 0], [33.140191, 46.756687, 0], [33.141455, 46.759367, 0], [33.153349, 46.762795, 0], [33.19787, 46.767502, 0], [33.239884, 46.76354, 0], [33.254381, 46.752574, 0], [33.286306, 46.749398, 0], [33.313396, 46.751477, 0], [33.340157, 46.757042, 0], [33.358896, 46.764016, 0], [33.357445, 46.767035, 0], [33.371611, 46.775729, 0], [33.37056, 46.776837, 0], [33.371408, 46.777142, 0], [33.37247, 46.776123, 0], [33.373373, 46.776487, 0], [33.377184, 46.776306, 0], [33.38953, 46.782727, 0], [33.402938, 46.773597, 0], [33.470266, 46.820961, 0], [33.563472, 46.818209, 0], [33.620298, 46.829034, 0], [33.63746, 46.847176, 0], [33.634028, 46.866257, 0], [33.633822, 46.899514, 0], [33.656816, 46.904678, 0], [33.678446, 46.900926, 0], [33.688159, 46.920449, 0], [33.69561, 46.95542, 0], [33.697668, 46.995131, 0], [33.802317, 47.059017, 0], [33.840787, 47.098524, 0], [33.849951, 47.137794, 0], [33.903126, 47.159977, 0], [33.929814, 47.177216, 0], [33.944844, 47.197252, 0], [33.96786, 47.211277, 0], [33.982732, 47.230662, 0], [34.042234, 47.410429, 0], [34.046677, 47.417654, 0], [34.064873, 47.424317, 0], [34.118345, 47.420566, 0], [34.145724, 47.424467, 0], [34.199289, 47.412104, 0], [34.269679, 47.439549, 0], [34.296102, 47.428688, 0], [34.334911, 47.447001, 0], [34.338371, 47.467761, 0], [34.374131, 47.507196, 0], [34.386948, 47.513875, 0], [34.405218, 47.500758, 0], [34.435839, 47.496913, 0], [34.500622, 47.499673, 0], [34.533137, 47.530459, 0], [34.544529, 47.532707, 0], [34.586248, 47.521809, 0], [34.599039, 47.53467, 0], [34.618034, 47.544491, 0], [34.628377, 47.54583, 0], [34.642071, 47.544419, 0], [34.680198, 47.510731, 0], [34.689413, 47.494893, 0], [34.708981, 47.490582, 0], [34.749153, 47.492601, 0], [34.792304, 47.467747, 0], [34.825201, 47.464803, 0], [34.859923, 47.451254, 0], [34.874183, 47.449528, 0], [34.874741, 47.437558, 0], [34.863371, 47.420884, 0], [34.883713, 47.406118, 0], [34.935443, 47.391632, 0], [34.968692, 47.389233, 0], [35.02882, 47.418144, 0], [35.046158, 47.437757, 0], [35.062432, 47.448694, 0], [35.102228, 47.451038, 0], [35.148662, 47.445686, 0], [35.202642, 47.445003, 0], [35.264423, 47.473907, 0], [35.280796, 47.472193, 0], [35.273654, 47.493721, 0], [35.280896, 47.503398, 0], [35.299381, 47.510983, 0], [35.313504, 47.512683, 0], [35.326426, 47.516816, 0], [35.334722, 47.525284, 0], [35.337152, 47.530162, 0], [35.331903, 47.547142, 0], [35.3279538, 47.5639106, 0], [35.3246898, 47.5692112, 0], [35.3366449, 47.5698028, 0], [35.3449054, 47.5722469, 0], [35.3626279, 47.5676964, 0], [35.3752382, 47.5681638, 0], [35.376159, 47.557772, 0], [35.378542, 47.554642, 0], [35.38895, 47.558321, 0], [35.400989, 47.55864, 0], [35.397757, 47.546647, 0], [35.397308, 47.540278, 0], [35.402973, 47.537641, 0], [35.419282, 47.535041, 0], [35.431521, 47.537583, 0], [35.449143, 47.542409, 0], [35.460844, 47.540686, 0], [35.47711, 47.543683, 0], [35.48561, 47.544909, 0], [35.486299, 47.547351, 0], [35.488364, 47.547775, 0], [35.493777, 47.545417, 0], [35.494554, 47.544102, 0], [35.504532, 47.544173, 0], [35.504748, 47.546631, 0], [35.50827, 47.546912, 0], [35.509647, 47.544231, 0], [35.5361804, 47.5462177, 0], [35.5372545, 47.5436815, 0], [35.5549371, 47.5445062, 0], [35.571915, 47.538567, 0], [35.590302, 47.528366, 0], [35.592551, 47.519323, 0], [35.613134, 47.504301, 0], [35.616157, 47.504308, 0], [35.616503, 47.506237, 0], [35.621182, 47.507665, 0], [35.623629, 47.505846, 0], [35.636935, 47.510964, 0], [35.640841, 47.507493, 0], [35.632903, 47.502978, 0], [35.634628, 47.500488, 0], [35.654663, 47.500962, 0], [35.670484, 47.502209, 0], [35.687063, 47.509761, 0], [35.699524, 47.506848, 0], [35.711504, 47.505541, 0], [35.71853, 47.494788, 0], [35.731603, 47.490714, 0], [35.746391, 47.489885, 0], [35.745142, 47.486822, 0], [35.782257, 47.485668, 0], [35.790682, 47.480885, 0], [35.799375, 47.473519, 0], [35.802804, 47.468193, 0], [35.801941, 47.458572, 0], [35.819438, 47.458363, 0], [35.846408, 47.455432, 0], [35.849034, 47.459394, 0], [35.855421, 47.46178, 0], [35.887118, 47.462917, 0], [35.895732, 47.463472, 0], [35.896111, 47.46596, 0], [35.911615, 47.468917, 0], [35.921493, 47.475232, 0], [35.924055, 47.494728, 0], [35.932591, 47.493496, 0], [35.941642, 47.493887, 0], [35.940888, 47.511993, 0], [35.949274, 47.514615, 0], [35.960504, 47.513776, 0], [35.971276, 47.510066, 0], [35.9755, 47.51024, 0], [35.99517, 47.512605, 0], [36.018983, 47.511316, 0], [36.020784, 47.515904, 0], [36.03001, 47.522289, 0], [36.031684, 47.526124, 0], [36.067136, 47.526256, 0], [36.073734, 47.532932, 0], [36.08291, 47.551831, 0], [36.087362, 47.573854, 0], [36.105724, 47.578503, 0], [36.116706, 47.57794, 0], [36.128116, 47.574827, 0], [36.133198, 47.575124, 0], [36.186966, 47.580843, 0], [36.204652, 47.58213, 0], [36.210516, 47.577125, 0], [36.213363, 47.576649, 0], [36.215387, 47.577164, 0], [36.224363, 47.578084, 0], [36.222591, 47.587522, 0], [36.270766, 47.595041, 0], [36.310331, 47.605718, 0], [36.338205, 47.618398, 0], [36.340819, 47.626658, 0], [36.346058, 47.633036, 0], [36.342619, 47.637722, 0], [36.349994, 47.64079, 0], [36.362513, 47.631886, 0], [36.367813, 47.628263, 0], [36.373645, 47.629057, 0], [36.372782, 47.632743, 0], [36.376723, 47.635141, 0], [36.386071, 47.636121, 0], [36.385252, 47.640369, 0], [36.386104, 47.641154, 0], [36.39142, 47.641648, 0], [36.403082, 47.643679, 0], [36.417049, 47.63785, 0], [36.448273, 47.6489681, 0], [36.4439457, 47.6615456, 0], [36.4500974, 47.6746503, 0], [36.4471735, 47.6868177, 0], [36.4371141, 47.6881219, 0], [36.4164372, 47.6870941, 0], [36.4128344, 47.6904024, 0], [36.4102532, 47.7092523, 0], [36.4118902, 47.7100424, 0], [36.4443322, 47.7123376, 0], [36.4528645, 47.7172221, 0], [36.4538787, 47.7216533, 0], [36.4479051, 47.7321401, 0], [36.4476817, 47.7334174, 0], [36.4433599, 47.7339009, 0], [36.4429863, 47.7351926, 0], [36.4496884, 47.7398393, 0], [36.4610334, 47.7424374, 0], [36.4608923, 47.7482681, 0], [36.4597083, 47.7507529, 0], [36.4562639, 47.7540925, 0], [36.4558652, 47.7597646, 0], [36.4486767, 47.7644038, 0], [36.4357357, 47.763331, 0], [36.4348886, 47.765097, 0], [36.4398778, 47.7664014, 0], [36.437952, 47.7711064, 0], [36.4333317, 47.7705969, 0], [36.4287498, 47.7736879, 0], [36.4227016, 47.7760397, 0], [36.4203954, 47.7737147, 0], [36.4164588, 47.7742737, 0], [36.4221463, 47.781275, 0], [36.4215503, 47.7840167, 0], [36.4076659, 47.7916384, 0], [36.4060392, 47.7990331, 0], [36.4168231, 47.8106221, 0], [36.4143872, 47.8185207, 0], [36.4219094, 47.8173703, 0], [36.4314902, 47.8110319, 0], [36.4408056, 47.807235, 0], [36.4509239, 47.8073075, 0], [36.4501666, 47.8140627, 0], [36.4449844, 47.8156345, 0], [36.4436203, 47.8246984, 0], [36.4334402, 47.8266922, 0], [36.4234609, 47.829361, 0], [36.4132222, 47.8286288, 0], [36.4118851, 47.834114, 0], [36.4176445, 47.8464596, 0], [36.3741632, 47.8370147, 0], [36.3518622, 47.8374469, 0], [36.3508467, 47.8393759, 0], [36.371132, 47.8436957, 0], [36.3526216, 47.8507227, 0], [36.3232938, 47.8593192, 0], [36.3230481, 47.8608522, 0], [36.3252057, 47.8616941, 0], [36.3531506, 47.8543516, 0], [36.3694732, 47.8552154, 0], [36.3340864, 47.8756211, 0], [36.338541, 47.8774195, 0], [36.3692644, 47.8640395, 0], [36.3893386, 47.8649334, 0], [36.387041, 47.8729592, 0], [36.3895488, 47.8799467, 0], [36.4226556, 47.8796235, 0], [36.4322449, 47.8788399, 0], [36.4477894, 47.8866857, 0], [36.4505601, 47.8869194, 0], [36.4555501, 47.8845611, 0], [36.4601092, 47.8951175, 0], [36.4666142, 47.8957246, 0], [36.4644602, 47.9123879, 0], [36.467472, 47.9154735, 0], [36.4807824, 47.9012321, 0], [36.4830999, 47.9012321, 0], [36.4815571, 47.91689, 0], [36.4855954, 47.9173108, 0], [36.4914974, 47.9087003, 0], [36.4941053, 47.9094, 0], [36.4972278, 47.9005487, 0], [36.5030236, 47.9005863, 0], [36.5018947, 47.9112517, 0], [36.5041133, 47.9120215, 0], [36.5076922, 47.9048152, 0]]]}}, {"type": "Feature", "properties": {"name": "\u041e\u043a\u0443\u043f\u043e\u0432\u0430\u043d\u043e /// Occupied /// geoJSON.status.occupied\n", "date": "2025-10-31"}, "geometry": {"type": "Polygon", "coordinates": [[[37.30872, 48.4476301, 0], [37.3097998, 48.4518042, 0], [37.3146676, 48.4532963, 0], [37.3196919, 48.4559054, 0], [37.3291793, 48.4568636, 0], [37.3299037, 48.4496346, 0], [37.3153628, 48.4462385, 0], [37.3128885, 48.4461074, 0], [37.3130338, 48.444184, 0], [37.3118916, 48.4438262, 0], [37.3118389, 48.4428261, 0], [37.3103602, 48.4425909, 0], [37.3090335, 48.4436577, 0], [37.3098135, 48.4450511, 0], [37.31, 48.4461868, 0], [37.30872, 48.4476301, 0]]]}}, {"type": "Feature", "properties": {"name": "\u041e\u043a\u0443\u043f\u043e\u0432\u0430\u043d\u043e /// Occupied /// geoJSON.status.occupied\n", "date": "2025-10-31"}, "geometry": {"type": "Polygon", "coordinates": [[[37.3006867, 48.4736809, 0], [37.3099333, 48.474712, 0], [37.3068672, 48.4681857, 0], [37.3122553, 48.4653303, 0], [37.3135905, 48.4621518, 0], [37.3030934, 48.4583482, 0], [37.3006867, 48.4736809, 0]]]}}, {"type": "Feature", "properties": {"name": "\u041e\u043a\u0443\u043f\u043e\u0432\u0430\u043d\u043e /// Occupied /// geoJSON.status.occupied\n", "date": "2025-10-31"}, "geometry": {"type": "Polygon", "coordinates": [[[35.3279976, 51.0711103, 0], [35.3215603, 51.0669573, 0], [35.3056816, 51.0621567, 0], [35.2952961, 51.0634513, 0], [35.2868929, 51.0675402, 0], [35.3037933, 51.0742383, 0], [35.304995, 51.0762875, 0], [35.3031925, 51.0774739, 0], [35.3043083, 51.0788759, 0], [35.3116898, 51.078768, 0], [35.3123764, 51.0773121, 0], [35.3279976, 51.0770425, 0], [35.3258518, 51.0741304, 0], [35.3279976, 51.0711103, 0]]]}}]}