{"type": "FeatureCollection", "features": [{"type": "Feature", "properties": {"name": "\u041e\u043a\u0443\u043f\u043e\u0432\u0430\u043d\u043e /// Occupied /// geoJSON.status.occupied\n", "date": "2026-03-30", "layer_type": "russian_occupied"}, "geometry": {"type": "Polygon", "coordinates": [[[35.3279976, 51.0711103, 0], [35.3215603, 51.0669573, 0], [35.3056816, 51.0621567, 0], [35.2952961, 51.0634513, 0], [35.2868929, 51.0675402, 0], [35.3037933, 51.0742383, 0], [35.304995, 51.0762875, 0], [35.3031925, 51.0774739, 0], [35.3043083, 51.0788759, 0], [35.3116898, 51.078768, 0], [35.3123764, 51.0773121, 0], [35.3279976, 51.0770425, 0], [35.3258518, 51.0741304, 0], [35.3279976, 51.0711103, 0]]]}}, {"type": "Feature", "properties": {"name": "\u0417\u0432\u0456\u043b\u044c\u043d\u0435\u043d\u043e /// Liberated\u00a0/// geoJSON.status.dismissed", "date": "2026-03-30", "layer_type": "liberated"}, "geometry": {"type": "Polygon", "coordinates": [[[33.222211, 47.444774, 0], [33.236115, 47.446167, 0], [33.244122, 47.411957, 0], [33.223351, 47.365702, 0], [33.220654, 47.351858, 0], [33.214182, 47.345457, 0], [33.206614, 47.343229, 0], [33.199562, 47.339139, 0], [33.184778, 47.340149, 0], [33.173509, 47.34339, 0], [33.175629, 47.34919, 0], [33.191969, 47.357035, 0], [33.198015, 47.373019, 0], [33.218544, 47.411725, 0], [33.212796, 47.435009, 0], [33.211453, 47.444104, 0], [33.222211, 47.444774, 0]]]}}, {"type": "Feature", "properties": {"name": "\u0417\u0432\u0456\u043b\u044c\u043d\u0435\u043d\u043e /// Liberated\u00a0/// geoJSON.status.dismissed", "date": "2026-03-30", "layer_type": "liberated"}, "geometry": {"type": "Polygon", "coordinates": [[[32.464908, 47.074915, 0], [32.653537, 47.09483, 0], [32.66006, 47.096057, 0], [32.659287, 47.099154, 0], [32.662549, 47.101959, 0], [32.683837, 47.104822, 0], [32.684866, 47.097518, 0], [32.718302, 47.101097, 0], [32.779672, 47.098764, 0], [32.761616, 47.082322, 0], [32.718172, 47.068209, 0], [32.673554, 47.06784, 0], [32.638993, 47.065722, 0], [32.564962, 47.052419, 0], [32.51994, 47.044387, 0], [32.466737, 47.033028, 0], [32.458568, 47.03806, 0], [32.454145, 47.050112, 0], [32.451113, 47.067364, 0], [32.46127, 47.074822, 0], [32.464908, 47.074915, 0]]]}}, {"type": "Feature", "properties": {"name": "\u0417\u0432\u0456\u043b\u044c\u043d\u0435\u043d\u043e 31.03 /// Liberated 31.03\u00a0/// geoJSON.status.dismissed_at {{at:31.03}}", "date": "2026-03-30", "layer_type": "liberated"}, "geometry": {"type": "Polygon", "coordinates": [[[31.663379, 50.607387, 0], [31.67396, 50.610871, 0], [31.693242, 50.618851, 0], [31.773579, 50.65935, 0], [31.807225, 50.671971, 0], [31.832631, 50.700684, 0], [31.897176, 50.719815, 0], [31.961034, 50.735028, 0], [32.009785, 50.762833, 0], [32.071584, 50.820563, 0], [32.03533, 50.847187, 0], [31.990118, 50.856453, 0], [31.969222, 50.834077, 0], [31.951085, 50.827308, 0], [31.979776, 50.803133, 0], [31.964168, 50.79436, 0], [31.906186, 50.814564, 0], [31.880173, 50.822419, 0], [31.870591, 50.86173, 0], [31.960986, 50.888025, 0], [31.911733, 50.934574, 0], [31.896511, 50.963323, 0], [31.921534, 50.966724, 0], [32.112691, 50.948402, 0], [32.123332, 50.928506, 0], [32.025786, 50.923011, 0], [32.135488, 50.828024, 0], [32.125048, 50.807198, 0], [32.134755, 50.797566, 0], [32.143681, 50.786715, 0], [32.089436, 50.750236, 0], [32.033818, 50.720685, 0], [32.003606, 50.707207, 0], [31.95966, 50.696334, 0], [31.912282, 50.691985, 0], [31.86353, 50.675888, 0], [31.839497, 50.650643, 0], [31.770833, 50.630177, 0], [31.724141, 50.603164, 0], [31.692555, 50.584857, 0], [31.675389, 50.578317, 0], [31.663029, 50.585729, 0], [31.656163, 50.591832, 0], [31.65479, 50.59837, 0], [31.663379, 50.607387, 0]]]}}, {"type": "Feature", "properties": {"name": "\u041e\u043a\u0443\u043f\u043e\u0432\u0430\u043d\u043e /// Occupied /// geoJSON.status.occupied", "date": "2026-03-30", "layer_type": "russian_occupied"}, "geometry": {"type": "Polygon", "coordinates": [[[35.887754, 50.437506, 0], [35.889213, 50.438969, 0], [35.89196, 50.438149, 0], [35.894192, 50.437821, 0], [35.895908, 50.438696, 0], [35.9002, 50.439024, 0], [35.901144, 50.438149, 0], [35.903633, 50.438094, 0], [35.904749, 50.438969, 0], [35.907409, 50.437876, 0], [35.909212, 50.435634, 0], [35.911701, 50.434705, 0], [35.919254, 50.435798, 0], [35.920799, 50.437384, 0], [35.923889, 50.435853, 0], [35.927666, 50.434869, 0], [35.92818, 50.433721, 0], [35.932214, 50.431971, 0], [35.9323, 50.430932, 0], [35.935219, 50.430112, 0], [35.937622, 50.431807, 0], [35.937536, 50.433393, 0], [35.939338, 50.433775, 0], [35.94363, 50.433393, 0], [35.941312, 50.431151, 0], [35.935219, 50.428745, 0], [35.92758, 50.430276, 0], [35.924747, 50.431643, 0], [35.912946, 50.431588, 0], [35.903332, 50.433939, 0], [35.904019, 50.435005, 0], [35.897539, 50.43629, 0], [35.894492, 50.435634, 0], [35.890093, 50.436741, 0], [35.887754, 50.437506, 0]]]}}, {"type": "Feature", "properties": {"name": "\u041e\u043a\u0443\u043f\u043e\u0432\u0430\u043d\u043e /// Occupied /// geoJSON.status.occupied", "date": "2026-03-30", "layer_type": "russian_occupied"}, "geometry": {"type": "Polygon", "coordinates": [[[34.930134, 51.205724, 0], [34.936375, 51.208321, 0], [34.939356, 51.211779, 0], [34.940082, 51.217942, 0], [34.944909, 51.219115, 0], [34.95231, 51.219106, 0], [34.952708, 51.222729, 0], [34.950159, 51.22497, 0], [34.950014, 51.227427, 0], [34.958137, 51.228686, 0], [34.976152, 51.233775, 0], [34.979521, 51.235886, 0], [34.982783, 51.233952, 0], [34.982268, 51.232017, 0], [34.993769, 51.2289, 0], [34.999949, 51.229222, 0], [35.004584, 51.231802, 0], [35.009133, 51.231829, 0], [35.012308, 51.230566, 0], [35.012824, 51.228685, 0], [35.021664, 51.223363, 0], [35.023467, 51.220514, 0], [35.028359, 51.219493, 0], [35.031706, 51.219762, 0], [35.037886, 51.218041, 0], [35.039259, 51.204061, 0], [35.051875, 51.209385, 0], [35.062949, 51.215891, 0], [35.063335, 51.218498, 0], [35.061318, 51.222933, 0], [35.069043, 51.230243, 0], [35.074708, 51.231963, 0], [35.084905, 51.230338, 0], [35.105143, 51.232776, 0], [35.11761, 51.229647, 0], [35.119738, 51.231485, 0], [35.149981, 51.223417, 0], [35.149123, 51.221052, 0], [35.137106, 51.215891, 0], [35.13642, 51.210084, 0], [35.142943, 51.207073, 0], [35.143973, 51.20234, 0], [35.13024, 51.19395, 0], [35.13078, 51.173706, 0], [35.134408, 51.170895, 0], [35.123213, 51.165356, 0], [35.126524, 51.159224, 0], [35.130579, 51.156549, 0], [35.137498, 51.153758, 0], [35.140812, 51.151182, 0], [35.135315, 51.1484, 0], [35.136644, 51.144128, 0], [35.144003, 51.140592, 0], [35.143906, 51.13667, 0], [35.142092, 51.13361, 0], [35.115952, 51.12453, 0], [35.097239, 51.127832, 0], [35.05505, 51.112478, 0], [35.047623, 51.112815, 0], [35.047672, 51.115792, 0], [35.042838, 51.116499, 0], [35.04148, 51.112248, 0], [35.03986, 51.1103768, 0], [35.037414, 51.110403, 0], [35.033296, 51.113528, 0], [35.030561, 51.112242, 0], [35.030193, 51.108784, 0], [35.028294, 51.106061, 0], [35.0193974, 51.1068814, 0], [34.999603, 51.1009643, 0], [34.9964969, 51.102557, 0], [35.0054075, 51.1094306, 0], [34.9796357, 51.1088197, 0], [34.9731012, 51.1053617, 0], [34.9728323, 51.108586, 0], [34.9653145, 51.1156433, 0], [34.9552015, 51.1220153, 0], [34.9545258, 51.1270248, 0], [34.9362658, 51.1307955, 0], [34.9274656, 51.1404348, 0], [34.9156219, 51.142912, 0], [34.9020607, 51.12934, 0], [34.884882, 51.138744, 0], [34.878312, 51.129412, 0], [34.867746, 51.122594, 0], [34.8517645, 51.119302, 0], [34.8442892, 51.1168483, 0], [34.8350961, 51.1177885, 0], [34.8285989, 51.122294, 0], [34.8261364, 51.1213054, 0], [34.8118991, 51.1292953, 0], [34.8148296, 51.1347544, 0], [34.8049502, 51.1429358, 0], [34.7986608, 51.1424027, 0], [34.7881348, 51.1523125, 0], [34.7717686, 51.1526934, 0], [34.7573821, 51.1509764, 0], [34.7519197, 51.1678886, 0], [34.7450879, 51.1667922, 0], [34.737125, 51.179299, 0], [34.753156, 51.180891, 0], [34.762156, 51.17649, 0], [34.772528, 51.17467, 0], [34.779197, 51.177273, 0], [34.780716, 51.180951, 0], [34.784296, 51.184414, 0], [34.789684, 51.182124, 0], [34.790317, 51.180117, 0], [34.800175, 51.17558, 0], [34.808658, 51.176424, 0], [34.808729, 51.172854, 0], [34.8134, 51.171608, 0], [34.815924, 51.169392, 0], [34.834829, 51.169323, 0], [34.834786, 51.178283, 0], [34.833155, 51.18256, 0], [34.846674, 51.189191, 0], [34.845772, 51.191302, 0], [34.862166, 51.198994, 0], [34.870406, 51.193239, 0], [34.876427, 51.191209, 0], [34.883356, 51.195747, 0], [34.89829, 51.193273, 0], [34.905629, 51.201085, 0], [34.904041, 51.203411, 0], [34.911851, 51.206464, 0], [34.924254, 51.205234, 0], [34.930134, 51.205724, 0]]]}}, {"type": "Feature", "properties": {"name": "\u041e\u043a\u0443\u043f\u043e\u0432\u0430\u043d\u043e /// Occupied /// geoJSON.status.occupied", "date": "2026-03-30", "layer_type": "russian_occupied"}, "geometry": {"type": "Polygon", "coordinates": [[[38.691727, 48.729363, 0], [38.299791, 49.024992, 0], [38.262698, 49.024532, 0], [38.241062, 49.005535, 0], [38.258858, 48.969268, 0], [38.233873, 48.95314, 0], [38.23259, 48.940945, 0], [38.195775, 48.928016, 0], [38.142769, 48.933357, 0], [38.132843, 48.924137, 0], [38.0902933, 48.9400567, 0], [38.0384761, 48.9264165, 0], [38.031208, 48.917192, 0], [38.022576, 48.8987009, 0], [38.0069113, 48.8935377, 0], [38.0015256, 48.8854813, 0], [37.985961, 48.8874621, 0], [37.9752281, 48.8833804, 0], [37.9715793, 48.8799047, 0], [37.9698189, 48.8834279, 0], [37.9700743, 48.8861844, 0], [37.9600247, 48.883326, 0], [37.9581215, 48.8843254, 0], [37.9676182, 48.8892594, 0], [37.9618057, 48.8957404, 0], [37.9485128, 48.899711, 0], [37.9470374, 48.9046217, 0], [37.9423002, 48.9053574, 0], [37.9346874, 48.9009023, 0], [37.9322546, 48.898336, 0], [37.9299934, 48.9005092, 0], [37.9370505, 48.9087543, 0], [37.9404422, 48.9187692, 0], [37.9548639, 48.9296861, 0], [37.9661973, 48.9378116, 0], [37.9653286, 48.9419142, 0], [37.9537381, 48.9459549, 0], [37.9502394, 48.9407359, 0], [37.9357549, 48.941323, 0], [37.933803, 48.9368311, 0], [37.935628, 48.9273212, 0], [37.930705, 48.9150088, 0], [37.9192613, 48.9123972, 0], [37.8816009, 48.9299537, 0], [37.8789452, 48.9514532, 0], [37.8829035, 48.9599471, 0], [37.9247142, 48.9659619, 0], [37.9669839, 48.9697606, 0], [37.96838, 48.976538, 0], [37.965441, 48.98459, 0], [37.975829, 48.986475, 0], [37.98064, 48.989903, 0], [37.967442, 49.002176, 0], [37.956422, 49.009206, 0], [37.945692, 49.009082, 0], [37.940453, 49.013688, 0], [37.938389, 49.019295, 0], [37.94156, 49.019807, 0], [37.940268, 49.023416, 0], [37.951235, 49.024341, 0], [37.961283, 49.033357, 0], [37.95489, 49.038881, 0], [37.966102, 49.048272, 0], [37.968105, 49.060994, 0], [37.955772, 49.067824, 0], [37.935568, 49.073383, 0], [37.917712, 49.081798, 0], [37.900901, 49.081013, 0], [37.883844, 49.077528, 0], [37.869523, 49.071161, 0], [37.866655, 49.072194, 0], [37.86619, 49.074126, 0], [37.8608946, 49.0814076, 0], [37.8399829, 49.0784861, 0], [37.8203985, 49.0698701, 0], [37.783585, 49.071062, 0], [37.747419, 49.0631634, 0], [37.7220394, 49.0648366, 0], [37.7130459, 49.0691004, 0], [37.720738, 49.082395, 0], [37.721735, 49.088379, 0], [37.706926, 49.089239, 0], [37.6839874, 49.0942648, 0], [37.6818175, 49.0970408, 0], [37.6955048, 49.0996444, 0], [37.7103, 49.101567, 0], [37.714108, 49.102253, 0], [37.715115, 49.1071085, 0], [37.703824, 49.110266, 0], [37.6964577, 49.1050632, 0], [37.6784489, 49.1053093, 0], [37.6789513, 49.1176016, 0], [37.6886444, 49.1282404, 0], [37.7003972, 49.1302842, 0], [37.7095327, 49.1268678, 0], [37.7240818, 49.1332643, 0], [37.7472985, 49.1297186, 0], [37.7536, 49.136166, 0], [37.747495, 49.137986, 0], [37.745681, 49.142893, 0], [37.74892, 49.14743, 0], [37.764481, 49.163179, 0], [37.7638464, 49.1668115, 0], [37.7500095, 49.174491, 0], [37.749046, 49.178692, 0], [37.755336, 49.181574, 0], [37.759911, 49.185634, 0], [37.776544, 49.182906, 0], [37.780561, 49.185225, 0], [37.783937, 49.188134, 0], [37.79455, 49.185673, 0], [37.794786, 49.183885, 0], [37.805966, 49.180848, 0], [37.814419, 49.185799, 0], [37.839223, 49.186051, 0], [37.842278, 49.1906, 0], [37.8839, 49.192806, 0], [37.892682, 49.200398, 0], [37.88074, 49.208092, 0], [37.883474, 49.213581, 0], [37.884149, 49.220472, 0], [37.878299, 49.221606, 0], [37.876396, 49.226102, 0], [37.887527, 49.226464, 0], [37.895111, 49.226009, 0], [37.898306, 49.224458, 0], [37.91873, 49.226813, 0], [37.915586, 49.242748, 0], [37.919478, 49.245847, 0], [37.935564, 49.239305, 0], [37.9510069, 49.2363778, 0], [37.9564918, 49.2402874, 0], [37.9491714, 49.2417166, 0], [37.9502621, 49.2441543, 0], [37.953817, 49.2454436, 0], [37.9500332, 49.2466768, 0], [37.9500259, 49.2479101, 0], [37.9559195, 49.2482486, 0], [37.9670076, 49.2438865, 0], [37.997876, 49.252128, 0], [38.009803, 49.261509, 0], [38.014016, 49.268431, 0], [38.006727, 49.273896, 0], [38.012922, 49.285051, 0], [38.008788, 49.28801, 0], [38.002595, 49.288282, 0], [37.999277, 49.28581, 0], [37.997847, 49.283115, 0], [37.98938, 49.283586, 0], [37.983734, 49.28089, 0], [37.979567, 49.282252, 0], [37.967716, 49.286555, 0], [37.962008, 49.303265, 0], [37.969614, 49.303038, 0], [37.969378, 49.311145, 0], [37.961584, 49.311489, 0], [37.961857, 49.317318, 0], [37.966392, 49.322245, 0], [37.965519, 49.330277, 0], [37.964944, 49.332475, 0], [37.962823, 49.334169, 0], [37.957295, 49.334845, 0], [37.953435, 49.336622, 0], [37.950047, 49.337701, 0], [37.941789, 49.338838, 0], [37.942329, 49.341848, 0], [37.941177, 49.344568, 0], [37.943867, 49.346904, 0], [37.941921, 49.349687, 0], [37.947628, 49.351399, 0], [37.949573, 49.353118, 0], [37.954308, 49.361588, 0], [37.949072, 49.362706, 0], [37.938519, 49.379198, 0], [37.93251, 49.38069, 0], [37.916074, 49.378557, 0], [37.916373, 49.382798, 0], [37.890612, 49.382054, 0], [37.875647, 49.377602, 0], [37.86223, 49.380416, 0], [37.847139, 49.381273, 0], [37.846639, 49.386656, 0], [37.829959, 49.401199, 0], [37.82396, 49.394644, 0], [37.815689, 49.390963, 0], [37.768932, 49.405279, 0], [37.7645106, 49.3973763, 0], [37.7115087, 49.4170643, 0], [37.684216, 49.4121845, 0], [37.6767368, 49.4212577, 0], [37.7084009, 49.4307764, 0], [37.7125011, 49.4417663, 0], [37.7432773, 49.4599297, 0], [37.7579254, 49.4579104, 0], [37.7717094, 49.4682359, 0], [37.7783498, 49.4823508, 0], [37.7435195, 49.4910765, 0], [37.728931, 49.501997, 0], [37.733753, 49.510818, 0], [37.723574, 49.514624, 0], [37.713266, 49.513489, 0], [37.706303, 49.507389, 0], [37.697626, 49.502403, 0], [37.695034, 49.502686, 0], [37.696716, 49.508826, 0], [37.700764, 49.514862, 0], [37.696968, 49.525332, 0], [37.692828, 49.526886, 0], [37.695323, 49.530318, 0], [37.696021, 49.541136, 0], [37.70085, 49.544334, 0], [37.701752, 49.552933, 0], [37.715368, 49.556361, 0], [37.731829, 49.557172, 0], [37.759603, 49.556177, 0], [37.760668, 49.559201, 0], [37.753838, 49.56178, 0], [37.753832, 49.563496, 0], [37.761252, 49.569586, 0], [37.77057, 49.572138, 0], [37.772164, 49.574912, 0], [37.79249, 49.580292, 0], [37.796328, 49.590543, 0], [37.790625, 49.592201, 0], [37.790894, 49.594665, 0], [37.804075, 49.594326, 0], [37.803024, 49.603214, 0], [37.789024, 49.603152, 0], [37.787941, 49.607704, 0], [37.808735, 49.607885, 0], [37.847763, 49.607847, 0], [37.858781, 49.62777, 0], [37.8468807, 49.6371192, 0], [37.839844, 49.646346, 0], [37.827845, 49.647984, 0], [37.827879, 49.65037, 0], [37.8234954, 49.6590714, 0], [37.8013399, 49.6676451, 0], [37.7965109, 49.6687916, 0], [37.802359, 49.686064, 0], [37.800663, 49.693268, 0], [37.835233, 49.694706, 0], [37.8224649, 49.7025735, 0], [37.8220546, 49.7183317, 0], [37.8082997, 49.7305031, 0], [37.763958, 49.749679, 0], [37.75574, 49.744589, 0], [37.735022, 49.747691, 0], [37.732414, 49.750569, 0], [37.7166182, 49.7501969, 0], [37.7140494, 49.7504347, 0], [37.7110517, 49.7599407, 0], [37.694536, 49.764733, 0], [37.689569, 49.763034, 0], [37.677727, 49.763489, 0], [37.67204, 49.767174, 0], [37.666195, 49.774498, 0], [37.657945, 49.779382, 0], [37.650172, 49.779226, 0], [37.6381151, 49.7738941, 0], [37.6232738, 49.7767237, 0], [37.611246, 49.78401, 0], [37.612197, 49.79171, 0], [37.605703, 49.795738, 0], [37.605246, 49.802153, 0], [37.600134, 49.80926, 0], [37.600514, 49.811768, 0], [37.609756, 49.815873, 0], [37.61571, 49.823452, 0], [37.617078, 49.824791, 0], [37.628233, 49.828063, 0], [37.629433, 49.830529, 0], [37.633392, 49.840982, 0], [37.632287, 49.850879, 0], [37.634142, 49.851668, 0], [37.647909, 49.851347, 0], [37.647907, 49.857949, 0], [37.63646, 49.862767, 0], [37.640691, 49.868973, 0], [37.65001, 49.871535, 0], [37.649624, 49.890778, 0], [37.655369, 49.889578, 0], [37.663524, 49.882537, 0], [37.677931, 49.882439, 0], [37.682886, 49.888812, 0], [37.694024, 49.891022, 0], [37.696636, 49.89027, 0], [37.70199, 49.890135, 0], [37.708232, 49.892617, 0], [37.732928, 49.900517, 0], [37.738516, 49.897712, 0], [37.744348, 49.900549, 0], [37.749238, 49.908269, 0], [37.747178, 49.91257, 0], [37.753528, 49.913556, 0], [37.76859, 49.912578, 0], [37.771121, 49.913478, 0], [37.775018, 49.921524, 0], [37.773713, 49.929327, 0], [37.752736, 49.93996, 0], [37.748912, 49.953199, 0], [37.734898, 49.95601, 0], [37.727291, 49.961004, 0], [37.734732, 49.966041, 0], [37.75069, 49.972173, 0], [37.761756, 49.969747, 0], [37.768273, 49.979852, 0], [37.775992, 49.982118, 0], [37.7804197, 49.993807, 0], [37.7784475, 50.0057746, 0], [37.8320536, 50.0148025, 0], [37.852961, 50.037493, 0], [37.873603, 50.048707, 0], [37.876589, 50.053326, 0], [37.893906, 50.050305, 0], [37.926727, 50.034251, 0], [37.930119, 50.027404, 0], [37.939445, 50.015581, 0], [37.965809, 49.979304, 0], [37.980562, 49.976794, 0], [37.999075, 49.963601, 0], [38.005373, 49.967245, 0], [38.043687, 49.932897, 0], [38.020937, 49.925811, 0], [38.032779, 49.900051, 0], [38.056464, 49.923247, 0], [38.124994, 49.942552, 0], [38.126682, 49.92215, 0], [38.171565, 49.941901, 0], [38.162402, 49.951496, 0], [38.196332, 49.969759, 0], [38.217126, 49.987182, 0], [38.185824, 50.022553, 0], [38.18882, 50.033, 0], [38.183827, 50.045832, 0], [38.185066, 50.055692, 0], [38.178568, 50.079969, 0], [38.275685, 50.073117, 0], [38.291305, 50.079178, 0], [38.301154, 50.087142, 0], [38.313196, 50.088337, 0], [38.329442, 50.08551, 0], [38.333976, 50.059093, 0], [38.3512, 50.034741, 0], [38.354164, 50.019048, 0], [38.349575, 50.006444, 0], [38.397563, 49.990585, 0], [38.416008, 49.981338, 0], [38.434095, 50.001019, 0], [38.46804, 49.995247, 0], [38.465914, 49.983961, 0], [38.47752, 49.983271, 0], [38.487706, 49.963602, 0], [38.507898, 49.96403, 0], [38.526715, 49.958271, 0], [38.58157, 49.977416, 0], [38.616078, 49.97439, 0], [38.646196, 49.955937, 0], [38.666941, 49.972156, 0], [38.679731, 49.974494, 0], [38.676054, 49.992814, 0], [38.679052, 50.005448, 0], [38.687546, 50.008152, 0], [38.715136, 49.98771, 0], [38.715315, 49.982384, 0], [38.6853, 49.960344, 0], [38.6929, 49.934766, 0], [38.723247, 49.927005, 0], [38.733846, 49.905025, 0], [38.743847, 49.897307, 0], [38.768232, 49.896044, 0], [38.777683, 49.88532, 0], [38.79015, 49.87851, 0], [38.794958, 49.88331, 0], [38.832017, 49.876702, 0], [38.836346, 49.867366, 0], [38.849104, 49.865103, 0], [38.856713, 49.869139, 0], [38.869398, 49.864488, 0], [38.876416, 49.869423, 0], [38.898467, 49.870416, 0], [38.909338, 49.860103, 0], [38.918648, 49.8579, 0], [38.90505, 49.849149, 0], [38.912225, 49.844315, 0], [38.91057, 49.833276, 0], [38.91366, 49.829789, 0], [38.907392, 49.828412, 0], [38.909372, 49.81917, 0], [38.919124, 49.814665, 0], [38.916163, 49.812724, 0], [38.920357, 49.804946, 0], [38.9287, 49.803888, 0], [38.930753, 49.797174, 0], [38.94035, 49.800888, 0], [38.949095, 49.796102, 0], [38.971138, 49.807221, 0], [38.984906, 49.807783, 0], [39.025667, 49.82248, 0], [39.066233, 49.815349, 0], [39.069763, 49.818731, 0], [39.110366, 49.837773, 0], [39.130738, 49.861568, 0], [39.178402, 49.888001, 0], [39.188395, 49.886222, 0], [39.225656, 49.840184, 0], [39.228114, 49.816503, 0], [39.250371, 49.777802, 0], [39.264639, 49.76848, 0], [39.27547, 49.768026, 0], [39.28556, 49.755666, 0], [39.307924, 49.753044, 0], [39.376963, 49.738424, 0], [39.412062, 49.753111, 0], [39.438201, 49.760006, 0], [39.478761, 49.756475, 0], [39.533835, 49.740848, 0], [39.610109, 49.733798, 0], [39.59136, 49.719134, 0], [39.613305, 49.691362, 0], [39.638379, 49.6351, 0], [39.659995, 49.614811, 0], [39.750232, 49.596719, 0], [39.805312, 49.55805, 0], [39.890224, 49.558359, 0], [39.935131, 49.57399, 0], [39.951954, 49.597472, 0], [40.056729, 49.606573, 0], [40.063538, 49.599233, 0], [40.135258, 49.616254, 0], [40.168435, 49.568921, 0], [40.037599, 49.519895, 0], [40.04176, 49.499103, 0], [40.02919, 49.453599, 0], [40.060275, 49.43587, 0], [40.078125, 49.410189, 0], [40.105631, 49.391292, 0], [40.136835, 49.381814, 0], [40.162603, 49.367837, 0], [40.159805, 49.366018, 0], [40.170182, 49.3564, 0], [40.176429, 49.356618, 0], [40.196814, 49.345228, 0], [40.188526, 49.307443, 0], [40.18404, 49.303985, 0], [40.185745, 49.284288, 0], [40.219264, 49.265172, 0], [40.21437, 49.244887, 0], [40.188228, 49.238626, 0], [40.137226, 49.239885, 0], [40.10829, 49.210883, 0], [40.07613, 49.186828, 0], [40.031575, 49.180241, 0], [39.972108, 49.124488, 0], [39.938169, 49.082798, 0], [39.942532, 49.071347, 0], [39.937951, 49.056277, 0], [39.910263, 49.057462, 0], [39.880305, 49.06432, 0], [39.803143, 49.059202, 0], [39.768105, 49.039893, 0], [39.693366, 49.05054, 0], [39.672317, 49.040569, 0], [39.683582, 49.036925, 0], [39.681736, 49.028733, 0], [39.675663, 49.026888, 0], [39.673658, 49.014934, 0], [39.679204, 49.012886, 0], [39.670277, 49.003148, 0], [39.663411, 49.000872, 0], [39.67693, 48.989538, 0], [39.699288, 49.00097, 0], [39.71677, 48.987067, 0], [39.717623, 48.982354, 0], [39.73038, 48.978202, 0], [39.747268, 48.987412, 0], [39.75208, 48.986592, 0], [39.748412, 48.979267, 0], [39.7767074, 48.9526767, 0], [39.782372, 48.915745, 0], [39.8226741, 48.9032394, 0], [39.8237685, 48.8888564, 0], [39.8353697, 48.8920876, 0], [39.8349555, 48.9009621, 0], [39.845802, 48.902911, 0], [39.853161, 48.890737, 0], [39.924336, 48.895717, 0], [39.9568318, 48.8738784, 0], [39.99343, 48.868286, 0], [40.00398, 48.900793, 0], [40.031195, 48.915801, 0], [40.0613315, 48.9088569, 0], [40.078831, 48.869867, 0], [39.976403, 48.793903, 0], [39.9475121, 48.7964776, 0], [39.8859763, 48.8215592, 0], [39.8298919, 48.832143, 0], [39.807503, 48.838581, 0], [39.808044, 48.83948, 0], [39.804672, 48.843576, 0], [39.797126, 48.840576, 0], [39.785854, 48.799158, 0], [39.780194, 48.786082, 0], [39.773495, 48.784419, 0], [39.765451, 48.778079, 0], [39.7701559, 48.7670144, 0], [39.7634291, 48.762787, 0], [39.755303, 48.767977, 0], [39.740082, 48.766418, 0], [39.736376, 48.752183, 0], [39.740281, 48.7443076, 0], [39.737309, 48.743188, 0], [39.732192, 48.744333, 0], [39.731647, 48.742096, 0], [39.725011, 48.740452, 0], [39.726615, 48.729372, 0], [39.712262, 48.715916, 0], [39.717876, 48.703361, 0], [39.720211, 48.697203, 0], [39.715965, 48.695208, 0], [39.718827, 48.693317, 0], [39.716681, 48.689934, 0], [39.722546, 48.684956, 0], [39.721986, 48.682727, 0], [39.714196, 48.680225, 0], [39.712113, 48.674652, 0], [39.704033, 48.671485, 0], [39.701721, 48.669404, 0], [39.704576, 48.666624, 0], [39.7109647, 48.6680683, 0], [39.7110568, 48.6547855, 0], [39.693715, 48.649408, 0], [39.69153, 48.644962, 0], [39.6945425, 48.6421872, 0], [39.6944975, 48.6364796, 0], [39.667989, 48.621313, 0], [39.661447, 48.610904, 0], [39.6649366, 48.6052475, 0], [39.671091, 48.6048718, 0], [39.670944, 48.603218, 0], [39.668158, 48.601311, 0], [39.669571, 48.59594, 0], [39.6789285, 48.5982903, 0], [39.687271, 48.587084, 0], [39.671325, 48.58924, 0], [39.633431, 48.581263, 0], [39.619525, 48.583023, 0], [39.611029, 48.574051, 0], [39.601073, 48.574959, 0], [39.596866, 48.579502, 0], [39.605878, 48.585521, 0], [39.606406, 48.588618, 0], [39.600613, 48.592875, 0], [39.591386, 48.59225, 0], [39.57434, 48.581738, 0], [39.564086, 48.584599, 0], [39.569414, 48.591116, 0], [39.563564, 48.599089, 0], [39.554981, 48.598295, 0], [39.549059, 48.595854, 0], [39.549316, 48.585976, 0], [39.539875, 48.584017, 0], [39.530691, 48.585691, 0], [39.529249, 48.591218, 0], [39.535012, 48.592838, 0], [39.534191, 48.596769, 0], [39.526932, 48.598541, 0], [39.524524, 48.602638, 0], [39.529832, 48.609362, 0], [39.528054, 48.612874, 0], [39.512924, 48.62213, 0], [39.518343, 48.630272, 0], [39.511638, 48.635704, 0], [39.487882, 48.6299193, 0], [39.467219, 48.628555, 0], [39.465427, 48.633504, 0], [39.4675642, 48.6389378, 0], [39.457562, 48.638651, 0], [39.451642, 48.641036, 0], [39.4498, 48.650403, 0], [39.453387, 48.652815, 0], [39.450178, 48.655674, 0], [39.43895, 48.654942, 0], [39.420748, 48.658225, 0], [39.414234, 48.656694, 0], [39.408207, 48.661457, 0], [39.4155028, 48.6679755, 0], [39.405821, 48.673812, 0], [39.3989371, 48.6752314, 0], [39.3908693, 48.6804445, 0], [39.3911027, 48.68512, 0], [39.3786967, 48.686792, 0], [39.355953, 48.697214, 0], [39.3483161, 48.7119438, 0], [39.3729498, 48.7156244, 0], [39.3725803, 48.7206505, 0], [39.3550115, 48.7271195, 0], [39.3609339, 48.7360082, 0], [39.349266, 48.742496, 0], [39.3422472, 48.759209, 0], [39.349175, 48.762154, 0], [39.351328, 48.763097, 0], [39.354504, 48.766831, 0], [39.3496039, 48.7693956, 0], [39.3366453, 48.7666122, 0], [39.3275431, 48.7686007, 0], [39.3286586, 48.774795, 0], [39.3245889, 48.7769257, 0], [39.311846, 48.774072, 0], [39.308834, 48.771998, 0], [39.303091, 48.765416, 0], [39.299915, 48.76304, 0], [39.29262, 48.760607, 0], [39.291496, 48.759438, 0], [39.290645, 48.75625, 0], [39.289283, 48.753686, 0], [39.289522, 48.751516, 0], [39.286436, 48.748903, 0], [39.282062, 48.748611, 0], [39.27889, 48.749341, 0], [39.276661, 48.752336, 0], [39.274778, 48.753683, 0], [39.272385, 48.753889, 0], [39.270811, 48.752761, 0], [39.270304, 48.751214, 0], [39.271677, 48.747762, 0], [39.270811, 48.743989, 0], [39.268665, 48.741951, 0], [39.26447, 48.741255, 0], [39.258537, 48.742744, 0], [39.256313, 48.742272, 0], [39.255026, 48.740687, 0], [39.255284, 48.738776, 0], [39.259231, 48.733838, 0], [39.256141, 48.726874, 0], [39.253965, 48.724404, 0], [39.253309, 48.722061, 0], [39.253902, 48.720155, 0], [39.249782, 48.712567, 0], [39.243517, 48.709622, 0], [39.23959, 48.709127, 0], [39.235993, 48.71109, 0], [39.232366, 48.711415, 0], [39.226787, 48.708979, 0], [39.224899, 48.70677, 0], [39.219406, 48.705184, 0], [39.212539, 48.70122, 0], [39.207175, 48.698302, 0], [39.203184, 48.698614, 0], [39.200373, 48.700002, 0], [39.19915, 48.702267, 0], [39.198356, 48.705779, 0], [39.197519, 48.706487, 0], [39.19651, 48.706516, 0], [39.195108, 48.703901, 0], [39.190902, 48.699822, 0], [39.185417, 48.693401, 0], [39.18164, 48.685752, 0], [39.174251, 48.680331, 0], [39.163351, 48.675741, 0], [39.157436, 48.675382, 0], [39.151943, 48.676288, 0], [39.148674, 48.675287, 0], [39.144514, 48.670914, 0], [39.141901, 48.666653, 0], [39.141643, 48.665066, 0], [39.142673, 48.663535, 0], [39.141986, 48.66087, 0], [39.13949, 48.659642, 0], [39.127309, 48.660474, 0], [39.123189, 48.66002, 0], [39.11683, 48.656751, 0], [39.111938, 48.653349, 0], [39.10362, 48.649871, 0], [39.098556, 48.650892, 0], [39.084909, 48.650665, 0], [39.075897, 48.651629, 0], [39.074352, 48.650438, 0], [39.054868, 48.647036, 0], [39.04268, 48.646468, 0], [39.038084, 48.647187, 0], [39.035548, 48.648245, 0], [39.03345, 48.651978, 0], [39.032209, 48.652876, 0], [39.02851, 48.653009, 0], [39.019155, 48.656978, 0], [39.012374, 48.658338, 0], [39.010318, 48.660086, 0], [39.009635, 48.662628, 0], [39.012982, 48.664045, 0], [39.018562, 48.664102, 0], [39.021652, 48.662401, 0], [39.025428, 48.661976, 0], [39.027488, 48.663251, 0], [39.026286, 48.667276, 0], [39.023883, 48.669884, 0], [39.020536, 48.672264, 0], [39.020278, 48.675608, 0], [39.019584, 48.679141, 0], [39.016369, 48.680945, 0], [39.014356, 48.683429, 0], [39.015729, 48.688642, 0], [39.01555, 48.694894, 0], [39.004829, 48.696347, 0], [39.001817, 48.698009, 0], [38.99985, 48.7002, 0], [38.999507, 48.703995, 0], [38.99822, 48.707677, 0], [38.998988, 48.711198, 0], [38.996925, 48.711604, 0], [38.991925, 48.710004, 0], [38.986925, 48.71016, 0], [38.984308, 48.71183, 0], [38.984744, 48.713624, 0], [38.988864, 48.715209, 0], [38.993921, 48.716191, 0], [38.998048, 48.717474, 0], [38.999335, 48.719626, 0], [38.998391, 48.724269, 0], [38.991439, 48.730611, 0], [38.989543, 48.734989, 0], [38.984458, 48.737582, 0], [38.982205, 48.740288, 0], [38.982334, 48.742192, 0], [38.981218, 48.743847, 0], [38.978814, 48.744894, 0], [38.974999, 48.744765, 0], [38.972565, 48.743586, 0], [38.969834, 48.743749, 0], [38.966948, 48.745206, 0], [38.964095, 48.746196, 0], [38.961133, 48.74614, 0], [38.959932, 48.742913, 0], [38.961219, 48.739913, 0], [38.961048, 48.736517, 0], [38.956948, 48.734069, 0], [38.94607, 48.734451, 0], [38.94371, 48.733856, 0], [38.934011, 48.735781, 0], [38.932466, 48.7368, 0], [38.934354, 48.742913, 0], [38.937959, 48.744074, 0], [38.93886, 48.745814, 0], [38.938281, 48.746684, 0], [38.936961, 48.747119, 0], [38.935057, 48.746856, 0], [38.933667, 48.746026, 0], [38.930652, 48.745276, 0], [38.924633, 48.745036, 0], [38.922724, 48.745008, 0], [38.921308, 48.744611, 0], [38.919969, 48.743423, 0], [38.91803, 48.742914, 0], [38.914323, 48.744385, 0], [38.912575, 48.746875, 0], [38.911137, 48.748007, 0], [38.908777, 48.749252, 0], [38.904742, 48.75061, 0], [38.901094, 48.750908, 0], [38.89882, 48.750186, 0], [38.892039, 48.750441, 0], [38.881332, 48.750186, 0], [38.880238, 48.750611, 0], [38.879079, 48.752478, 0], [38.87762, 48.752591, 0], [38.871695, 48.751308, 0], [38.863881, 48.751382, 0], [38.860958, 48.750738, 0], [38.860604, 48.74979, 0], [38.85938, 48.749592, 0], [38.85539, 48.749648, 0], [38.84715, 48.742913, 0], [38.836078, 48.723269, 0], [38.83007, 48.71704, 0], [38.80844, 48.713416, 0], [38.76707, 48.714322, 0], [38.753516, 48.718494, 0], [38.691727, 48.729363, 0]]]}}, {"type": "Feature", "properties": {"name": "\u041e\u0441\u0442\u0440\u0456\u0432 \u0422\u0443\u0437\u043b\u0430 /// Occupied Tuzla Island\u00a0/// geoJSON.territories.tuzla", "date": "2026-03-30", "layer_type": "russian_occupied"}, "geometry": {"type": "Polygon", "coordinates": [[[36.519242, 45.293988, 0], [36.531774, 45.286199, 0], [36.547052, 45.279677, 0], [36.557012, 45.267052, 0], [36.578294, 45.249048, 0], [36.571599, 45.250076, 0], [36.549112, 45.261314, 0], [36.54585, 45.26808, 0], [36.537782, 45.273999, 0], [36.533319, 45.279798, 0], [36.518298, 45.288856, 0], [36.50714, 45.295558, 0], [36.519242, 45.293988, 0]]]}}, {"type": "Feature", "properties": {"name": "\u041e\u0420\u0414\u041b\u041e /// CADR and CALR\u00a0/// geoJSON.territories.ordlo", "date": "2026-03-30", "layer_type": "russian_occupied"}, "geometry": {"type": "Polygon", "coordinates": [[[39.082891, 47.851604, 0], [39.082778, 47.869927, 0], [38.839399, 47.864254, 0], [38.835102, 47.816059, 0], [38.788677, 47.815974, 0], [38.798157, 47.77844, 0], [38.788943, 47.737015, 0], [38.770869, 47.720629, 0], [38.773164, 47.685764, 0], [38.754069, 47.684888, 0], [38.730305, 47.680361, 0], [38.729124, 47.698807, 0], [38.670796, 47.698954, 0], [38.6592, 47.700057, 0], [38.665616, 47.697176, 0], [38.665887, 47.669418, 0], [38.629274, 47.669278, 0], [38.629589, 47.653336, 0], [38.620087, 47.64487, 0], [38.456275, 47.644253, 0], [38.456688, 47.617004, 0], [38.35012, 47.616689, 0], [38.350737, 47.576206, 0], [38.31097, 47.576028, 0], [38.31115, 47.553619, 0], [38.305114, 47.544851, 0], [38.284804, 47.544465, 0], [38.284908, 47.508376, 0], [38.295072, 47.508064, 0], [38.2941, 47.490745, 0], [38.289402, 47.476754, 0], [38.302022, 47.475121, 0], [38.302085, 47.39287, 0], [38.300409, 47.391514, 0], [38.286416, 47.391477, 0], [38.286492, 47.37356, 0], [38.258732, 47.373353, 0], [38.245559, 47.363193, 0], [38.247363, 47.361737, 0], [38.250461, 47.357713, 0], [38.246788, 47.351445, 0], [38.24024, 47.346223, 0], [38.230693, 47.343169, 0], [38.230493, 47.338902, 0], [38.222079, 47.332853, 0], [38.225794, 47.332115, 0], [38.227214, 47.32971, 0], [38.221472, 47.327345, 0], [38.220978, 47.30538, 0], [38.336304, 47.306408, 0], [38.334511, 47.301408, 0], [38.328204, 47.300397, 0], [38.327091, 47.299009, 0], [38.327547, 47.297527, 0], [38.333288, 47.296975, 0], [38.333739, 47.296253, 0], [38.333354, 47.292132, 0], [38.32969, 47.289612, 0], [38.328436, 47.284808, 0], [38.325766, 47.284601, 0], [38.323394, 47.281132, 0], [38.327186, 47.279544, 0], [38.326187, 47.277483, 0], [38.327633, 47.27668, 0], [38.33081, 47.275932, 0], [38.333735, 47.268938, 0], [38.333286, 47.268272, 0], [38.329143, 47.266503, 0], [38.330997, 47.264575, 0], [38.330785, 47.263449, 0], [38.324491, 47.256821, 0], [38.288043, 47.2565, 0], [38.288189, 47.23856, 0], [38.260502, 47.238316, 0], [38.253541, 47.233616, 0], [38.247703, 47.233423, 0], [38.246091, 47.23411, 0], [38.242767, 47.232683, 0], [38.241649, 47.232812, 0], [38.240751, 47.232146, 0], [38.239886, 47.232412, 0], [38.237809, 47.232043, 0], [38.237346, 47.231216, 0], [38.236248, 47.230817, 0], [38.235123, 47.231097, 0], [38.234334, 47.230986, 0], [38.232907, 47.22919, 0], [38.232862, 47.22841, 0], [38.233674, 47.228017, 0], [38.234011, 47.227113, 0], [38.233869, 47.225801, 0], [38.234648, 47.225407, 0], [38.236145, 47.225608, 0], [38.23641, 47.225413, 0], [38.236274, 47.2245, 0], [38.236442, 47.224262, 0], [38.238517, 47.22364, 0], [38.238714, 47.223216, 0], [38.238255, 47.222409, 0], [38.238759, 47.221739, 0], [38.23976, 47.221618, 0], [38.240047, 47.221361, 0], [38.240083, 47.220149, 0], [38.239897, 47.219924, 0], [38.239826, 47.218731, 0], [38.240507, 47.218336, 0], [38.241288, 47.218482, 0], [38.242505, 47.217811, 0], [38.24279, 47.217117, 0], [38.24228, 47.216212, 0], [38.242276, 47.215302, 0], [38.241893, 47.214844, 0], [38.241542, 47.212529, 0], [38.241847, 47.212166, 0], [38.241222, 47.211753, 0], [38.240825, 47.210855, 0], [38.241152, 47.210543, 0], [38.241055, 47.210114, 0], [38.239657, 47.208713, 0], [38.237378, 47.208391, 0], [38.234781, 47.202589, 0], [38.23559, 47.196129, 0], [38.236312, 47.139527, 0], [38.234068, 47.135546, 0], [38.231909, 47.129692, 0], [38.229247, 47.127085, 0], [38.228451, 47.122673, 0], [38.230118, 47.119406, 0], [38.211502, 47.107183, 0], [38.186556, 47.093712, 0], [38.163265, 47.065455, 0], [38.084988, 47.020418, 0], [38.080408, 47.026545, 0], [38.106046, 47.047179, 0], [38.131796, 47.053729, 0], [38.132826, 47.06402, 0], [38.122869, 47.080622, 0], [38.104662, 47.095627, 0], [38.08885, 47.105956, 0], [38.062671, 47.110804, 0], [38.054332, 47.108302, 0], [38.040785, 47.096257, 0], [38.040012, 47.091875, 0], [38.032545, 47.08907, 0], [37.993063, 47.099003, 0], [37.975882, 47.095683, 0], [37.979072, 47.09281, 0], [37.99023, 47.091466, 0], [37.983964, 47.083576, 0], [37.895473, 47.110921, 0], [37.87958, 47.106667, 0], [37.862171, 47.106248, 0], [37.83831, 47.099704, 0], [37.829283, 47.112742, 0], [37.818054, 47.119099, 0], [37.800544, 47.173272, 0], [37.811187, 47.201271, 0], [37.833503, 47.249301, 0], [37.833846, 47.285412, 0], [37.827666, 47.302643, 0], [37.834876, 47.30823, 0], [37.831786, 47.314981, 0], [37.824577, 47.321498, 0], [37.827323, 47.328479, 0], [37.829283, 47.342507, 0], [37.844489, 47.341974, 0], [37.856849, 47.343603, 0], [37.861212, 47.347858, 0], [37.859152, 47.354371, 0], [37.848609, 47.350116, 0], [37.837623, 47.352442, 0], [37.841743, 47.358489, 0], [37.851599, 47.365534, 0], [37.841643, 47.369022, 0], [37.83831, 47.378022, 0], [37.850326, 47.384298, 0], [37.856849, 47.392898, 0], [37.855819, 47.403124, 0], [37.863715, 47.426588, 0], [37.878478, 47.441684, 0], [37.892555, 47.469773, 0], [37.819427, 47.546303, 0], [37.815994, 47.585221, 0], [37.84586, 47.623762, 0], [37.852385, 47.641694, 0], [37.831275, 47.656729, 0], [37.803977, 47.660196, 0], [37.775529, 47.675427, 0], [37.764495, 47.684702, 0], [37.67268, 47.724717, 0], [37.637589, 47.751994, 0], [37.623169, 47.77311, 0], [37.634549, 47.802538, 0], [37.634262, 47.838423, 0], [37.644034, 47.886626, 0], [37.575907, 47.907733, 0], [37.5686, 47.907768, 0], [37.53503, 47.918015, 0], [37.542839, 47.932477, 0], [37.521854, 47.94582, 0], [37.525158, 47.957202, 0], [37.532003, 47.964588, 0], [37.541201, 47.974587, 0], [37.544791, 47.977423, 0], [37.549941, 47.979664, 0], [37.558546, 47.986451, 0], [37.549621, 47.997364, 0], [37.556143, 48.009855, 0], [37.573394, 48.006899, 0], [37.575455, 48.013961, 0], [37.588566, 48.016021, 0], [37.616482, 48.018095, 0], [37.622662, 48.019444, 0], [37.64781, 48.028944, 0], [37.68785, 48.054754, 0], [37.691199, 48.053406, 0], [37.694294, 48.056545, 0], [37.687749, 48.061894, 0], [37.693049, 48.069307, 0], [37.699702, 48.072204, 0], [37.725794, 48.073324, 0], [37.726651, 48.079582, 0], [37.743087, 48.086825, 0], [37.756436, 48.08667, 0], [37.773053, 48.092032, 0], [37.789283, 48.100177, 0], [37.792021, 48.104528, 0], [37.8002, 48.114966, 0], [37.804106, 48.117671, 0], [37.808937, 48.122079, 0], [37.816804, 48.132292, 0], [37.819855, 48.143897, 0], [37.824622, 48.157818, 0], [37.828593, 48.17515, 0], [37.856208, 48.192846, 0], [37.88333, 48.199712, 0], [37.896571, 48.215429, 0], [37.892943, 48.233569, 0], [37.89157, 48.255061, 0], [37.895347, 48.268546, 0], [37.89434, 48.286666, 0], [37.901147, 48.290882, 0], [37.900682, 48.323255, 0], [37.905496, 48.340438, 0], [37.918552, 48.346527, 0], [37.923617, 48.352797, 0], [37.929296, 48.35949, 0], [37.931785, 48.360573, 0], [37.934841, 48.360987, 0], [37.942023, 48.357463, 0], [37.944796, 48.35967, 0], [37.942264, 48.362251, 0], [37.950083, 48.373433, 0], [37.958486, 48.377104, 0], [37.970152, 48.380317, 0], [37.974959, 48.381115, 0], [37.978623, 48.391275, 0], [38.004802, 48.393954, 0], [38.042123, 48.409086, 0], [38.068504, 48.408673, 0], [38.113706, 48.408013, 0], [38.117477, 48.420805, 0], [38.135244, 48.419039, 0], [38.148548, 48.414482, 0], [38.163094, 48.402117, 0], [38.18906, 48.416533, 0], [38.238521, 48.386717, 0], [38.273689, 48.359192, 0], [38.290706, 48.361631, 0], [38.321754, 48.371053, 0], [38.343578, 48.384437, 0], [38.354228, 48.390346, 0], [38.367914, 48.402171, 0], [38.390964, 48.415874, 0], [38.389247, 48.432278, 0], [38.393024, 48.436606, 0], [38.405377, 48.473366, 0], [38.411563, 48.51058, 0], [38.414303, 48.520605, 0], [38.402637, 48.547867, 0], [38.402637, 48.59194, 0], [38.40607, 48.60193, 0], [38.438793, 48.611028, 0], [38.441253, 48.617271, 0], [38.436275, 48.629243, 0], [38.426326, 48.638696, 0], [38.431476, 48.650492, 0], [38.445202, 48.655048, 0], [38.464428, 48.656408, 0], [38.480228, 48.659111, 0], [38.496708, 48.663192, 0], [38.515247, 48.666367, 0], [38.516148, 48.670562, 0], [38.527284, 48.674642, 0], [38.539451, 48.673509, 0], [38.548978, 48.675294, 0], [38.559446, 48.686695, 0], [38.572231, 48.689056, 0], [38.577732, 48.696742, 0], [38.578419, 48.70943, 0], [38.583218, 48.71987, 0], [38.630167, 48.721172, 0], [38.678412, 48.723701, 0], [38.674549, 48.729363, 0], [38.691716, 48.729363, 0], [38.753514, 48.718492, 0], [38.767067, 48.71432, 0], [38.808438, 48.713414, 0], [38.830067, 48.717038, 0], [38.836076, 48.723267, 0], [38.847148, 48.742911, 0], [38.855387, 48.749646, 0], [38.859378, 48.74959, 0], [38.860601, 48.749788, 0], [38.860955, 48.750736, 0], [38.863879, 48.75138, 0], [38.871692, 48.751305, 0], [38.877618, 48.752589, 0], [38.879077, 48.752476, 0], [38.880236, 48.750608, 0], [38.88133, 48.750184, 0], [38.892037, 48.750438, 0], [38.898818, 48.750184, 0], [38.901092, 48.750905, 0], [38.90474, 48.750608, 0], [38.908775, 48.74925, 0], [38.911135, 48.748005, 0], [38.912572, 48.746873, 0], [38.914321, 48.744383, 0], [38.918028, 48.742911, 0], [38.919967, 48.743421, 0], [38.921306, 48.744609, 0], [38.922722, 48.745005, 0], [38.93065, 48.745274, 0], [38.933665, 48.746024, 0], [38.935055, 48.746854, 0], [38.936959, 48.747117, 0], [38.938279, 48.746682, 0], [38.938858, 48.745812, 0], [38.937957, 48.744071, 0], [38.934352, 48.742911, 0], [38.932464, 48.736798, 0], [38.934009, 48.735779, 0], [38.943707, 48.733854, 0], [38.946067, 48.734449, 0], [38.956946, 48.734067, 0], [38.961045, 48.736515, 0], [38.961217, 48.739911, 0], [38.95993, 48.742911, 0], [38.961131, 48.746137, 0], [38.964092, 48.746194, 0], [38.966946, 48.745204, 0], [38.969832, 48.743746, 0], [38.972563, 48.743584, 0], [38.974997, 48.744763, 0], [38.978812, 48.744892, 0], [38.981216, 48.743845, 0], [38.982332, 48.742189, 0], [38.982203, 48.740286, 0], [38.984456, 48.73758, 0], [38.989541, 48.734987, 0], [38.991437, 48.730608, 0], [38.998389, 48.724267, 0], [38.999333, 48.719624, 0], [38.998046, 48.717472, 0], [38.993918, 48.716189, 0], [38.988862, 48.715207, 0], [38.984742, 48.713621, 0], [38.984305, 48.711828, 0], [38.986923, 48.710158, 0], [38.991923, 48.710002, 0], [38.996922, 48.711602, 0], [38.998986, 48.711196, 0], [38.998218, 48.707674, 0], [38.999505, 48.703993, 0], [38.999848, 48.700198, 0], [39.001815, 48.698007, 0], [39.004826, 48.696345, 0], [39.015548, 48.694891, 0], [39.015727, 48.68864, 0], [39.014354, 48.683427, 0], [39.016367, 48.680943, 0], [39.019582, 48.679139, 0], [39.020276, 48.675606, 0], [39.020534, 48.672262, 0], [39.023881, 48.669882, 0], [39.026284, 48.667274, 0], [39.027486, 48.663249, 0], [39.025426, 48.661974, 0], [39.021649, 48.662399, 0], [39.018559, 48.6641, 0], [39.01298, 48.664043, 0], [39.009633, 48.662626, 0], [39.010316, 48.660084, 0], [39.012372, 48.658336, 0], [39.019153, 48.656975, 0], [39.028508, 48.653006, 0], [39.032206, 48.652874, 0], [39.033447, 48.651976, 0], [39.035546, 48.648243, 0], [39.038082, 48.647185, 0], [39.042678, 48.646466, 0], [39.054866, 48.647033, 0], [39.07435, 48.650436, 0], [39.075894, 48.651626, 0], [39.084907, 48.650662, 0], [39.098554, 48.650889, 0], [39.103618, 48.649869, 0], [39.111936, 48.653347, 0], [39.116828, 48.656748, 0], [39.123187, 48.660018, 0], [39.127307, 48.660471, 0], [39.139488, 48.65964, 0], [39.141984, 48.660868, 0], [39.142671, 48.663533, 0], [39.141641, 48.665063, 0], [39.141898, 48.66665, 0], [39.144512, 48.670911, 0], [39.148672, 48.675285, 0], [39.151941, 48.676286, 0], [39.157434, 48.675379, 0], [39.163349, 48.675739, 0], [39.174249, 48.680329, 0], [39.181638, 48.68575, 0], [39.185415, 48.693399, 0], [39.1909, 48.69982, 0], [39.195106, 48.703898, 0], [39.196508, 48.706513, 0], [39.197517, 48.706485, 0], [39.198354, 48.705777, 0], [39.199148, 48.702265, 0], [39.200371, 48.699999, 0], [39.203182, 48.698611, 0], [39.207173, 48.6983, 0], [39.219404, 48.705182, 0], [39.224897, 48.706768, 0], [39.226785, 48.708977, 0], [39.232364, 48.711412, 0], [39.23599, 48.711088, 0], [39.239588, 48.709125, 0], [39.243515, 48.709619, 0], [39.24978, 48.712564, 0], [39.2539, 48.720153, 0], [39.253307, 48.722059, 0], [39.253962, 48.724402, 0], [39.256139, 48.726872, 0], [39.259229, 48.733835, 0], [39.255282, 48.738774, 0], [39.255023, 48.740685, 0], [39.256311, 48.74227, 0], [39.258535, 48.742741, 0], [39.264468, 48.741252, 0], [39.268663, 48.741949, 0], [39.270809, 48.743987, 0], [39.271675, 48.74776, 0], [39.270302, 48.751212, 0], [39.270809, 48.752759, 0], [39.272383, 48.753887, 0], [39.274776, 48.753681, 0], [39.276658, 48.752333, 0], [39.278887, 48.749339, 0], [39.28206, 48.748608, 0], [39.286434, 48.748901, 0], [39.28952, 48.751514, 0], [39.289281, 48.753683, 0], [39.290643, 48.756248, 0], [39.291494, 48.759436, 0], [39.292617, 48.760605, 0], [39.299913, 48.763038, 0], [39.303089, 48.765414, 0], [39.308832, 48.771995, 0], [39.311844, 48.774069, 0], [39.3245889, 48.7769257, 0], [39.3286586, 48.774795, 0], [39.3275431, 48.7686007, 0], [39.3366453, 48.7666122, 0], [39.3496039, 48.7693956, 0], [39.354502, 48.766828, 0], [39.351326, 48.763094, 0], [39.3422472, 48.759209, 0], [39.349266, 48.742496, 0], [39.3609339, 48.7360082, 0], [39.3550115, 48.7271195, 0], [39.3725803, 48.7206505, 0], [39.3729498, 48.7156244, 0], [39.3483161, 48.7119438, 0], [39.355953, 48.697214, 0], [39.3786967, 48.686792, 0], [39.3911027, 48.68512, 0], [39.3908693, 48.6804445, 0], [39.3989371, 48.6752314, 0], [39.405821, 48.673812, 0], [39.4155028, 48.6679755, 0], [39.408205, 48.661454, 0], [39.414232, 48.656692, 0], [39.420746, 48.658223, 0], [39.438948, 48.65494, 0], [39.450176, 48.655672, 0], [39.453385, 48.652812, 0], [39.449798, 48.650401, 0], [39.45164, 48.641033, 0], [39.457562, 48.638651, 0], [39.4675642, 48.6389378, 0], [39.465427, 48.633504, 0], [39.467219, 48.628555, 0], [39.487882, 48.6299193, 0], [39.511638, 48.635704, 0], [39.518343, 48.630272, 0], [39.512924, 48.62213, 0], [39.528054, 48.612874, 0], [39.529832, 48.609362, 0], [39.524524, 48.602638, 0], [39.526932, 48.598541, 0], [39.534191, 48.596769, 0], [39.535012, 48.592838, 0], [39.529249, 48.591218, 0], [39.530691, 48.585691, 0], [39.539875, 48.584017, 0], [39.549314, 48.585973, 0], [39.549059, 48.595854, 0], [39.554981, 48.598295, 0], [39.563564, 48.599089, 0], [39.569414, 48.591116, 0], [39.564086, 48.584599, 0], [39.57434, 48.581738, 0], [39.591386, 48.59225, 0], [39.600613, 48.592875, 0], [39.606406, 48.588618, 0], [39.605878, 48.585521, 0], [39.596866, 48.579502, 0], [39.601073, 48.574959, 0], [39.611029, 48.574051, 0], [39.619525, 48.583023, 0], [39.633431, 48.581263, 0], [39.671325, 48.58924, 0], [39.687271, 48.587084, 0], [39.691635, 48.586378, 0], [39.697765, 48.58716, 0], [39.702546, 48.587778, 0], [39.714893, 48.585248, 0], [39.721237, 48.584834, 0], [39.723379, 48.586216, 0], [39.726252, 48.586624, 0], [39.730178, 48.585919, 0], [39.734629, 48.585851, 0], [39.738743, 48.586838, 0], [39.744319, 48.590057, 0], [39.746721, 48.590673, 0], [39.749038, 48.590243, 0], [39.751054, 48.588836, 0], [39.75055, 48.583338, 0], [39.751295, 48.58209, 0], [39.754759, 48.583, 0], [39.770368, 48.587994, 0], [39.772062, 48.591601, 0], [39.773425, 48.592326, 0], [39.789985, 48.593369, 0], [39.796119, 48.591847, 0], [39.800216, 48.589553, 0], [39.804495, 48.585454, 0], [39.80861, 48.583972, 0], [39.812855, 48.583855, 0], [39.82236, 48.586636, 0], [39.825051, 48.586152, 0], [39.826311, 48.584207, 0], [39.825482, 48.581645, 0], [39.820604, 48.579285, 0], [39.821685, 48.578332, 0], [39.846829, 48.572934, 0], [39.85763, 48.561413, 0], [39.854533, 48.552999, 0], [39.858045, 48.545366, 0], [39.857486, 48.537401, 0], [39.866756, 48.508883, 0], [39.866135, 48.504775, 0], [39.861877, 48.501924, 0], [39.856659, 48.501636, 0], [39.853191, 48.503425, 0], [39.84871, 48.50284, 0], [39.846469, 48.499306, 0], [39.847884, 48.495108, 0], [39.847753, 48.485678, 0], [39.846338, 48.473712, 0], [39.857752, 48.463363, 0], [39.897326, 48.448112, 0], [39.898555, 48.445972, 0], [39.896766, 48.44422, 0], [39.889864, 48.443571, 0], [39.888817, 48.441993, 0], [39.895926, 48.429242, 0], [39.910297, 48.421956, 0], [39.912763, 48.41558, 0], [39.906484, 48.407494, 0], [39.906312, 48.403562, 0], [39.908459, 48.402052, 0], [39.91605, 48.40061, 0], [39.918644, 48.397611, 0], [39.917405, 48.39481, 0], [39.906743, 48.392269, 0], [39.905962, 48.390316, 0], [39.907802, 48.388712, 0], [39.914558, 48.386827, 0], [39.916306, 48.384231, 0], [39.917522, 48.379228, 0], [39.92122, 48.375928, 0], [39.926845, 48.375075, 0], [39.93189, 48.376929, 0], [39.935271, 48.384697, 0], [39.938309, 48.387562, 0], [39.941535, 48.387072, 0], [39.943278, 48.383791, 0], [39.934751, 48.372274, 0], [39.93675, 48.367136, 0], [39.940668, 48.365023, 0], [39.939451, 48.360773, 0], [39.944422, 48.357166, 0], [39.94253, 48.354963, 0], [39.947507, 48.35523, 0], [39.943644, 48.34812, 0], [39.930727, 48.348957, 0], [39.918603, 48.347207, 0], [39.918581, 48.341692, 0], [39.877934, 48.334073, 0], [39.859703, 48.334566, 0], [39.845593, 48.332774, 0], [39.845217, 48.329499, 0], [39.840394, 48.329117, 0], [39.841887, 48.318824, 0], [39.840832, 48.310394, 0], [39.858898, 48.309238, 0], [39.88795, 48.309434, 0], [39.887839, 48.304591, 0], [39.901336, 48.294325, 0], [39.910034, 48.291057, 0], [39.909745, 48.287526, 0], [39.911103, 48.285018, 0], [39.910753, 48.282907, 0], [39.909377, 48.280766, 0], [39.910064, 48.27901, 0], [39.908434, 48.278133, 0], [39.90822, 48.277008, 0], [39.909508, 48.276717, 0], [39.909686, 48.276012, 0], [39.910418, 48.276031, 0], [39.911385, 48.275269, 0], [39.912254, 48.273746, 0], [39.911831, 48.27277, 0], [39.910589, 48.272153, 0], [39.910269, 48.271645, 0], [39.911139, 48.27102, 0], [39.913076, 48.271193, 0], [39.914065, 48.271958, 0], [39.914753, 48.271887, 0], [39.915049, 48.271344, 0], [39.91458, 48.270755, 0], [39.91426, 48.269847, 0], [39.914829, 48.269678, 0], [39.917496, 48.270094, 0], [39.91898, 48.270601, 0], [39.919657, 48.271298, 0], [39.921069, 48.27166, 0], [39.922955, 48.271306, 0], [39.924907, 48.271485, 0], [39.925969, 48.27216, 0], [39.925899, 48.272969, 0], [39.925628, 48.273588, 0], [39.925836, 48.273969, 0], [39.927291, 48.275387, 0], [39.927869, 48.276582, 0], [39.929638, 48.277779, 0], [39.931596, 48.277992, 0], [39.932875, 48.279241, 0], [39.934695, 48.279066, 0], [39.934978, 48.27975, 0], [39.934112, 48.280735, 0], [39.932176, 48.281213, 0], [39.930286, 48.28238, 0], [39.930156, 48.282764, 0], [39.930585, 48.283285, 0], [39.932108, 48.28373, 0], [39.933277, 48.283753, 0], [39.934098, 48.283479, 0], [39.935023, 48.28377, 0], [39.936215, 48.285058, 0], [39.93664, 48.286887, 0], [39.937024, 48.288116, 0], [39.936615, 48.289958, 0], [39.936882, 48.291565, 0], [39.937703, 48.292225, 0], [39.938521, 48.292127, 0], [39.941612, 48.292849, 0], [39.943716, 48.29191, 0], [39.94481, 48.292027, 0], [39.945958, 48.292741, 0], [39.946532, 48.293784, 0], [39.947227, 48.294163, 0], [39.948411, 48.294295, 0], [39.948426, 48.2961, 0], [39.949037, 48.296715, 0], [39.950737, 48.297222, 0], [39.950836, 48.297733, 0], [39.949619, 48.298845, 0], [39.949848, 48.299401, 0], [39.951958, 48.300093, 0], [39.952219, 48.301038, 0], [39.951769, 48.302131, 0], [39.951995, 48.302392, 0], [39.951721, 48.30305, 0], [39.951971, 48.303551, 0], [39.952975, 48.303915, 0], [39.954057, 48.304012, 0], [39.955606, 48.303746, 0], [39.95666, 48.303185, 0], [39.956822, 48.302619, 0], [39.956916, 48.301479, 0], [39.963744, 48.303416, 0], [39.965441, 48.304678, 0], [39.965814, 48.305656, 0], [39.965678, 48.306403, 0], [39.966383, 48.306776, 0], [39.967636, 48.306805, 0], [39.968735, 48.307134, 0], [39.970808, 48.307084, 0], [39.971265, 48.307302, 0], [39.971236, 48.307796, 0], [39.970793, 48.308971, 0], [39.97188, 48.309716, 0], [39.971029, 48.311629, 0], [39.972492, 48.312971, 0], [39.974425, 48.313471, 0], [39.975498, 48.31432, 0], [39.977623, 48.315173, 0], [39.9789, 48.315713, 0], [39.980311, 48.315784, 0], [39.982518, 48.315704, 0], [39.98418, 48.316207, 0], [39.985311, 48.317001, 0], [39.986949, 48.317512, 0], [39.990815, 48.317082, 0], [39.991074, 48.316582, 0], [39.990989, 48.316061, 0], [39.993222, 48.313596, 0], [39.993925, 48.30071, 0], [39.999745, 48.28929, 0], [40.00965, 48.270112, 0], [40.014045, 48.270133, 0], [40.015704, 48.267401, 0], [40.012886, 48.266136, 0], [40.020776, 48.25378, 0], [40.005778, 48.241029, 0], [40.009557, 48.22457, 0], [40.002928, 48.223301, 0], [39.942623, 48.228972, 0], [39.936986, 48.180352, 0], [39.910109, 48.179389, 0], [39.906952, 48.168758, 0], [39.907357, 48.148152, 0], [39.87154, 48.116196, 0], [39.868584, 48.079444, 0], [39.832202, 48.0665, 0], [39.885886, 48.047866, 0], [39.877208, 48.041378, 0], [39.779662, 48.039336, 0], [39.786777, 48.025034, 0], [39.785081, 48.023125, 0], [39.795218, 48.010703, 0], [39.797687, 48.009306, 0], [39.802998, 48.007948, 0], [39.804541, 48.006459, 0], [39.810975, 48.004856, 0], [39.81672, 48.001463, 0], [39.816518, 48.000116, 0], [39.813736, 47.998502, 0], [39.813771, 47.996697, 0], [39.817916, 47.994778, 0], [39.81618, 47.992798, 0], [39.816717, 47.984542, 0], [39.823031, 47.98354, 0], [39.822798, 47.979535, 0], [39.819849, 47.977446, 0], [39.817538, 47.976646, 0], [39.815117, 47.973617, 0], [39.815408, 47.970866, 0], [39.819844, 47.967762, 0], [39.827391, 47.950834, 0], [39.805888, 47.950562, 0], [39.806594, 47.933666, 0], [39.793904, 47.915897, 0], [39.794941, 47.866833, 0], [39.762505, 47.870145, 0], [39.763184, 47.846537, 0], [39.73791, 47.827729, 0], [39.565587, 47.836556, 0], [39.542168, 47.824981, 0], [39.534491, 47.83253, 0], [39.520308, 47.825141, 0], [39.478474, 47.859474, 0], [39.44625, 47.850644, 0], [39.437354, 47.839834, 0], [39.412529, 47.830898, 0], [39.39045, 47.866185, 0], [39.241734, 47.867014, 0], [39.236213, 47.853953, 0], [39.149682, 47.842582, 0], [39.109535, 47.842747, 0], [39.109389, 47.851752, 0], [39.082891, 47.851604, 0]]]}}, {"type": "Feature", "properties": {"name": "\u041e\u043a\u0443\u043f\u043e\u0432\u0430\u043d\u0438\u0439 \u041a\u0440\u0438\u043c /// Occupied Crimea\u00a0/// geoJSON.territories.crimea", "date": "2026-03-30", "layer_type": "russian_occupied"}, "geometry": {"type": "Polygon", "coordinates": [[[35.201458, 45.523343, 0], [35.311256, 45.411424, 0], [35.382064, 45.352514, 0], [35.467835, 45.307544, 0], [35.498759, 45.306176, 0], [35.525825, 45.291193, 0], [35.632903, 45.324584, 0], [35.71557, 45.338458, 0], [35.724851, 45.351594, 0], [35.753728, 45.366548, 0], [35.760985, 45.381258, 0], [35.748889, 45.384633, 0], [35.745726, 45.39066, 0], [35.748929, 45.396331, 0], [35.802358, 45.424293, 0], [35.826475, 45.440129, 0], [35.818368, 45.451418, 0], [35.817747, 45.458869, 0], [35.823649, 45.46632, 0], [35.841775, 45.474473, 0], [35.867831, 45.473251, 0], [35.87606, 45.463856, 0], [35.86369, 45.45422, 0], [35.846507, 45.446506, 0], [35.886842, 45.407774, 0], [35.941221, 45.380044, 0], [35.99701, 45.371491, 0], [36.04285, 45.384009, 0], [36.068942, 45.404374, 0], [36.068785, 45.445463, 0], [36.12387, 45.463618, 0], [36.17039, 45.472361, 0], [36.265345, 45.478566, 0], [36.293683, 45.483861, 0], [36.307976, 45.475414, 0], [36.322868, 45.471297, 0], [36.336302, 45.474221, 0], [36.340048, 45.477585, 0], [36.33933, 45.482513, 0], [36.344848, 45.484307, 0], [36.345514, 45.480891, 0], [36.357563, 45.471617, 0], [36.372894, 45.47138, 0], [36.376602, 45.463689, 0], [36.40184, 45.450177, 0], [36.415458, 45.446825, 0], [36.421423, 45.446002, 0], [36.432474, 45.447875, 0], [36.43401, 45.450676, 0], [36.442064, 45.453282, 0], [36.441535, 45.455406, 0], [36.447174, 45.460135, 0], [36.461093, 45.456435, 0], [36.470548, 45.458514, 0], [36.482062, 45.455771, 0], [36.495456, 45.450514, 0], [36.499746, 45.445484, 0], [36.506954, 45.44226, 0], [36.518828, 45.433521, 0], [36.532672, 45.42719, 0], [36.547831, 45.425611, 0], [36.554467, 45.424368, 0], [36.56594, 45.428443, 0], [36.565672, 45.436625, 0], [36.57528, 45.442252, 0], [36.587036, 45.44127, 0], [36.598276, 45.438662, 0], [36.606346, 45.42872, 0], [36.61553, 45.422271, 0], [36.611498, 45.414921, 0], [36.607593, 45.412573, 0], [36.611273, 45.407542, 0], [36.634642, 45.391737, 0], [36.641199, 45.390666, 0], [36.648733, 45.38292, 0], [36.643211, 45.377813, 0], [36.6335, 45.375653, 0], [36.630106, 45.373786, 0], [36.633217, 45.362811, 0], [36.630569, 45.360521, 0], [36.625643, 45.360763, 0], [36.612025, 45.355938, 0], [36.60599, 45.347733, 0], [36.596554, 45.345031, 0], [36.592338, 45.3465, 0], [36.564437, 45.347114, 0], [36.54435, 45.344735, 0], [36.534981, 45.345637, 0], [36.535225, 45.349918, 0], [36.518286, 45.351539, 0], [36.483644, 45.350864, 0], [36.477812, 45.349132, 0], [36.472041, 45.341233, 0], [36.47329, 45.330744, 0], [36.488837, 45.324608, 0], [36.499502, 45.318675, 0], [36.484438, 45.305478, 0], [36.435179, 45.295073, 0], [36.421663, 45.286584, 0], [36.426012, 45.27864, 0], [36.436333, 45.276239, 0], [36.43962, 45.271622, 0], [36.435783, 45.258066, 0], [36.423707, 45.245262, 0], [36.423049, 45.23723, 0], [36.412019, 45.225877, 0], [36.403912, 45.214162, 0], [36.407734, 45.193404, 0], [36.407778, 45.172889, 0], [36.417779, 45.164294, 0], [36.421428, 45.152916, 0], [36.422542, 45.136938, 0], [36.4258, 45.134402, 0], [36.425628, 45.128893, 0], [36.43318, 45.117691, 0], [36.439699, 45.116727, 0], [36.454606, 45.105555, 0], [36.456018, 45.095623, 0], [36.440096, 45.083327, 0], [36.390978, 45.065359, 0], [36.372884, 45.057475, 0], [36.337724, 45.058302, 0], [36.309329, 45.057922, 0], [36.282137, 45.05499, 0], [36.249153, 45.047687, 0], [36.24793, 45.04068, 0], [36.225684, 45.026816, 0], [36.213493, 45.02807, 0], [36.201045, 45.033023, 0], [36.160037, 45.035925, 0], [36.07129, 45.048252, 0], [36.035405, 45.049216, 0], [36.012561, 45.044932, 0], [35.994952, 45.03511, 0], [35.984215, 45.022859, 0], [35.954083, 45.011219, 0], [35.925851, 45.019111, 0], [35.907658, 45.018079, 0], [35.900286, 45.014189, 0], [35.879342, 45.009765, 0], [35.870587, 45.004186, 0], [35.842096, 44.998366, 0], [35.834801, 44.999213, 0], [35.828278, 45.004552, 0], [35.834113, 45.0091, 0], [35.82978, 45.014076, 0], [35.821947, 45.019203, 0], [35.810165, 45.021418, 0], [35.814483, 45.033306, 0], [35.804886, 45.045558, 0], [35.785327, 45.057628, 0], [35.777878, 45.066304, 0], [35.748793, 45.081465, 0], [35.692135, 45.104626, 0], [35.62977, 45.122303, 0], [35.58496, 45.129359, 0], [35.541346, 45.125861, 0], [35.451063, 45.097366, 0], [35.414638, 45.07541, 0], [35.389399, 45.049444, 0], [35.385966, 45.035246, 0], [35.412652, 45.025778, 0], [35.428693, 45.012912, 0], [35.395224, 44.999343, 0], [35.366739, 44.992559, 0], [35.358416, 44.985552, 0], [35.356103, 44.97733, 0], [35.394038, 44.954933, 0], [35.382973, 44.943891, 0], [35.351803, 44.954952, 0], [35.344315, 44.964188, 0], [35.322466, 44.95921, 0], [35.322807, 44.966441, 0], [35.301518, 44.965776, 0], [35.294987, 44.959711, 0], [35.283641, 44.96616, 0], [35.271282, 44.967596, 0], [35.258409, 44.960904, 0], [35.249825, 44.952823, 0], [35.25652, 44.938423, 0], [35.243653, 44.916792, 0], [35.216612, 44.909005, 0], [35.205602, 44.910216, 0], [35.190556, 44.907887, 0], [35.177573, 44.900936, 0], [35.169311, 44.900247, 0], [35.156245, 44.886911, 0], [35.144155, 44.867002, 0], [35.139391, 44.861252, 0], [35.130569, 44.829311, 0], [35.133101, 44.822812, 0], [35.118455, 44.81723, 0], [35.111022, 44.80702, 0], [35.09398, 44.801375, 0], [35.081062, 44.790612, 0], [35.064425, 44.797108, 0], [35.043666, 44.799459, 0], [35.047274, 44.814837, 0], [35.029503, 44.828249, 0], [35.0007, 44.83203, 0], [34.988701, 44.828075, 0], [34.980991, 44.834465, 0], [34.967823, 44.838027, 0], [34.942529, 44.833842, 0], [34.935034, 44.830042, 0], [34.920988, 44.828751, 0], [34.920318, 44.82153, 0], [34.912095, 44.81577, 0], [34.845166, 44.813296, 0], [34.830931, 44.816908, 0], [34.763731, 44.815057, 0], [34.747987, 44.807058, 0], [34.728811, 44.807825, 0], [34.677858, 44.787856, 0], [34.625628, 44.773956, 0], [34.544614, 44.741006, 0], [34.474964, 44.715071, 0], [34.432149, 44.682765, 0], [34.412176, 44.658807, 0], [34.403924, 44.639751, 0], [34.389678, 44.628884, 0], [34.38342, 44.615877, 0], [34.377892, 44.612309, 0], [34.375816, 44.591703, 0], [34.354354, 44.585681, 0], [34.349805, 44.57185, 0], [34.349035, 44.546767, 0], [34.334843, 44.545507, 0], [34.320135, 44.551094, 0], [34.308946, 44.552088, 0], [34.260362, 44.507556, 0], [34.171984, 44.491011, 0], [34.128936, 44.427878, 0], [34.057232, 44.416521, 0], [34.034986, 44.403674, 0], [33.963406, 44.38885, 0], [33.939412, 44.389646, 0], [33.882423, 44.400268, 0], [33.846027, 44.401142, 0], [33.778737, 44.381452, 0], [33.759005, 44.386932, 0], [33.733092, 44.383332, 0], [33.702892, 44.416926, 0], [33.673869, 44.412807, 0], [33.64553, 44.421924, 0], [33.63834, 44.458687, 0], [33.627013, 44.479579, 0], [33.601948, 44.491739, 0], [33.554048, 44.486877, 0], [33.506071, 44.500846, 0], [33.486243, 44.494968, 0], [33.472733, 44.511135, 0], [33.46013, 44.522891, 0], [33.403694, 44.553239, 0], [33.373305, 44.584056, 0], [33.450155, 44.615946, 0], [33.494615, 44.617766, 0], [33.508271, 44.631916, 0], [33.512474, 44.633149, 0], [33.52105, 44.640258, 0], [33.525691, 44.638362, 0], [33.531191, 44.641107, 0], [33.535667, 44.64599, 0], [33.541864, 44.658932, 0], [33.546363, 44.677979, 0], [33.547442, 44.698563, 0], [33.545774, 44.707798, 0], [33.547583, 44.724445, 0], [33.539777, 44.744321, 0], [33.540722, 44.761758, 0], [33.533513, 44.792608, 0], [33.540633, 44.802652, 0], [33.54552, 44.80417, 0], [33.547143, 44.81013, 0], [33.549545, 44.810828, 0], [33.550231, 44.822242, 0], [33.548513, 44.834598, 0], [33.55297, 44.841655, 0], [33.556915, 44.840587, 0], [33.561031, 44.842318, 0], [33.569694, 44.838843, 0], [33.578964, 44.840487, 0], [33.586864, 44.847, 0], [33.590643, 44.845722, 0], [33.594636, 44.847578, 0], [33.600863, 44.857663, 0], [33.6052, 44.866386, 0], [33.606448, 44.871702, 0], [33.610592, 44.899319, 0], [33.610962, 44.925721, 0], [33.597652, 44.97655, 0], [33.604377, 44.980471, 0], [33.602595, 44.997973, 0], [33.58086, 45.050881, 0], [33.56149, 45.081073, 0], [33.536378, 45.109551, 0], [33.509265, 45.13445, 0], [33.480757, 45.155892, 0], [33.450854, 45.174238, 0], [33.432652, 45.184093, 0], [33.415989, 45.191404, 0], [33.408547, 45.193444, 0], [33.400771, 45.196065, 0], [33.391196, 45.197375, 0], [33.38275, 45.196471, 0], [33.376436, 45.191845, 0], [33.376286, 45.18766, 0], [33.380282, 45.185909, 0], [33.37497, 45.183679, 0], [33.358429, 45.178252, 0], [33.350015, 45.173699, 0], [33.331548, 45.171883, 0], [33.325143, 45.174125, 0], [33.318394, 45.174581, 0], [33.310057, 45.1741, 0], [33.305239, 45.17277, 0], [33.301221, 45.170642, 0], [33.298963, 45.167787, 0], [33.29792, 45.165633, 0], [33.300138, 45.162027, 0], [33.296035, 45.157719, 0], [33.288293, 45.154105, 0], [33.284289, 45.148276, 0], [33.27516, 45.145901, 0], [33.268036, 45.145629, 0], [33.257295, 45.147804, 0], [33.245939, 45.156938, 0], [33.234348, 45.168219, 0], [33.225292, 45.174695, 0], [33.201984, 45.183225, 0], [33.185236, 45.183717, 0], [33.179821, 45.187651, 0], [33.165826, 45.19347, 0], [33.157326, 45.198774, 0], [33.148825, 45.202143, 0], [33.143404, 45.20709, 0], [33.138912, 45.216317, 0], [33.124087, 45.225712, 0], [33.107907, 45.23151, 0], [33.093199, 45.248834, 0], [33.081231, 45.258421, 0], [33.062776, 45.27566, 0], [33.035244, 45.29016, 0], [32.991848, 45.322499, 0], [32.966765, 45.336694, 0], [32.907019, 45.359436, 0], [32.84671, 45.365264, 0], [32.76522, 45.363836, 0], [32.735393, 45.354972, 0], [32.712159, 45.341307, 0], [32.685502, 45.332102, 0], [32.675688, 45.320614, 0], [32.65299, 45.313322, 0], [32.622109, 45.317634, 0], [32.599462, 45.325318, 0], [32.578538, 45.327642, 0], [32.569816, 45.332888, 0], [32.551846, 45.332385, 0], [32.489453, 45.346136, 0], [32.510377, 45.360884, 0], [32.513458, 45.372038, 0], [32.507445, 45.381957, 0], [32.488644, 45.384988, 0], [32.478939, 45.389163, 0], [32.479703, 45.404263, 0], [32.48807, 45.407956, 0], [32.500388, 45.424663, 0], [32.524271, 45.438872, 0], [32.538208, 45.454884, 0], [32.562144, 45.470223, 0], [32.59058, 45.48558, 0], [32.691784, 45.523882, 0], [32.72322, 45.533026, 0], [32.736877, 45.543007, 0], [32.772105, 45.557869, 0], [32.793178, 45.56389, 0], [32.820317, 45.559825, 0], [32.825974, 45.55733, 0], [32.833962, 45.560234, 0], [32.840648, 45.56511, 0], [32.843141, 45.570597, 0], [32.843556, 45.576834, 0], [32.841008, 45.582406, 0], [32.837291, 45.583354, 0], [32.829252, 45.583603, 0], [32.821299, 45.58301, 0], [32.820129, 45.584393, 0], [32.820181, 45.586841, 0], [32.82504, 45.590611, 0], [32.908691, 45.640338, 0], [32.999393, 45.681147, 0], [33.006337, 45.679383, 0], [33.017154, 45.687009, 0], [33.050144, 45.696959, 0], [33.0691, 45.706833, 0], [33.077681, 45.707393, 0], [33.095704, 45.715503, 0], [33.114638, 45.712775, 0], [33.127908, 45.719842, 0], [33.1378, 45.719814, 0], [33.152919, 45.733355, 0], [33.159184, 45.749182, 0], [33.165737, 45.78827, 0], [33.175838, 45.805742, 0], [33.182338, 45.80993, 0], [33.185831, 45.807952, 0], [33.180625, 45.797211, 0], [33.172486, 45.786603, 0], [33.182114, 45.773902, 0], [33.21192, 45.757728, 0], [33.23866, 45.752804, 0], [33.280613, 45.76267, 0], [33.32241, 45.775037, 0], [33.373494, 45.797187, 0], [33.41709, 45.830205, 0], [33.432207, 45.838576, 0], [33.482974, 45.854396, 0], [33.517951, 45.867777, 0], [33.540593, 45.884913, 0], [33.544102, 45.880335, 0], [33.520062, 45.857708, 0], [33.50089, 45.848355, 0], [33.507622, 45.841072, 0], [33.517655, 45.846594, 0], [33.527171, 45.849723, 0], [33.537116, 45.845796, 0], [33.542129, 45.840258, 0], [33.548213, 45.843531, 0], [33.551715, 45.851628, 0], [33.55864, 45.86172, 0], [33.568716, 45.874008, 0], [33.581653, 45.871206, 0], [33.593725, 45.885292, 0], [33.616272, 45.892143, 0], [33.634096, 45.882614, 0], [33.642234, 45.876325, 0], [33.654663, 45.875233, 0], [33.662233, 45.871524, 0], [33.661598, 45.86426, 0], [33.674126, 45.857432, 0], [33.684191, 45.850098, 0], [33.684716, 45.858888, 0], [33.679077, 45.867314, 0], [33.679953, 45.875048, 0], [33.678367, 45.885139, 0], [33.675115, 45.898868, 0], [33.676214, 45.903954, 0], [33.680094, 45.90854, 0], [33.687773, 45.912752, 0], [33.691971, 45.913471, 0], [33.697545, 45.911367, 0], [33.701995, 45.911004, 0], [33.720244, 45.924636, 0], [33.730928, 45.930188, 0], [33.749506, 45.928276, 0], [33.756027, 45.931109, 0], [33.757987, 45.934494, 0], [33.755784, 45.939282, 0], [33.751076, 45.9488, 0], [33.747278, 45.946685, 0], [33.744939, 45.95033, 0], [33.722964, 45.950158, 0], [33.692314, 45.95526, 0], [33.682856, 45.952803, 0], [33.659761, 45.954586, 0], [33.640135, 45.949356, 0], [33.647501, 45.945166, 0], [33.642079, 45.942885, 0], [33.634992, 45.941326, 0], [33.624497, 45.942516, 0], [33.617606, 45.944243, 0], [33.616479, 45.949068, 0], [33.627758, 45.958848, 0], [33.629688, 45.967426, 0], [33.629384, 45.977458, 0], [33.628543, 45.987604, 0], [33.622873, 45.997617, 0], [33.618724, 46.01252, 0], [33.611338, 46.054819, 0], [33.623699, 46.071722, 0], [33.637282, 46.081351, 0], [33.633038, 46.097381, 0], [33.616561, 46.11536, 0], [33.612957, 46.129148, 0], [33.612528, 46.138238, 0], [33.60668, 46.146878, 0], [33.6897, 46.204334, 0], [33.714554, 46.196894, 0], [33.740532, 46.185128, 0], [33.82395, 46.187069, 0], [34.038334, 46.116935, 0], [34.122582, 46.108122, 0], [34.160772, 46.08043, 0], [34.227754, 46.060816, 0], [34.382464, 46.034692, 0], [34.436726, 45.968164, 0], [34.478552, 45.946947, 0], [34.556042, 45.988691, 0], [34.651415, 45.973908, 0], [34.700883, 45.959179, 0], [34.752716, 45.910231, 0], [34.782879, 45.904975, 0], [34.796134, 45.892053, 0], [34.800881, 45.804735, 0], [34.958219, 45.760037, 0], [34.977053, 45.765285, 0], [35.050056, 45.667202, 0], [35.109867, 45.599025, 0], [35.201458, 45.523343, 0]]]}}, {"type": "Feature", "properties": {"name": "\u041e\u043a\u0443\u043f\u043e\u0432\u0430\u043d\u043e /// Occupied\u00a0/// geoJSON.status.occupied", "date": "2026-03-30", "layer_type": "russian_occupied"}, "geometry": {"type": "Polygon", "coordinates": [[[38.0225847, 48.8277624, 0], [38.0403891, 48.8280283, 0], [38.0463288, 48.8292901, 0], [38.0484486, 48.833095, 0], [38.0455472, 48.8331025, 0], [38.0425243, 48.8299039, 0], [38.0416044, 48.8296151, 0], [38.0393361, 48.8314435, 0], [38.03288, 48.8295891, 0], [38.025618, 48.8299047, 0], [38.0052667, 48.832339, 0], [37.9909459, 48.8341012, 0], [37.9913873, 48.8395071, 0], [37.997144, 48.8444694, 0], [38.0086516, 48.8418058, 0], [38.0091043, 48.8471939, 0], [38.0177976, 48.8507744, 0], [38.015566, 48.8641016, 0], [37.9959655, 48.8630613, 0], [37.9952474, 48.8658597, 0], [38.0086323, 48.876083, 0], [38.0043799, 48.8820529, 0], [38.0015256, 48.8854813, 0], [38.0069113, 48.8935377, 0], [38.022576, 48.8987009, 0], [38.031208, 48.917192, 0], [38.0384761, 48.9264165, 0], [38.0902933, 48.9400567, 0], [38.132843, 48.924137, 0], [38.142769, 48.933357, 0], [38.195775, 48.928016, 0], [38.23259, 48.940945, 0], [38.233873, 48.95314, 0], [38.258858, 48.969268, 0], [38.241062, 49.005535, 0], [38.262698, 49.024532, 0], [38.299791, 49.024992, 0], [38.691727, 48.729363, 0], [38.674549, 48.729363, 0], [38.678412, 48.723701, 0], [38.630135, 48.721172, 0], [38.583218, 48.71987, 0], [38.578419, 48.70943, 0], [38.577732, 48.696742, 0], [38.572231, 48.689056, 0], [38.559446, 48.686695, 0], [38.548978, 48.675294, 0], [38.539451, 48.673509, 0], [38.527284, 48.674642, 0], [38.516148, 48.670562, 0], [38.515247, 48.666367, 0], [38.496708, 48.663192, 0], [38.480228, 48.659111, 0], [38.464428, 48.656408, 0], [38.445202, 48.655048, 0], [38.431476, 48.650492, 0], [38.426326, 48.638696, 0], [38.436275, 48.629243, 0], [38.441253, 48.617271, 0], [38.438793, 48.611028, 0], [38.40607, 48.60193, 0], [38.402637, 48.59194, 0], [38.402637, 48.547867, 0], [38.414303, 48.520605, 0], [38.411566, 48.510568, 0], [38.405377, 48.473366, 0], [38.393024, 48.436606, 0], [38.389247, 48.432278, 0], [38.390964, 48.415874, 0], [38.367914, 48.402171, 0], [38.354228, 48.390346, 0], [38.343578, 48.384437, 0], [38.321754, 48.371053, 0], [38.290706, 48.361631, 0], [38.273689, 48.359192, 0], [38.238521, 48.386717, 0], [38.18906, 48.416533, 0], [38.163094, 48.402117, 0], [38.148548, 48.414482, 0], [38.135244, 48.419039, 0], [38.117477, 48.420805, 0], [38.113706, 48.408013, 0], [38.042123, 48.409086, 0], [38.00477, 48.393954, 0], [37.978623, 48.391275, 0], [37.974959, 48.381115, 0], [37.970152, 48.380317, 0], [37.958486, 48.377104, 0], [37.950083, 48.373433, 0], [37.942264, 48.362251, 0], [37.944796, 48.35967, 0], [37.942023, 48.357463, 0], [37.934841, 48.360987, 0], [37.931785, 48.360573, 0], [37.929296, 48.35949, 0], [37.923617, 48.352797, 0], [37.918552, 48.346527, 0], [37.905496, 48.340438, 0], [37.870527, 48.35431, 0], [37.851891, 48.364657, 0], [37.804819, 48.382094, 0], [37.800613, 48.386654, 0], [37.7987951, 48.3965929, 0], [37.8062326, 48.4035957, 0], [37.7787314, 48.4332167, 0], [37.7840496, 48.4332219, 0], [37.7896011, 48.4406549, 0], [37.7901472, 48.4499942, 0], [37.7947812, 48.4592004, 0], [37.807098, 48.4637591, 0], [37.8171003, 48.472528, 0], [37.7984263, 48.4802115, 0], [37.7878662, 48.4860439, 0], [37.7837434, 48.496752, 0], [37.7878485, 48.5045855, 0], [37.8286427, 48.5084044, 0], [37.8340374, 48.5137417, 0], [37.8335438, 48.5215448, 0], [37.8227498, 48.5213885, 0], [37.8228772, 48.5225534, 0], [37.8274385, 48.5320276, 0], [37.8293616, 48.5373809, 0], [37.8240941, 48.5431678, 0], [37.8059969, 48.5378525, 0], [37.8045514, 48.539924, 0], [37.8224309, 48.5461133, 0], [37.8361527, 48.5524221, 0], [37.8288448, 48.561656, 0], [37.8361572, 48.5663592, 0], [37.8342009, 48.5683928, 0], [37.8330671, 48.5726621, 0], [37.8363967, 48.5754542, 0], [37.837734, 48.578143, 0], [37.8344, 48.578295, 0], [37.832281, 48.580757, 0], [37.82467, 48.581572, 0], [37.820656, 48.584733, 0], [37.821106, 48.58816, 0], [37.818144, 48.590592, 0], [37.817543, 48.593017, 0], [37.8000948, 48.5909906, 0], [37.7844991, 48.5890699, 0], [37.7834333, 48.5956317, 0], [37.7862183, 48.5962532, 0], [37.7868576, 48.5973856, 0], [37.7834153, 48.5973231, 0], [37.782024, 48.599128, 0], [37.761837, 48.6024541, 0], [37.7583948, 48.6156084, 0], [37.7631059, 48.6192294, 0], [37.7764591, 48.619809, 0], [37.7880016, 48.623531, 0], [37.7846667, 48.633513, 0], [37.8184326, 48.6524882, 0], [37.802958, 48.6528096, 0], [37.816494, 48.6629965, 0], [37.8196025, 48.668918, 0], [37.8190211, 48.6782683, 0], [37.8115695, 48.6844166, 0], [37.8159121, 48.6863573, 0], [37.8248891, 48.6811577, 0], [37.8355478, 48.6796415, 0], [37.8432027, 48.6801654, 0], [37.8501785, 48.6878994, 0], [37.8467, 48.6914292, 0], [37.8285789, 48.6970991, 0], [37.8288733, 48.7007551, 0], [37.8309089, 48.7006003, 0], [37.8307128, 48.6982362, 0], [37.8483712, 48.6943924, 0], [37.8477652, 48.7021318, 0], [37.8504163, 48.7014926, 0], [37.8539978, 48.6921265, 0], [37.8591231, 48.6886523, 0], [37.8742658, 48.7017029, 0], [37.8699689, 48.705656, 0], [37.8760415, 48.7092629, 0], [37.8652676, 48.7164483, 0], [37.8562073, 48.7226161, 0], [37.849683, 48.7251489, 0], [37.849982, 48.726549, 0], [37.8560304, 48.7261789, 0], [37.8597804, 48.7267691, 0], [37.870225, 48.726057, 0], [37.8906308, 48.7125053, 0], [37.8972828, 48.7157262, 0], [37.89984, 48.7316284, 0], [37.9135874, 48.7283489, 0], [37.930865, 48.733605, 0], [37.9426454, 48.7327237, 0], [37.9642294, 48.7349869, 0], [37.9749962, 48.7401922, 0], [37.9756699, 48.7433092, 0], [37.9650138, 48.744784, 0], [37.9502356, 48.7383154, 0], [37.9341724, 48.7402218, 0], [37.9176354, 48.7413367, 0], [37.8876087, 48.7390923, 0], [37.876957, 48.7408441, 0], [37.8614679, 48.7395644, 0], [37.8510632, 48.7424338, 0], [37.8475246, 48.7453028, 0], [37.8510041, 48.7479563, 0], [37.8627242, 48.752251, 0], [37.8589623, 48.7539796, 0], [37.8545345, 48.75142, 0], [37.8487339, 48.7504447, 0], [37.8383345, 48.7506438, 0], [37.8347017, 48.7520603, 0], [37.8444301, 48.7544414, 0], [37.848094, 48.7579597, 0], [37.8515569, 48.758191, 0], [37.8585387, 48.7565548, 0], [37.8635928, 48.7590934, 0], [37.869124, 48.7594006, 0], [37.8799761, 48.757727, 0], [37.8904079, 48.7613725, 0], [37.8946624, 48.7717736, 0], [37.8808293, 48.7792463, 0], [37.8713942, 48.77989, 0], [37.8706277, 48.7820605, 0], [37.8726938, 48.7826475, 0], [37.8812829, 48.7812549, 0], [37.8910919, 48.7782862, 0], [37.8995604, 48.7713413, 0], [37.921347, 48.7692917, 0], [37.9392927, 48.7640687, 0], [37.9633526, 48.7669418, 0], [37.9792006, 48.7801551, 0], [37.9880063, 48.7835696, 0], [37.984435, 48.7934704, 0], [37.9767634, 48.7933837, 0], [37.9754425, 48.7987247, 0], [37.9940881, 48.8044312, 0], [38.0135279, 48.8170902, 0], [38.0113683, 48.8235115, 0], [38.0225847, 48.8277624, 0]]]}}, {"type": "Feature", "properties": {"name": "\u041e\u043a\u0443\u043f\u043e\u0432\u0430\u043d\u043e /// Occupied /// geoJSON.status.occupied", "date": "2026-03-30", "layer_type": "russian_occupied"}, "geometry": {"type": "Polygon", "coordinates": [[[31.518518, 46.312396, 0], [31.514742, 46.321287, 0], [31.513711, 46.330179, 0], [31.511479, 46.349257, 0], [31.516114, 46.360752, 0], [31.521523, 46.366971, 0], [31.527681, 46.369473, 0], [31.532692, 46.369628, 0], [31.535128, 46.367947, 0], [31.534548, 46.361535, 0], [31.536029, 46.356367, 0], [31.53577, 46.347421, 0], [31.536371, 46.33729, 0], [31.532852, 46.319332, 0], [31.535857, 46.305635, 0], [31.541864, 46.2901, 0], [31.552335, 46.278237, 0], [31.56367, 46.268092, 0], [31.576891, 46.260557, 0], [31.592767, 46.25302, 0], [31.609842, 46.246668, 0], [31.62778, 46.245188, 0], [31.64589, 46.244773, 0], [31.671382, 46.249933, 0], [31.680824, 46.248864, 0], [31.67975, 46.244443, 0], [31.674235, 46.245022, 0], [31.663227, 46.241802, 0], [31.655932, 46.239308, 0], [31.651727, 46.235745, 0], [31.655626, 46.232572, 0], [31.664569, 46.230217, 0], [31.677116, 46.229168, 0], [31.697744, 46.223741, 0], [31.711017, 46.222028, 0], [31.768221, 46.212319, 0], [31.849782, 46.19973, 0], [31.914504, 46.188302, 0], [31.974889, 46.180603, 0], [32.007135, 46.176861, 0], [32.032856, 46.175489, 0], [32.040351, 46.173599, 0], [32.040981, 46.172443, 0], [32.046073, 46.172892, 0], [32.05025, 46.1726, 0], [32.053882, 46.17053, 0], [32.059059, 46.170244, 0], [32.067755, 46.168159, 0], [32.077824, 46.166905, 0], [32.082855, 46.16737, 0], [32.08271, 46.166345, 0], [32.07982, 46.165498, 0], [32.022212, 46.174043, 0], [31.986536, 46.178304, 0], [31.966135, 46.180063, 0], [31.904302, 46.188215, 0], [31.860308, 46.195154, 0], [31.70108, 46.221792, 0], [31.673753, 46.227354, 0], [31.637322, 46.234212, 0], [31.590959, 46.251238, 0], [31.562127, 46.266905, 0], [31.54049, 46.282745, 0], [31.523327, 46.3019, 0], [31.518518, 46.312396, 0]]]}}, {"type": "Feature", "properties": {"name": "\u041e\u043a\u0443\u043f\u043e\u0432\u0430\u043d\u043e /// Occupied /// geoJSON.status.occupied", "date": "2026-03-30", "layer_type": "russian_occupied"}, "geometry": {"type": "Polygon", "coordinates": [[[36.400835, 50.30717, 0], [36.409299, 50.312446, 0], [36.425543, 50.32827, 0], [36.433698, 50.330681, 0], [36.440317, 50.31098, 0], [36.472289, 50.313161, 0], [36.487653, 50.311665, 0], [36.489951, 50.309924, 0], [36.489689, 50.307838, 0], [36.492712, 50.30452, 0], [36.500702, 50.299248, 0], [36.511151, 50.295369, 0], [36.512759, 50.295767, 0], [36.515658, 50.295914, 0], [36.516363, 50.295165, 0], [36.526607, 50.293474, 0], [36.526091, 50.29249, 0], [36.525286, 50.29206, 0], [36.525136, 50.290731, 0], [36.522815, 50.289145, 0], [36.523917, 50.286424, 0], [36.556128, 50.281366, 0], [36.560789, 50.284236, 0], [36.571219, 50.285748, 0], [36.582933, 50.286282, 0], [36.585614, 50.285885, 0], [36.588574, 50.283269, 0], [36.588033, 50.281698, 0], [36.589552, 50.279346, 0], [36.592663, 50.278079, 0], [36.592604, 50.275718, 0], [36.573943, 50.275045, 0], [36.580365, 50.262584, 0], [36.575109, 50.260672, 0], [36.577894, 50.258635, 0], [36.574008, 50.255268, 0], [36.56865, 50.257768, 0], [36.559931, 50.250796, 0], [36.569199, 50.24454, 0], [36.532801, 50.242425, 0], [36.505396, 50.238677, 0], [36.485493, 50.242206, 0], [36.481032, 50.241639, 0], [36.466356, 50.251404, 0], [36.448247, 50.253593, 0], [36.443985, 50.248337, 0], [36.423299, 50.25399, 0], [36.418364, 50.256871, 0], [36.415918, 50.259725, 0], [36.405358, 50.261131, 0], [36.389385, 50.27628, 0], [36.378047, 50.293766, 0], [36.373927, 50.30029, 0], [36.400835, 50.30717, 0]]]}}, {"type": "Feature", "properties": {"name": "\u041e\u043a\u0443\u043f\u043e\u0432\u0430\u043d\u043e /// Occupied /// geoJSON.status.occupied", "date": "2026-03-30", "layer_type": "russian_occupied"}, "geometry": {"type": "Polygon", "coordinates": [[[36.760703, 50.289948, 0], [36.764275, 50.291966, 0], [36.768364, 50.30188, 0], [36.800333, 50.306023, 0], [36.803938, 50.309832, 0], [36.820803, 50.313566, 0], [36.828485, 50.31283, 0], [36.833358, 50.313138, 0], [36.851943, 50.327594, 0], [36.862628, 50.331786, 0], [36.872241, 50.335704, 0], [36.882156, 50.336552, 0], [36.915294, 50.346287, 0], [36.937645, 50.350224, 0], [36.957421, 50.34918, 0], [37.032995, 50.348824, 0], [37.031315, 50.33909, 0], [37.0381007, 50.3344226, 0], [37.0488748, 50.3356774, 0], [37.0482581, 50.3345126, 0], [37.0467832, 50.3338956, 0], [37.0489831, 50.3332094, 0], [37.0443708, 50.3313439, 0], [37.04059, 50.32723, 0], [37.053801, 50.322568, 0], [37.053025, 50.319278, 0], [37.043667, 50.317522, 0], [37.0342196, 50.3120915, 0], [37.0220957, 50.3063194, 0], [37.0130603, 50.3047678, 0], [37.0060585, 50.3016586, 0], [36.9980172, 50.3036544, 0], [36.9888344, 50.301066, 0], [36.9816698, 50.3027815, 0], [36.9765848, 50.3011443, 0], [36.9738615, 50.2990686, 0], [36.9760529, 50.2974386, 0], [36.9624032, 50.2911245, 0], [36.9498712, 50.2878203, 0], [36.9548707, 50.2786885, 0], [36.9557768, 50.2745336, 0], [36.9514481, 50.270159, 0], [36.9471687, 50.2629888, 0], [36.942632, 50.2630609, 0], [36.94258, 50.265355, 0], [36.9355754, 50.2679782, 0], [36.9336067, 50.2674978, 0], [36.9285799, 50.2714992, 0], [36.9226951, 50.2794497, 0], [36.9151097, 50.2813232, 0], [36.8963769, 50.274672, 0], [36.8967261, 50.2678202, 0], [36.904454, 50.2683996, 0], [36.906, 50.2673178, 0], [36.9080605, 50.2672708, 0], [36.9091764, 50.2641749, 0], [36.909048, 50.2621882, 0], [36.9060119, 50.26235, 0], [36.9053791, 50.2605364, 0], [36.8988242, 50.2630026, 0], [36.894431, 50.2581996, 0], [36.8939941, 50.2520663, 0], [36.901123, 50.2528356, 0], [36.9048187, 50.2519582, 0], [36.9042273, 50.2492157, 0], [36.8887974, 50.2482311, 0], [36.8809403, 50.2504327, 0], [36.8684253, 50.2600501, 0], [36.8559298, 50.2572236, 0], [36.8443, 50.264233, 0], [36.837776, 50.261353, 0], [36.837605, 50.258828, 0], [36.833142, 50.256469, 0], [36.829558, 50.254164, 0], [36.823421, 50.249979, 0], [36.821833, 50.249554, 0], [36.808508, 50.248072, 0], [36.789252, 50.2458, 0], [36.772227, 50.255269, 0], [36.755456, 50.260293, 0], [36.739773, 50.265659, 0], [36.727123, 50.267794, 0], [36.720128, 50.277444, 0], [36.728862, 50.27733, 0], [36.739936, 50.282955, 0], [36.742326, 50.281619, 0], [36.744887, 50.281818, 0], [36.744987, 50.280684, 0], [36.748778, 50.280207, 0], [36.749837, 50.2809, 0], [36.750696, 50.283002, 0], [36.750267, 50.286309, 0], [36.748032, 50.287217, 0], [36.747943, 50.288235, 0], [36.75466, 50.290517, 0], [36.760703, 50.289948, 0]]]}}, {"type": "Feature", "properties": {"name": "\u041e\u043a\u0443\u043f\u043e\u0432\u0430\u043d\u043e /// Occupied /// geoJSON.status.occupied", "date": "2026-03-30", "layer_type": "russian_occupied"}, "geometry": {"type": "Polygon", "coordinates": [[[37.856208, 48.192846, 0], [37.828593, 48.17515, 0], [37.824622, 48.157818, 0], [37.819855, 48.143897, 0], [37.816804, 48.132292, 0], [37.808937, 48.122079, 0], [37.803832, 48.117289, 0], [37.8002, 48.114966, 0], [37.792021, 48.104528, 0], [37.789283, 48.100177, 0], [37.773053, 48.092032, 0], [37.756436, 48.08667, 0], [37.743087, 48.086825, 0], [37.726651, 48.079582, 0], [37.725794, 48.073324, 0], [37.699702, 48.072204, 0], [37.693049, 48.069307, 0], [37.687749, 48.061894, 0], [37.694294, 48.056545, 0], [37.691199, 48.053406, 0], [37.68785, 48.054754, 0], [37.64781, 48.028944, 0], [37.622662, 48.019444, 0], [37.616482, 48.018095, 0], [37.588566, 48.016021, 0], [37.575455, 48.013961, 0], [37.573394, 48.006899, 0], [37.556143, 48.009855, 0], [37.549621, 47.997364, 0], [37.558546, 47.986451, 0], [37.549941, 47.979664, 0], [37.544791, 47.977423, 0], [37.541201, 47.974587, 0], [37.525158, 47.957202, 0], [37.521854, 47.94582, 0], [37.247009, 48.026722, 0], [37.13538, 48.025524, 0], [37.094593, 48.011965, 0], [37.071043, 48.006485, 0], [37.011852, 48.005883, 0], [36.929174, 48.018008, 0], [36.87622, 48.039136, 0], [36.8058453, 48.0595327, 0], [36.8262628, 48.0699393, 0], [36.8379785, 48.0715742, 0], [36.8377426, 48.077782, 0], [36.842088, 48.0781331, 0], [36.863429, 48.0819825, 0], [36.8762401, 48.0833377, 0], [36.9000255, 48.0821662, 0], [36.9015349, 48.0905887, 0], [36.9119121, 48.0922911, 0], [36.912075, 48.100645, 0], [36.914122, 48.102286, 0], [36.90497, 48.103836, 0], [36.903059, 48.113533, 0], [36.915912, 48.113831, 0], [36.912218, 48.129688, 0], [36.904532, 48.134801, 0], [36.90663, 48.139399, 0], [36.906103, 48.143382, 0], [36.907008, 48.164655, 0], [36.915983, 48.166689, 0], [36.93585, 48.18601, 0], [36.9307287, 48.1962499, 0], [36.9272081, 48.2200985, 0], [36.9515909, 48.2205983, 0], [36.9518286, 48.2361167, 0], [36.9420816, 48.2376173, 0], [36.9419454, 48.239804, 0], [36.9709934, 48.2384455, 0], [36.972917, 48.2456616, 0], [36.9816539, 48.2488557, 0], [36.9806418, 48.2580633, 0], [36.9874519, 48.2591455, 0], [36.9883384, 48.262913, 0], [36.9954488, 48.263395, 0], [37.0030738, 48.2609053, 0], [37.0088197, 48.2610535, 0], [37.0104538, 48.2597782, 0], [37.012517, 48.2599323, 0], [37.018077, 48.241751, 0], [37.03835, 48.244378, 0], [37.040486, 48.246641, 0], [37.046332, 48.249762, 0], [37.046086, 48.252084, 0], [37.0511652, 48.2551443, 0], [37.0503241, 48.2616321, 0], [37.05763, 48.263759, 0], [37.0543796, 48.2806922, 0], [37.0598842, 48.2811738, 0], [37.07261, 48.264997, 0], [37.0778622, 48.2638212, 0], [37.108874, 48.2812344, 0], [37.1091275, 48.2853884, 0], [37.116195, 48.2955934, 0], [37.1077061, 48.3027233, 0], [37.0862081, 48.3125835, 0], [37.0775848, 48.319303, 0], [37.0779957, 48.3250216, 0], [37.0702186, 48.3314473, 0], [37.0729819, 48.3352876, 0], [37.090551, 48.3322236, 0], [37.0980244, 48.3276244, 0], [37.1285808, 48.3266058, 0], [37.1269764, 48.3317721, 0], [37.1209021, 48.3335876, 0], [37.121608, 48.3350035, 0], [37.1291141, 48.3337843, 0], [37.1330539, 48.3251831, 0], [37.1642824, 48.3241675, 0], [37.176051, 48.3154109, 0], [37.1761731, 48.3142442, 0], [37.1688866, 48.313139, 0], [37.1703976, 48.3068962, 0], [37.1773373, 48.3073041, 0], [37.1834185, 48.3058277, 0], [37.1989549, 48.2996259, 0], [37.2056288, 48.2987016, 0], [37.2066947, 48.3034656, 0], [37.2026097, 48.3217052, 0], [37.2048595, 48.3226613, 0], [37.2110561, 48.3052385, 0], [37.2404822, 48.3099777, 0], [37.2385594, 48.3149328, 0], [37.248009, 48.316748, 0], [37.250067, 48.3212615, 0], [37.2482592, 48.3241705, 0], [37.2267953, 48.3226267, 0], [37.2206031, 48.3228543, 0], [37.2190453, 48.3303866, 0], [37.2239664, 48.3410545, 0], [37.2165276, 48.3448761, 0], [37.2155901, 48.3498063, 0], [37.2140948, 48.350715, 0], [37.2199456, 48.3567533, 0], [37.2253808, 48.3634106, 0], [37.2548469, 48.3718466, 0], [37.2546315, 48.3811956, 0], [37.260153, 48.3848532, 0], [37.2604573, 48.3991195, 0], [37.2685364, 48.397981, 0], [37.2712967, 48.4032994, 0], [37.2704531, 48.407934, 0], [37.2569365, 48.4101263, 0], [37.2565519, 48.4133443, 0], [37.2520895, 48.4137828, 0], [37.2513579, 48.4172671, 0], [37.254148, 48.421173, 0], [37.2567247, 48.4217504, 0], [37.2586363, 48.4356988, 0], [37.2745692, 48.4520455, 0], [37.28728, 48.4603713, 0], [37.3021728, 48.4647581, 0], [37.3184403, 48.4647047, 0], [37.3253956, 48.4589055, 0], [37.3390921, 48.4597018, 0], [37.3514275, 48.4639111, 0], [37.3600317, 48.4719619, 0], [37.3743023, 48.4720126, 0], [37.374344, 48.4885829, 0], [37.3810679, 48.4932078, 0], [37.3883342, 48.4913265, 0], [37.3956864, 48.4858612, 0], [37.4189736, 48.4832948, 0], [37.4507202, 48.480103, 0], [37.4614422, 48.4736672, 0], [37.4740549, 48.4590094, 0], [37.4813328, 48.4567067, 0], [37.4913501, 48.4511124, 0], [37.5088781, 48.4448318, 0], [37.5244232, 48.4452194, 0], [37.5870054, 48.4441194, 0], [37.6045168, 48.4422839, 0], [37.6120284, 48.443395, 0], [37.63848, 48.450629, 0], [37.6385185, 48.4548211, 0], [37.6520251, 48.4551937, 0], [37.6877282, 48.4769399, 0], [37.6951388, 48.4763011, 0], [37.6958112, 48.472016, 0], [37.6931433, 48.4687922, 0], [37.6964838, 48.4556076, 0], [37.7071717, 48.4621687, 0], [37.724556, 48.461101, 0], [37.7333875, 48.4507489, 0], [37.7503591, 48.4535845, 0], [37.752827, 48.4503825, 0], [37.7515794, 48.4411313, 0], [37.7646091, 48.4352727, 0], [37.7705184, 48.4319016, 0], [37.7748827, 48.4343957, 0], [37.7787314, 48.4332167, 0], [37.8062326, 48.4035957, 0], [37.7987951, 48.3965929, 0], [37.800613, 48.386654, 0], [37.804819, 48.382094, 0], [37.851891, 48.364657, 0], [37.870527, 48.35431, 0], [37.905496, 48.340438, 0], [37.900682, 48.323255, 0], [37.901147, 48.290882, 0], [37.89434, 48.286666, 0], [37.895347, 48.268546, 0], [37.89157, 48.255061, 0], [37.892943, 48.233569, 0], [37.896571, 48.215429, 0], [37.88333, 48.199712, 0], [37.856208, 48.192846, 0]]]}}, {"type": "Feature", "properties": {"name": "\u041e\u043a\u0443\u043f\u043e\u0432\u0430\u043d\u043e /// Occupied /// geoJSON.status.occupied", "date": "2026-03-30", "layer_type": "russian_occupied"}, "geometry": {"type": "Polygon", "coordinates": [[[35.162895, 51.109577, 0], [35.163753, 51.107367, 0], [35.166672, 51.10575, 0], [35.164097, 51.10505, 0], [35.164354, 51.100738, 0], [35.156458, 51.103756, 0], [35.154655, 51.103002, 0], [35.150535, 51.106397, 0], [35.154484, 51.110223, 0], [35.162895, 51.109577, 0]]]}}, {"type": "Feature", "properties": {"name": "\u041e\u043a\u0443\u043f\u043e\u0432\u0430\u043d\u043e /// Occupied /// geoJSON.status.occupied", "date": "2026-03-30", "layer_type": "russian_occupied"}, "geometry": {"type": "Polygon", "coordinates": [[[37.639132, 50.178726, 0], [37.643423, 50.174328, 0], [37.647028, 50.174548, 0], [37.657328, 50.164323, 0], [37.668829, 50.152665, 0], [37.684794, 50.145955, 0], [37.694407, 50.140345, 0], [37.700758, 50.134183, 0], [37.708826, 50.133963, 0], [37.707625, 50.127691, 0], [37.713289, 50.121528, 0], [37.7262557, 50.1067205, 0], [37.7337023, 50.1028541, 0], [37.7440646, 50.0937019, 0], [37.755685, 50.078479, 0], [37.797614, 50.084242, 0], [37.818403, 50.071844, 0], [37.8292947, 50.06656, 0], [37.85541, 50.057575, 0], [37.8630817, 50.0547346, 0], [37.876589, 50.053326, 0], [37.873603, 50.048707, 0], [37.852961, 50.037493, 0], [37.8320536, 50.0148025, 0], [37.7784475, 50.0057746, 0], [37.7756265, 50.0226981, 0], [37.764934, 50.0389538, 0], [37.7437758, 50.0394153, 0], [37.7360644, 50.0483197, 0], [37.7179624, 50.0511044, 0], [37.6712322, 50.0813377, 0], [37.6635078, 50.0995096, 0], [37.6653963, 50.1009414, 0], [37.6621347, 50.1079881, 0], [37.656813, 50.116574, 0], [37.645483, 50.11674, 0], [37.637673, 50.120317, 0], [37.637329, 50.123399, 0], [37.63072, 50.124609, 0], [37.626257, 50.12593, 0], [37.626257, 50.130442, 0], [37.631064, 50.132422, 0], [37.626944, 50.137374, 0], [37.617846, 50.137814, 0], [37.595272, 50.139574, 0], [37.589951, 50.14656, 0], [37.597847, 50.148155, 0], [37.604885, 50.159264, 0], [37.615614, 50.165312, 0], [37.62763, 50.167402, 0], [37.626257, 50.176417, 0], [37.639132, 50.178726, 0]]]}}, {"type": "Feature", "properties": {"name": "\u041e\u043a\u0443\u043f\u043e\u0432\u0430\u043d\u043e /// Occupied\u00a0/// geoJSON.status.occupied", "date": "2026-03-30", "layer_type": "russian_occupied"}, "geometry": {"type": "Polygon", "coordinates": [[[36.5317248, 47.8768442, 0], [36.5434383, 47.8846514, 0], [36.5285434, 47.9048885, 0], [36.5348828, 47.9186295, 0], [36.5493359, 47.9198802, 0], [36.5528843, 47.9235263, 0], [36.552414, 47.927276, 0], [36.544421, 47.927275, 0], [36.542938, 47.932307, 0], [36.5350569, 47.9343413, 0], [36.5347286, 47.9375256, 0], [36.544887, 47.937224, 0], [36.550333, 47.940962, 0], [36.561321, 47.947226, 0], [36.573339, 47.946476, 0], [36.579519, 47.941816, 0], [36.5890046, 47.9421162, 0], [36.5914945, 47.9440551, 0], [36.5919356, 47.9500012, 0], [36.550708, 47.954003, 0], [36.5429518, 47.9533544, 0], [36.5377609, 47.9478345, 0], [36.5325705, 47.9490405, 0], [36.5293991, 47.9523144, 0], [36.5339135, 47.957856, 0], [36.5422988, 47.962875, 0], [36.5466398, 47.9707705, 0], [36.5488543, 47.9708675, 0], [36.5514635, 47.9615484, 0], [36.56849, 47.959585, 0], [36.614981, 47.951683, 0], [36.630145, 47.950712, 0], [36.62885, 47.957946, 0], [36.6471236, 47.9604942, 0], [36.646786, 47.964472, 0], [36.643816, 47.970748, 0], [36.638286, 47.971599, 0], [36.63507, 47.980337, 0], [36.630823, 47.979997, 0], [36.630416, 47.981248, 0], [36.6410275, 47.9851191, 0], [36.6379907, 47.9989866, 0], [36.6497991, 48.0138869, 0], [36.6620872, 48.0165827, 0], [36.652036, 48.058276, 0], [36.648016, 48.066482, 0], [36.652959, 48.067573, 0], [36.6544, 48.070613, 0], [36.6552809, 48.0743459, 0], [36.6623209, 48.0755193, 0], [36.67107, 48.0736472, 0], [36.6782759, 48.0789096, 0], [36.6987891, 48.0759156, 0], [36.6976724, 48.082555, 0], [36.706381, 48.082317, 0], [36.707387, 48.080506, 0], [36.712697, 48.080289, 0], [36.715523, 48.084652, 0], [36.719511, 48.08454, 0], [36.7224485, 48.0809868, 0], [36.7233637, 48.0803636, 0], [36.7259314, 48.0832074, 0], [36.7273332, 48.0833607, 0], [36.7281772, 48.0829979, 0], [36.7268073, 48.080638, 0], [36.7274545, 48.0782207, 0], [36.744291, 48.0771528, 0], [36.7457506, 48.0790139, 0], [36.7690225, 48.0753965, 0], [36.8058453, 48.0595327, 0], [36.87622, 48.039136, 0], [36.929174, 48.018008, 0], [37.011852, 48.005883, 0], [37.071043, 48.006485, 0], [37.094593, 48.011965, 0], [37.13538, 48.025524, 0], [37.247009, 48.026722, 0], [37.521854, 47.94582, 0], [37.542839, 47.932477, 0], [37.53503, 47.918015, 0], [37.5686, 47.907768, 0], [37.575907, 47.907733, 0], [37.644034, 47.886626, 0], [37.634262, 47.838423, 0], [37.634549, 47.802538, 0], [37.623169, 47.77311, 0], [37.637589, 47.751994, 0], [37.67268, 47.724717, 0], [37.764495, 47.684702, 0], [37.775529, 47.675427, 0], [37.803977, 47.660196, 0], [37.831275, 47.656729, 0], [37.852385, 47.641694, 0], [37.84586, 47.623762, 0], [37.815994, 47.585221, 0], [37.819427, 47.546303, 0], [37.892555, 47.469773, 0], [37.878478, 47.441684, 0], [37.863715, 47.426588, 0], [37.855819, 47.403124, 0], [37.856849, 47.392898, 0], [37.850326, 47.384298, 0], [37.83831, 47.378022, 0], [37.841643, 47.369022, 0], [37.851599, 47.365534, 0], [37.841743, 47.358489, 0], [37.837623, 47.352442, 0], [37.848609, 47.350116, 0], [37.859152, 47.354371, 0], [37.861212, 47.347858, 0], [37.856849, 47.343603, 0], [37.844489, 47.341974, 0], [37.829283, 47.342507, 0], [37.827323, 47.328479, 0], [37.824577, 47.321498, 0], [37.831786, 47.314981, 0], [37.834876, 47.30823, 0], [37.827666, 47.302643, 0], [37.833846, 47.285412, 0], [37.833503, 47.249301, 0], [37.811187, 47.201271, 0], [37.800544, 47.173272, 0], [37.818054, 47.119099, 0], [37.829283, 47.112742, 0], [37.83831, 47.099704, 0], [37.821989, 47.09092, 0], [37.794085, 47.083807, 0], [37.774395, 47.087579, 0], [37.71388, 47.079862, 0], [37.685886, 47.080525, 0], [37.684033, 47.076706, 0], [37.675812, 47.077916, 0], [37.627378, 47.09413, 0], [37.620463, 47.086602, 0], [37.574156, 47.085359, 0], [37.528548, 47.077529, 0], [37.478068, 47.03143, 0], [37.341892, 46.895048, 0], [37.308923, 46.870123, 0], [37.285569, 46.866901, 0], [37.284176, 46.872546, 0], [37.297854, 46.872763, 0], [37.324006, 46.891819, 0], [37.316173, 46.914271, 0], [37.282845, 46.937346, 0], [37.23816, 46.951031, 0], [37.036174, 46.870651, 0], [37.006126, 46.869295, 0], [36.897491, 46.810934, 0], [36.86852, 46.76572, 0], [36.838054, 46.70579, 0], [36.804988, 46.659181, 0], [36.769768, 46.63222, 0], [36.750355, 46.631181, 0], [36.749226, 46.643047, 0], [36.787614, 46.66415, 0], [36.818292, 46.70213, 0], [36.810878, 46.730372, 0], [36.7761, 46.754256, 0], [36.711062, 46.781413, 0], [36.536636, 46.758576, 0], [36.414958, 46.726012, 0], [36.332203, 46.677034, 0], [36.2328, 46.555902, 0], [36.171704, 46.498177, 0], [36.143142, 46.503306, 0], [36.155067, 46.527954, 0], [36.166514, 46.527707, 0], [36.19085, 46.534705, 0], [36.259896, 46.61865, 0], [36.229044, 46.650535, 0], [36.189885, 46.66706, 0], [36.11469, 46.656638, 0], [35.993615, 46.666059, 0], [35.873938, 46.645662, 0], [35.723987, 46.586842, 0], [35.624266, 46.504336, 0], [35.565718, 46.47543, 0], [35.457829, 46.441261, 0], [35.360236, 46.354693, 0], [35.265869, 46.250892, 0], [35.18863, 46.151465, 0], [35.133606, 46.119545, 0], [35.066419, 46.099387, 0], [34.978187, 46.076659, 0], [34.991294, 46.104591, 0], [35.030825, 46.127364, 0], [35.029347, 46.145017, 0], [35.136833, 46.162033, 0], [35.209023, 46.190401, 0], [35.253203, 46.248701, 0], [35.298987, 46.299007, 0], [35.294302, 46.306424, 0], [35.300092, 46.314492, 0], [35.317442, 46.317067, 0], [35.331193, 46.331158, 0], [35.31792, 46.337862, 0], [35.307895, 46.348318, 0], [35.289804, 46.356581, 0], [35.266102, 46.355554, 0], [35.254946, 46.404982, 0], [35.268036, 46.432201, 0], [35.246448, 46.446405, 0], [35.211759, 46.447041, 0], [35.218273, 46.430405, 0], [35.193173, 46.370951, 0], [35.178357, 46.362948, 0], [35.138002, 46.348282, 0], [35.11777, 46.314272, 0], [35.079862, 46.276666, 0], [35.024814, 46.256333, 0], [34.903003, 46.236419, 0], [34.833782, 46.200162, 0], [34.83464, 46.115559, 0], [34.852473, 46.009247, 0], [34.895963, 45.89884, 0], [34.977053, 45.765285, 0], [34.958219, 45.760037, 0], [34.800881, 45.804735, 0], [34.796134, 45.892053, 0], [34.782879, 45.904975, 0], [34.752716, 45.910231, 0], [34.700883, 45.959179, 0], [34.651415, 45.973908, 0], [34.556042, 45.988691, 0], [34.478552, 45.946947, 0], [34.436726, 45.968164, 0], [34.382464, 46.034692, 0], [34.227754, 46.060816, 0], [34.160772, 46.08043, 0], [34.122582, 46.108122, 0], [34.038334, 46.116935, 0], [33.82395, 46.187069, 0], [33.740532, 46.185128, 0], [33.714554, 46.196894, 0], [33.6897, 46.204334, 0], [33.60668, 46.146878, 0], [33.580572, 46.157178, 0], [33.545372, 46.12331, 0], [33.513984, 46.107515, 0], [33.561688, 46.074055, 0], [33.515116, 46.08243, 0], [33.496699, 46.070314, 0], [33.493142, 46.052719, 0], [33.51018, 46.028452, 0], [33.491141, 46.03224, 0], [33.460422, 46.046034, 0], [33.437087, 46.040165, 0], [33.407575, 46.040962, 0], [33.366461, 46.07525, 0], [33.349946, 46.093137, 0], [33.318315, 46.099114, 0], [33.318234, 46.076303, 0], [33.288547, 46.074961, 0], [33.278039, 46.094525, 0], [33.302996, 46.093595, 0], [33.308611, 46.114316, 0], [33.284009, 46.12504, 0], [33.256658, 46.138651, 0], [33.208021, 46.127029, 0], [33.222893, 46.157038, 0], [33.195306, 46.170137, 0], [33.181455, 46.147562, 0], [33.14047, 46.127642, 0], [33.101575, 46.131873, 0], [33.062645, 46.155591, 0], [33.031475, 46.149726, 0], [33.029605, 46.113243, 0], [32.913276, 46.106793, 0], [32.863717, 46.115723, 0], [32.828978, 46.111371, 0], [32.758447, 46.119028, 0], [32.732848, 46.109787, 0], [32.703745, 46.106234, 0], [32.67705, 46.099817, 0], [32.646659, 46.107865, 0], [32.596141, 46.095849, 0], [32.544276, 46.080477, 0], [32.539628, 46.073498, 0], [32.541847, 46.068187, 0], [32.55212, 46.068282, 0], [32.620055, 46.0604, 0], [32.719364, 46.039073, 0], [32.795279, 46.03031, 0], [32.878574, 46.025916, 0], [32.908036, 46.026622, 0], [32.926517, 46.031197, 0], [32.936279, 46.039686, 0], [32.941407, 46.046089, 0], [32.972882, 46.030736, 0], [33.017451, 46.025675, 0], [33.049658, 46.027752, 0], [33.070055, 46.014197, 0], [33.036377, 46.008034, 0], [32.968043, 46.012572, 0], [32.912066, 46.010401, 0], [32.739615, 46.033613, 0], [32.637881, 46.053703, 0], [32.574897, 46.063727, 0], [32.546537, 46.065294, 0], [32.389221, 46.094552, 0], [32.226041, 46.131886, 0], [32.238387, 46.149805, 0], [32.227939, 46.168376, 0], [32.239877, 46.178544, 0], [32.221809, 46.187739, 0], [32.208103, 46.186828, 0], [32.20613, 46.172209, 0], [32.187022, 46.175695, 0], [32.165963, 46.196922, 0], [32.12115, 46.204421, 0], [32.087826, 46.22149, 0], [32.077751, 46.238949, 0], [32.051416, 46.249814, 0], [32.028542, 46.245625, 0], [31.969511, 46.257237, 0], [31.955596, 46.265925, 0], [31.943742, 46.285588, 0], [31.936819, 46.292171, 0], [31.904488, 46.297468, 0], [31.895066, 46.280773, 0], [31.883288, 46.273445, 0], [31.874001, 46.265286, 0], [31.870831, 46.265803, 0], [31.86122, 46.272172, 0], [31.850738, 46.268283, 0], [31.847697, 46.267951, 0], [31.835191, 46.272857, 0], [31.833142, 46.269821, 0], [31.834694, 46.266167, 0], [31.818304, 46.26434, 0], [31.813241, 46.264773, 0], [31.814358, 46.269477, 0], [31.809724, 46.272123, 0], [31.791702, 46.273917, 0], [31.784514, 46.268892, 0], [31.784407, 46.265113, 0], [31.779602, 46.264496, 0], [31.777196, 46.268157, 0], [31.783287, 46.272539, 0], [31.782128, 46.276867, 0], [31.77511, 46.282294, 0], [31.775544, 46.28549, 0], [31.771212, 46.288867, 0], [31.774506, 46.293952, 0], [31.768016, 46.296545, 0], [31.758091, 46.294869, 0], [31.747738, 46.298168, 0], [31.745589, 46.30605, 0], [31.772538, 46.327173, 0], [31.823448, 46.337131, 0], [31.868275, 46.334384, 0], [31.969769, 46.348389, 0], [32.009049, 46.364143, 0], [32.035568, 46.416592, 0], [32.029038, 46.437569, 0], [32.002243, 46.453458, 0], [31.974844, 46.439231, 0], [31.952823, 46.437483, 0], [31.892118, 46.456829, 0], [31.797018, 46.478139, 0], [31.770904, 46.484579, 0], [31.742039, 46.485338, 0], [31.716453, 46.478678, 0], [31.704264, 46.466577, 0], [31.696917, 46.457512, 0], [31.697124, 46.447264, 0], [31.706976, 46.445455, 0], [31.720264, 46.433355, 0], [31.737666, 46.426222, 0], [31.776887, 46.37412, 0], [31.773838, 46.371159, 0], [31.74521, 46.386432, 0], [31.724946, 46.414472, 0], [31.6943, 46.440337, 0], [31.65675, 46.468916, 0], [31.614245, 46.501946, 0], [31.54695, 46.538732, 0], [31.52162, 46.561607, 0], [31.511296, 46.57669, 0], [31.513416, 46.580829, 0], [31.530518, 46.557632, 0], [31.554083, 46.545465, 0], [31.581672, 46.537248, 0], [31.631498, 46.540518, 0], [31.662856, 46.536405, 0], [31.697651, 46.545034, 0], [31.756921, 46.547955, 0], [31.807071, 46.529464, 0], [31.864914, 46.517622, 0], [31.881562, 46.518298, 0], [31.898754, 46.518606, 0], [31.90491, 46.517962, 0], [31.910906, 46.511556, 0], [31.999388, 46.488028, 0], [32.046395, 46.488939, 0], [32.078878, 46.499234, 0], [32.126377, 46.498662, 0], [32.164698, 46.489533, 0], [32.208497, 46.478155, 0], [32.236933, 46.480278, 0], [32.256442, 46.477196, 0], [32.302096, 46.467799, 0], [32.34392, 46.462486, 0], [32.401301, 46.471994, 0], [32.417638, 46.479462, 0], [32.417841, 46.485038, 0], [32.428259, 46.485388, 0], [32.431676, 46.489187, 0], [32.432689, 46.494759, 0], [32.437721, 46.503362, 0], [32.448322, 46.502869, 0], [32.457067, 46.503811, 0], [32.464782, 46.50806, 0], [32.489129, 46.527383, 0], [32.500265, 46.533445, 0], [32.505695, 46.537963, 0], [32.50899, 46.540014, 0], [32.514585, 46.54101, 0], [32.520688, 46.540356, 0], [32.531855, 46.536868, 0], [32.537546, 46.538063, 0], [32.553804, 46.541271, 0], [32.582333, 46.555126, 0], [32.666501, 46.582534, 0], [32.691777, 46.601258, 0], [32.689077, 46.606416, 0], [32.678738, 46.614152, 0], [32.684459, 46.621245, 0], [32.719988, 46.631762, 0], [32.751121, 46.630308, 0], [32.767524, 46.635578, 0], [32.784392, 46.628019, 0], [32.79871, 46.632116, 0], [32.803575, 46.64089, 0], [32.817026, 46.645891, 0], [32.833632, 46.65495, 0], [32.845933, 46.663276, 0], [32.87011, 46.682514, 0], [32.875045, 46.686842, 0], [32.879959, 46.686474, 0], [32.885731, 46.68905, 0], [32.891023, 46.693202, 0], [32.891767, 46.698237, 0], [32.905306, 46.711285, 0], [32.923355, 46.718326, 0], [32.928559, 46.718374, 0], [32.933393, 46.717207, 0], [32.942776, 46.713303, 0], [32.954231, 46.711542, 0], [32.979847, 46.710469, 0], [32.991091, 46.714538, 0], [33.01958, 46.717745, 0], [33.024894, 46.724573, 0], [33.04052, 46.729226, 0], [33.043353, 46.737227, 0], [33.044173, 46.738481, 0], [33.048438, 46.737604, 0], [33.054173, 46.731432, 0], [33.06219, 46.732265, 0], [33.073312, 46.7384, 0], [33.081979, 46.73801, 0], [33.090411, 46.743645, 0], [33.104047, 46.747501, 0], [33.132062, 46.755128, 0], [33.137166, 46.755756, 0], [33.140191, 46.756687, 0], [33.141455, 46.759367, 0], [33.153349, 46.762795, 0], [33.19787, 46.767502, 0], [33.239884, 46.76354, 0], [33.254381, 46.752574, 0], [33.286306, 46.749398, 0], [33.313396, 46.751477, 0], [33.340157, 46.757042, 0], [33.358896, 46.764016, 0], [33.357445, 46.767035, 0], [33.371611, 46.775729, 0], [33.37056, 46.776837, 0], [33.371408, 46.777142, 0], [33.37247, 46.776123, 0], [33.373373, 46.776487, 0], [33.377184, 46.776306, 0], [33.38953, 46.782727, 0], [33.402938, 46.773597, 0], [33.470266, 46.820961, 0], [33.563472, 46.818209, 0], [33.620298, 46.829034, 0], [33.63746, 46.847176, 0], [33.634028, 46.866257, 0], [33.633822, 46.899514, 0], [33.656816, 46.904678, 0], [33.678446, 46.900926, 0], [33.688159, 46.920449, 0], [33.69561, 46.95542, 0], [33.697668, 46.995131, 0], [33.802317, 47.059017, 0], [33.840787, 47.098524, 0], [33.849951, 47.137794, 0], [33.903126, 47.159977, 0], [33.929814, 47.177216, 0], [33.944844, 47.197252, 0], [33.96786, 47.211277, 0], [33.982732, 47.230662, 0], [34.042234, 47.410429, 0], [34.046677, 47.417654, 0], [34.064873, 47.424317, 0], [34.118345, 47.420566, 0], [34.145724, 47.424467, 0], [34.199289, 47.412104, 0], [34.269679, 47.439549, 0], [34.296102, 47.428688, 0], [34.334911, 47.447001, 0], [34.338371, 47.467761, 0], [34.374131, 47.507196, 0], [34.386948, 47.513875, 0], [34.405218, 47.500758, 0], [34.435839, 47.496913, 0], [34.500622, 47.499673, 0], [34.533137, 47.530459, 0], [34.544529, 47.532707, 0], [34.586248, 47.521809, 0], [34.599039, 47.53467, 0], [34.618034, 47.544491, 0], [34.628377, 47.54583, 0], [34.642071, 47.544419, 0], [34.680198, 47.510731, 0], [34.689413, 47.494893, 0], [34.708981, 47.490582, 0], [34.749153, 47.492601, 0], [34.792304, 47.467747, 0], [34.825201, 47.464803, 0], [34.859923, 47.451254, 0], [34.874183, 47.449528, 0], [34.874741, 47.437558, 0], [34.863371, 47.420884, 0], [34.883713, 47.406118, 0], [34.935443, 47.391632, 0], [34.968692, 47.389233, 0], [35.02882, 47.418144, 0], [35.046158, 47.437757, 0], [35.062432, 47.448694, 0], [35.102228, 47.451038, 0], [35.148662, 47.445686, 0], [35.202642, 47.445003, 0], [35.264423, 47.473907, 0], [35.280796, 47.472193, 0], [35.273654, 47.493721, 0], [35.280896, 47.503398, 0], [35.299381, 47.510983, 0], [35.313504, 47.512683, 0], [35.326426, 47.516816, 0], [35.334722, 47.525284, 0], [35.337152, 47.530162, 0], [35.331903, 47.547142, 0], [35.3279538, 47.5639106, 0], [35.3246898, 47.5692112, 0], [35.3205946, 47.5729298, 0], [35.307976, 47.57781, 0], [35.3002727, 47.5810666, 0], [35.2964741, 47.584757, 0], [35.2921234, 47.5910673, 0], [35.2886964, 47.5961102, 0], [35.2982352, 47.5973342, 0], [35.3007662, 47.5907491, 0], [35.3041126, 47.5892719, 0], [35.3078023, 47.5814554, 0], [35.3222993, 47.5799417, 0], [35.329674, 47.5785719, 0], [35.3327835, 47.580389, 0], [35.3310983, 47.5852198, 0], [35.3376158, 47.5890388, 0], [35.3482804, 47.5899744, 0], [35.3510423, 47.5889502, 0], [35.3534724, 47.58514, 0], [35.3552158, 47.5799691, 0], [35.3607385, 47.5792716, 0], [35.3658037, 47.581767, 0], [35.3664563, 47.5863417, 0], [35.3750916, 47.5864585, 0], [35.3764828, 47.5791657, 0], [35.3779304, 47.5656904, 0], [35.3909219, 47.5653014, 0], [35.3912449, 47.5670367, 0], [35.4025112, 47.5671823, 0], [35.4032206, 47.55864, 0], [35.397757, 47.546647, 0], [35.397308, 47.540278, 0], [35.402973, 47.537641, 0], [35.419282, 47.535041, 0], [35.431521, 47.537583, 0], [35.449143, 47.542409, 0], [35.460844, 47.540686, 0], [35.47711, 47.543683, 0], [35.48561, 47.544909, 0], [35.486299, 47.547351, 0], [35.488364, 47.547775, 0], [35.493777, 47.545417, 0], [35.494554, 47.544102, 0], [35.504532, 47.544173, 0], [35.504748, 47.546631, 0], [35.50827, 47.546912, 0], [35.509647, 47.544231, 0], [35.5361804, 47.5462177, 0], [35.5372545, 47.5436815, 0], [35.5549371, 47.5445062, 0], [35.571915, 47.538567, 0], [35.590302, 47.528366, 0], [35.592551, 47.519323, 0], [35.613134, 47.504301, 0], [35.616157, 47.504308, 0], [35.616503, 47.506237, 0], [35.621182, 47.507665, 0], [35.623629, 47.505846, 0], [35.636935, 47.510964, 0], [35.640841, 47.507493, 0], [35.632903, 47.502978, 0], [35.634628, 47.500488, 0], [35.654663, 47.500962, 0], [35.670484, 47.502209, 0], [35.687063, 47.509761, 0], [35.699524, 47.506848, 0], [35.711504, 47.505541, 0], [35.71853, 47.494788, 0], [35.731603, 47.490714, 0], [35.746391, 47.489885, 0], [35.745142, 47.486822, 0], [35.782257, 47.485668, 0], [35.790682, 47.480885, 0], [35.799375, 47.473519, 0], [35.8180819, 47.4695855, 0], [35.8421098, 47.4709894, 0], [35.896111, 47.46596, 0], [35.911615, 47.468917, 0], [35.921493, 47.475232, 0], [35.924055, 47.494728, 0], [35.932591, 47.493496, 0], [35.941642, 47.493887, 0], [35.940888, 47.511993, 0], [35.9361973, 47.523303, 0], [35.9367705, 47.5271607, 0], [35.9432371, 47.5301327, 0], [35.9497032, 47.5235996, 0], [35.967959, 47.517566, 0], [35.9896768, 47.5145181, 0], [35.9921425, 47.5232359, 0], [35.9944477, 47.5256521, 0], [35.9987761, 47.5257009, 0], [36.020784, 47.515904, 0], [36.03001, 47.522289, 0], [36.031684, 47.526124, 0], [36.067136, 47.526256, 0], [36.073734, 47.532932, 0], [36.08291, 47.551831, 0], [36.087362, 47.573854, 0], [36.105724, 47.578503, 0], [36.116706, 47.57794, 0], [36.126571, 47.5757535, 0], [36.1256741, 47.5790702, 0], [36.1138961, 47.5813654, 0], [36.1165901, 47.5823974, 0], [36.1275239, 47.5816922, 0], [36.1834089, 47.5834614, 0], [36.1751214, 47.6107094, 0], [36.1792461, 47.633169, 0], [36.1827927, 47.6331433, 0], [36.1967119, 47.6393189, 0], [36.2005772, 47.6462179, 0], [36.2226483, 47.6570396, 0], [36.2202564, 47.6598509, 0], [36.2395291, 47.6641812, 0], [36.2393974, 47.6658125, 0], [36.2457947, 47.6653951, 0], [36.2405878, 47.6733101, 0], [36.2304622, 47.6732378, 0], [36.2226093, 47.6777379, 0], [36.2202332, 47.6810022, 0], [36.2144774, 47.6836287, 0], [36.2269452, 47.6885948, 0], [36.2138525, 47.7012499, 0], [36.1989626, 47.7287417, 0], [36.1950496, 47.7534615, 0], [36.1919642, 47.7577277, 0], [36.190595, 47.7631479, 0], [36.2022769, 47.7651024, 0], [36.2105582, 47.778573, 0], [36.2350828, 47.7875784, 0], [36.2714438, 47.7862815, 0], [36.3058253, 47.7914323, 0], [36.3029098, 47.8029842, 0], [36.3088025, 47.8206876, 0], [36.3225617, 47.8273624, 0], [36.3459712, 47.8304978, 0], [36.406937, 47.8300996, 0], [36.4551076, 47.8245888, 0], [36.4928655, 47.848131, 0], [36.4945812, 47.8701654, 0], [36.5007749, 47.8812205, 0], [36.5317248, 47.8768442, 0]]]}}, {"type": "Feature", "properties": {"name": "\u041e\u043a\u0443\u043f\u043e\u0432\u0430\u043d\u043e /// Occupied /// geoJSON.status.occupied\n", "date": "2026-03-30", "layer_type": "russian_occupied"}, "geometry": {"type": "Polygon", "coordinates": [[[37.6054749, 49.7195182, 0], [37.6088449, 49.7202304, 0], [37.610349, 49.7214886, 0], [37.6120117, 49.7193729, 0], [37.6129064, 49.7172207, 0], [37.6118209, 49.7159128, 0], [37.6101649, 49.7155169, 0], [37.6082688, 49.7178327, 0], [37.6067941, 49.7176361, 0], [37.6038036, 49.7176072, 0], [37.6035596, 49.7183552, 0], [37.6054749, 49.7195182, 0]]]}}, {"type": "Feature", "properties": {"name": "\u041e\u043a\u0443\u043f\u043e\u0432\u0430\u043d\u043e /// Occupied /// geoJSON.status.occupied\n", "date": "2026-03-30", "layer_type": "russian_occupied"}, "geometry": {"type": "Polygon", "coordinates": [[[35.4730548, 50.7252895, 0], [35.4675616, 50.7164865, 0], [35.4665317, 50.7084972, 0], [35.4626693, 50.7081167, 0], [35.4596652, 50.7045292, 0], [35.4621543, 50.7028441, 0], [35.4605235, 50.6967553, 0], [35.4637851, 50.6938738, 0], [35.4593024, 50.6894341, 0], [35.4642241, 50.6844819, 0], [35.4725777, 50.6801819, 0], [35.4755222, 50.6813802, 0], [35.4860068, 50.6804564, 0], [35.4964908, 50.6786614, 0], [35.4869284, 50.6706136, 0], [35.4892589, 50.6586512, 0], [35.4856807, 50.6558358, 0], [35.4627362, 50.6663084, 0], [35.4292475, 50.6557391, 0], [35.4094913, 50.6554793, 0], [35.4348968, 50.6688901, 0], [35.4352698, 50.6739888, 0], [35.4518649, 50.6789785, 0], [35.4449985, 50.6887129, 0], [35.429034, 50.6955638, 0], [35.4236266, 50.7077953, 0], [35.4319522, 50.719154, 0], [35.4520367, 50.7317051, 0], [35.4545258, 50.7378979, 0], [35.4569724, 50.7573947, 0], [35.4321975, 50.771503, 0], [35.426671, 50.7860642, 0], [35.394227, 50.79187, 0], [35.3822974, 50.7996292, 0], [35.3786917, 50.8075476, 0], [35.3953329, 50.8172889, 0], [35.3988303, 50.8358585, 0], [35.4209515, 50.8418391, 0], [35.4201812, 50.8295974, 0], [35.413787, 50.8167469, 0], [35.4101511, 50.8058122, 0], [35.4115648, 50.8024082, 0], [35.4161128, 50.7984414, 0], [35.4332372, 50.7945317, 0], [35.4347603, 50.7924683, 0], [35.4507369, 50.782792, 0], [35.4623381, 50.783119, 0], [35.4739399, 50.7851814, 0], [35.4891429, 50.7766075, 0], [35.473741, 50.7551664, 0], [35.4767483, 50.7521983, 0], [35.4700869, 50.7470017, 0], [35.4700818, 50.7442793, 0], [35.473853, 50.7406877, 0], [35.471954, 50.7371979, 0], [35.4637955, 50.7349646, 0], [35.4730548, 50.7252895, 0]]]}}, {"type": "Feature", "properties": {"name": "\u041e\u043a\u0443\u043f\u043e\u0432\u0430\u043d\u043e /// Occupied /// geoJSON.status.occupied\n", "date": "2026-03-30", "layer_type": "russian_occupied"}, "geometry": {"type": "Polygon", "coordinates": [[[35.3510305, 51.0061708, 0], [35.3484127, 51.0091815, 0], [35.350258, 51.0110582, 0], [35.3672525, 51.0113822, 0], [35.3754922, 51.0120302, 0], [35.3758784, 51.0103291, 0], [35.3749772, 51.0087901, 0], [35.36854, 51.0085741, 0], [35.3657503, 51.007359, 0], [35.3580257, 51.0053606, 0], [35.3510305, 51.0061708, 0]]]}}, {"type": "Feature", "properties": {"name": "\u041e\u043a\u0443\u043f\u043e\u0432\u0430\u043d\u043e /// Occupied /// geoJSON.status.occupied\n", "date": "2026-03-30", "layer_type": "russian_occupied"}, "geometry": {"type": "Polygon", "coordinates": [[[37.432518, 50.443688, 0], [37.4424897, 50.4470187, 0], [37.469072, 50.453555, 0], [37.473266, 50.455697, 0], [37.476859, 50.459505, 0], [37.490915, 50.457394, 0], [37.484493, 50.445003, 0], [37.4841668, 50.4313827, 0], [37.4654945, 50.4308721, 0], [37.4624306, 50.4189023, 0], [37.4404727, 50.4335986, 0], [37.432518, 50.443688, 0]]]}}, {"type": "Feature", "properties": {"name": "\u041e\u043a\u0443\u043f\u043e\u0432\u0430\u043d\u043e /// Occupied /// geoJSON.status.occupied\n", "date": "2026-03-30", "layer_type": "russian_occupied"}, "geometry": {"type": "Polygon", "coordinates": [[[34.2970749, 51.7169533, 0], [34.2997142, 51.7236863, 0], [34.303212, 51.7238259, 0], [34.3051, 51.7214599, 0], [34.3090484, 51.7201572, 0], [34.3037172, 51.7166186, 0], [34.3009707, 51.7120983, 0], [34.2991777, 51.7121007, 0], [34.2970749, 51.7169533, 0]]]}}, {"type": "Feature", "properties": {"name": "\u041e\u043a\u0443\u043f\u043e\u0432\u0430\u043d\u043e /// Occupied /// geoJSON.status.occupied\n", "date": "2026-03-30", "layer_type": "russian_occupied"}, "geometry": {"type": "Polygon", "coordinates": [[[34.3559759, 51.8608179, 0], [34.3638522, 51.8580436, 0], [34.3628222, 51.855181, 0], [34.3676287, 51.8521061, 0], [34.3671138, 51.8487129, 0], [34.369517, 51.8450012, 0], [34.3741519, 51.8450012, 0], [34.3792361, 51.8440647, 0], [34.3792361, 51.8398223, 0], [34.3719414, 51.8373571, 0], [34.3597107, 51.8420109, 0], [34.3459337, 51.8424208, 0], [34.3481653, 51.8516468, 0], [34.3535726, 51.8556759, 0], [34.3559759, 51.8608179, 0]]]}}, {"type": "Feature", "properties": {"name": "\u041e\u043a\u0443\u043f\u043e\u0432\u0430\u043d\u043e /// Occupied /// geoJSON.status.occupied\n", "date": "2026-03-30", "layer_type": "russian_occupied"}, "geometry": {"type": "Polygon", "coordinates": [[[34.4061823, 51.2686798, 0], [34.4030066, 51.2648131, 0], [34.3909045, 51.2672835, 0], [34.3790598, 51.2705593, 0], [34.3836947, 51.2737812, 0], [34.4009037, 51.2709621, 0], [34.4061823, 51.2686798, 0]]]}}, {"type": "Feature", "properties": {"name": "\u0417\u0432\u0456\u043b\u044c\u043d\u0435\u043d\u043e 25.03 /// Liberated 25.03\u00a0/// geoJSON.status.dismissed_at {{at:25.03}}", "date": "2026-03-30", "layer_type": "liberated"}, "geometry": {"type": "Polygon", "coordinates": [[[34.942155, 50.490566, 0], [34.946551, 50.488991, 0], [34.965765, 50.498264, 0], [34.971893, 50.501611, 0], [34.975854, 50.498777, 0], [34.980999, 50.494999, 0], [34.992919, 50.480133, 0], [34.984814, 50.471273, 0], [34.992964, 50.460483, 0], [34.987412, 50.455088, 0], [34.970557, 50.457859, 0], [34.966429, 50.452582, 0], [34.942413, 50.454604, 0], [34.938031, 50.468261, 0], [34.918396, 50.473666, 0], [34.926154, 50.489762, 0], [34.942155, 50.490566, 0]]]}}, {"type": "Feature", "properties": {"name": "\u0417\u0432\u0456\u043b\u044c\u043d\u0435\u043d\u043e /// Liberated\u00a0\u00a0/// geoJSON.status.dismissed", "date": "2026-03-30", "layer_type": "liberated"}, "geometry": {"type": "Polygon", "coordinates": [[[32.145013, 46.939465, 0], [32.109007, 47.026278, 0], [32.045836, 47.03751, 0], [32.01854, 47.033169, 0], [32.01088, 47.050926, 0], [32.136122, 47.212932, 0], [32.094155, 47.360016, 0], [32.032844, 47.37791, 0], [32.033014, 47.399664, 0], [32.09256, 47.412862, 0], [32.080361, 47.430007, 0], [32.0405, 47.427131, 0], [32.039919, 47.443064, 0], [32.082672, 47.44212, 0], [32.071191, 47.465782, 0], [32.063843, 47.500316, 0], [32.066572, 47.520542, 0], [32.073081, 47.529407, 0], [32.075736, 47.549464, 0], [32.073587, 47.564426, 0], [32.087818, 47.590688, 0], [32.079379, 47.609992, 0], [31.919372, 47.598971, 0], [31.909252, 47.626381, 0], [31.866501, 47.622445, 0], [31.860528, 47.641576, 0], [31.845179, 47.639687, 0], [31.827437, 47.608875, 0], [31.825803, 47.602477, 0], [31.819868, 47.603258, 0], [31.805861, 47.604738, 0], [31.787098, 47.626892, 0], [31.776563, 47.647887, 0], [31.765131, 47.663479, 0], [31.625376, 47.644993, 0], [31.569267, 47.628113, 0], [31.522805, 47.610284, 0], [31.388328, 47.567099, 0], [31.35395, 47.554481, 0], [31.343757, 47.550322, 0], [31.342685, 47.552108, 0], [31.340284, 47.552843, 0], [31.33769, 47.557783, 0], [31.342391, 47.559711, 0], [31.372569, 47.573758, 0], [31.426488, 47.591913, 0], [31.476323, 47.610277, 0], [31.51659, 47.624514, 0], [31.560313, 47.638965, 0], [31.621592, 47.652366, 0], [31.758883, 47.674128, 0], [31.774178, 47.675822, 0], [31.807427, 47.617629, 0], [31.815171, 47.610038, 0], [31.821103, 47.60983, 0], [31.821714, 47.621888, 0], [31.82948, 47.632625, 0], [31.830939, 47.64068, 0], [31.842617, 47.645917, 0], [31.865094, 47.649563, 0], [31.872544, 47.64662, 0], [31.874671, 47.628645, 0], [31.919896, 47.632598, 0], [31.925858, 47.605115, 0], [32.024095, 47.613827, 0], [32.104203, 47.619331, 0], [32.104059, 47.579376, 0], [32.103098, 47.565114, 0], [32.099052, 47.549692, 0], [32.097142, 47.536457, 0], [32.103622, 47.528067, 0], [32.105154, 47.515804, 0], [32.100216, 47.51013, 0], [32.084293, 47.50747, 0], [32.080601, 47.497048, 0], [32.088768, 47.466635, 0], [32.119521, 47.400407, 0], [32.118663, 47.392031, 0], [32.116101, 47.382719, 0], [32.188722, 47.389092, 0], [32.207108, 47.395446, 0], [32.261787, 47.399996, 0], [32.298212, 47.39445, 0], [32.294535, 47.366938, 0], [32.27208, 47.345122, 0], [32.273914, 47.254586, 0], [32.253794, 47.241387, 0], [32.237441, 47.2824, 0], [32.243054, 47.315028, 0], [32.221287, 47.373768, 0], [32.121476, 47.360014, 0], [32.116441, 47.351815, 0], [32.149692, 47.20993, 0], [32.03794, 47.049695, 0], [32.114839, 47.042453, 0], [32.140203, 47.023822, 0], [32.167923, 47.041657, 0], [32.165478, 47.048876, 0], [32.194321, 47.060306, 0], [32.197495, 47.045812, 0], [32.3661, 47.056441, 0], [32.366269, 47.044463, 0], [32.228456, 47.029637, 0], [32.188694, 47.035458, 0], [32.157444, 46.996877, 0], [32.166726, 46.944245, 0], [32.145013, 46.939465, 0]]]}}, {"type": "Feature", "properties": {"name": "\u0417\u0432\u0456\u043b\u044c\u043d\u0435\u043d\u043e/// Liberated\u00a0/// geoJSON.status.dismissed", "date": "2026-03-30", "layer_type": "liberated"}, "geometry": {"type": "Polygon", "coordinates": [[[33.047641, 47.170275, 0], [33.028539, 47.16231, 0], [33.012362, 47.169577, 0], [33.021548, 47.178735, 0], [33.026594, 47.17659, 0], [33.029408, 47.17748, 0], [33.037268, 47.17809, 0], [33.037453, 47.178041, 0], [33.037874, 47.178087, 0], [33.038288, 47.178281, 0], [33.038642, 47.178588, 0], [33.03859, 47.178728, 0], [33.038785, 47.178884, 0], [33.038865, 47.179014, 0], [33.038841, 47.179262, 0], [33.038187, 47.180391, 0], [33.036293, 47.181699, 0], [33.035773, 47.18238, 0], [33.035408, 47.18421, 0], [33.035719, 47.186525, 0], [33.036546, 47.18779, 0], [33.037189, 47.18849, 0], [33.039635, 47.189365, 0], [33.042253, 47.189963, 0], [33.043519, 47.189912, 0], [33.046196, 47.190293, 0], [33.04853, 47.190849, 0], [33.049855, 47.191055, 0], [33.05174, 47.191027, 0], [33.052853, 47.191246, 0], [33.053979, 47.192008, 0], [33.054676, 47.192829, 0], [33.055952, 47.193037, 0], [33.056927, 47.19342, 0], [33.058686, 47.194488, 0], [33.058771, 47.195177, 0], [33.059747, 47.195646, 0], [33.060203, 47.195972, 0], [33.06156, 47.197342, 0], [33.061855, 47.197523, 0], [33.063105, 47.198673, 0], [33.063363, 47.198747, 0], [33.064293, 47.199471, 0], [33.065154, 47.200213, 0], [33.065568, 47.200773, 0], [33.065702, 47.200852, 0], [33.067397, 47.200725, 0], [33.103618, 47.1955, 0], [33.118384, 47.201582, 0], [33.122332, 47.203215, 0], [33.123872, 47.202462, 0], [33.126852, 47.20326, 0], [33.1276, 47.203183, 0], [33.128494, 47.202621, 0], [33.130627, 47.202839, 0], [33.131602, 47.201016, 0], [33.134771, 47.196804, 0], [33.091243, 47.18206, 0], [33.069525, 47.175645, 0], [33.047641, 47.170275, 0]]]}}, {"type": "Feature", "properties": {"name": "\u0417\u0432\u0456\u043b\u044c\u043d\u0435\u043d\u043e 16.03-17.03 /// Liberated 16.03-17.03\u00a0/// geoJSON.status.dismissed_at {{at:16.03 -17.03}}", "date": "2026-03-30", "layer_type": "liberated"}, "geometry": {"type": "Polygon", "coordinates": [[[32.01088, 47.050926, 0], [32.01854, 47.033169, 0], [31.97762, 47.0253, 0], [31.946034, 47.043084, 0], [31.917928, 47.056074, 0], [31.895975, 47.045021, 0], [31.871967, 47.045193, 0], [31.874799, 47.05197, 0], [31.905945, 47.068694, 0], [31.913972, 47.077755, 0], [31.915134, 47.086816, 0], [31.848528, 47.079569, 0], [31.818315, 47.115095, 0], [31.875651, 47.152465, 0], [31.836852, 47.196686, 0], [31.83648, 47.218507, 0], [31.819572, 47.232996, 0], [31.809426, 47.247291, 0], [31.80216, 47.267035, 0], [31.817747, 47.290031, 0], [31.808015, 47.31821, 0], [31.796009, 47.325807, 0], [31.752687, 47.340885, 0], [31.751587, 47.341012, 0], [31.738773, 47.32768, 0], [31.722272, 47.325808, 0], [31.719827, 47.320902, 0], [31.712535, 47.320979, 0], [31.705335, 47.318572, 0], [31.702135, 47.321901, 0], [31.693527, 47.323658, 0], [31.689442, 47.325659, 0], [31.686764, 47.330126, 0], [31.686387, 47.332197, 0], [31.693567, 47.332995, 0], [31.702808, 47.3424, 0], [31.692452, 47.347893, 0], [31.632394, 47.356506, 0], [31.606288, 47.377267, 0], [31.584969, 47.400813, 0], [31.546114, 47.42435, 0], [31.533883, 47.439366, 0], [31.524046, 47.454379, 0], [31.505806, 47.459332, 0], [31.471083, 47.461956, 0], [31.436337, 47.482673, 0], [31.417229, 47.5088, 0], [31.417683, 47.512838, 0], [31.414906, 47.520537, 0], [31.410582, 47.52644, 0], [31.405969, 47.53006, 0], [31.401698, 47.531593, 0], [31.389242, 47.532286, 0], [31.38537, 47.534718, 0], [31.38209, 47.536069, 0], [31.377609, 47.537247, 0], [31.374998, 47.537264, 0], [31.365916, 47.54104, 0], [31.352563, 47.54374, 0], [31.342849, 47.546982, 0], [31.343757, 47.550322, 0], [31.35395, 47.554481, 0], [31.360438, 47.549656, 0], [31.370787, 47.545728, 0], [31.381595, 47.544434, 0], [31.387856, 47.543152, 0], [31.398237, 47.543781, 0], [31.410243, 47.540055, 0], [31.413988, 47.533597, 0], [31.425769, 47.522536, 0], [31.441768, 47.504583, 0], [31.455901, 47.489546, 0], [31.477963, 47.47385, 0], [31.502158, 47.473077, 0], [31.516038, 47.471603, 0], [31.538153, 47.463163, 0], [31.566891, 47.427939, 0], [31.582565, 47.419186, 0], [31.61576, 47.389557, 0], [31.642608, 47.366364, 0], [31.664545, 47.360332, 0], [31.69506, 47.355225, 0], [31.726159, 47.357579, 0], [31.74823, 47.351044, 0], [31.749443, 47.354684, 0], [31.749296, 47.360219, 0], [31.752092, 47.365474, 0], [31.755797, 47.36517, 0], [31.758041, 47.364575, 0], [31.758562, 47.361138, 0], [31.756075, 47.359536, 0], [31.755004, 47.357514, 0], [31.756508, 47.353632, 0], [31.762888, 47.35223, 0], [31.764525, 47.350629, 0], [31.76337, 47.34727, 0], [31.76067, 47.345073, 0], [31.771497, 47.34129, 0], [31.791377, 47.334233, 0], [31.802271, 47.330862, 0], [31.814757, 47.321743, 0], [31.827383, 47.290026, 0], [31.811307, 47.267834, 0], [31.821184, 47.249171, 0], [31.849902, 47.226776, 0], [31.865455, 47.220363, 0], [31.880425, 47.215058, 0], [31.908151, 47.157574, 0], [31.972127, 47.048698, 0], [32.01088, 47.050926, 0]]]}}, {"type": "Feature", "properties": {"name": "\u0417\u0432\u0456\u043b\u044c\u043d\u0435\u043d\u043e /// Liberated\u00a0/// geoJSON.status.dismissed", "date": "2026-03-30", "layer_type": "liberated"}, "geometry": {"type": "Polygon", "coordinates": [[[32.243533, 46.78606, 0], [32.186447, 46.796953, 0], [32.153909, 46.80802, 0], [32.147143, 46.811622, 0], [32.112486, 46.830765, 0], [32.086039, 46.862584, 0], [32.070247, 46.860942, 0], [32.055827, 46.865401, 0], [32.092047, 46.880187, 0], [32.082263, 46.911155, 0], [32.067195, 46.920211, 0], [32.058269, 46.928769, 0], [32.061874, 46.933927, 0], [32.06874, 46.940374, 0], [32.07801, 46.946351, 0], [32.086078, 46.949163, 0], [32.09552, 46.94928, 0], [32.104274, 46.947171, 0], [32.11629, 46.935451, 0], [32.11732, 46.933224, 0], [32.145013, 46.939465, 0], [32.166726, 46.944245, 0], [32.37488, 46.995417, 0], [32.379035, 46.987997, 0], [32.387939, 46.96351, 0], [32.42264, 46.959012, 0], [32.397005, 46.929504, 0], [32.399332, 46.896304, 0], [32.404311, 46.883165, 0], [32.382766, 46.876949, 0], [32.35573, 46.876594, 0], [32.356744, 46.866851, 0], [32.361407, 46.856516, 0], [32.37102, 46.844776, 0], [32.363956, 46.83223, 0], [32.304247, 46.777343, 0], [32.244907, 46.770425, 0], [32.243533, 46.78606, 0]]]}}, {"type": "Feature", "properties": {"name": "\u0417\u0432\u0456\u043b\u044c\u043d\u0435\u043d\u043e 25.03 /// Liberated 25.03\u00a0/// geoJSON.status.dismissed_at {{at:25.03}}", "date": "2026-03-30", "layer_type": "liberated"}, "geometry": {"type": "Polygon", "coordinates": [[[34.922718, 50.350303, 0], [34.928605, 50.351664, 0], [34.949471, 50.351773, 0], [34.941415, 50.343355, 0], [34.92407, 50.342818, 0], [34.910414, 50.336578, 0], [34.907058, 50.332964, 0], [34.90214, 50.330184, 0], [34.898424, 50.327185, 0], [34.895804, 50.321117, 0], [34.89442, 50.309074, 0], [34.889035, 50.30903, 0], [34.884326, 50.306869, 0], [34.877232, 50.309127, 0], [34.877524, 50.309489, 0], [34.884219, 50.307655, 0], [34.88862, 50.309595, 0], [34.893729, 50.309548, 0], [34.894164, 50.321404, 0], [34.897279, 50.327817, 0], [34.90192, 50.33131, 0], [34.905832, 50.333297, 0], [34.908593, 50.33738, 0], [34.922718, 50.350303, 0]]]}}, {"type": "Feature", "properties": {"name": "\u0417\u0432\u0456\u043b\u044c\u043d\u0435\u043d\u043e 23.03 /// Liberated 23.03\u00a0/// geoJSON.status.dismissed_at {{at:23.03}}", "date": "2026-03-30", "layer_type": "liberated"}, "geometry": {"type": "Polygon", "coordinates": [[[32.366269, 47.044463, 0], [32.3661, 47.056441, 0], [32.36607, 47.067269, 0], [32.359743, 47.104032, 0], [32.352426, 47.152074, 0], [32.350734, 47.163214, 0], [32.348354, 47.17377, 0], [32.357229, 47.186487, 0], [32.359324, 47.188003, 0], [32.360768, 47.189285, 0], [32.362628, 47.189749, 0], [32.36289, 47.203128, 0], [32.38341, 47.212074, 0], [32.406094, 47.210731, 0], [32.400786, 47.171283, 0], [32.415991, 47.169393, 0], [32.422711, 47.170515, 0], [32.429287, 47.172289, 0], [32.434556, 47.17506, 0], [32.439139, 47.176896, 0], [32.444186, 47.179168, 0], [32.450162, 47.180444, 0], [32.462629, 47.17856, 0], [32.466191, 47.174322, 0], [32.4634, 47.170318, 0], [32.460398, 47.157292, 0], [32.437092, 47.152896, 0], [32.444864, 47.105058, 0], [32.463834, 47.10001, 0], [32.463426, 47.091496, 0], [32.460273, 47.083916, 0], [32.46127, 47.074822, 0], [32.451113, 47.067364, 0], [32.454145, 47.050112, 0], [32.458568, 47.03806, 0], [32.466737, 47.033028, 0], [32.51994, 47.044387, 0], [32.515198, 47.020965, 0], [32.50721, 47.006063, 0], [32.487384, 46.998417, 0], [32.476656, 46.985068, 0], [32.42264, 46.959012, 0], [32.387939, 46.96351, 0], [32.379035, 46.987997, 0], [32.37488, 46.995417, 0], [32.376027, 47.002518, 0], [32.370362, 47.020543, 0], [32.366269, 47.044463, 0]]]}}, {"type": "Feature", "properties": {"name": "\u0417\u0432\u0456\u043b\u044c\u043d\u0435\u043d\u043e /// Liberated\u00a0/// geoJSON.status.dismissed", "date": "2026-03-30", "layer_type": "liberated"}, "geometry": {"type": "Polygon", "coordinates": [[[34.988456, 50.641136, 0], [34.981418, 50.643313, 0], [34.964595, 50.640483, 0], [34.988172, 50.664331, 0], [34.987829, 50.683478, 0], [34.991262, 50.6937, 0], [34.975297, 50.727685, 0], [34.966714, 50.748544, 0], [34.943368, 50.762878, 0], [34.928605, 50.778512, 0], [34.927232, 50.791318, 0], [34.931352, 50.811498, 0], [34.931695, 50.825596, 0], [34.950578, 50.824946, 0], [34.950061, 50.812764, 0], [34.941478, 50.791499, 0], [34.944568, 50.781298, 0], [34.957099, 50.769683, 0], [34.962538, 50.767695, 0], [35.011236, 50.767871, 0], [35.015733, 50.771576, 0], [35.013363, 50.776149, 0], [35.013604, 50.779811, 0], [35.032385, 50.781518, 0], [35.036527, 50.774486, 0], [35.037922, 50.766694, 0], [35.040012, 50.758887, 0], [35.064327, 50.74983, 0], [35.070297, 50.744693, 0], [35.078372, 50.744357, 0], [35.088595, 50.740995, 0], [35.088793, 50.738989, 0], [35.088133, 50.737146, 0], [35.078633, 50.736823, 0], [35.073381, 50.738321, 0], [35.065153, 50.739043, 0], [35.058721, 50.745676, 0], [35.034775, 50.754857, 0], [35.029862, 50.756895, 0], [35.026332, 50.75547, 0], [35.023833, 50.755403, 0], [35.020723, 50.756328, 0], [35.019501, 50.75508, 0], [35.019074, 50.751336, 0], [35.020622, 50.748677, 0], [35.019087, 50.746516, 0], [35.015633, 50.748029, 0], [35.015225, 50.751403, 0], [35.015375, 50.75589, 0], [35.018333, 50.75836, 0], [35.015266, 50.762407, 0], [34.96673, 50.761751, 0], [34.978923, 50.755392, 0], [34.984032, 50.739017, 0], [34.991413, 50.737672, 0], [34.99476, 50.737978, 0], [34.996562, 50.73975, 0], [35.001368, 50.74036, 0], [35.006946, 50.739775, 0], [35.011297, 50.739029, 0], [35.014095, 50.736496, 0], [35.016292, 50.736408, 0], [35.018688, 50.732154, 0], [35.017609, 50.730262, 0], [35.015922, 50.723356, 0], [35.007949, 50.720851, 0], [34.994312, 50.72041, 0], [35.00731, 50.695528, 0], [35.003877, 50.680629, 0], [35.004306, 50.659903, 0], [34.988456, 50.641136, 0]]]}}, {"type": "Feature", "properties": {"name": "\u0417\u0432\u0456\u043b\u044c\u043d\u0435\u043d\u043e /// Liberated\u00a0/// geoJSON.status.dismissed", "date": "2026-03-30", "layer_type": "liberated"}, "geometry": {"type": "Polygon", "coordinates": [[[36.027466, 47.543067, 0], [36.038582, 47.556996, 0], [36.018841, 47.585486, 0], [35.965796, 47.618708, 0], [36.01486, 47.625052, 0], [36.038507, 47.602226, 0], [36.068623, 47.594517, 0], [36.082356, 47.592317, 0], [36.099497, 47.58212, 0], [36.092287, 47.579804, 0], [36.081698, 47.578255, 0], [36.06539, 47.558671, 0], [36.057075, 47.537115, 0], [36.034005, 47.532602, 0], [36.021299, 47.526801, 0], [36.027466, 47.543067, 0]]]}}, {"type": "Feature", "properties": {"name": "\u0417\u0432\u0456\u043b\u044c\u043d\u0435\u043d\u043e 27-31.03/// Liberated 27-31.03\u00a0/// geoJSON.status.dismissed_at {{at:27.03 - 31.03}}", "date": "2026-03-30", "layer_type": "liberated"}, "geometry": {"type": "Polygon", "coordinates": [[[31.334191, 50.504248, 0], [31.353223, 50.505016, 0], [31.365904, 50.505457, 0], [31.380541, 50.498436, 0], [31.40306, 50.499423, 0], [31.406388, 50.487633, 0], [31.402163, 50.477972, 0], [31.389252, 50.480657, 0], [31.381933, 50.483263, 0], [31.377187, 50.485758, 0], [31.370566, 50.481214, 0], [31.368998, 50.478023, 0], [31.370581, 50.4753, 0], [31.372033, 50.473678, 0], [31.373906, 50.471526, 0], [31.374906, 50.469845, 0], [31.375532, 50.467685, 0], [31.375151, 50.465401, 0], [31.374169, 50.46268, 0], [31.373064, 50.461008, 0], [31.369485, 50.461195, 0], [31.366937, 50.463949, 0], [31.365101, 50.46607, 0], [31.360743, 50.465831, 0], [31.357844, 50.464663, 0], [31.352199, 50.46273, 0], [31.347323, 50.461694, 0], [31.342018, 50.462243, 0], [31.338618, 50.466071, 0], [31.338046, 50.469382, 0], [31.341536, 50.472676, 0], [31.3462, 50.476618, 0], [31.35231, 50.480337, 0], [31.356223, 50.483289, 0], [31.36127, 50.484874, 0], [31.366883, 50.487414, 0], [31.37072, 50.489231, 0], [31.370407, 50.491887, 0], [31.362869, 50.495289, 0], [31.353442, 50.499019, 0], [31.33084, 50.496796, 0], [31.301253, 50.493112, 0], [31.276052, 50.489526, 0], [31.262181, 50.484404, 0], [31.236294, 50.483591, 0], [31.213668, 50.484301, 0], [31.207494, 50.489162, 0], [31.214648, 50.499821, 0], [31.229368, 50.499696, 0], [31.236881, 50.506776, 0], [31.241095, 50.514603, 0], [31.247643, 50.516231, 0], [31.253162, 50.516331, 0], [31.262654, 50.512491, 0], [31.282957, 50.511213, 0], [31.28933, 50.535074, 0], [31.321098, 50.526706, 0], [31.323858, 50.514185, 0], [31.335569, 50.519595, 0], [31.474003, 50.567004, 0], [31.479144, 50.567964, 0], [31.440675, 50.589855, 0], [31.426754, 50.593564, 0], [31.41163, 50.593241, 0], [31.399921, 50.592375, 0], [31.394013, 50.590206, 0], [31.386318, 50.588699, 0], [31.378826, 50.586557, 0], [31.370195, 50.588917, 0], [31.368176, 50.592812, 0], [31.367681, 50.597593, 0], [31.368216, 50.603572, 0], [31.375681, 50.618338, 0], [31.354517, 50.625511, 0], [31.329915, 50.630066, 0], [31.302473, 50.62487, 0], [31.287657, 50.609161, 0], [31.280433, 50.602904, 0], [31.276437, 50.595374, 0], [31.26489, 50.59569, 0], [31.266857, 50.606562, 0], [31.273865, 50.613222, 0], [31.263074, 50.623545, 0], [31.289388, 50.645601, 0], [31.29602, 50.659635, 0], [31.306138, 50.659473, 0], [31.318404, 50.655255, 0], [31.328997, 50.649444, 0], [31.33738, 50.642401, 0], [31.343284, 50.637354, 0], [31.391751, 50.624898, 0], [31.38977, 50.611, 0], [31.390721, 50.607439, 0], [31.398148, 50.599557, 0], [31.407292, 50.599738, 0], [31.434943, 50.59796, 0], [31.454857, 50.595526, 0], [31.468769, 50.586872, 0], [31.48324, 50.575959, 0], [31.485676, 50.574316, 0], [31.486895, 50.577802, 0], [31.487676, 50.582652, 0], [31.492015, 50.586603, 0], [31.451538, 50.6532, 0], [31.391023, 50.726432, 0], [31.227286, 50.681805, 0], [31.189002, 50.67338, 0], [31.144481, 50.716284, 0], [31.352169, 50.757923, 0], [31.353943, 50.801893, 0], [31.327693, 50.843766, 0], [31.242443, 50.852991, 0], [31.249183, 50.868272, 0], [31.287201, 50.877849, 0], [31.349546, 50.870584, 0], [31.403564, 50.82429, 0], [31.430661, 50.768335, 0], [31.567076, 50.774225, 0], [31.693242, 50.618851, 0], [31.67396, 50.610871, 0], [31.663379, 50.607387, 0], [31.530425, 50.738399, 0], [31.452619, 50.735032, 0], [31.523963, 50.587597, 0], [31.57814, 50.592687, 0], [31.623842, 50.59249, 0], [31.65479, 50.59837, 0], [31.656163, 50.591832, 0], [31.663029, 50.585729, 0], [31.630594, 50.579726, 0], [31.563152, 50.574573, 0], [31.549819, 50.56339, 0], [31.540417, 50.555341, 0], [31.534889, 50.554444, 0], [31.528179, 50.553231, 0], [31.514823, 50.552806, 0], [31.501006, 50.550312, 0], [31.494335, 50.550944, 0], [31.486017, 50.55429, 0], [31.482459, 50.55659, 0], [31.469163, 50.55388, 0], [31.447973, 50.548005, 0], [31.386619, 50.53245, 0], [31.392209, 50.527901, 0], [31.400845, 50.526025, 0], [31.408761, 50.523311, 0], [31.410088, 50.523338, 0], [31.411368, 50.523392, 0], [31.411525, 50.524047, 0], [31.411237, 50.524974, 0], [31.41238, 50.525572, 0], [31.414321, 50.52546, 0], [31.417173, 50.525452, 0], [31.420302, 50.526311, 0], [31.422955, 50.526062, 0], [31.424656, 50.52502, 0], [31.424624, 50.523264, 0], [31.424732, 50.521824, 0], [31.426469, 50.520384, 0], [31.435664, 50.516607, 0], [31.437304, 50.516869, 0], [31.439273, 50.517001, 0], [31.442352, 50.517263, 0], [31.446107, 50.516914, 0], [31.449152, 50.516106, 0], [31.45326, 50.512349, 0], [31.476789, 50.506533, 0], [31.470871, 50.497565, 0], [31.462722, 50.499516, 0], [31.448324, 50.506881, 0], [31.444309, 50.50679, 0], [31.439712, 50.507044, 0], [31.432199, 50.510034, 0], [31.430866, 50.512588, 0], [31.431116, 50.515293, 0], [31.431027, 50.516332, 0], [31.428792, 50.517643, 0], [31.423634, 50.519557, 0], [31.417129, 50.52138, 0], [31.416203, 50.520583, 0], [31.415465, 50.519591, 0], [31.414678, 50.51897, 0], [31.41378, 50.517736, 0], [31.412154, 50.517867, 0], [31.409501, 50.518728, 0], [31.408057, 50.51985, 0], [31.407488, 50.520839, 0], [31.405652, 50.522715, 0], [31.402202, 50.524048, 0], [31.399096, 50.524891, 0], [31.389737, 50.526745, 0], [31.384411, 50.531518, 0], [31.370881, 50.519561, 0], [31.354552, 50.515286, 0], [31.339066, 50.509133, 0], [31.334191, 50.504248, 0]]]}}, {"type": "Feature", "properties": {"name": "\u0417\u0432\u0456\u043b\u044c\u043d\u0435\u043d\u043e 26.03 /// Liberated 26.03\u00a0/// geoJSON.status.dismissed_at {{at:26.03}}", "date": "2026-03-30", "layer_type": "liberated"}, "geometry": {"type": "Polygon", "coordinates": [[[34.975854, 50.498777, 0], [34.971893, 50.501611, 0], [34.965765, 50.498264, 0], [34.961848, 50.510318, 0], [34.955325, 50.524508, 0], [34.948459, 50.538038, 0], [34.951892, 50.548947, 0], [34.961162, 50.568141, 0], [34.960475, 50.599096, 0], [34.935928, 50.603127, 0], [34.930263, 50.614674, 0], [34.945195, 50.620828, 0], [34.954982, 50.632861, 0], [34.964595, 50.640483, 0], [34.981418, 50.643313, 0], [34.988456, 50.641136, 0], [34.990602, 50.637271, 0], [34.991975, 50.628615, 0], [34.992833, 50.623606, 0], [34.998412, 50.616417, 0], [35.0106, 50.611298, 0], [35.010257, 50.600403, 0], [34.993101, 50.598887, 0], [34.973794, 50.599291, 0], [34.977228, 50.58011, 0], [34.978944, 50.560486, 0], [34.966241, 50.53998, 0], [34.971391, 50.529287, 0], [34.977914, 50.515972, 0], [34.975854, 50.498777, 0]]]}}, {"type": "Feature", "properties": {"name": "\u0417\u0432\u0456\u043b\u044c\u043d\u0435\u043d\u043e\u00a027-29.03 /// Liberated 27-29.03\u00a0/// geoJSON.status.dismissed_at {{at:27.03 - 29.03}}", "date": "2026-03-30", "layer_type": "liberated"}, "geometry": {"type": "Polygon", "coordinates": [[[36.805489, 49.362899, 0], [36.81393, 49.365301, 0], [36.820966, 49.381312, 0], [36.824869, 49.390405, 0], [36.825656, 49.407425, 0], [36.828982, 49.407258, 0], [36.838362, 49.405167, 0], [36.889473, 49.380918, 0], [36.870396, 49.374983, 0], [36.83948, 49.354796, 0], [36.838042, 49.352944, 0], [36.835572, 49.350678, 0], [36.831248, 49.347979, 0], [36.81422, 49.349921, 0], [36.812717, 49.337336, 0], [36.810746, 49.317418, 0], [36.812944, 49.308356, 0], [36.812739, 49.298959, 0], [36.810817, 49.289226, 0], [36.807866, 49.278932, 0], [36.836741, 49.25724, 0], [36.857286, 49.245946, 0], [36.886627, 49.239984, 0], [36.889015, 49.236761, 0], [36.895521, 49.22401, 0], [36.90201, 49.215772, 0], [36.909149, 49.206919, 0], [36.916901, 49.206484, 0], [36.92571, 49.20135, 0], [36.92682, 49.197773, 0], [36.926699, 49.196107, 0], [36.923965, 49.194628, 0], [36.923548, 49.191354, 0], [36.92138, 49.189485, 0], [36.920499, 49.187448, 0], [36.915171, 49.170356, 0], [36.908521, 49.161989, 0], [36.897988, 49.155562, 0], [36.88726, 49.158016, 0], [36.881125, 49.164645, 0], [36.872628, 49.171167, 0], [36.873142, 49.17703, 0], [36.864298, 49.181547, 0], [36.862492, 49.188757, 0], [36.882065, 49.183639, 0], [36.89168, 49.181303, 0], [36.904387, 49.191308, 0], [36.905034, 49.198533, 0], [36.898834, 49.209101, 0], [36.893328, 49.216628, 0], [36.886282, 49.226277, 0], [36.885807, 49.230357, 0], [36.885332, 49.231522, 0], [36.881595, 49.23591, 0], [36.879898, 49.2376, 0], [36.872279, 49.239401, 0], [36.861665, 49.241565, 0], [36.851222, 49.243224, 0], [36.84456, 49.245908, 0], [36.829311, 49.255092, 0], [36.810894, 49.269411, 0], [36.802291, 49.275938, 0], [36.802076, 49.316627, 0], [36.805079, 49.348841, 0], [36.783468, 49.359892, 0], [36.796023, 49.364862, 0], [36.805489, 49.362899, 0]]]}}, {"type": "Feature", "properties": {"name": "\u0417\u0432\u0456\u043b\u044c\u043d\u0435\u043d\u043e 30.03 /// Liberated 30.03\u00a0/// geoJSON.status.dismissed_at {{at:30.03}}", "date": "2026-03-30", "layer_type": "liberated"}, "geometry": {"type": "Polygon", "coordinates": [[[33.095122, 47.561679, 0], [33.111087, 47.563417, 0], [33.135806, 47.559131, 0], [33.152457, 47.55415, 0], [33.155719, 47.543606, 0], [33.165847, 47.540593, 0], [33.168078, 47.534683, 0], [33.181747, 47.528743, 0], [33.195501, 47.530481, 0], [33.198806, 47.528482, 0], [33.218826, 47.531553, 0], [33.239575, 47.53051, 0], [33.259653, 47.540015, 0], [33.274101, 47.54628, 0], [33.286143, 47.543685, 0], [33.287629, 47.538656, 0], [33.287725, 47.526974, 0], [33.279768, 47.521499, 0], [33.279021, 47.517182, 0], [33.296556, 47.503732, 0], [33.309615, 47.501731, 0], [33.314922, 47.489379, 0], [33.32681, 47.489163, 0], [33.331546, 47.481435, 0], [33.334407, 47.481159, 0], [33.335951, 47.480886, 0], [33.336808, 47.480381, 0], [33.336913, 47.479298, 0], [33.338231, 47.478566, 0], [33.340707, 47.476674, 0], [33.34019, 47.476182, 0], [33.340703, 47.475689, 0], [33.341016, 47.474894, 0], [33.341238, 47.473313, 0], [33.341782, 47.47176, 0], [33.343093, 47.470842, 0], [33.345166, 47.470715, 0], [33.346509, 47.470181, 0], [33.347406, 47.469102, 0], [33.348045, 47.468052, 0], [33.347615, 47.467067, 0], [33.334921, 47.465553, 0], [33.334301, 47.467732, 0], [33.332442, 47.469952, 0], [33.328801, 47.471969, 0], [33.322649, 47.472832, 0], [33.320188, 47.471752, 0], [33.308114, 47.465574, 0], [33.307486, 47.456204, 0], [33.281171, 47.452724, 0], [33.261561, 47.458908, 0], [33.236416, 47.453393, 0], [33.236115, 47.446167, 0], [33.222211, 47.444774, 0], [33.211453, 47.444104, 0], [33.204358, 47.487073, 0], [33.201139, 47.487886, 0], [33.200066, 47.503586, 0], [33.194971, 47.517956, 0], [33.19142, 47.517732, 0], [33.190668, 47.520993, 0], [33.17834, 47.520926, 0], [33.157741, 47.531359, 0], [33.144351, 47.534488, 0], [33.143493, 47.547467, 0], [33.112937, 47.556388, 0], [33.087531, 47.552797, 0], [33.095122, 47.561679, 0]]]}}, {"type": "Feature", "properties": {"name": "\u0417\u0432\u0456\u043b\u044c\u043d\u0435\u043d\u043e /// Liberated\u00a0/// geoJSON.status.dismissed", "date": "2026-03-30", "layer_type": "liberated"}, "geometry": {"type": "Polygon", "coordinates": [[[35.177618, 50.332035, 0], [35.176132, 50.343452, 0], [35.20554, 50.341971, 0], [35.235065, 50.345258, 0], [35.267338, 50.348982, 0], [35.288624, 50.347668, 0], [35.314373, 50.35643, 0], [35.325359, 50.363877, 0], [35.355572, 50.36541, 0], [35.390934, 50.364753, 0], [35.39162, 50.373951, 0], [35.388874, 50.387086, 0], [35.386471, 50.39803, 0], [35.387844, 50.410722, 0], [35.387844, 50.417504, 0], [35.377888, 50.419473, 0], [35.367931, 50.424066, 0], [35.374111, 50.431722, 0], [35.384754, 50.440906, 0], [35.372394, 50.453586, 0], [35.357632, 50.465607, 0], [35.3451, 50.475877, 0], [35.334286, 50.484944, 0], [35.321754, 50.474785, 0], [35.282787, 50.4514, 0], [35.244335, 50.442436, 0], [35.23455, 50.431393, 0], [35.20554, 50.409847, 0], [35.176014, 50.39234, 0], [35.157861, 50.380054, 0], [35.152196, 50.371022, 0], [35.156916, 50.369981, 0], [35.158354, 50.368626, 0], [35.159438, 50.367278, 0], [35.159749, 50.364945, 0], [35.157024, 50.363617, 0], [35.157072, 50.362765, 0], [35.160983, 50.359778, 0], [35.163992, 50.358268, 0], [35.164727, 50.354733, 0], [35.165478, 50.349502, 0], [35.166358, 50.346381, 0], [35.166766, 50.342884, 0], [35.163185, 50.342585, 0], [35.159476, 50.342432, 0], [35.158022, 50.350785, 0], [35.157567, 50.354423, 0], [35.151174, 50.359514, 0], [35.146003, 50.36039, 0], [35.14375, 50.362908, 0], [35.141626, 50.366056, 0], [35.143567, 50.370094, 0], [35.142419, 50.373474, 0], [35.145207, 50.380538, 0], [35.134993, 50.383519, 0], [35.135272, 50.386946, 0], [35.141215, 50.38906, 0], [35.137824, 50.396023, 0], [35.14924, 50.398185, 0], [35.161773, 50.399143, 0], [35.175976, 50.406583, 0], [35.189839, 50.416702, 0], [35.206662, 50.429444, 0], [35.197136, 50.436168, 0], [35.193101, 50.442892, 0], [35.171815, 50.450762, 0], [35.151216, 50.459943, 0], [35.131989, 50.467811, 0], [35.11139, 50.473492, 0], [35.080491, 50.477862, 0], [35.054398, 50.482668, 0], [35.045472, 50.472618, 0], [35.025559, 50.471744, 0], [35.012513, 50.478736, 0], [34.992919, 50.480133, 0], [34.980999, 50.494999, 0], [35.01526, 50.515863, 0], [35.036546, 50.530705, 0], [35.09903, 50.547288, 0], [35.118943, 50.542052, 0], [35.160828, 50.54598, 0], [35.186689, 50.559076, 0], [35.217588, 50.591344, 0], [35.218961, 50.60747, 0], [35.222395, 50.616838, 0], [35.224932, 50.636791, 0], [35.205256, 50.642196, 0], [35.194385, 50.645332, 0], [35.117631, 50.621835, 0], [35.10472, 50.617903, 0], [35.090951, 50.618871, 0], [35.087959, 50.63039, 0], [35.118793, 50.691838, 0], [35.119096, 50.698219, 0], [35.12017, 50.70248, 0], [35.122252, 50.705998, 0], [35.127424, 50.707667, 0], [35.131053, 50.708304, 0], [35.145999, 50.709383, 0], [35.154081, 50.7172, 0], [35.154083, 50.725499, 0], [35.155455, 50.733185, 0], [35.14858, 50.749533, 0], [35.145669, 50.769726, 0], [35.147471, 50.795341, 0], [35.117081, 50.804422, 0], [35.089615, 50.813534, 0], [35.078972, 50.823511, 0], [35.04361, 50.823511, 0], [35.020264, 50.823077, 0], [35.001038, 50.824162, 0], [34.981812, 50.824596, 0], [34.962929, 50.823511, 0], [34.950578, 50.824946, 0], [34.931695, 50.825596, 0], [34.890198, 50.813244, 0], [34.874699, 50.795319, 0], [34.850972, 50.786071, 0], [34.78707, 50.775369, 0], [34.759516, 50.782605, 0], [34.76627, 50.790412, 0], [34.793711, 50.786291, 0], [34.828018, 50.789107, 0], [34.858902, 50.803633, 0], [34.881566, 50.822493, 0], [34.93203, 50.836522, 0], [34.917954, 50.864701, 0], [34.949377, 50.875967, 0], [34.954785, 50.852234, 0], [34.969796, 50.832619, 0], [34.994858, 50.839991, 0], [35.020607, 50.838474, 0], [35.04567, 50.842376, 0], [35.084321, 50.838544, 0], [35.09874, 50.848734, 0], [35.125176, 50.854369, 0], [35.141999, 50.868022, 0], [35.147492, 50.884919, 0], [35.148522, 50.899645, 0], [35.155732, 50.913934, 0], [35.178391, 50.919128, 0], [35.196931, 50.905924, 0], [35.222336, 50.884702, 0], [35.231606, 50.885136, 0], [35.252892, 50.885352, 0], [35.271775, 50.886868, 0], [35.289284, 50.886868, 0], [35.301987, 50.887518, 0], [35.32087, 50.885352, 0], [35.337006, 50.891633, 0], [35.33014, 50.900944, 0], [35.323273, 50.913717, 0], [35.33838, 50.917613, 0], [35.35213, 50.90621, 0], [35.362601, 50.900039, 0], [35.366034, 50.893543, 0], [35.362773, 50.890186, 0], [35.354362, 50.887371, 0], [35.345607, 50.883797, 0], [35.327582, 50.876107, 0], [35.318313, 50.876974, 0], [35.30046, 50.878382, 0], [35.287414, 50.874049, 0], [35.274711, 50.873724, 0], [35.266986, 50.870257, 0], [35.269389, 50.867549, 0], [35.276256, 50.867657, 0], [35.283809, 50.870149, 0], [35.290847, 50.868632, 0], [35.289474, 50.862132, 0], [35.28192, 50.858339, 0], [35.279517, 50.851404, 0], [35.28398, 50.842408, 0], [35.28604, 50.834928, 0], [35.292048, 50.835253, 0], [35.30664, 50.840782, 0], [35.323557, 50.844097, 0], [35.351023, 50.824582, 0], [35.387415, 50.817858, 0], [35.3724803, 50.8167745, 0], [35.3676736, 50.8065782, 0], [35.369219, 50.798333, 0], [35.3759133, 50.7959461, 0], [35.364412, 50.793884, 0], [35.35068, 50.793233, 0], [35.330595, 50.793342, 0], [35.311541, 50.793233, 0], [35.290207, 50.790379, 0], [35.269093, 50.790162, 0], [35.266689, 50.782022, 0], [35.279392, 50.778983, 0], [35.289005, 50.772904, 0], [35.296043, 50.76639, 0], [35.288662, 50.761939, 0], [35.273384, 50.760744, 0], [35.272849, 50.752319, 0], [35.264437, 50.73483, 0], [35.267527, 50.724834, 0], [35.278342, 50.727877, 0], [35.290358, 50.727877, 0], [35.356963, 50.713857, 0], [35.4106931, 50.7098348, 0], [35.418246, 50.701464, 0], [35.409148, 50.70016, 0], [35.410178, 50.693527, 0], [35.408461, 50.683195, 0], [35.402453, 50.678844, 0], [35.386488, 50.685805, 0], [35.378249, 50.695593, 0], [35.364173, 50.702878, 0], [35.295336, 50.710379, 0], [35.319274, 50.697538, 0], [35.313781, 50.667083, 0], [35.33232, 50.643576, 0], [35.369399, 50.606986, 0], [35.396582, 50.558688, 0], [35.352809, 50.488405, 0], [35.378572, 50.466663, 0], [35.398568, 50.445844, 0], [35.409592, 50.438274, 0], [35.41701, 50.436826, 0], [35.432542, 50.44481, 0], [35.458164, 50.456232, 0], [35.452641, 50.474271, 0], [35.450892, 50.491873, 0], [35.445628, 50.507169, 0], [35.457247, 50.511428, 0], [35.46477, 50.50242, 0], [35.459353, 50.484165, 0], [35.459907, 50.473181, 0], [35.463207, 50.46023, 0], [35.469195, 50.45213, 0], [35.492026, 50.437701, 0], [35.501468, 50.433714, 0], [35.507818, 50.427103, 0], [35.546266, 50.429128, 0], [35.559141, 50.426854, 0], [35.586697, 50.437045, 0], [35.587212, 50.431071, 0], [35.58335, 50.429964, 0], [35.58335, 50.425235, 0], [35.566312, 50.420975, 0], [35.548245, 50.421963, 0], [35.511764, 50.421086, 0], [35.503012, 50.411453, 0], [35.47486, 50.3992, 0], [35.397956, 50.3484, 0], [35.356757, 50.349714, 0], [35.323111, 50.339636, 0], [35.279166, 50.331747, 0], [35.25788, 50.335692, 0], [35.229041, 50.329555, 0], [35.177618, 50.332035, 0]]]}}, {"type": "Feature", "properties": {"name": "\u0417\u0432\u0456\u043b\u044c\u043d\u0435\u043d\u043e 05.04 /// Liberated 05.04\u00a0 /// geoJSON.status.dismissed_at {{at:05.04}}", "date": "2026-03-30", "layer_type": "liberated"}, "geometry": {"type": "Polygon", "coordinates": [[[33.689715, 47.449877, 0], [33.705079, 47.45127, 0], [33.72123, 47.430833, 0], [33.63402, 47.439203, 0], [33.614615, 47.449758, 0], [33.601112, 47.463632, 0], [33.59339, 47.48179, 0], [33.587617, 47.494026, 0], [33.578794, 47.501303, 0], [33.56016, 47.502708, 0], [33.540055, 47.507651, 0], [33.514112, 47.505863, 0], [33.507049, 47.49732, 0], [33.455151, 47.487067, 0], [33.43765, 47.52045, 0], [33.464601, 47.528797, 0], [33.483643, 47.544071, 0], [33.494451, 47.5539, 0], [33.568177, 47.562244, 0], [33.627534, 47.479269, 0], [33.636586, 47.469839, 0], [33.653754, 47.448164, 0], [33.689715, 47.449877, 0]]]}}, {"type": "Feature", "properties": {"name": "\u0417\u0432\u0456\u043b\u044c\u043d\u0435\u043d\u043e /// Liberated\u00a0/// geoJSON.status.dismissed", "date": "2026-03-30", "layer_type": "liberated"}, "geometry": {"type": "Polygon", "coordinates": [[[36.484436, 49.928808, 0], [36.501945, 49.929692, 0], [36.501802, 49.912038, 0], [36.519647, 49.90089, 0], [36.544873, 49.893323, 0], [36.554866, 49.890146, 0], [36.56072, 49.892206, 0], [36.567605, 49.890506, 0], [36.573066, 49.888821, 0], [36.579557, 49.889016, 0], [36.585502, 49.895376, 0], [36.590976, 49.901902, 0], [36.599035, 49.907376, 0], [36.602889, 49.90793, 0], [36.617786, 49.908538, 0], [36.617409, 49.90348, 0], [36.612227, 49.898422, 0], [36.608418, 49.894083, 0], [36.607185, 49.888637, 0], [36.612306, 49.887705, 0], [36.612634, 49.881377, 0], [36.616574, 49.877826, 0], [36.624033, 49.87527, 0], [36.629654, 49.872993, 0], [36.634501, 49.869942, 0], [36.641066, 49.865761, 0], [36.652036, 49.859943, 0], [36.671091, 49.850978, 0], [36.681821, 49.847436, 0], [36.690146, 49.848322, 0], [36.70096, 49.8647, 0], [36.706875, 49.877907, 0], [36.709965, 49.881834, 0], [36.72696, 49.87929, 0], [36.736916, 49.87315, 0], [36.731254, 49.868762, 0], [36.706169, 49.852754, 0], [36.703172, 49.846454, 0], [36.717294, 49.843858, 0], [36.740518, 49.826308, 0], [36.74757, 49.818764, 0], [36.761132, 49.810678, 0], [36.777873, 49.7982, 0], [36.818988, 49.787531, 0], [36.814856, 49.7935, 0], [36.814767, 49.795207, 0], [36.816953, 49.79733, 0], [36.823428, 49.794233, 0], [36.829284, 49.788385, 0], [36.829002, 49.783506, 0], [36.842536, 49.773068, 0], [36.847502, 49.770002, 0], [36.850183, 49.767082, 0], [36.845997, 49.764384, 0], [36.842433, 49.766528, 0], [36.82648, 49.774257, 0], [36.79875, 49.758065, 0], [36.797506, 49.75814, 0], [36.793986, 49.759758, 0], [36.790982, 49.761819, 0], [36.794928, 49.769093, 0], [36.804152, 49.776928, 0], [36.799988, 49.779663, 0], [36.763328, 49.79096, 0], [36.741449, 49.805356, 0], [36.733772, 49.807461, 0], [36.730731, 49.802253, 0], [36.720186, 49.794718, 0], [36.695467, 49.790285, 0], [36.690662, 49.795383, 0], [36.706455, 49.79904, 0], [36.719158, 49.805966, 0], [36.722418, 49.812088, 0], [36.708596, 49.822237, 0], [36.702028, 49.816898, 0], [36.691879, 49.825304, 0], [36.685087, 49.81976, 0], [36.677573, 49.817652, 0], [36.67107, 49.822801, 0], [36.658892, 49.820945, 0], [36.653834, 49.819353, 0], [36.649805, 49.823077, 0], [36.669962, 49.82826, 0], [36.678785, 49.82901, 0], [36.674052, 49.840157, 0], [36.664996, 49.846162, 0], [36.647058, 49.854741, 0], [36.635679, 49.8619, 0], [36.625487, 49.869878, 0], [36.618598, 49.872531, 0], [36.615228, 49.862128, 0], [36.612632, 49.8546, 0], [36.610551, 49.854709, 0], [36.582221, 49.859985, 0], [36.582815, 49.869879, 0], [36.585126, 49.877394, 0], [36.505764, 49.897078, 0], [36.4844, 49.901187, 0], [36.483978, 49.908944, 0], [36.484436, 49.928808, 0]]]}}, {"type": "Feature", "properties": {"name": "\u0417\u0432\u0456\u043b\u044c\u043d\u0435\u043d\u043e /// Liberated\u00a0/// geoJSON.status.dismissed", "date": "2026-03-30", "layer_type": "liberated"}, "geometry": {"type": "Polygon", "coordinates": [[[32.106856, 46.690468, 0], [32.09306, 46.673078, 0], [32.088882, 46.654511, 0], [32.088145, 46.643406, 0], [32.087304, 46.637685, 0], [32.060233, 46.637724, 0], [32.057711, 46.61386, 0], [32.048889, 46.615997, 0], [32.03356, 46.622421, 0], [32.025428, 46.623822, 0], [32.015578, 46.628288, 0], [32.00077, 46.640224, 0], [31.97811, 46.656898, 0], [31.966781, 46.682342, 0], [31.974677, 46.710599, 0], [31.942062, 46.744487, 0], [31.964378, 46.772476, 0], [32.109603, 46.789639, 0], [32.153909, 46.80802, 0], [32.186447, 46.796953, 0], [32.243533, 46.78606, 0], [32.244907, 46.770425, 0], [32.217517, 46.749644, 0], [32.170699, 46.746051, 0], [32.146252, 46.706302, 0], [32.126854, 46.699876, 0], [32.106856, 46.690468, 0]]]}}, {"type": "Feature", "properties": {"name": "\u0417\u0432\u0456\u043b\u044c\u043d\u0435\u043d\u043e /// Liberated\u00a0/// geoJSON.status.dismissed", "date": "2026-03-30", "layer_type": "liberated"}, "geometry": {"type": "Polygon", "coordinates": [[[33.150334, 47.303742, 0], [33.184778, 47.340149, 0], [33.199562, 47.339139, 0], [33.206614, 47.343229, 0], [33.214182, 47.345457, 0], [33.220654, 47.351858, 0], [33.248286, 47.347436, 0], [33.282159, 47.361403, 0], [33.290732, 47.36065, 0], [33.292105, 47.360388, 0], [33.290211, 47.357337, 0], [33.289288, 47.354688, 0], [33.289727, 47.353916, 0], [33.291492, 47.352963, 0], [33.292012, 47.352242, 0], [33.292182, 47.351044, 0], [33.291537, 47.349511, 0], [33.290657, 47.348802, 0], [33.288286, 47.347692, 0], [33.285297, 47.346032, 0], [33.284619, 47.345493, 0], [33.284627, 47.345012, 0], [33.285189, 47.344097, 0], [33.286156, 47.343437, 0], [33.286554, 47.342321, 0], [33.287783, 47.339757, 0], [33.289013, 47.338648, 0], [33.290916, 47.33757, 0], [33.295172, 47.335431, 0], [33.296956, 47.334245, 0], [33.298191, 47.333653, 0], [33.299667, 47.333007, 0], [33.301006, 47.331521, 0], [33.300972, 47.330529, 0], [33.301063, 47.329692, 0], [33.300294, 47.328574, 0], [33.299524, 47.328534, 0], [33.299063, 47.328196, 0], [33.297618, 47.327958, 0], [33.296602, 47.327299, 0], [33.297699, 47.326501, 0], [33.299042, 47.325272, 0], [33.299055, 47.323985, 0], [33.298195, 47.323501, 0], [33.297508, 47.322736, 0], [33.29622, 47.321975, 0], [33.293817, 47.321507, 0], [33.291585, 47.321796, 0], [33.290255, 47.322174, 0], [33.289332, 47.322101, 0], [33.286951, 47.321039, 0], [33.285372, 47.321071, 0], [33.279348, 47.322368, 0], [33.266842, 47.327242, 0], [33.264942, 47.328132, 0], [33.262311, 47.329546, 0], [33.26074, 47.330808, 0], [33.256766, 47.334224, 0], [33.256156, 47.334598, 0], [33.25495, 47.334872, 0], [33.253744, 47.334826, 0], [33.252068, 47.334168, 0], [33.250844, 47.333607, 0], [33.24889, 47.332144, 0], [33.246829, 47.330135, 0], [33.245455, 47.328113, 0], [33.242494, 47.325967, 0], [33.240649, 47.324694, 0], [33.237708, 47.323195, 0], [33.234339, 47.32219, 0], [33.233479, 47.321647, 0], [33.233134, 47.320473, 0], [33.234335, 47.316798, 0], [33.235316, 47.315247, 0], [33.235549, 47.314385, 0], [33.236438, 47.312819, 0], [33.238127, 47.311497, 0], [33.241847, 47.30944, 0], [33.244965, 47.308663, 0], [33.246583, 47.307671, 0], [33.250517, 47.306795, 0], [33.255705, 47.30621, 0], [33.258361, 47.305566, 0], [33.262326, 47.305824, 0], [33.267227, 47.307757, 0], [33.269853, 47.307653, 0], [33.270766, 47.307441, 0], [33.274098, 47.30719, 0], [33.274691, 47.30654, 0], [33.275717, 47.305866, 0], [33.275584, 47.304174, 0], [33.275222, 47.303026, 0], [33.274955, 47.301142, 0], [33.275079, 47.300549, 0], [33.275742, 47.299118, 0], [33.275515, 47.297383, 0], [33.274602, 47.295998, 0], [33.273744, 47.29499, 0], [33.271812, 47.293031, 0], [33.26986, 47.292256, 0], [33.268927, 47.291664, 0], [33.26773, 47.290669, 0], [33.264, 47.287931, 0], [33.263058, 47.287899, 0], [33.261708, 47.288186, 0], [33.261118, 47.287602, 0], [33.259879, 47.287077, 0], [33.256709, 47.28661, 0], [33.249782, 47.286374, 0], [33.249222, 47.286574, 0], [33.247225, 47.286179, 0], [33.242879, 47.286855, 0], [33.239977, 47.288677, 0], [33.238869, 47.288861, 0], [33.232739, 47.28884, 0], [33.231899, 47.289548, 0], [33.231693, 47.29031, 0], [33.230989, 47.292088, 0], [33.229822, 47.292366, 0], [33.228955, 47.292061, 0], [33.228236, 47.291344, 0], [33.226718, 47.291393, 0], [33.224771, 47.290918, 0], [33.22023, 47.289504, 0], [33.216287, 47.287778, 0], [33.214487, 47.286682, 0], [33.21363, 47.285814, 0], [33.211914, 47.285089, 0], [33.211013, 47.284639, 0], [33.209951, 47.28409, 0], [33.209147, 47.283424, 0], [33.209544, 47.283079, 0], [33.209614, 47.281946, 0], [33.208833, 47.280651, 0], [33.207671, 47.279276, 0], [33.205092, 47.277348, 0], [33.204157, 47.276365, 0], [33.202271, 47.273324, 0], [33.20107, 47.272124, 0], [33.198497, 47.268244, 0], [33.198156, 47.266514, 0], [33.198158, 47.264629, 0], [33.197687, 47.264124, 0], [33.195949, 47.263303, 0], [33.194126, 47.262075, 0], [33.193771, 47.261183, 0], [33.193936, 47.257679, 0], [33.193999, 47.257414, 0], [33.194449, 47.257267, 0], [33.19552, 47.256595, 0], [33.196442, 47.25556, 0], [33.196989, 47.254576, 0], [33.197734, 47.253793, 0], [33.199909, 47.252324, 0], [33.200138, 47.251531, 0], [33.199609, 47.250814, 0], [33.197929, 47.249902, 0], [33.195844, 47.24965, 0], [33.193299, 47.250019, 0], [33.192027, 47.250088, 0], [33.191477, 47.249772, 0], [33.191545, 47.249148, 0], [33.192137, 47.24837, 0], [33.193892, 47.247311, 0], [33.194984, 47.246461, 0], [33.195347, 47.245553, 0], [33.195253, 47.244835, 0], [33.192932, 47.242553, 0], [33.191686, 47.242082, 0], [33.189604, 47.241992, 0], [33.187318, 47.242733, 0], [33.18682, 47.243337, 0], [33.186784, 47.243959, 0], [33.186423, 47.244183, 0], [33.186028, 47.24377, 0], [33.185659, 47.243244, 0], [33.185089, 47.242689, 0], [33.184675, 47.241683, 0], [33.184639, 47.238966, 0], [33.184193, 47.238015, 0], [33.182167, 47.237016, 0], [33.17991, 47.236661, 0], [33.178782, 47.236921, 0], [33.177702, 47.237546, 0], [33.176347, 47.237801, 0], [33.175155, 47.236879, 0], [33.173014, 47.23362, 0], [33.167952, 47.23339, 0], [33.166752, 47.234178, 0], [33.166195, 47.234106, 0], [33.163856, 47.231622, 0], [33.160187, 47.231352, 0], [33.158464, 47.232638, 0], [33.159318, 47.234447, 0], [33.162621, 47.235584, 0], [33.162899, 47.235978, 0], [33.161751, 47.236379, 0], [33.1591, 47.235614, 0], [33.156432, 47.235618, 0], [33.152695, 47.234658, 0], [33.15147, 47.234207, 0], [33.150772, 47.233544, 0], [33.150337, 47.232659, 0], [33.148875, 47.230992, 0], [33.147801, 47.230509, 0], [33.142286, 47.230121, 0], [33.140988, 47.230539, 0], [33.138836, 47.231448, 0], [33.132954, 47.233009, 0], [33.127372, 47.230957, 0], [33.126723, 47.229852, 0], [33.126699, 47.228804, 0], [33.127116, 47.225774, 0], [33.127711, 47.222423, 0], [33.128524, 47.22066, 0], [33.129402, 47.219283, 0], [33.134057, 47.213271, 0], [33.135416, 47.212719, 0], [33.136739, 47.212443, 0], [33.142465, 47.211138, 0], [33.142839, 47.210778, 0], [33.142955, 47.209805, 0], [33.141724, 47.208429, 0], [33.140766, 47.208382, 0], [33.139686, 47.208038, 0], [33.139189, 47.207166, 0], [33.13761, 47.205739, 0], [33.13652, 47.20555, 0], [33.135902, 47.205857, 0], [33.134222, 47.205764, 0], [33.133639, 47.204959, 0], [33.131802, 47.203273, 0], [33.130627, 47.202839, 0], [33.128494, 47.202621, 0], [33.1276, 47.203183, 0], [33.126852, 47.20326, 0], [33.123872, 47.202462, 0], [33.122332, 47.203215, 0], [33.118384, 47.201582, 0], [33.103618, 47.1955, 0], [33.067397, 47.200725, 0], [33.065702, 47.200852, 0], [33.065998, 47.201061, 0], [33.06617, 47.201274, 0], [33.066339, 47.201734, 0], [33.066346, 47.201992, 0], [33.066236, 47.202529, 0], [33.066032, 47.202916, 0], [33.065573, 47.20393, 0], [33.065528, 47.204209, 0], [33.065529, 47.204415, 0], [33.065755, 47.204913, 0], [33.065852, 47.205028, 0], [33.066079, 47.205306, 0], [33.066627, 47.205813, 0], [33.067029, 47.206293, 0], [33.067144, 47.206649, 0], [33.067185, 47.207033, 0], [33.067028, 47.207552, 0], [33.066485, 47.208189, 0], [33.065866, 47.209009, 0], [33.06537, 47.209763, 0], [33.065219, 47.210223, 0], [33.065219, 47.210822, 0], [33.06583, 47.212541, 0], [33.065578, 47.213211, 0], [33.064424, 47.213983, 0], [33.063976, 47.214759, 0], [33.064138, 47.215642, 0], [33.06518, 47.216744, 0], [33.065236, 47.217841, 0], [33.064734, 47.219083, 0], [33.064873, 47.219578, 0], [33.065458, 47.220277, 0], [33.066308, 47.220437, 0], [33.066926, 47.220415, 0], [33.067416, 47.220072, 0], [33.07094, 47.21774, 0], [33.071782, 47.21752, 0], [33.07375, 47.217629, 0], [33.074326, 47.217771, 0], [33.07456, 47.218029, 0], [33.074863, 47.21824, 0], [33.075037, 47.218539, 0], [33.074785, 47.219296, 0], [33.07421, 47.219871, 0], [33.072571, 47.220669, 0], [33.071988, 47.221111, 0], [33.071028, 47.222558, 0], [33.071184, 47.22309, 0], [33.071575, 47.223431, 0], [33.072503, 47.223649, 0], [33.073517, 47.223328, 0], [33.077561, 47.22101, 0], [33.079277, 47.220491, 0], [33.080736, 47.220526, 0], [33.081926, 47.220583, 0], [33.08346, 47.221165, 0], [33.085251, 47.222504, 0], [33.086141, 47.222998, 0], [33.087333, 47.223237, 0], [33.088809, 47.223954, 0], [33.094061, 47.226244, 0], [33.096268, 47.235534, 0], [33.150334, 47.303742, 0]]]}}, {"type": "Feature", "properties": {"name": "\u0417\u0432\u0456\u043b\u044c\u043d\u0435\u043d\u043e /// Liberated\u00a0/// geoJSON.status.dismissed", "date": "2026-03-30", "layer_type": "liberated"}, "geometry": {"type": "Polygon", "coordinates": [[[35.559492, 47.552853, 0], [35.559809, 47.55529, 0], [35.584357, 47.562702, 0], [35.612764, 47.555055, 0], [35.61248, 47.544158, 0], [35.609795, 47.53917, 0], [35.611633, 47.533714, 0], [35.623995, 47.529429, 0], [35.63773, 47.530937, 0], [35.674118, 47.519805, 0], [35.650152, 47.512245, 0], [35.632248, 47.516686, 0], [35.610172, 47.512113, 0], [35.608242, 47.527894, 0], [35.596226, 47.540875, 0], [35.582977, 47.551259, 0], [35.559492, 47.552853, 0]]]}}, {"type": "Feature", "properties": {"name": "\u0417\u0432\u0456\u043b\u044c\u043d\u0435\u043d\u043e /// Liberated\u00a0/// geoJSON.status.dismissed", "date": "2026-03-30", "layer_type": "liberated"}, "geometry": {"type": "Polygon", "coordinates": [[[34.949471, 50.351773, 0], [34.984489, 50.372093, 0], [35.012556, 50.375486, 0], [35.013974, 50.388869, 0], [35.024385, 50.393369, 0], [35.029589, 50.391678, 0], [35.029645, 50.379734, 0], [35.023007, 50.371184, 0], [35.049206, 50.364045, 0], [35.063076, 50.363731, 0], [35.06941, 50.364888, 0], [35.087418, 50.366371, 0], [35.101686, 50.369402, 0], [35.106279, 50.374366, 0], [35.113835, 50.375644, 0], [35.1195, 50.373499, 0], [35.12023, 50.370743, 0], [35.119544, 50.36952, 0], [35.120255, 50.368787, 0], [35.120708, 50.367123, 0], [35.122516, 50.364645, 0], [35.129391, 50.359058, 0], [35.130009, 50.352702, 0], [35.135534, 50.349958, 0], [35.139029, 50.343046, 0], [35.143615, 50.340615, 0], [35.150344, 50.340894, 0], [35.159476, 50.342432, 0], [35.163185, 50.342585, 0], [35.166766, 50.342884, 0], [35.176132, 50.343452, 0], [35.177618, 50.332035, 0], [35.136324, 50.329155, 0], [35.098902, 50.325648, 0], [35.068689, 50.320607, 0], [35.037447, 50.308549, 0], [34.988352, 50.307452, 0], [34.943033, 50.307672, 0], [34.936854, 50.317538, 0], [34.934107, 50.330251, 0], [34.941415, 50.343355, 0], [34.949471, 50.351773, 0]]]}}, {"type": "Feature", "properties": {"name": "\u0417\u0432\u0456\u043b\u044c\u043d\u0435\u043d\u043e /// Liberated\u00a0/// geoJSON.status.dismissed", "date": "2026-03-30", "layer_type": "liberated"}, "geometry": {"type": "Polygon", "coordinates": [[[33.142955, 47.209805, 0], [33.147475, 47.208662, 0], [33.159992, 47.202726, 0], [33.158525, 47.20139, 0], [33.160134, 47.191439, 0], [33.131326, 47.16619, 0], [33.108905, 47.117912, 0], [33.098847, 47.121375, 0], [33.075743, 47.112922, 0], [33.051844, 47.11797, 0], [33.040762, 47.120659, 0], [33.015179, 47.128425, 0], [33.006585, 47.13005, 0], [33.002391, 47.131541, 0], [33.002235, 47.132634, 0], [33.001672, 47.133888, 0], [33.001618, 47.135899, 0], [33.008508, 47.138722, 0], [33.017566, 47.136602, 0], [33.028539, 47.16231, 0], [33.047641, 47.170275, 0], [33.069525, 47.175645, 0], [33.091243, 47.18206, 0], [33.134771, 47.196804, 0], [33.131602, 47.201016, 0], [33.130627, 47.202839, 0], [33.131802, 47.203273, 0], [33.133639, 47.204959, 0], [33.134222, 47.205764, 0], [33.135902, 47.205857, 0], [33.13652, 47.20555, 0], [33.13761, 47.205739, 0], [33.139189, 47.207166, 0], [33.139686, 47.208038, 0], [33.140766, 47.208382, 0], [33.141724, 47.208429, 0], [33.142955, 47.209805, 0]]]}}, {"type": "Feature", "properties": {"name": "\u0417\u0432\u0456\u043b\u044c\u043d\u0435\u043d\u043e /// Liberated\u00a0/// geoJSON.status.dismissed", "date": "2026-03-30", "layer_type": "liberated"}, "geometry": {"type": "Polygon", "coordinates": [[[36.534777, 50.235131, 0], [36.540338, 50.234994, 0], [36.569525, 50.230051, 0], [36.578435, 50.224435, 0], [36.588201, 50.221893, 0], [36.613489, 50.223726, 0], [36.615239, 50.227921, 0], [36.640062, 50.222317, 0], [36.648031, 50.217714, 0], [36.66411, 50.222172, 0], [36.679584, 50.237823, 0], [36.684064, 50.250425, 0], [36.682936, 50.257028, 0], [36.688761, 50.266868, 0], [36.691271, 50.268472, 0], [36.694639, 50.269088, 0], [36.700968, 50.264237, 0], [36.704035, 50.264214, 0], [36.74297, 50.256961, 0], [36.761082, 50.244326, 0], [36.777128, 50.238494, 0], [36.80304, 50.242051, 0], [36.829471, 50.244615, 0], [36.8424251, 50.2420138, 0], [36.8404487, 50.2324275, 0], [36.8438826, 50.2278474, 0], [36.8663947, 50.2330157, 0], [36.8813909, 50.2350842, 0], [36.8876013, 50.2281568, 0], [36.8911319, 50.2206214, 0], [36.8901692, 50.212531, 0], [36.8979702, 50.2127697, 0], [36.8986478, 50.2193794, 0], [36.8938042, 50.2282419, 0], [36.8919396, 50.2384297, 0], [36.9041738, 50.2375567, 0], [36.9109623, 50.2499731, 0], [36.9222662, 50.2498434, 0], [36.9268096, 50.2546691, 0], [36.9315195, 50.2543849, 0], [36.9299834, 50.2480292, 0], [36.9248431, 50.2466131, 0], [36.9260636, 50.2438907, 0], [36.9372584, 50.2453618, 0], [36.9387048, 50.2421566, 0], [36.9280658, 50.2390488, 0], [36.9309022, 50.2357765, 0], [36.9393207, 50.2364782, 0], [36.9518668, 50.2435893, 0], [36.9532713, 50.2541874, 0], [36.9800561, 50.2777961, 0], [36.9931624, 50.294113, 0], [37.0129089, 50.30209, 0], [37.0267541, 50.3035033, 0], [37.0369172, 50.3097476, 0], [37.054636, 50.315551, 0], [37.057507, 50.320256, 0], [37.056773, 50.324852, 0], [37.0471515, 50.329552, 0], [37.0515056, 50.3330154, 0], [37.0531983, 50.3368624, 0], [37.0541395, 50.3436514, 0], [37.0685137, 50.3437638, 0], [37.073835, 50.3469, 0], [37.105509, 50.351607, 0], [37.103256, 50.357316, 0], [37.13834, 50.360998, 0], [37.149026, 50.355824, 0], [37.16087, 50.358836, 0], [37.183669, 50.363709, 0], [37.196816, 50.369164, 0], [37.223336, 50.377942, 0], [37.222262, 50.37928, 0], [37.256017, 50.392596, 0], [37.257897, 50.390997, 0], [37.264421, 50.39402, 0], [37.292321, 50.4012, 0], [37.299616, 50.406164, 0], [37.309135, 50.423059, 0], [37.310122, 50.426412, 0], [37.319686, 50.432835, 0], [37.332204, 50.436971, 0], [37.352533, 50.437457, 0], [37.376938, 50.432749, 0], [37.3758137, 50.4290728, 0], [37.3899555, 50.4235022, 0], [37.4215695, 50.4294867, 0], [37.4579078, 50.4157914, 0], [37.4637443, 50.4160648, 0], [37.4666602, 50.4071368, 0], [37.466142, 50.382672, 0], [37.473198, 50.368613, 0], [37.48231, 50.36271, 0], [37.485066, 50.356759, 0], [37.505887, 50.352039, 0], [37.52128, 50.336408, 0], [37.555443, 50.32965, 0], [37.576876, 50.306363, 0], [37.585698, 50.314359, 0], [37.595027, 50.316211, 0], [37.608628, 50.316499, 0], [37.629797, 50.313827, 0], [37.635559, 50.31125, 0], [37.638036, 50.302533, 0], [37.628849, 50.296506, 0], [37.626422, 50.29285, 0], [37.627239, 50.242089, 0], [37.614813, 50.216982, 0], [37.6436, 50.190866, 0], [37.639847, 50.181424, 0], [37.614861, 50.178036, 0], [37.60279, 50.167464, 0], [37.590559, 50.150291, 0], [37.58099, 50.146536, 0], [37.589252, 50.135858, 0], [37.600773, 50.137281, 0], [37.612229, 50.13034, 0], [37.619175, 50.120232, 0], [37.629467, 50.111939, 0], [37.649604, 50.111127, 0], [37.6556012, 50.0933352, 0], [37.6772214, 50.0663909, 0], [37.6936401, 50.0540653, 0], [37.7202058, 50.0427098, 0], [37.7572989, 50.0313233, 0], [37.7669154, 50.0208659, 0], [37.7656588, 50.0051126, 0], [37.7593581, 49.9909979, 0], [37.741427, 49.970256, 0], [37.723481, 49.964117, 0], [37.726825, 49.95469, 0], [37.744289, 49.949866, 0], [37.753285, 49.929935, 0], [37.759997, 49.926, 0], [37.755638, 49.920631, 0], [37.745617, 49.91625, 0], [37.742464, 49.910759, 0], [37.737906, 49.903005, 0], [37.729163, 49.901427, 0], [37.720493, 49.90261, 0], [37.710149, 49.902345, 0], [37.709912, 49.896518, 0], [37.701435, 49.894755, 0], [37.681256, 49.89759, 0], [37.671273, 49.885082, 0], [37.663166, 49.891862, 0], [37.644603, 49.892198, 0], [37.644494, 49.872124, 0], [37.633314, 49.871547, 0], [37.627162, 49.863371, 0], [37.621445, 49.839016, 0], [37.620242, 49.831936, 0], [37.616135, 49.83053, 0], [37.610638, 49.82416, 0], [37.606386, 49.826107, 0], [37.597208, 49.826494, 0], [37.592846, 49.822236, 0], [37.59202, 49.810838, 0], [37.594148, 49.797455, 0], [37.589094, 49.789718, 0], [37.6129042, 49.7770229, 0], [37.6211396, 49.7740164, 0], [37.6249691, 49.7717753, 0], [37.6249692, 49.7615191, 0], [37.628317, 49.7565282, 0], [37.6216966, 49.7492823, 0], [37.6268228, 49.7417393, 0], [37.619943, 49.73697, 0], [37.6240903, 49.7282187, 0], [37.6201562, 49.7257847, 0], [37.6165154, 49.7257605, 0], [37.6150203, 49.7272898, 0], [37.6023832, 49.7254305, 0], [37.5931655, 49.7204694, 0], [37.6008585, 49.7161458, 0], [37.6096735, 49.7125747, 0], [37.6095143, 49.7095109, 0], [37.6168622, 49.7098785, 0], [37.6219251, 49.708671, 0], [37.6237334, 49.714144, 0], [37.6231944, 49.7193945, 0], [37.623658, 49.7208424, 0], [37.6341256, 49.7382572, 0], [37.6498743, 49.7507249, 0], [37.6495761, 49.7625868, 0], [37.660486, 49.767442, 0], [37.663942, 49.765838, 0], [37.67139, 49.764022, 0], [37.674272, 49.762351, 0], [37.677718, 49.761138, 0], [37.681058, 49.758994, 0], [37.687694, 49.759641, 0], [37.6932808, 49.7578005, 0], [37.6877076, 49.7455354, 0], [37.6871229, 49.7317233, 0], [37.7028104, 49.7209199, 0], [37.7223094, 49.7195513, 0], [37.7308234, 49.7255058, 0], [37.7668132, 49.7220716, 0], [37.780721, 49.713154, 0], [37.7867035, 49.6929877, 0], [37.768926, 49.6764704, 0], [37.7591599, 49.6660646, 0], [37.7472521, 49.6575869, 0], [37.7202258, 49.6593208, 0], [37.6984734, 49.6344566, 0], [37.6986339, 49.6315746, 0], [37.7042874, 49.6322504, 0], [37.7372311, 49.6527197, 0], [37.7565296, 49.6472726, 0], [37.7678424, 49.6391533, 0], [37.7866012, 49.6390858, 0], [37.8091384, 49.6432389, 0], [37.831573, 49.6324205, 0], [37.83808, 49.616771, 0], [37.831193, 49.613282, 0], [37.791781, 49.611058, 0], [37.776128, 49.605085, 0], [37.78271, 49.597044, 0], [37.777498, 49.587956, 0], [37.770143, 49.573801, 0], [37.760918, 49.571969, 0], [37.739396, 49.572306, 0], [37.723184, 49.565966, 0], [37.713214, 49.563771, 0], [37.707792, 49.560963, 0], [37.701465, 49.559861, 0], [37.699033, 49.556859, 0], [37.697106, 49.55227, 0], [37.692556, 49.542023, 0], [37.69053, 49.526754, 0], [37.693722, 49.512905, 0], [37.690427, 49.501074, 0], [37.696588, 49.498335, 0], [37.710562, 49.506967, 0], [37.71964, 49.507401, 0], [37.723474, 49.492968, 0], [37.7422374, 49.4800924, 0], [37.751935, 49.4713033, 0], [37.7366809, 49.4636252, 0], [37.6850251, 49.4669086, 0], [37.6614262, 49.4465151, 0], [37.6513219, 49.4396275, 0], [37.666622, 49.4191209, 0], [37.6779749, 49.4080459, 0], [37.7109544, 49.4130493, 0], [37.7655493, 49.3953382, 0], [37.7694306, 49.4003537, 0], [37.814782, 49.384433, 0], [37.84331, 49.38449, 0], [37.843661, 49.372868, 0], [37.853662, 49.370241, 0], [37.857654, 49.370409, 0], [37.862893, 49.372979, 0], [37.874924, 49.372197, 0], [37.902268, 49.375326, 0], [37.908238, 49.371913, 0], [37.929778, 49.376402, 0], [37.934023, 49.374131, 0], [37.935199, 49.370826, 0], [37.938992, 49.369784, 0], [37.935243, 49.36184, 0], [37.94581, 49.361937, 0], [37.948223, 49.360949, 0], [37.949442, 49.359486, 0], [37.949033, 49.357045, 0], [37.943644, 49.35385, 0], [37.942194, 49.351595, 0], [37.936281, 49.34811, 0], [37.936248, 49.344945, 0], [37.938926, 49.339, 0], [37.941002, 49.335679, 0], [37.946512, 49.3337, 0], [37.951971, 49.332689, 0], [37.957687, 49.332292, 0], [37.961284, 49.329427, 0], [37.962286, 49.325838, 0], [37.961914, 49.322194, 0], [37.957845, 49.317449, 0], [37.959013, 49.311026, 0], [37.955726, 49.302584, 0], [37.949093, 49.302465, 0], [37.949082, 49.299019, 0], [37.95276, 49.292887, 0], [37.956642, 49.286681, 0], [37.972763, 49.276573, 0], [37.98164, 49.279834, 0], [37.993373, 49.279225, 0], [37.997265, 49.281103, 0], [38.00273, 49.280419, 0], [38.003059, 49.282344, 0], [38.00592, 49.284274, 0], [38.007708, 49.283992, 0], [38.008605, 49.281031, 0], [38.004782, 49.27611, 0], [37.999282, 49.269851, 0], [38.006649, 49.265902, 0], [37.993996, 49.256464, 0], [37.9832, 49.257987, 0], [37.974464, 49.256484, 0], [37.9696888, 49.2508738, 0], [37.9435413, 49.2505301, 0], [37.934856, 49.246172, 0], [37.918025, 49.248896, 0], [37.911384, 49.244321, 0], [37.913841, 49.228596, 0], [37.88615, 49.230819, 0], [37.87403, 49.227311, 0], [37.87531, 49.221353, 0], [37.880908, 49.21741, 0], [37.878352, 49.212347, 0], [37.874873, 49.205245, 0], [37.884114, 49.201147, 0], [37.883657, 49.196095, 0], [37.865991, 49.198138, 0], [37.851759, 49.197487, 0], [37.836973, 49.20173, 0], [37.806265, 49.203982, 0], [37.77901, 49.210822, 0], [37.771324, 49.203977, 0], [37.800585, 49.194774, 0], [37.812294, 49.186468, 0], [37.805704, 49.181754, 0], [37.795972, 49.184165, 0], [37.796255, 49.186043, 0], [37.783406, 49.188819, 0], [37.776945, 49.183698, 0], [37.759846, 49.18666, 0], [37.754069, 49.182456, 0], [37.746763, 49.178811, 0], [37.7452961, 49.1707599, 0], [37.76123, 49.162937, 0], [37.750486, 49.15421, 0], [37.747388, 49.147149, 0], [37.74131, 49.140806, 0], [37.745097, 49.137323, 0], [37.745165, 49.134192, 0], [37.7410466, 49.1321328, 0], [37.7226363, 49.134989, 0], [37.7163289, 49.1308804, 0], [37.6986477, 49.1367112, 0], [37.6808834, 49.1270976, 0], [37.6729482, 49.114513, 0], [37.6758028, 49.1007745, 0], [37.680884, 49.0915408, 0], [37.6874258, 49.0874358, 0], [37.7095367, 49.0855519, 0], [37.716627, 49.0871531, 0], [37.71306, 49.079168, 0], [37.7060963, 49.0682547, 0], [37.7053929, 49.0593557, 0], [37.7255964, 49.0483269, 0], [37.7315781, 49.0520369, 0], [37.7272603, 49.0586718, 0], [37.756338, 49.060232, 0], [37.781019, 49.065942, 0], [37.8210429, 49.0659738, 0], [37.8408763, 49.0731336, 0], [37.856155, 49.074966, 0], [37.8686, 49.06818, 0], [37.890314, 49.075562, 0], [37.913369, 49.078324, 0], [37.918429, 49.071037, 0], [37.936457, 49.056052, 0], [37.939205, 49.049626, 0], [37.919981, 49.040808, 0], [37.91526, 49.035048, 0], [37.918909, 49.025077, 0], [37.8597928, 49.0182889, 0], [37.8468586, 49.0240407, 0], [37.837014, 49.0194348, 0], [37.8537172, 49.0059445, 0], [37.9173282, 49.0046278, 0], [37.9199287, 48.9830795, 0], [37.8908546, 48.9822552, 0], [37.8791218, 48.9748926, 0], [37.8649036, 48.9724882, 0], [37.8525598, 48.9719065, 0], [37.8418005, 48.9715873, 0], [37.8400069, 48.9711448, 0], [37.8376125, 48.9714911, 0], [37.8368577, 48.9711694, 0], [37.8410988, 48.9689486, 0], [37.8488942, 48.9683382, 0], [37.8539832, 48.9646572, 0], [37.8604697, 48.9557719, 0], [37.8705467, 48.9512797, 0], [37.861652, 48.9408098, 0], [37.8442347, 48.92487, 0], [37.8442415, 48.9115211, 0], [37.8801558, 48.90441, 0], [37.902432, 48.8991602, 0], [37.9161388, 48.8975402, 0], [37.9120854, 48.8878266, 0], [37.918244, 48.880588, 0], [37.914296, 48.879643, 0], [37.910862, 48.880207, 0], [37.907215, 48.879135, 0], [37.905283, 48.878034, 0], [37.901678, 48.878909, 0], [37.900627, 48.880363, 0], [37.900949, 48.881534, 0], [37.902988, 48.882747, 0], [37.903653, 48.884807, 0], [37.901357, 48.886303, 0], [37.899683, 48.887912, 0], [37.896895, 48.888618, 0], [37.894621, 48.888816, 0], [37.89233, 48.888136, 0], [37.889696, 48.886751, 0], [37.886289, 48.886607, 0], [37.883162, 48.885913, 0], [37.882264, 48.88515, 0], [37.882761, 48.882511, 0], [37.884674, 48.8811, 0], [37.884206, 48.879011, 0], [37.8802, 48.877317, 0], [37.873813, 48.877204, 0], [37.869655, 48.878114, 0], [37.867041, 48.879814, 0], [37.863246, 48.88061, 0], [37.861126, 48.88152, 0], [37.8616, 48.882468, 0], [37.863576, 48.883107, 0], [37.8645, 48.883745, 0], [37.864824, 48.884919, 0], [37.863905, 48.886281, 0], [37.861655, 48.887077, 0], [37.859989, 48.887006, 0], [37.858898, 48.886109, 0], [37.857465, 48.885692, 0], [37.851525, 48.885972, 0], [37.847453, 48.886872, 0], [37.843176, 48.888646, 0], [37.839562, 48.891601, 0], [37.837514, 48.891637, 0], [37.819717, 48.895043, 0], [37.788662, 48.892881, 0], [37.780175, 48.888171, 0], [37.776233, 48.884363, 0], [37.767828, 48.88188, 0], [37.765217, 48.883228, 0], [37.761376, 48.887985, 0], [37.758169, 48.88963, 0], [37.764204, 48.891187, 0], [37.764475, 48.894053, 0], [37.760583, 48.895254, 0], [37.767794, 48.901918, 0], [37.768356, 48.908984, 0], [37.766726, 48.919856, 0], [37.740025, 48.93772, 0], [37.728409, 48.941983, 0], [37.725818, 48.943692, 0], [37.723794, 48.947026, 0], [37.725957, 48.950018, 0], [37.72545, 48.952275, 0], [37.722837, 48.953403, 0], [37.711659, 48.95129, 0], [37.712112, 48.953601, 0], [37.70959, 48.95648, 0], [37.706656, 48.95603, 0], [37.704441, 48.957591, 0], [37.699562, 48.958873, 0], [37.695585, 48.957832, 0], [37.690064, 48.949182, 0], [37.682699, 48.947662, 0], [37.674047, 48.943718, 0], [37.665945, 48.943726, 0], [37.663164, 48.945142, 0], [37.659405, 48.944537, 0], [37.636864, 48.949073, 0], [37.63178, 48.95479, 0], [37.627306, 48.955267, 0], [37.614849, 48.962704, 0], [37.615252, 48.96527, 0], [37.618103, 48.967105, 0], [37.626032, 48.96678, 0], [37.628474, 48.968547, 0], [37.630125, 48.974558, 0], [37.634598, 48.981098, 0], [37.633235, 48.983779, 0], [37.627308, 48.985822, 0], [37.632425, 48.988292, 0], [37.634968, 48.992113, 0], [37.632312, 48.99351, 0], [37.627487, 48.992152, 0], [37.625064, 48.992935, 0], [37.623529, 48.995194, 0], [37.630298, 49.000549, 0], [37.639729, 49.006383, 0], [37.643732, 49.003855, 0], [37.646834, 49.00417, 0], [37.649838, 49.010266, 0], [37.666749, 49.015347, 0], [37.667318, 49.019748, 0], [37.661966, 49.020998, 0], [37.656849, 49.020502, 0], [37.655106, 49.021872, 0], [37.655852, 49.0242, 0], [37.660123, 49.026473, 0], [37.663418, 49.029101, 0], [37.66285, 49.03142, 0], [37.65995, 49.033674, 0], [37.628552, 49.038965, 0], [37.621885, 49.046057, 0], [37.601166, 49.045861, 0], [37.578447, 49.037588, 0], [37.567264, 49.0302, 0], [37.536518, 49.022019, 0], [37.526361, 49.012161, 0], [37.433468, 49.002459, 0], [37.411836, 48.986467, 0], [37.356566, 48.991374, 0], [37.252535, 48.982748, 0], [37.176318, 49.007977, 0], [37.174926, 49.033482, 0], [37.136179, 49.046841, 0], [37.09289, 49.050522, 0], [37.087397, 49.057497, 0], [37.078471, 49.091907, 0], [37.030531, 49.107583, 0], [37.008592, 49.099708, 0], [36.985286, 49.096324, 0], [36.966721, 49.105969, 0], [36.996912, 49.129848, 0], [37.038802, 49.144278, 0], [37.040898, 49.166771, 0], [36.99928, 49.181878, 0], [36.97064, 49.17216, 0], [36.965988, 49.181087, 0], [36.950005, 49.182607, 0], [36.945849, 49.177117, 0], [36.928262, 49.178375, 0], [36.923008, 49.18569, 0], [36.92138, 49.189485, 0], [36.923548, 49.191354, 0], [36.923965, 49.194628, 0], [36.926699, 49.196107, 0], [36.92682, 49.197773, 0], [36.92571, 49.20135, 0], [36.930884, 49.204121, 0], [36.932977, 49.212157, 0], [36.931208, 49.215372, 0], [36.937422, 49.216231, 0], [36.944993, 49.222884, 0], [36.946385, 49.227855, 0], [36.936459, 49.254596, 0], [36.924808, 49.2689, 0], [36.923714, 49.276146, 0], [36.931976, 49.275386, 0], [36.951667, 49.283454, 0], [36.953079, 49.290233, 0], [36.949379, 49.294386, 0], [36.961039, 49.300899, 0], [36.964647, 49.298004, 0], [36.977439, 49.303559, 0], [36.985771, 49.299614, 0], [36.992343, 49.302494, 0], [37.002324, 49.303151, 0], [37.006726, 49.303024, 0], [37.008767, 49.301833, 0], [37.008663, 49.300027, 0], [37.010956, 49.296959, 0], [37.015192, 49.296768, 0], [37.040377, 49.31594, 0], [37.076786, 49.336826, 0], [37.07533, 49.348605, 0], [37.073436, 49.350572, 0], [37.074382, 49.351843, 0], [37.081206, 49.365703, 0], [37.080595, 49.368107, 0], [37.078139, 49.370929, 0], [37.067001, 49.380486, 0], [37.061133, 49.383063, 0], [37.058096, 49.383517, 0], [37.055934, 49.383066, 0], [37.052571, 49.383063, 0], [37.051273, 49.381952, 0], [37.051098, 49.38113, 0], [37.049894, 49.380615, 0], [37.046949, 49.38052, 0], [37.044583, 49.3797, 0], [37.042818, 49.379689, 0], [37.037218, 49.380374, 0], [37.030459, 49.379633, 0], [37.025847, 49.37957, 0], [37.00635, 49.376419, 0], [37.004757, 49.380762, 0], [36.918696, 49.387324, 0], [36.889473, 49.380918, 0], [36.838362, 49.405167, 0], [36.828982, 49.407258, 0], [36.825656, 49.407425, 0], [36.787435, 49.475942, 0], [36.792955, 49.549719, 0], [36.763476, 49.6012, 0], [36.735499, 49.620856, 0], [36.727545, 49.640864, 0], [36.72903, 49.655091, 0], [36.731829, 49.667096, 0], [36.763628, 49.682207, 0], [36.786081, 49.69639, 0], [36.797559, 49.714568, 0], [36.798374, 49.721615, 0], [36.802834, 49.725592, 0], [36.813178, 49.724056, 0], [36.819967, 49.724488, 0], [36.827066, 49.7271, 0], [36.836826, 49.732819, 0], [36.848819, 49.732378, 0], [36.885113, 49.758278, 0], [36.924642, 49.789997, 0], [36.892781, 49.799576, 0], [36.88954, 49.805319, 0], [36.898315, 49.81217, 0], [36.977347, 49.83583, 0], [36.985628, 49.83345, 0], [37.003922, 49.84241, 0], [36.962651, 49.865516, 0], [36.977328, 49.874976, 0], [36.980847, 49.881834, 0], [37.00599, 49.916801, 0], [36.956602, 49.926131, 0], [36.902756, 49.950029, 0], [36.889392, 49.976236, 0], [36.893564, 50.002815, 0], [36.83281, 50.021629, 0], [36.821809, 50.028071, 0], [36.806033, 50.028556, 0], [36.765365, 50.019193, 0], [36.748092, 50.029576, 0], [36.577907, 50.046777, 0], [36.554986, 49.999718, 0], [36.501945, 49.929692, 0], [36.484436, 49.928808, 0], [36.484806, 49.988741, 0], [36.465936, 50.001867, 0], [36.426986, 50.015328, 0], [36.367392, 50.04465, 0], [36.331558, 50.076801, 0], [36.343308, 50.086029, 0], [36.25004, 50.12918, 0], [36.23563, 50.143964, 0], [36.231807, 50.151804, 0], [36.219742, 50.154364, 0], [36.185479, 50.144311, 0], [36.156056, 50.140889, 0], [36.147112, 50.146484, 0], [36.143993, 50.161544, 0], [36.157359, 50.196396, 0], [36.14426, 50.203195, 0], [36.138071, 50.207708, 0], [36.140122, 50.213759, 0], [36.142962, 50.219958, 0], [36.147522, 50.223522, 0], [36.152263, 50.230433, 0], [36.151524, 50.234866, 0], [36.157912, 50.25853, 0], [36.143543, 50.285012, 0], [36.127235, 50.292689, 0], [36.131612, 50.314904, 0], [36.127233, 50.324833, 0], [36.1548, 50.332204, 0], [36.170677, 50.347212, 0], [36.09725, 50.386031, 0], [36.080633, 50.378134, 0], [36.055099, 50.370236, 0], [36.040718, 50.387073, 0], [36.038004, 50.400407, 0], [36.064508, 50.410881, 0], [36.089995, 50.42441, 0], [36.103819, 50.441913, 0], [36.117806, 50.438314, 0], [36.135718, 50.437679, 0], [36.160795, 50.431777, 0], [36.169706, 50.410418, 0], [36.177077, 50.401618, 0], [36.185053, 50.406603, 0], [36.202362, 50.396405, 0], [36.214289, 50.383524, 0], [36.231199, 50.371345, 0], [36.233948, 50.363735, 0], [36.241996, 50.358383, 0], [36.255507, 50.355365, 0], [36.27266, 50.343498, 0], [36.285049, 50.334955, 0], [36.274363, 50.323996, 0], [36.280414, 50.323065, 0], [36.276809, 50.31742, 0], [36.28492, 50.305855, 0], [36.285392, 50.3041, 0], [36.286379, 50.29859, 0], [36.299213, 50.299103, 0], [36.297283, 50.292242, 0], [36.330927, 50.289563, 0], [36.354359, 50.28878, 0], [36.361267, 50.287267, 0], [36.363798, 50.287487, 0], [36.378047, 50.293766, 0], [36.384235, 50.275896, 0], [36.391696, 50.26417, 0], [36.400655, 50.253404, 0], [36.405602, 50.253458, 0], [36.428055, 50.247111, 0], [36.437452, 50.244915, 0], [36.445819, 50.243322, 0], [36.451698, 50.247353, 0], [36.460157, 50.246224, 0], [36.466916, 50.242394, 0], [36.468899, 50.237302, 0], [36.466444, 50.230549, 0], [36.464715, 50.229073, 0], [36.458867, 50.228366, 0], [36.459014, 50.222558, 0], [36.47563, 50.216064, 0], [36.481944, 50.214951, 0], [36.49337, 50.210498, 0], [36.5182, 50.223591, 0], [36.530919, 50.233554, 0], [36.534777, 50.235131, 0]]]}}, {"type": "Feature", "properties": {"name": "\u0417\u0432\u0456\u043b\u044c\u043d\u0435\u043d\u043e 02.07 /// Liberated 02.07\u00a0/// geoJSON.status.dismissed_at {{at:02.07}}", "date": "2026-03-30", "layer_type": "liberated"}, "geometry": {"type": "Polygon", "coordinates": [[[33.336808, 47.480381, 0], [33.335951, 47.480886, 0], [33.334407, 47.481159, 0], [33.331546, 47.481435, 0], [33.32681, 47.489163, 0], [33.352665, 47.498862, 0], [33.375401, 47.483513, 0], [33.405582, 47.477252, 0], [33.438711, 47.486774, 0], [33.455151, 47.487067, 0], [33.453049, 47.462764, 0], [33.407555, 47.456726, 0], [33.388963, 47.458133, 0], [33.388384, 47.458489, 0], [33.384467, 47.458676, 0], [33.382446, 47.45926, 0], [33.378924, 47.460236, 0], [33.376316, 47.459879, 0], [33.374095, 47.458928, 0], [33.373101, 47.456292, 0], [33.371935, 47.454628, 0], [33.364182, 47.4472, 0], [33.362043, 47.445887, 0], [33.359948, 47.4453, 0], [33.357259, 47.444266, 0], [33.353883, 47.443784, 0], [33.349884, 47.444861, 0], [33.346898, 47.445696, 0], [33.345821, 47.44643, 0], [33.344358, 47.446713, 0], [33.343067, 47.44717, 0], [33.342655, 47.448294, 0], [33.343723, 47.449374, 0], [33.346116, 47.450344, 0], [33.348585, 47.451764, 0], [33.350219, 47.457736, 0], [33.348359, 47.459219, 0], [33.348558, 47.464081, 0], [33.347615, 47.467067, 0], [33.348045, 47.468052, 0], [33.347406, 47.469102, 0], [33.346509, 47.470181, 0], [33.345166, 47.470715, 0], [33.343093, 47.470842, 0], [33.341782, 47.47176, 0], [33.341238, 47.473313, 0], [33.341016, 47.474894, 0], [33.340703, 47.475689, 0], [33.34019, 47.476182, 0], [33.340707, 47.476674, 0], [33.338231, 47.478566, 0], [33.336913, 47.479298, 0], [33.336808, 47.480381, 0]]]}}, {"type": "Feature", "properties": {"name": "\u0417\u0432\u0456\u043b\u044c\u043d\u0435\u043d\u043e 30.05 /// Liberated 30.05\u00a0/// geoJSON.status.dismissed_at {{at:30.05}}", "date": "2026-03-30", "layer_type": "liberated"}, "geometry": {"type": "Polygon", "coordinates": [[[33.352665, 47.498862, 0], [33.363458, 47.503178, 0], [33.385764, 47.516646, 0], [33.43765, 47.52045, 0], [33.455151, 47.487067, 0], [33.438711, 47.486774, 0], [33.405582, 47.477252, 0], [33.375401, 47.483513, 0], [33.352665, 47.498862, 0]]]}}, {"type": "Feature", "properties": {"name": "\u0417\u043c\u0456\u0457\u043d\u0438\u0439 ///\u00a0Snake Island /// geoJSON.zmiinyi_island", "date": "2026-03-30", "layer_type": "liberated"}, "geometry": {"type": "Polygon", "coordinates": [[[30.194992, 45.267287, 0], [30.202203, 45.262695, 0], [30.221087, 45.268857, 0], [30.227225, 45.264899, 0], [30.225486, 45.258812, 0], [30.228222, 45.256614, 0], [30.227696, 45.255745, 0], [30.223597, 45.256878, 0], [30.216751, 45.25499, 0], [30.219026, 45.245836, 0], [30.205294, 45.241214, 0], [30.198084, 45.245165, 0], [30.1895, 45.245731, 0], [30.18263, 45.257016, 0], [30.194992, 45.267287, 0]]]}}, {"type": "Feature", "properties": {"name": "\u0417\u0432\u0456\u043b\u044c\u043d\u0435\u043d\u043e 26.06\u00a0/// Liberated 26.06\u00a0/// geoJSON.status.dismissed_at {{at:26.06}}", "date": "2026-03-30", "layer_type": "liberated"}, "geometry": {"type": "Polygon", "coordinates": [[[33.56053, 47.493351, 0], [33.56016, 47.502708, 0], [33.578794, 47.501303, 0], [33.587617, 47.494026, 0], [33.59339, 47.48179, 0], [33.601112, 47.463632, 0], [33.56496, 47.462277, 0], [33.558159, 47.473627, 0], [33.55531, 47.485693, 0], [33.56053, 47.493351, 0]]]}}, {"type": "Feature", "properties": {"name": "\u0417\u0432\u0456\u043b\u044c\u043d\u0435\u043d\u043e /// Liberated\u00a0/// geoJSON.status.dismissed", "date": "2026-03-30", "layer_type": "liberated"}, "geometry": {"type": "Polygon", "coordinates": [[[32.437085, 47.388474, 0], [32.463864, 47.401024, 0], [32.50163, 47.334055, 0], [32.521543, 47.303333, 0], [32.630719, 47.291225, 0], [32.643766, 47.254885, 0], [32.583341, 47.249292, 0], [32.470044, 47.307058, 0], [32.435025, 47.296348, 0], [32.430906, 47.318696, 0], [32.452191, 47.327074, 0], [32.43915, 47.379631, 0], [32.33186, 47.230289, 0], [32.318396, 47.22575, 0], [32.279313, 47.175398, 0], [32.241735, 47.128946, 0], [32.297773, 47.135089, 0], [32.322884, 47.110162, 0], [32.194321, 47.060306, 0], [32.165478, 47.048876, 0], [32.134187, 47.076096, 0], [32.168128, 47.11033, 0], [32.250552, 47.20214, 0], [32.298062, 47.240792, 0], [32.349809, 47.287061, 0], [32.423698, 47.383588, 0], [32.437085, 47.388474, 0]]]}}, {"type": "Feature", "properties": {"name": "\u0417\u0432\u0456\u043b\u044c\u043d\u0435\u043d\u043e 04.09 /// Liberated 04.09\u00a0/// geoJSON.status.dismissed_at {{at:04.09}}", "date": "2026-03-30", "layer_type": "liberated"}, "geometry": {"type": "Polygon", "coordinates": [[[33.46223, 47.445176, 0], [33.453049, 47.462764, 0], [33.455151, 47.487067, 0], [33.507049, 47.49732, 0], [33.514112, 47.505863, 0], [33.540055, 47.507651, 0], [33.56016, 47.502708, 0], [33.56053, 47.493351, 0], [33.55531, 47.485693, 0], [33.558159, 47.473627, 0], [33.56496, 47.462277, 0], [33.601112, 47.463632, 0], [33.614615, 47.449758, 0], [33.63402, 47.439203, 0], [33.72123, 47.430833, 0], [33.724112, 47.417795, 0], [33.724879, 47.414635, 0], [33.672908, 47.407313, 0], [33.620717, 47.369784, 0], [33.591928, 47.38146, 0], [33.590453, 47.40962, 0], [33.567414, 47.421086, 0], [33.518465, 47.454449, 0], [33.491088, 47.453532, 0], [33.46223, 47.445176, 0]]]}}, {"type": "Feature", "properties": {"name": "\u0417\u0432\u0456\u043b\u044c\u043d\u0435\u043d\u043e /// Liberated\u00a0/// geoJSON.status.dismissed", "date": "2026-03-30", "layer_type": "liberated"}, "geometry": {"type": "Polygon", "coordinates": [[[32.396178, 51.470191, 0], [32.371664, 51.433102, 0], [32.369143, 51.403717, 0], [32.310315, 51.378989, 0], [32.413493, 51.313961, 0], [32.564996, 51.304777, 0], [32.72344, 51.308938, 0], [32.745265, 51.323117, 0], [32.888805, 51.328701, 0], [32.97763, 51.287614, 0], [33.109196, 51.264504, 0], [33.113522, 51.249191, 0], [32.990732, 51.246806, 0], [32.889489, 51.281912, 0], [32.827084, 51.273, 0], [32.962073, 51.152559, 0], [32.977411, 51.127151, 0], [33.023863, 51.170429, 0], [33.102032, 51.187352, 0], [33.179697, 51.176916, 0], [33.298849, 51.208946, 0], [33.427456, 51.153986, 0], [33.383991, 51.079722, 0], [33.380818, 51.042774, 0], [33.293784, 51.046674, 0], [33.240592, 51.084649, 0], [33.169522, 51.052713, 0], [33.147866, 51.01106, 0], [33.13009, 51.005005, 0], [33.092062, 51.013627, 0], [33.082672, 51.030939, 0], [33.071071, 51.031671, 0], [33.038767, 51.020178, 0], [33.016085, 51.016452, 0], [32.921621, 50.974075, 0], [32.972686, 50.94963, 0], [33.063768, 50.962165, 0], [33.08266, 50.943234, 0], [33.119908, 50.942635, 0], [33.127629, 50.939436, 0], [33.126919, 50.921891, 0], [33.196064, 50.875804, 0], [33.200753, 50.862233, 0], [33.157862, 50.856705, 0], [33.153149, 50.82747, 0], [33.124022, 50.826393, 0], [33.112737, 50.8509, 0], [33.043549, 50.838759, 0], [32.958168, 50.845687, 0], [32.827952, 50.815578, 0], [32.841326, 50.799296, 0], [32.82141, 50.789714, 0], [32.82142, 50.770994, 0], [32.850105, 50.741527, 0], [32.823856, 50.70684, 0], [32.780453, 50.688649, 0], [32.784248, 50.677271, 0], [32.812758, 50.679814, 0], [32.876441, 50.67936, 0], [32.930531, 50.695408, 0], [32.998126, 50.701166, 0], [33.070558, 50.715579, 0], [33.113136, 50.722634, 0], [33.19276, 50.735748, 0], [33.233139, 50.736142, 0], [33.239023, 50.73255, 0], [33.181188, 50.726812, 0], [33.108276, 50.711046, 0], [33.04337, 50.702425, 0], [33.008528, 50.689947, 0], [32.956533, 50.687458, 0], [32.91971, 50.676899, 0], [32.870704, 50.668946, 0], [32.80523, 50.669455, 0], [32.760665, 50.661577, 0], [32.727845, 50.658435, 0], [32.690334, 50.647546, 0], [32.680989, 50.630554, 0], [32.610135, 50.628769, 0], [32.641525, 50.654445, 0], [32.700505, 50.666407, 0], [32.750611, 50.671944, 0], [32.751298, 50.699231, 0], [32.791528, 50.708977, 0], [32.814976, 50.725322, 0], [32.81921, 50.749488, 0], [32.800206, 50.762191, 0], [32.785607, 50.771981, 0], [32.79238, 50.780458, 0], [32.78978, 50.788978, 0], [32.813542, 50.80257, 0], [32.805036, 50.809218, 0], [32.714309, 50.781584, 0], [32.679198, 50.785964, 0], [32.611353, 50.777864, 0], [32.540487, 50.7441, 0], [32.456242, 50.714458, 0], [32.438175, 50.690052, 0], [32.434056, 50.680354, 0], [32.373642, 50.674562, 0], [32.333589, 50.666784, 0], [32.304291, 50.67921, 0], [32.318247, 50.688154, 0], [32.424231, 50.704785, 0], [32.438174, 50.73816, 0], [32.504349, 50.760221, 0], [32.573979, 50.811082, 0], [32.520838, 50.888792, 0], [32.532832, 50.938056, 0], [32.523205, 50.957653, 0], [32.263468, 50.944981, 0], [32.194761, 50.931571, 0], [32.123332, 50.928506, 0], [32.112691, 50.948402, 0], [32.248897, 50.976529, 0], [32.389659, 50.98481, 0], [32.415092, 51.087784, 0], [32.120928, 51.07469, 0], [32.085563, 51.119373, 0], [32.141547, 51.183018, 0], [32.339724, 51.222624, 0], [32.36782, 51.267281, 0], [32.306598, 51.326369, 0], [32.164063, 51.423973, 0], [32.087722, 51.489156, 0], [31.823778, 51.563984, 0], [31.84418, 51.598306, 0], [32.230171, 51.553119, 0], [32.457354, 51.569924, 0], [32.489626, 51.506716, 0], [32.396178, 51.470191, 0]]]}}, {"type": "Feature", "properties": {"name": "\u0417\u0432\u0456\u043b\u044c\u043d\u0435\u043d\u043e\u00a0/// Liberated\u00a0/// geoJSON.status.dismissed", "date": "2026-03-30", "layer_type": "liberated"}, "geometry": {"type": "Polygon", "coordinates": [[[37.030459, 49.379633, 0], [37.037218, 49.380374, 0], [37.042818, 49.379689, 0], [37.044583, 49.3797, 0], [37.046949, 49.38052, 0], [37.049894, 49.380615, 0], [37.051098, 49.38113, 0], [37.051273, 49.381952, 0], [37.052571, 49.383063, 0], [37.055934, 49.383066, 0], [37.058096, 49.383517, 0], [37.061133, 49.383063, 0], [37.067001, 49.380486, 0], [37.074942, 49.373668, 0], [37.078139, 49.370929, 0], [37.080595, 49.368107, 0], [37.081206, 49.365703, 0], [37.074382, 49.351843, 0], [37.073436, 49.350572, 0], [37.063246, 49.352212, 0], [37.057228, 49.35487, 0], [37.053956, 49.361273, 0], [37.045964, 49.368058, 0], [37.038485, 49.373836, 0], [37.032091, 49.375233, 0], [37.030459, 49.379633, 0]]]}}, {"type": "Feature", "properties": {"name": "\u0417\u0432\u0456\u043b\u044c\u043d\u0435\u043d\u043e /// Liberated\u00a0/// geoJSON.status.dismissed", "date": "2026-03-30", "layer_type": "liberated"}, "geometry": {"type": "Polygon", "coordinates": [[[34.157343, 50.387941, 0], [34.173202, 50.379662, 0], [34.190948, 50.380576, 0], [34.219351, 50.404488, 0], [34.229658, 50.409411, 0], [34.226394, 50.418272, 0], [34.202707, 50.43883, 0], [34.179447, 50.432981, 0], [34.175413, 50.439049, 0], [34.202705, 50.449656, 0], [34.227598, 50.45479, 0], [34.262422, 50.455355, 0], [34.275618, 50.458264, 0], [34.281928, 50.462823, 0], [34.292873, 50.468123, 0], [34.302788, 50.471674, 0], [34.309096, 50.477763, 0], [34.319814, 50.490126, 0], [34.328844, 50.497475, 0], [34.350329, 50.504335, 0], [34.360899, 50.508255, 0], [34.372339, 50.505687, 0], [34.382752, 50.505345, 0], [34.388573, 50.504522, 0], [34.402603, 50.50781, 0], [34.409518, 50.513501, 0], [34.456709, 50.504303, 0], [34.474252, 50.502128, 0], [34.469416, 50.520361, 0], [34.490499, 50.533109, 0], [34.494024, 50.546482, 0], [34.4992, 50.560476, 0], [34.512878, 50.57399, 0], [34.497486, 50.587604, 0], [34.512306, 50.604706, 0], [34.541861, 50.612248, 0], [34.588756, 50.611824, 0], [34.586488, 50.631953, 0], [34.595919, 50.667534, 0], [34.620467, 50.721325, 0], [34.669821, 50.710802, 0], [34.683493, 50.699021, 0], [34.69788, 50.695962, 0], [34.6958, 50.68791, 0], [34.698711, 50.681601, 0], [34.695362, 50.675294, 0], [34.694548, 50.669421, 0], [34.681612, 50.665506, 0], [34.656093, 50.659412, 0], [34.636078, 50.641996, 0], [34.64766, 50.627377, 0], [34.679886, 50.617345, 0], [34.68516, 50.602845, 0], [34.729478, 50.589255, 0], [34.754406, 50.586062, 0], [34.768445, 50.607383, 0], [34.785405, 50.625536, 0], [34.785302, 50.637984, 0], [34.813749, 50.645077, 0], [34.83226, 50.636972, 0], [34.855249, 50.642395, 0], [34.868206, 50.650934, 0], [34.861758, 50.6569, 0], [34.868148, 50.662821, 0], [34.888338, 50.660231, 0], [34.895822, 50.650674, 0], [34.893224, 50.642794, 0], [34.876013, 50.640968, 0], [34.870339, 50.633008, 0], [34.907883, 50.626991, 0], [34.930263, 50.614674, 0], [34.935928, 50.603127, 0], [34.960475, 50.599096, 0], [34.961162, 50.568141, 0], [34.951892, 50.548947, 0], [34.948459, 50.538038, 0], [34.955325, 50.524508, 0], [34.961848, 50.510318, 0], [34.965765, 50.498264, 0], [34.946551, 50.488991, 0], [34.942155, 50.490566, 0], [34.926154, 50.489762, 0], [34.918396, 50.473666, 0], [34.837468, 50.486684, 0], [34.802313, 50.492406, 0], [34.767155, 50.495819, 0], [34.739736, 50.497628, 0], [34.71608, 50.491214, 0], [34.716443, 50.444298, 0], [34.711317, 50.417277, 0], [34.656656, 50.416565, 0], [34.630682, 50.404134, 0], [34.590802, 50.371375, 0], [34.551444, 50.366487, 0], [34.533581, 50.346797, 0], [34.52019, 50.3305, 0], [34.497157, 50.296946, 0], [34.467409, 50.298241, 0], [34.386384, 50.349149, 0], [34.356475, 50.35427, 0], [34.350421, 50.362291, 0], [34.303816, 50.366181, 0], [34.297464, 50.360922, 0], [34.282022, 50.360653, 0], [34.28005, 50.37196, 0], [34.246657, 50.379322, 0], [34.225023, 50.373405, 0], [34.173524, 50.357199, 0], [34.154298, 50.359389, 0], [34.143269, 50.357966, 0], [34.132068, 50.35917, 0], [34.126832, 50.373624, 0], [34.157343, 50.387941, 0]], [[34.422777, 50.46703, 0], [34.421788, 50.459407, 0], [34.416338, 50.451566, 0], [34.404752, 50.452276, 0], [34.392736, 50.457741, 0], [34.36424, 50.424506, 0], [34.347932, 50.415428, 0], [34.286649, 50.403832, 0], [34.253004, 50.41138, 0], [34.227591, 50.401315, 0], [34.20408, 50.38063, 0], [34.25369, 50.387745, 0], [34.283293, 50.379918, 0], [34.316323, 50.377337, 0], [34.347009, 50.369756, 0], [34.392908, 50.358951, 0], [34.465704, 50.313874, 0], [34.475467, 50.321175, 0], [34.491204, 50.315498, 0], [34.509349, 50.341028, 0], [34.505526, 50.344971, 0], [34.512306, 50.355268, 0], [34.527043, 50.36383, 0], [34.536292, 50.372392, 0], [34.540029, 50.378127, 0], [34.570747, 50.383451, 0], [34.574862, 50.398292, 0], [34.573459, 50.416689, 0], [34.589757, 50.41965, 0], [34.594379, 50.403138, 0], [34.62695, 50.420341, 0], [34.639915, 50.426957, 0], [34.693495, 50.425116, 0], [34.691899, 50.465459, 0], [34.682058, 50.472468, 0], [34.697327, 50.500267, 0], [34.681882, 50.509052, 0], [34.664374, 50.511589, 0], [34.646177, 50.521372, 0], [34.625064, 50.540558, 0], [34.60365, 50.550262, 0], [34.585047, 50.552934, 0], [34.569909, 50.562669, 0], [34.534443, 50.567133, 0], [34.510083, 50.563615, 0], [34.500865, 50.549504, 0], [34.501736, 50.542866, 0], [34.505044, 50.535151, 0], [34.497428, 50.526165, 0], [34.489429, 50.513877, 0], [34.497122, 50.499265, 0], [34.494666, 50.487574, 0], [34.455823, 50.487239, 0], [34.422777, 50.46703, 0]], [[34.400091, 50.500666, 0], [34.392257, 50.501273, 0], [34.381177, 50.501516, 0], [34.372222, 50.501291, 0], [34.365239, 50.499952, 0], [34.348981, 50.496126, 0], [34.329636, 50.490408, 0], [34.314395, 50.475837, 0], [34.308208, 50.465849, 0], [34.301938, 50.45903, 0], [34.315832, 50.455009, 0], [34.334814, 50.460944, 0], [34.357011, 50.464129, 0], [34.369941, 50.469059, 0], [34.391291, 50.474273, 0], [34.415397, 50.487349, 0], [34.411228, 50.498524, 0], [34.405568, 50.499695, 0], [34.400091, 50.500666, 0]], [[34.358146, 50.432762, 0], [34.370677, 50.448943, 0], [34.387672, 50.46651, 0], [34.375398, 50.464462, 0], [34.30845, 50.444078, 0], [34.285104, 50.447576, 0], [34.233173, 50.444249, 0], [34.217975, 50.441579, 0], [34.247596, 50.424287, 0], [34.282186, 50.415975, 0], [34.328878, 50.423084, 0], [34.338233, 50.430138, 0], [34.358146, 50.432762, 0]]]}}, {"type": "Feature", "properties": {"name": "\u0417\u0432\u0456\u043b\u044c\u043d\u0435\u043d\u043e /// Liberated\u00a0/// geoJSON.status.dismissed", "date": "2026-03-30", "layer_type": "liberated"}, "geometry": {"type": "Polygon", "coordinates": [[[31.84418, 51.598306, 0], [31.823778, 51.563984, 0], [31.754879, 51.551788, 0], [31.692402, 51.550512, 0], [31.658756, 51.545388, 0], [31.563679, 51.541839, 0], [31.531, 51.538916, 0], [31.406202, 51.507446, 0], [31.377236, 51.51217, 0], [31.36488, 51.528383, 0], [31.350455, 51.543253, 0], [31.332767, 51.55041, 0], [31.314335, 51.556021, 0], [31.268087, 51.558208, 0], [31.25195, 51.563118, 0], [31.219065, 51.558091, 0], [31.187555, 51.551988, 0], [31.17854, 51.540652, 0], [31.176738, 51.53017, 0], [31.185664, 51.505008, 0], [31.195783, 51.495124, 0], [31.188412, 51.479952, 0], [31.173306, 51.453434, 0], [31.223432, 51.418122, 0], [31.219313, 51.378712, 0], [31.251026, 51.372208, 0], [31.277956, 51.399981, 0], [31.405904, 51.39842, 0], [31.462359, 51.359081, 0], [31.425373, 51.284159, 0], [31.300659, 51.267571, 0], [31.130053, 51.312661, 0], [31.008174, 51.377904, 0], [30.928878, 51.38471, 0], [30.867084, 51.367996, 0], [30.788811, 51.378712, 0], [30.70779, 51.383425, 0], [30.682386, 51.343985, 0], [30.659042, 51.339696, 0], [30.635698, 51.359954, 0], [30.656296, 51.375282, 0], [30.672779, 51.401416, 0], [30.726336, 51.41555, 0], [30.735264, 51.511372, 0], [30.691081, 51.518115, 0], [30.695112, 51.534295, 0], [30.721121, 51.532532, 0], [30.73726, 51.544487, 0], [30.789922, 51.529125, 0], [30.772277, 51.483804, 0], [30.832903, 51.478969, 0], [30.857762, 51.642165, 0], [30.936725, 51.754091, 0], [31.019464, 51.7953, 0], [30.977056, 51.953313, 0], [30.957976, 52.025063, 0], [30.948372, 52.066131, 0], [30.955246, 52.085246, 0], [30.970362, 52.077454, 0], [30.989244, 52.075665, 0], [31.006664, 52.081231, 0], [31.037821, 52.084261, 0], [31.073665, 52.091497, 0], [31.097153, 52.089444, 0], [31.140025, 52.102198, 0], [31.146009, 52.091059, 0], [31.158854, 52.079918, 0], [31.185424, 52.074261, 0], [31.200767, 52.073963, 0], [31.213362, 52.070286, 0], [31.196452, 51.976872, 0], [31.129645, 51.833078, 0], [31.239934, 51.783254, 0], [31.315679, 51.788409, 0], [31.406073, 51.789413, 0], [31.506889, 51.797221, 0], [31.547443, 51.816317, 0], [31.572221, 51.84571, 0], [31.564, 51.888263, 0], [31.587228, 51.934034, 0], [31.517464, 51.99304, 0], [31.472123, 52.046922, 0], [31.466996, 52.094403, 0], [31.442689, 52.139531, 0], [31.451797, 52.140176, 0], [31.455426, 52.138306, 0], [31.455964, 52.130535, 0], [31.461651, 52.12698, 0], [31.461576, 52.124464, 0], [31.464247, 52.121738, 0], [31.476794, 52.118392, 0], [31.489339, 52.116731, 0], [31.49896, 52.11814, 0], [31.509269, 52.120813, 0], [31.612775, 51.976337, 0], [31.639046, 51.955817, 0], [31.729002, 51.997334, 0], [31.765059, 52.002463, 0], [31.759553, 52.077731, 0], [31.74716, 52.103134, 0], [31.762924, 52.106174, 0], [31.766487, 52.109154, 0], [31.772046, 52.111487, 0], [31.780319, 52.111757, 0], [31.785828, 52.112313, 0], [31.787209, 52.111747, 0], [31.791418, 52.108987, 0], [31.793694, 52.108292, 0], [31.796548, 52.103516, 0], [31.805753, 52.100216, 0], [31.81828, 52.076898, 0], [31.836137, 52.050945, 0], [31.870465, 52.021155, 0], [31.855107, 51.971004, 0], [31.887798, 51.936925, 0], [31.872856, 51.916596, 0], [31.866866, 51.89153, 0], [31.873236, 51.885531, 0], [31.939134, 51.86858, 0], [31.970398, 51.839545, 0], [32.005395, 51.79326, 0], [32.180587, 51.790241, 0], [32.257737, 51.846527, 0], [32.447252, 51.899096, 0], [32.557115, 51.917311, 0], [32.571534, 51.984601, 0], [32.565352, 52.012689, 0], [32.481767, 52.010631, 0], [32.486041, 52.049125, 0], [32.577028, 52.079649, 0], [32.59076, 52.123093, 0], [32.526903, 52.158491, 0], [32.584581, 52.231727, 0], [32.606553, 52.304842, 0], [32.622794, 52.296173, 0], [32.636969, 52.287082, 0], [32.658004, 52.280506, 0], [32.674913, 52.271406, 0], [32.649812, 52.185022, 0], [32.670455, 52.145413, 0], [32.73015, 52.073319, 0], [32.708177, 51.888926, 0], [32.739847, 51.814004, 0], [32.888742, 51.903245, 0], [33.079593, 51.999899, 0], [33.158025, 52.068158, 0], [33.206214, 52.138675, 0], [33.162007, 52.177855, 0], [33.150707, 52.230682, 0], [33.215969, 52.254407, 0], [33.231451, 52.36976, 0], [33.302819, 52.354393, 0], [33.312301, 52.192945, 0], [33.247792, 52.085352, 0], [33.206404, 52.016995, 0], [33.240573, 52.009477, 0], [33.232175, 51.996629, 0], [33.245143, 51.992319, 0], [33.251217, 51.993409, 0], [33.264253, 51.997627, 0], [33.267081, 51.997304, 0], [33.26699, 51.995027, 0], [33.270677, 51.992096, 0], [33.286714, 51.95343, 0], [33.321408, 51.958227, 0], [33.33962, 51.949689, 0], [33.336377, 51.943693, 0], [33.32627, 51.941718, 0], [33.320472, 51.948137, 0], [33.308584, 51.945831, 0], [33.302192, 51.938868, 0], [33.288954, 51.945069, 0], [33.27606, 51.941746, 0], [33.271214, 51.937425, 0], [33.27672, 51.924684, 0], [33.263024, 51.919528, 0], [33.248687, 51.931015, 0], [33.256835, 51.974002, 0], [33.238884, 51.987164, 0], [33.22621, 51.991064, 0], [33.184769, 51.996241, 0], [33.033628, 51.898052, 0], [32.887024, 51.774997, 0], [32.740933, 51.737501, 0], [32.584844, 51.673231, 0], [32.556475, 51.596418, 0], [32.521985, 51.568792, 0], [32.550489, 51.55451, 0], [32.539094, 51.521426, 0], [32.489626, 51.506716, 0], [32.457354, 51.569924, 0], [32.456767, 51.604349, 0], [32.371066, 51.693114, 0], [32.324382, 51.721726, 0], [32.30101, 51.722772, 0], [32.278595, 51.738736, 0], [32.134032, 51.762599, 0], [32.057842, 51.747622, 0], [32.107681, 51.677166, 0], [32.088823, 51.653533, 0], [32.020322, 51.701615, 0], [31.9517, 51.733484, 0], [31.9381, 51.71092, 0], [31.895688, 51.687498, 0], [31.84418, 51.598306, 0]], [[31.820674, 51.642665, 0], [31.849516, 51.705469, 0], [31.906862, 51.76331, 0], [31.934663, 51.783696, 0], [31.921968, 51.81257, 0], [31.886949, 51.830405, 0], [31.877899, 51.845105, 0], [31.769226, 51.860205, 0], [31.770859, 51.76728, 0], [31.703818, 51.70608, 0], [31.631066, 51.706849, 0], [31.590788, 51.686709, 0], [31.588644, 51.644774, 0], [31.572127, 51.586867, 0], [31.62178, 51.575812, 0], [31.69889, 51.582161, 0], [31.765413, 51.583188, 0], [31.820674, 51.642665, 0]]]}}, {"type": "Feature", "properties": {"name": "\u0417\u0432\u0456\u043b\u044c\u043d\u0435\u043d\u043e /// Liberated\u00a0/// geoJSON.status.dismissed", "date": "2026-03-30", "layer_type": "liberated"}, "geometry": {"type": "Polygon", "coordinates": [[[35.916712, 47.495457, 0], [35.914422, 47.487795, 0], [35.891493, 47.477653, 0], [35.839104, 47.480344, 0], [35.82707, 47.486131, 0], [35.81246, 47.484956, 0], [35.799415, 47.48026, 0], [35.797483, 47.491193, 0], [35.804865, 47.490903, 0], [35.806108, 47.494203, 0], [35.808725, 47.496806, 0], [35.826621, 47.497502, 0], [35.84925, 47.496112, 0], [35.851167, 47.498208, 0], [35.871024, 47.496852, 0], [35.873586, 47.498832, 0], [35.916712, 47.495457, 0]]]}}, {"type": "Feature", "properties": {"name": "\u0417\u0432\u0456\u043b\u044c\u043d\u0435\u043d\u043e /// Liberated\u00a0/// geoJSON.status.dismissed", "date": "2026-03-30", "layer_type": "liberated"}, "geometry": {"type": "Polygon", "coordinates": [[[31.018194, 50.645272, 0], [31.02903, 50.648232, 0], [31.047154, 50.654281, 0], [31.045337, 50.661396, 0], [31.052962, 50.66998, 0], [31.085606, 50.660492, 0], [31.085758, 50.675204, 0], [31.116133, 50.694264, 0], [31.123728, 50.69807, 0], [31.042229, 50.740022, 0], [31.046865, 50.744584, 0], [31.091697, 50.721881, 0], [31.116202, 50.709412, 0], [31.131715, 50.718827, 0], [31.144481, 50.716284, 0], [31.189002, 50.67338, 0], [31.20479, 50.647382, 0], [31.289388, 50.645601, 0], [31.263074, 50.623545, 0], [31.199989, 50.632565, 0], [31.183694, 50.634142, 0], [31.171811, 50.655434, 0], [31.165414, 50.668888, 0], [31.145398, 50.686215, 0], [31.12257, 50.688392, 0], [31.109704, 50.679049, 0], [31.100962, 50.67014, 0], [31.102019, 50.660591, 0], [31.092466, 50.652809, 0], [31.07131, 50.648126, 0], [31.062676, 50.640466, 0], [31.04468, 50.639354, 0], [31.041621, 50.633016, 0], [31.049579, 50.625129, 0], [31.079728, 50.620204, 0], [31.108147, 50.605032, 0], [31.122477, 50.593777, 0], [31.147954, 50.57805, 0], [31.159454, 50.568766, 0], [31.165115, 50.558609, 0], [31.165028, 50.552249, 0], [31.157732, 50.550579, 0], [31.152605, 50.557302, 0], [31.113113, 50.542105, 0], [31.10978, 50.531223, 0], [31.101812, 50.525032, 0], [31.090607, 50.529182, 0], [31.075217, 50.538348, 0], [31.075759, 50.544349, 0], [31.052951, 50.555367, 0], [31.046215, 50.558981, 0], [31.050717, 50.56743, 0], [31.048076, 50.574925, 0], [31.045553, 50.577283, 0], [31.039339, 50.574626, 0], [31.028502, 50.57049, 0], [31.020841, 50.568589, 0], [31.009125, 50.565766, 0], [31.004661, 50.566243, 0], [30.999338, 50.568682, 0], [30.992428, 50.572512, 0], [30.990924, 50.576122, 0], [30.994655, 50.577391, 0], [30.999783, 50.578243, 0], [31.004664, 50.57845, 0], [31.010281, 50.57899, 0], [31.017982, 50.579641, 0], [31.020631, 50.580893, 0], [31.02903, 50.581654, 0], [31.044642, 50.583614, 0], [31.037275, 50.593378, 0], [31.027557, 50.611144, 0], [31.028636, 50.614386, 0], [31.029029, 50.617628, 0], [31.024915, 50.617276, 0], [31.020888, 50.616324, 0], [31.007791, 50.614136, 0], [31.000574, 50.614929, 0], [30.980652, 50.626502, 0], [30.95833, 50.619859, 0], [30.944593, 50.620936, 0], [30.928801, 50.621336, 0], [30.950725, 50.59913, 0], [30.932136, 50.583897, 0], [30.892232, 50.568249, 0], [30.87189, 50.587689, 0], [30.832995, 50.569769, 0], [30.821229, 50.574956, 0], [30.832364, 50.590996, 0], [30.850874, 50.616233, 0], [30.867452, 50.632938, 0], [30.87923, 50.640713, 0], [30.905944, 50.634606, 0], [30.935697, 50.62719, 0], [30.94517, 50.627452, 0], [30.954373, 50.62649, 0], [30.978547, 50.632104, 0], [31.001976, 50.637953, 0], [31.004775, 50.641526, 0], [31.018194, 50.645272, 0]]]}}, {"type": "Feature", "properties": {"name": "\u0417\u0432\u0456\u043b\u044c\u043d\u0435\u043d\u043e /// Liberated\u00a0/// geoJSON.status.dismissed", "date": "2026-03-30", "layer_type": "liberated"}, "geometry": {"type": "Polygon", "coordinates": [[[34.004039, 51.279013, 0], [34.072229, 51.299319, 0], [34.124295, 51.299563, 0], [34.243533, 51.284546, 0], [34.254527, 51.282068, 0], [34.25085, 51.2755, 0], [34.246523, 51.276298, 0], [34.235576, 51.27504, 0], [34.230809, 51.27185, 0], [34.224882, 51.265254, 0], [34.206756, 51.259601, 0], [34.115925, 51.27361, 0], [34.04016, 51.256919, 0], [34.205912, 51.21325, 0], [34.295973, 51.153709, 0], [34.29761, 51.242307, 0], [34.305236, 51.238327, 0], [34.313955, 51.238807, 0], [34.345412, 51.158015, 0], [34.58832, 51.036088, 0], [34.634054, 51.058972, 0], [34.65623, 51.068217, 0], [34.703672, 51.057573, 0], [34.717699, 51.063988, 0], [34.7915, 51.09498, 0], [34.932948, 51.088079, 0], [34.9538281, 51.1056961, 0], [34.9656051, 51.0994071, 0], [34.980691, 51.0987038, 0], [34.985134, 51.07255, 0], [34.91255, 51.063583, 0], [34.852152, 51.075838, 0], [34.824459, 51.005196, 0], [34.898616, 50.987045, 0], [35.011226, 51.019884, 0], [35.235073, 51.034567, 0], [35.277313, 51.044714, 0], [35.296871, 50.998282, 0], [35.243312, 50.950723, 0], [35.127956, 50.985316, 0], [34.943899, 50.951844, 0], [34.913415, 50.918328, 0], [34.891195, 50.909477, 0], [34.883149, 50.912552, 0], [34.908382, 50.929259, 0], [34.927455, 50.952453, 0], [34.784633, 50.979264, 0], [34.758541, 50.966293, 0], [34.716593, 50.96624, 0], [34.719708, 50.949739, 0], [34.746155, 50.933454, 0], [34.747727, 50.893676, 0], [34.7342, 50.878582, 0], [34.661845, 50.905977, 0], [34.389934, 50.907709, 0], [34.411354, 50.883346, 0], [34.41577, 50.862431, 0], [34.376189, 50.811015, 0], [34.3564, 50.805899, 0], [34.313513, 50.801039, 0], [34.271893, 50.802106, 0], [34.138814, 50.835389, 0], [34.05989, 50.820837, 0], [34.017839, 50.817093, 0], [33.95789, 50.825812, 0], [33.866861, 50.817475, 0], [33.848134, 50.821841, 0], [33.818906, 50.815557, 0], [33.777608, 50.806935, 0], [33.740074, 50.796426, 0], [33.725282, 50.797162, 0], [33.680385, 50.777703, 0], [33.568908, 50.755682, 0], [33.524758, 50.734004, 0], [33.527797, 50.727332, 0], [33.512076, 50.680327, 0], [33.510276, 50.666286, 0], [33.472033, 50.640269, 0], [33.460982, 50.642007, 0], [33.467094, 50.653543, 0], [33.49828, 50.669647, 0], [33.503531, 50.684222, 0], [33.508718, 50.705518, 0], [33.509992, 50.731453, 0], [33.493721, 50.738768, 0], [33.485533, 50.74296, 0], [33.48413, 50.748502, 0], [33.483533, 50.750284, 0], [33.480402, 50.750198, 0], [33.479974, 50.750817, 0], [33.479334, 50.752165, 0], [33.475979, 50.752255, 0], [33.469516, 50.752674, 0], [33.4693, 50.753242, 0], [33.465311, 50.755729, 0], [33.456602, 50.753328, 0], [33.443475, 50.75314, 0], [33.431663, 50.757229, 0], [33.417618, 50.760447, 0], [33.397391, 50.763663, 0], [33.37254, 50.7546, 0], [33.325734, 50.742485, 0], [33.272761, 50.740133, 0], [33.239023, 50.73255, 0], [33.233139, 50.736142, 0], [33.270379, 50.746104, 0], [33.310984, 50.748903, 0], [33.346742, 50.755289, 0], [33.375955, 50.764341, 0], [33.391441, 50.76644, 0], [33.403188, 50.766429, 0], [33.418111, 50.763431, 0], [33.438512, 50.758734, 0], [33.445866, 50.754904, 0], [33.465579, 50.75661, 0], [33.470388, 50.753266, 0], [33.476572, 50.753065, 0], [33.480634, 50.752906, 0], [33.481591, 50.75096, 0], [33.485975, 50.751238, 0], [33.493069, 50.751871, 0], [33.495627, 50.744653, 0], [33.497762, 50.740168, 0], [33.514685, 50.741714, 0], [33.516889, 50.741738, 0], [33.530736, 50.753817, 0], [33.550237, 50.786913, 0], [33.573876, 50.788094, 0], [33.667888, 50.787727, 0], [33.707929, 50.807294, 0], [33.740016, 50.810048, 0], [33.761934, 50.813256, 0], [33.807721, 50.826513, 0], [33.834993, 50.837468, 0], [33.858246, 50.836183, 0], [33.89461, 50.843394, 0], [33.962478, 50.830187, 0], [34.054751, 50.826796, 0], [34.147822, 50.841848, 0], [34.259794, 50.810545, 0], [34.312586, 50.808255, 0], [34.36195, 50.814838, 0], [34.383992, 50.8459, 0], [34.394782, 50.877913, 0], [34.368586, 50.90713, 0], [33.835124, 50.952717, 0], [33.383991, 51.079722, 0], [33.427456, 51.153986, 0], [33.298849, 51.208946, 0], [33.829631, 51.242489, 0], [33.814625, 51.275222, 0], [33.811578, 51.290525, 0], [33.801815, 51.311489, 0], [33.807576, 51.323584, 0], [33.798162, 51.323767, 0], [33.788231, 51.328668, 0], [33.796995, 51.340235, 0], [33.799583, 51.352659, 0], [33.831894, 51.364208, 0], [33.824536, 51.391561, 0], [33.83439, 51.411005, 0], [33.8492, 51.684817, 0], [33.623157, 51.602287, 0], [33.299846, 51.423809, 0], [33.221196, 51.331206, 0], [33.176126, 51.26942, 0], [33.215383, 51.249453, 0], [33.219852, 51.249107, 0], [33.225048, 51.252963, 0], [33.231197, 51.252302, 0], [33.230923, 51.251488, 0], [33.225758, 51.251963, 0], [33.220631, 51.247525, 0], [33.212934, 51.248361, 0], [33.210486, 51.24998, 0], [33.20716, 51.247404, 0], [33.205668, 51.241993, 0], [33.20651, 51.239824, 0], [33.209069, 51.237978, 0], [33.207931, 51.237286, 0], [33.204701, 51.239264, 0], [33.204153, 51.241283, 0], [33.192076, 51.240022, 0], [33.17322, 51.239297, 0], [33.17341, 51.240536, 0], [33.203617, 51.242452, 0], [33.205029, 51.24796, 0], [33.208755, 51.250997, 0], [33.168515, 51.267325, 0], [33.113522, 51.249191, 0], [33.109196, 51.264504, 0], [33.128221, 51.277231, 0], [33.13037, 51.356001, 0], [33.123624, 51.397233, 0], [33.177538, 51.454676, 0], [34.032116, 51.798661, 0], [34.243766, 51.859407, 0], [34.260311, 51.855878, 0], [34.31948, 51.879148, 0], [34.321003, 51.877894, 0], [34.323008, 51.876914, 0], [34.323968, 51.876622, 0], [34.325142, 51.87633, 0], [34.325549, 51.876084, 0], [34.326184, 51.875204, 0], [34.326475, 51.873112, 0], [34.327884, 51.871524, 0], [34.329764, 51.87067, 0], [34.328318, 51.869058, 0], [34.32989, 51.868699, 0], [34.284439, 51.840103, 0], [34.253966, 51.831992, 0], [34.195357, 51.822592, 0], [34.124117, 51.798506, 0], [34.077572, 51.763922, 0], [33.95769, 51.725029, 0], [34.005069, 51.486856, 0], [34.004039, 51.279013, 0]], [[33.500041, 51.128867, 0], [33.656596, 51.078853, 0], [34.571208, 51.000274, 0], [34.411461, 51.06651, 0], [34.314154, 51.13363, 0], [34.278121, 51.111482, 0], [34.189433, 51.17366, 0], [33.648356, 51.178826, 0], [33.500041, 51.128867, 0]]]}}, {"type": "Feature", "properties": {"name": "\u0417\u0432\u0456\u043b\u044c\u043d\u0435\u043d\u043e /// Liberated\u00a0/// geoJSON.status.dismissed", "date": "2026-03-30", "layer_type": "liberated"}, "geometry": {"type": "Polygon", "coordinates": [[[32.71354, 46.665026, 0], [32.716808, 46.66551, 0], [32.719561, 46.665699, 0], [32.723254, 46.664979, 0], [32.725638, 46.664729, 0], [32.726286, 46.664349, 0], [32.758815, 46.664525, 0], [32.779287, 46.667715, 0], [32.795537, 46.672182, 0], [32.799547, 46.67441, 0], [32.805871, 46.67554, 0], [32.811638, 46.675669, 0], [32.824662, 46.678657, 0], [32.826933, 46.677577, 0], [32.825477, 46.675522, 0], [32.807543, 46.673113, 0], [32.797264, 46.668756, 0], [32.780463, 46.664692, 0], [32.758354, 46.662029, 0], [32.736223, 46.656383, 0], [32.728898, 46.656098, 0], [32.725937, 46.659043, 0], [32.722156, 46.658665, 0], [32.719205, 46.661079, 0], [32.698022, 46.658625, 0], [32.672038, 46.65051, 0], [32.658355, 46.643822, 0], [32.654335, 46.643761, 0], [32.665174, 46.650357, 0], [32.680495, 46.65616, 0], [32.693713, 46.660254, 0], [32.71354, 46.665026, 0]]]}}, {"type": "Feature", "properties": {"name": "\u0417\u0432\u0456\u043b\u044c\u043d\u0435\u043d\u043e /// Liberated /// geoJSON.status.dismissed\n", "date": "2026-03-30", "layer_type": "liberated"}, "geometry": {"type": "Polygon", "coordinates": [[[34.2856958, 51.3210943, 0], [34.2881849, 51.3217916, 0], [34.2897191, 51.3219593, 0], [34.2814564, 51.3346262, 0], [34.2868447, 51.3388773, 0], [34.2907805, 51.3386448, 0], [34.2993505, 51.3342295, 0], [34.3042296, 51.3360878, 0], [34.309967, 51.334943, 0], [34.3119171, 51.3262166, 0], [34.3055179, 51.3222945, 0], [34.3038384, 51.3198622, 0], [34.2998425, 51.3070753, 0], [34.2802462, 51.2937062, 0], [34.2605642, 51.282635, 0], [34.2545272, 51.2820675, 0], [34.2435334, 51.2845465, 0], [34.237876, 51.2924714, 0], [34.239569, 51.2935922, 0], [34.2416054, 51.2933174, 0], [34.2446484, 51.2941634, 0], [34.2451165, 51.2962705, 0], [34.2497046, 51.2967138, 0], [34.2498297, 51.298861, 0], [34.2547615, 51.2990762, 0], [34.2551014, 51.301277, 0], [34.2581395, 51.3025206, 0], [34.2662283, 51.2985435, 0], [34.2697647, 51.3059248, 0], [34.2721343, 51.3146584, 0], [34.2772675, 51.3128016, 0], [34.2772508, 51.3109448, 0], [34.2821878, 51.3106562, 0], [34.2810945, 51.3133152, 0], [34.280516, 51.3177982, 0], [34.281464, 51.3187237, 0], [34.282215, 51.3195015, 0], [34.2833093, 51.3199306, 0], [34.2848972, 51.3205877, 0], [34.2856958, 51.3210943, 0]]]}}, {"type": "Feature", "properties": {"name": "\u0417\u0432\u0456\u043b\u044c\u043d\u0435\u043d\u043e /// Liberated\u00a0/// geoJSON.status.dismissed", "date": "2026-03-30", "layer_type": "liberated"}, "geometry": {"type": "Polygon", "coordinates": [[[32.779672, 47.098764, 0], [32.812037, 47.098041, 0], [32.823949, 47.089009, 0], [32.842606, 47.089723, 0], [32.844097, 47.086111, 0], [32.846913, 47.084199, 0], [32.848363, 47.082512, 0], [32.849432, 47.080091, 0], [32.851811, 47.079187, 0], [32.854255, 47.07894, 0], [32.862777, 47.079424, 0], [32.865, 47.079038, 0], [32.868782, 47.077376, 0], [32.870727, 47.077232, 0], [32.872565, 47.077628, 0], [32.877808, 47.079996, 0], [32.881352, 47.080924, 0], [32.884476, 47.082367, 0], [32.888015, 47.083809, 0], [32.892552, 47.086078, 0], [32.89739, 47.08791, 0], [32.89831, 47.089361, 0], [32.894049, 47.097771, 0], [32.891006, 47.103083, 0], [32.890451, 47.106452, 0], [32.891794, 47.11109, 0], [32.89326, 47.112839, 0], [32.894446, 47.113464, 0], [32.897564, 47.113362, 0], [32.901026, 47.112588, 0], [32.910752, 47.107798, 0], [32.913328, 47.105088, 0], [32.913907, 47.104368, 0], [32.913645, 47.103512, 0], [32.911494, 47.101473, 0], [32.909058, 47.096811, 0], [32.909005, 47.094091, 0], [32.910072, 47.091606, 0], [32.913908, 47.087851, 0], [32.914101, 47.086957, 0], [32.916954, 47.085218, 0], [32.923863, 47.08396, 0], [32.925358, 47.083417, 0], [32.930415, 47.084788, 0], [32.933967, 47.087237, 0], [32.934773, 47.090212, 0], [32.935535, 47.094548, 0], [32.937418, 47.100323, 0], [32.939173, 47.103733, 0], [32.940192, 47.104615, 0], [32.942499, 47.105761, 0], [32.945848, 47.106314, 0], [32.949624, 47.106276, 0], [32.950557, 47.105958, 0], [32.951088, 47.10558, 0], [32.954409, 47.102105, 0], [32.955235, 47.101108, 0], [32.961344, 47.097778, 0], [32.964222, 47.097211, 0], [32.967443, 47.097258, 0], [32.970524, 47.097976, 0], [32.972662, 47.099338, 0], [32.97345, 47.101193, 0], [32.973982, 47.103516, 0], [32.973596, 47.105276, 0], [32.972658, 47.107109, 0], [32.971927, 47.107854, 0], [32.970487, 47.108146, 0], [32.966079, 47.108147, 0], [32.962787, 47.108702, 0], [32.957413, 47.109992, 0], [32.954768, 47.110943, 0], [32.952553, 47.112201, 0], [32.951068, 47.113299, 0], [32.94999, 47.115288, 0], [32.950375, 47.117023, 0], [32.950888, 47.117357, 0], [32.951879, 47.117454, 0], [32.962763, 47.116033, 0], [32.96972, 47.116071, 0], [32.977022, 47.118665, 0], [32.986662, 47.120616, 0], [32.992695, 47.123066, 0], [32.998836, 47.126961, 0], [33.000635, 47.129003, 0], [33.001942, 47.130199, 0], [33.002391, 47.131541, 0], [33.006585, 47.13005, 0], [33.015179, 47.128425, 0], [33.040762, 47.120659, 0], [33.051844, 47.11797, 0], [33.075743, 47.112922, 0], [33.098847, 47.121375, 0], [33.108905, 47.117912, 0], [33.131326, 47.16619, 0], [33.160134, 47.191439, 0], [33.319738, 47.245774, 0], [33.401323, 47.264058, 0], [33.464188, 47.252034, 0], [33.51023, 47.234407, 0], [33.53245, 47.223669, 0], [33.568187, 47.194677, 0], [33.65373, 47.194456, 0], [33.695739, 47.196379, 0], [33.722766, 47.192331, 0], [33.747431, 47.193219, 0], [33.755101, 47.191071, 0], [33.762361, 47.183983, 0], [33.781351, 47.179716, 0], [33.783462, 47.159649, 0], [33.78722, 47.143049, 0], [33.78823, 47.131702, 0], [33.779746, 47.117784, 0], [33.760274, 47.096058, 0], [33.725258, 47.079342, 0], [33.688464, 47.064894, 0], [33.652122, 47.043697, 0], [33.659104, 47.022138, 0], [33.660419, 47.005374, 0], [33.654812, 46.985358, 0], [33.614096, 46.95437, 0], [33.602238, 46.942474, 0], [33.59776, 46.923489, 0], [33.598621, 46.898825, 0], [33.593648, 46.86243, 0], [33.57029, 46.854484, 0], [33.509575, 46.857704, 0], [33.473008, 46.847824, 0], [33.428103, 46.836644, 0], [33.403927, 46.823707, 0], [33.359708, 46.78617, 0], [33.37058, 46.781027, 0], [33.364243, 46.778735, 0], [33.35844, 46.781821, 0], [33.352337, 46.7785, 0], [33.34498, 46.781819, 0], [33.316412, 46.775304, 0], [33.310132, 46.774235, 0], [33.303553, 46.774195, 0], [33.298291, 46.775583, 0], [33.292347, 46.778977, 0], [33.287496, 46.780725, 0], [33.283395, 46.783868, 0], [33.281028, 46.784129, 0], [33.272537, 46.78265, 0], [33.260484, 46.782654, 0], [33.25732, 46.783542, 0], [33.252881, 46.783145, 0], [33.24294, 46.783984, 0], [33.23407, 46.786025, 0], [33.227196, 46.78571, 0], [33.220922, 46.784808, 0], [33.217623, 46.783443, 0], [33.213729, 46.782771, 0], [33.211322, 46.783278, 0], [33.207941, 46.786661, 0], [33.205203, 46.788031, 0], [33.189874, 46.787889, 0], [33.183857, 46.788451, 0], [33.165301, 46.78799, 0], [33.141364, 46.785627, 0], [33.11531, 46.775666, 0], [33.096255, 46.76942, 0], [33.078835, 46.761997, 0], [33.065706, 46.75815, 0], [33.04641, 46.747499, 0], [33.034643, 46.74336, 0], [33.015138, 46.74205, 0], [33.00028, 46.743289, 0], [32.997452, 46.742279, 0], [32.97646, 46.742479, 0], [32.959417, 46.73997, 0], [32.948897, 46.739753, 0], [32.940781, 46.738477, 0], [32.938612, 46.73928, 0], [32.937087, 46.7412, 0], [32.93571, 46.741571, 0], [32.932786, 46.7414, 0], [32.927996, 46.74222, 0], [32.923636, 46.742159, 0], [32.92344, 46.742552, 0], [32.918963, 46.742409, 0], [32.917929, 46.742108, 0], [32.916867, 46.742108, 0], [32.915002, 46.743213, 0], [32.912009, 46.743111, 0], [32.907096, 46.741392, 0], [32.899996, 46.741025, 0], [32.898318, 46.739912, 0], [32.897712, 46.738027, 0], [32.895548, 46.736977, 0], [32.890406, 46.736228, 0], [32.869028, 46.721807, 0], [32.851156, 46.709147, 0], [32.845144, 46.703664, 0], [32.827459, 46.694855, 0], [32.813032, 46.684417, 0], [32.801634, 46.67925, 0], [32.786939, 46.674299, 0], [32.773877, 46.672526, 0], [32.755606, 46.672542, 0], [32.728849, 46.675088, 0], [32.719456, 46.673397, 0], [32.657581, 46.654308, 0], [32.631731, 46.632636, 0], [32.618897, 46.624154, 0], [32.612931, 46.622598, 0], [32.60566, 46.615369, 0], [32.592384, 46.60525, 0], [32.580875, 46.600893, 0], [32.580481, 46.597716, 0], [32.578664, 46.596491, 0], [32.57031, 46.596458, 0], [32.563643, 46.597926, 0], [32.559408, 46.600272, 0], [32.543055, 46.595085, 0], [32.519086, 46.596044, 0], [32.505932, 46.593668, 0], [32.494756, 46.585526, 0], [32.487488, 46.582987, 0], [32.482651, 46.580151, 0], [32.47783, 46.573975, 0], [32.459937, 46.567326, 0], [32.448296, 46.562658, 0], [32.44001, 46.560644, 0], [32.427132, 46.559691, 0], [32.419972, 46.560981, 0], [32.414158, 46.560075, 0], [32.408602, 46.558284, 0], [32.397284, 46.553652, 0], [32.387855, 46.548429, 0], [32.385525, 46.548046, 0], [32.368125, 46.54825, 0], [32.357537, 46.55042, 0], [32.344811, 46.547938, 0], [32.336287, 46.550516, 0], [32.325423, 46.54992, 0], [32.32362, 46.551159, 0], [32.320637, 46.550509, 0], [32.317274, 46.552295, 0], [32.315559, 46.554955, 0], [32.31571, 46.555828, 0], [32.313597, 46.558138, 0], [32.309901, 46.560252, 0], [32.305432, 46.561599, 0], [32.285863, 46.577705, 0], [32.283459, 46.576606, 0], [32.279338, 46.578302, 0], [32.277619, 46.581814, 0], [32.272457, 46.584993, 0], [32.262332, 46.589589, 0], [32.250488, 46.592296, 0], [32.242852, 46.591636, 0], [32.209577, 46.577286, 0], [32.187392, 46.576002, 0], [32.140281, 46.557287, 0], [32.112954, 46.605332, 0], [32.096186, 46.615849, 0], [32.080295, 46.616655, 0], [32.057711, 46.61386, 0], [32.060233, 46.637724, 0], [32.087304, 46.637685, 0], [32.088145, 46.643406, 0], [32.088882, 46.654511, 0], [32.09306, 46.673078, 0], [32.106856, 46.690468, 0], [32.126854, 46.699876, 0], [32.146252, 46.706302, 0], [32.170699, 46.746051, 0], [32.217517, 46.749644, 0], [32.244907, 46.770425, 0], [32.304247, 46.777343, 0], [32.363956, 46.83223, 0], [32.37102, 46.844776, 0], [32.361407, 46.856516, 0], [32.356744, 46.866851, 0], [32.35573, 46.876594, 0], [32.382766, 46.876949, 0], [32.404311, 46.883165, 0], [32.399332, 46.896304, 0], [32.397005, 46.929504, 0], [32.42264, 46.959012, 0], [32.476656, 46.985068, 0], [32.487384, 46.998417, 0], [32.50721, 47.006063, 0], [32.515198, 47.020965, 0], [32.51994, 47.044387, 0], [32.638993, 47.065722, 0], [32.673554, 47.06784, 0], [32.718172, 47.068209, 0], [32.761616, 47.082322, 0], [32.779672, 47.098764, 0]]]}}, {"type": "Feature", "properties": {"name": "\u0417\u0432\u0456\u043b\u044c\u043d\u0435\u043d\u043e /// Liberated /// geoJSON.status.dismissed", "date": "2026-03-30", "layer_type": "liberated"}, "geometry": {"type": "Polygon", "coordinates": [[[37.190371, 48.514864, 0], [37.186938, 48.520776, 0], [37.182131, 48.525324, 0], [37.194663, 48.534419, 0], [37.224532, 48.541374, 0], [37.245474, 48.53476, 0], [37.272253, 48.545701, 0], [37.28736, 48.546239, 0], [37.296286, 48.532827, 0], [37.2987743, 48.5271304, 0], [37.3089024, 48.5259367, 0], [37.3118206, 48.5219575, 0], [37.3140522, 48.5148509, 0], [37.31393, 48.506444, 0], [37.3039738, 48.5070127, 0], [37.307235, 48.497345, 0], [37.303864, 48.494108, 0], [37.235138, 48.484944, 0], [37.2291707, 48.4925062, 0], [37.219288, 48.510335, 0], [37.210627, 48.517138, 0], [37.190371, 48.514864, 0]]]}}, {"type": "Feature", "properties": {"name": "\u0417\u0432\u0456\u043b\u044c\u043d\u0435\u043d\u043e /// Liberated /// geoJSON.status.dismissed", "date": "2026-03-30", "layer_type": "liberated"}, "geometry": {"type": "Polygon", "coordinates": [[[37.235138, 48.484944, 0], [37.303864, 48.494108, 0], [37.307235, 48.497345, 0], [37.3039738, 48.5070127, 0], [37.31393, 48.506444, 0], [37.314617, 48.497345, 0], [37.337791, 48.494956, 0], [37.339164, 48.489381, 0], [37.330581, 48.481417, 0], [37.3248091, 48.4809477, 0], [37.3236933, 48.4852146, 0], [37.3162906, 48.4889549, 0], [37.3055233, 48.487631, 0], [37.2878356, 48.4825431, 0], [37.2327627, 48.4700045, 0], [37.232997, 48.475592, 0], [37.235138, 48.484944, 0]]]}}, {"type": "Feature", "properties": {"name": "\u0417\u0432\u0456\u043b\u044c\u043d\u0435\u043d\u043e /// Liberated /// geoJSON.status.dismissed", "date": "2026-03-30", "layer_type": "liberated"}, "geometry": {"type": "Polygon", "coordinates": [[[37.204146, 48.37022, 0], [37.199625, 48.371386, 0], [37.217993, 48.405699, 0], [37.222072, 48.405056, 0], [37.2172837, 48.3967181, 0], [37.2545074, 48.3991695, 0], [37.2547456, 48.388857, 0], [37.2485493, 48.381882, 0], [37.2467363, 48.3783096, 0], [37.2332215, 48.3714437, 0], [37.204146, 48.37022, 0]]]}}, {"type": "Feature", "properties": {"name": "\u0417\u0432\u0456\u043b\u044c\u043d\u0435\u043d\u043e /// Liberated /// geoJSON.status.dismissed\n", "date": "2026-03-30", "layer_type": "liberated"}, "geometry": {"type": "Polygon", "coordinates": [[[36.5005048, 47.9255445, 0], [36.4991098, 47.9298775, 0], [36.501728, 47.9301893, 0], [36.5015549, 47.9342637, 0], [36.5026694, 47.9354262, 0], [36.5078399, 47.9391979, 0], [36.514899, 47.940239, 0], [36.5270897, 47.940908, 0], [36.5274857, 47.9465725, 0], [36.5302323, 47.9462276, 0], [36.5306614, 47.9342679, 0], [36.5297173, 47.9331753, 0], [36.5098046, 47.9334053, 0], [36.5109204, 47.9307024, 0], [36.5088605, 47.9288046, 0], [36.5094613, 47.9267917, 0], [36.516671, 47.9227081, 0], [36.5115212, 47.9214427, 0], [36.5005048, 47.9255445, 0]]]}}, {"type": "Feature", "properties": {"name": "\u0417\u0432\u0456\u043b\u044c\u043d\u0435\u043d\u043e /// Liberated /// geoJSON.status.dismissed\n", "date": "2026-03-30", "layer_type": "liberated"}, "geometry": {"type": "Polygon", "coordinates": [[[36.6177072, 48.0765598, 0], [36.6083236, 48.0886264, 0], [36.6135015, 48.0938182, 0], [36.6373246, 48.1005018, 0], [36.6470658, 48.0998989, 0], [36.6555585, 48.1024739, 0], [36.6787795, 48.0969445, 0], [36.6765871, 48.0896905, 0], [36.6687765, 48.0896905, 0], [36.6660299, 48.0871678, 0], [36.6528978, 48.0877411, 0], [36.6515245, 48.0860784, 0], [36.6447871, 48.0902352, 0], [36.6387358, 48.0906077, 0], [36.6348734, 48.0873971, 0], [36.6337576, 48.0820647, 0], [36.6177072, 48.0765598, 0]]]}}, {"type": "Feature", "properties": {"name": "\u0417\u0432\u0456\u043b\u044c\u043d\u0435\u043d\u043e /// Liberated\u00a0/// geoJSON.status.dismissed", "date": "2026-03-30", "layer_type": "liberated"}, "geometry": {"type": "Polygon", "coordinates": [[[33.407555, 47.456726, 0], [33.453049, 47.462764, 0], [33.46223, 47.445176, 0], [33.491088, 47.453532, 0], [33.518465, 47.454449, 0], [33.567414, 47.421086, 0], [33.590453, 47.40962, 0], [33.591928, 47.38146, 0], [33.620717, 47.369784, 0], [33.672908, 47.407313, 0], [33.724879, 47.414635, 0], [33.830004, 47.427839, 0], [33.835628, 47.434185, 0], [33.87602, 47.481319, 0], [33.903857, 47.482651, 0], [33.936516, 47.486856, 0], [33.940007, 47.471197, 0], [33.948666, 47.454682, 0], [33.957219, 47.418286, 0], [33.97232, 47.393538, 0], [33.977628, 47.366582, 0], [33.966425, 47.303069, 0], [33.935248, 47.285847, 0], [33.920374, 47.272734, 0], [33.912463, 47.241042, 0], [33.888086, 47.221928, 0], [33.86621, 47.209513, 0], [33.853366, 47.206605, 0], [33.824784, 47.194883, 0], [33.781351, 47.179716, 0], [33.762361, 47.183983, 0], [33.755101, 47.191071, 0], [33.747431, 47.193219, 0], [33.722766, 47.192331, 0], [33.695739, 47.196379, 0], [33.65373, 47.194456, 0], [33.568187, 47.194677, 0], [33.552448, 47.207459, 0], [33.53245, 47.223669, 0], [33.51023, 47.234407, 0], [33.464188, 47.252034, 0], [33.401323, 47.264058, 0], [33.319738, 47.245774, 0], [33.160134, 47.191439, 0], [33.158525, 47.20139, 0], [33.159992, 47.202726, 0], [33.147475, 47.208662, 0], [33.142955, 47.209805, 0], [33.142839, 47.210778, 0], [33.142465, 47.211138, 0], [33.136739, 47.212443, 0], [33.135416, 47.212719, 0], [33.134057, 47.213271, 0], [33.129402, 47.219283, 0], [33.128524, 47.22066, 0], [33.127711, 47.222423, 0], [33.127116, 47.225774, 0], [33.126699, 47.228804, 0], [33.126723, 47.229852, 0], [33.127372, 47.230957, 0], [33.132954, 47.233009, 0], [33.138836, 47.231448, 0], [33.140988, 47.230539, 0], [33.142286, 47.230121, 0], [33.147801, 47.230509, 0], [33.148875, 47.230992, 0], [33.150337, 47.232659, 0], [33.150772, 47.233544, 0], [33.15147, 47.234207, 0], [33.152695, 47.234658, 0], [33.156432, 47.235618, 0], [33.1591, 47.235614, 0], [33.161751, 47.236379, 0], [33.162899, 47.235978, 0], [33.162621, 47.235584, 0], [33.159318, 47.234447, 0], [33.158464, 47.232638, 0], [33.160187, 47.231352, 0], [33.163856, 47.231622, 0], [33.166195, 47.234106, 0], [33.166752, 47.234178, 0], [33.167952, 47.23339, 0], [33.173014, 47.23362, 0], [33.175155, 47.236879, 0], [33.176347, 47.237801, 0], [33.177702, 47.237546, 0], [33.178782, 47.236921, 0], [33.17991, 47.236661, 0], [33.182167, 47.237016, 0], [33.184193, 47.238015, 0], [33.184639, 47.238966, 0], [33.184675, 47.241683, 0], [33.185089, 47.242689, 0], [33.185659, 47.243244, 0], [33.186423, 47.244183, 0], [33.186784, 47.243959, 0], [33.18682, 47.243337, 0], [33.187318, 47.242733, 0], [33.189604, 47.241992, 0], [33.191686, 47.242082, 0], [33.192932, 47.242553, 0], [33.195253, 47.244835, 0], [33.195347, 47.245553, 0], [33.194984, 47.246461, 0], [33.193892, 47.247311, 0], [33.192137, 47.24837, 0], [33.191545, 47.249148, 0], [33.191477, 47.249772, 0], [33.192027, 47.250088, 0], [33.193299, 47.250019, 0], [33.195844, 47.24965, 0], [33.197929, 47.249902, 0], [33.199609, 47.250814, 0], [33.200138, 47.251531, 0], [33.199909, 47.252324, 0], [33.197734, 47.253793, 0], [33.196989, 47.254576, 0], [33.196442, 47.25556, 0], [33.19552, 47.256595, 0], [33.194449, 47.257267, 0], [33.193999, 47.257414, 0], [33.193771, 47.261183, 0], [33.194126, 47.262075, 0], [33.195949, 47.263303, 0], [33.197687, 47.264124, 0], [33.198158, 47.264629, 0], [33.198156, 47.266514, 0], [33.198497, 47.268244, 0], [33.20107, 47.272124, 0], [33.202271, 47.273324, 0], [33.204157, 47.276365, 0], [33.205092, 47.277348, 0], [33.207671, 47.279276, 0], [33.208833, 47.280651, 0], [33.209614, 47.281946, 0], [33.209544, 47.283079, 0], [33.209147, 47.283424, 0], [33.209951, 47.28409, 0], [33.211013, 47.284639, 0], [33.211914, 47.285089, 0], [33.21363, 47.285814, 0], [33.214487, 47.286682, 0], [33.216287, 47.287778, 0], [33.22023, 47.289504, 0], [33.224771, 47.290918, 0], [33.226718, 47.291393, 0], [33.228236, 47.291344, 0], [33.228955, 47.292061, 0], [33.229822, 47.292366, 0], [33.230989, 47.292088, 0], [33.231693, 47.29031, 0], [33.231899, 47.289548, 0], [33.232739, 47.28884, 0], [33.238869, 47.288861, 0], [33.239977, 47.288677, 0], [33.242879, 47.286855, 0], [33.247225, 47.286179, 0], [33.249222, 47.286574, 0], [33.249782, 47.286374, 0], [33.256709, 47.28661, 0], [33.259879, 47.287077, 0], [33.261118, 47.287602, 0], [33.261708, 47.288186, 0], [33.263058, 47.287899, 0], [33.264, 47.287931, 0], [33.26773, 47.290669, 0], [33.268927, 47.291664, 0], [33.26986, 47.292256, 0], [33.271812, 47.293031, 0], [33.273744, 47.29499, 0], [33.274602, 47.295998, 0], [33.275515, 47.297383, 0], [33.275742, 47.299118, 0], [33.275079, 47.300549, 0], [33.274955, 47.301142, 0], [33.275222, 47.303026, 0], [33.275584, 47.304174, 0], [33.275717, 47.305866, 0], [33.274691, 47.30654, 0], [33.274098, 47.30719, 0], [33.270766, 47.307441, 0], [33.269853, 47.307653, 0], [33.267227, 47.307757, 0], [33.262326, 47.305824, 0], [33.258361, 47.305566, 0], [33.255705, 47.30621, 0], [33.250517, 47.306795, 0], [33.246583, 47.307671, 0], [33.244965, 47.308663, 0], [33.241847, 47.30944, 0], [33.238127, 47.311497, 0], [33.236438, 47.312819, 0], [33.235549, 47.314385, 0], [33.235316, 47.315247, 0], [33.234335, 47.316798, 0], [33.233134, 47.320473, 0], [33.233479, 47.321647, 0], [33.234339, 47.32219, 0], [33.237708, 47.323195, 0], [33.240649, 47.324694, 0], [33.242494, 47.325967, 0], [33.245455, 47.328113, 0], [33.246829, 47.330135, 0], [33.24889, 47.332144, 0], [33.250844, 47.333607, 0], [33.252068, 47.334168, 0], [33.253744, 47.334826, 0], [33.25495, 47.334872, 0], [33.256156, 47.334598, 0], [33.256766, 47.334224, 0], [33.26074, 47.330808, 0], [33.262311, 47.329546, 0], [33.264942, 47.328132, 0], [33.266842, 47.327242, 0], [33.279348, 47.322368, 0], [33.285372, 47.321071, 0], [33.286951, 47.321039, 0], [33.289332, 47.322101, 0], [33.290255, 47.322174, 0], [33.291585, 47.321796, 0], [33.293817, 47.321507, 0], [33.29622, 47.321975, 0], [33.297508, 47.322736, 0], [33.298195, 47.323501, 0], [33.299055, 47.323985, 0], [33.299042, 47.325272, 0], [33.297699, 47.326501, 0], [33.296602, 47.327299, 0], [33.297618, 47.327958, 0], [33.299063, 47.328196, 0], [33.299524, 47.328534, 0], [33.300294, 47.328574, 0], [33.301063, 47.329692, 0], [33.300972, 47.330529, 0], [33.301006, 47.331521, 0], [33.299667, 47.333007, 0], [33.296956, 47.334245, 0], [33.295172, 47.335431, 0], [33.290916, 47.33757, 0], [33.289013, 47.338648, 0], [33.287783, 47.339757, 0], [33.286554, 47.342321, 0], [33.286156, 47.343437, 0], [33.285189, 47.344097, 0], [33.284627, 47.345012, 0], [33.284619, 47.345493, 0], [33.285297, 47.346032, 0], [33.288286, 47.347692, 0], [33.290657, 47.348802, 0], [33.291537, 47.349511, 0], [33.292182, 47.351044, 0], [33.292012, 47.352242, 0], [33.291492, 47.352963, 0], [33.289727, 47.353916, 0], [33.289288, 47.354688, 0], [33.290211, 47.357337, 0], [33.292105, 47.360388, 0], [33.292883, 47.362395, 0], [33.293036, 47.36398, 0], [33.293585, 47.364721, 0], [33.295464, 47.365648, 0], [33.297347, 47.365675, 0], [33.298518, 47.366229, 0], [33.299034, 47.36679, 0], [33.298553, 47.367881, 0], [33.299079, 47.368335, 0], [33.305265, 47.369231, 0], [33.3073, 47.369835, 0], [33.308517, 47.370079, 0], [33.309519, 47.370454, 0], [33.310216, 47.370595, 0], [33.310973, 47.370495, 0], [33.312214, 47.369875, 0], [33.315512, 47.367803, 0], [33.318244, 47.366588, 0], [33.320858, 47.365556, 0], [33.322566, 47.365204, 0], [33.32408, 47.365171, 0], [33.327163, 47.36457, 0], [33.329904, 47.364302, 0], [33.332144, 47.364684, 0], [33.333216, 47.364442, 0], [33.335382, 47.363502, 0], [33.337709, 47.363148, 0], [33.338476, 47.362662, 0], [33.339306, 47.361333, 0], [33.34042, 47.360801, 0], [33.34164, 47.360574, 0], [33.34345, 47.36058, 0], [33.345324, 47.361021, 0], [33.345696, 47.36155, 0], [33.345791, 47.362123, 0], [33.345521, 47.363146, 0], [33.344951, 47.364598, 0], [33.345101, 47.36555, 0], [33.345884, 47.365782, 0], [33.347402, 47.364965, 0], [33.349057, 47.364563, 0], [33.351543, 47.364944, 0], [33.354029, 47.365223, 0], [33.354962, 47.365673, 0], [33.357692, 47.367904, 0], [33.359309, 47.368634, 0], [33.360272, 47.36871, 0], [33.367599, 47.372623, 0], [33.368235, 47.373966, 0], [33.368145, 47.376127, 0], [33.369002, 47.376154, 0], [33.369173, 47.376989, 0], [33.368732, 47.379109, 0], [33.369686, 47.379681, 0], [33.37144, 47.379699, 0], [33.373111, 47.380267, 0], [33.375222, 47.382193, 0], [33.376142, 47.385946, 0], [33.37541, 47.386903, 0], [33.373336, 47.387982, 0], [33.369921, 47.390529, 0], [33.369524, 47.391969, 0], [33.369668, 47.393415, 0], [33.366951, 47.397334, 0], [33.366708, 47.399105, 0], [33.365715, 47.40134, 0], [33.364979, 47.405612, 0], [33.365102, 47.409914, 0], [33.36575, 47.411979, 0], [33.365366, 47.413128, 0], [33.366077, 47.415395, 0], [33.366586, 47.417395, 0], [33.369477, 47.419511, 0], [33.373657, 47.418599, 0], [33.37672, 47.417397, 0], [33.378878, 47.416474, 0], [33.387482, 47.416602, 0], [33.39637, 47.417666, 0], [33.400057, 47.420435, 0], [33.406955, 47.423818, 0], [33.407137, 47.425794, 0], [33.405744, 47.426827, 0], [33.400953, 47.427534, 0], [33.400594, 47.427139, 0], [33.394908, 47.4274, 0], [33.392628, 47.428405, 0], [33.388588, 47.431152, 0], [33.386614, 47.432662, 0], [33.384694, 47.435761, 0], [33.382473, 47.438105, 0], [33.382945, 47.439266, 0], [33.383953, 47.439716, 0], [33.387247, 47.440507, 0], [33.388567, 47.441878, 0], [33.389328, 47.445557, 0], [33.389446, 47.448278, 0], [33.389183, 47.449622, 0], [33.389867, 47.455154, 0], [33.389887, 47.456513, 0], [33.388963, 47.458133, 0], [33.407555, 47.456726, 0]]]}}, {"type": "Feature", "properties": {"name": "\u0417\u0432\u0456\u043b\u044c\u043d\u0435\u043d\u043e /// Liberated\u00a0/// geoJSON.status.dismissed", "date": "2026-03-30", "layer_type": "liberated"}, "geometry": {"type": "Polygon", "coordinates": [[[31.3936, 47.4637, 0], [31.381455, 47.467848, 0], [31.389587, 47.499389, 0], [31.376539, 47.519591, 0], [31.380828, 47.521823, 0], [31.388682, 47.522603, 0], [31.40752, 47.500889, 0], [31.410766, 47.470314, 0], [31.403792, 47.466862, 0], [31.400252, 47.464657, 0], [31.3936, 47.4637, 0]]]}}, {"type": "Feature", "properties": {"name": "\u0417\u0432\u0456\u043b\u044c\u043d\u0435\u043d\u043e /// Liberated\u00a0/// geoJSON.status.dismissed", "date": "2026-03-30", "layer_type": "liberated"}, "geometry": {"type": "Polygon", "coordinates": [[[33.015058, 47.18036, 0], [33.021548, 47.178735, 0], [33.012362, 47.169577, 0], [33.028539, 47.16231, 0], [33.017566, 47.136602, 0], [33.008508, 47.138722, 0], [33.001618, 47.135899, 0], [33.000695, 47.137581, 0], [32.996038, 47.144314, 0], [32.994605, 47.14768, 0], [32.993696, 47.149203, 0], [32.992743, 47.150419, 0], [32.99154, 47.151153, 0], [32.989993, 47.151551, 0], [32.985958, 47.151825, 0], [32.985236, 47.152065, 0], [32.984772, 47.152363, 0], [32.984508, 47.152785, 0], [32.984571, 47.153227, 0], [32.984762, 47.154049, 0], [32.985684, 47.155623, 0], [32.986322, 47.155929, 0], [32.986995, 47.156045, 0], [32.98769, 47.155957, 0], [32.988392, 47.155738, 0], [32.989151, 47.15531, 0], [32.990039, 47.154489, 0], [32.991409, 47.153599, 0], [32.992368, 47.153318, 0], [32.993037, 47.15335, 0], [32.9936, 47.153598, 0], [32.993926, 47.154029, 0], [32.994064, 47.154889, 0], [32.993997, 47.155633, 0], [32.993711, 47.156476, 0], [32.991827, 47.157663, 0], [32.991116, 47.158438, 0], [32.99099, 47.159873, 0], [32.990966, 47.161517, 0], [32.990746, 47.16314, 0], [32.9904, 47.164972, 0], [32.98955, 47.166433, 0], [32.988836, 47.167064, 0], [32.987648, 47.167491, 0], [32.987458, 47.168012, 0], [32.987549, 47.168399, 0], [32.987839, 47.168778, 0], [32.988525, 47.168589, 0], [32.989705, 47.167874, 0], [32.990769, 47.167122, 0], [32.991725, 47.166211, 0], [32.992264, 47.165948, 0], [32.993471, 47.165452, 0], [32.994598, 47.165481, 0], [32.995456, 47.166021, 0], [32.996054, 47.16696, 0], [32.99603, 47.168206, 0], [32.995166, 47.170025, 0], [32.993681, 47.171714, 0], [32.992624, 47.173402, 0], [32.991615, 47.176611, 0], [32.991057, 47.180345, 0], [32.991679, 47.183255, 0], [32.991486, 47.185566, 0], [32.992098, 47.186937, 0], [32.991079, 47.187681, 0], [32.991444, 47.189693, 0], [32.994083, 47.190743, 0], [32.997666, 47.19083, 0], [33.000445, 47.189664, 0], [33.003052, 47.189926, 0], [33.0042, 47.190925, 0], [33.003739, 47.191924, 0], [33.000091, 47.192668, 0], [32.999984, 47.193444, 0], [33.000906, 47.195941, 0], [33.001829, 47.196415, 0], [33.005884, 47.196269, 0], [33.009361, 47.193604, 0], [33.011871, 47.191013, 0], [33.01376, 47.187462, 0], [33.013014, 47.186328, 0], [33.011882, 47.185107, 0], [33.012526, 47.182558, 0], [33.015058, 47.18036, 0]]]}}, {"type": "Feature", "properties": {"name": "\u0417\u0432\u0456\u043b\u044c\u043d\u0435\u043d\u043e 31.03 - 02.04 /// Liberated 31.03 - 02.04\u00a0/// geoJSON.status.dismissed_at {{at:31.03 - 02.04}}", "date": "2026-03-30", "layer_type": "liberated"}, "geometry": {"type": "Polygon", "coordinates": [[[30.283457, 50.625255, 0], [30.286864, 50.622736, 0], [30.330626, 50.605801, 0], [30.303994, 50.564777, 0], [30.29592, 50.552702, 0], [30.284329, 50.540672, 0], [30.271843, 50.530292, 0], [30.244256, 50.53813, 0], [30.23127, 50.532738, 0], [30.227557, 50.524727, 0], [30.244848, 50.50172, 0], [30.23412, 50.446529, 0], [30.209834, 50.444436, 0], [30.210117, 50.438031, 0], [30.202504, 50.438022, 0], [30.196205, 50.442838, 0], [30.158533, 50.440216, 0], [30.140591, 50.433122, 0], [30.121422, 50.427504, 0], [30.051128, 50.419385, 0], [29.991362, 50.396597, 0], [30.042452, 50.3544, 0], [30.029672, 50.345653, 0], [30.007555, 50.349008, 0], [29.950233, 50.372342, 0], [29.914295, 50.368683, 0], [29.857884, 50.416214, 0], [29.746106, 50.41335, 0], [29.72066, 50.408041, 0], [29.715758, 50.413175, 0], [29.71486, 50.423884, 0], [29.721529, 50.427878, 0], [29.724181, 50.433592, 0], [29.747804, 50.444406, 0], [29.802267, 50.470047, 0], [29.815437, 50.497554, 0], [29.767579, 50.535098, 0], [29.744438, 50.566267, 0], [29.749719, 50.616953, 0], [29.7561, 50.6856, 0], [29.787258, 50.762944, 0], [29.755173, 50.82819, 0], [29.726956, 50.841092, 0], [29.633099, 50.826764, 0], [29.576086, 50.832446, 0], [29.573665, 50.821652, 0], [29.518862, 50.830351, 0], [29.497278, 50.90941, 0], [29.475884, 50.923424, 0], [29.43128, 50.946926, 0], [29.42721, 50.973459, 0], [29.446785, 51.029292, 0], [29.473937, 51.034245, 0], [29.438782, 51.151223, 0], [29.330956, 51.269654, 0], [29.266153, 51.2691, 0], [29.240971, 51.254639, 0], [29.226323, 51.249352, 0], [29.219915, 51.252444, 0], [29.224263, 51.264752, 0], [29.224489, 51.276413, 0], [29.20177, 51.283103, 0], [29.207029, 51.295483, 0], [29.193989, 51.327748, 0], [29.163914, 51.325251, 0], [29.166794, 51.339056, 0], [29.191097, 51.33964, 0], [29.198976, 51.358192, 0], [29.223175, 51.365856, 0], [29.287826, 51.373494, 0], [29.28849, 51.382364, 0], [29.299509, 51.385032, 0], [29.321427, 51.377733, 0], [29.333942, 51.385406, 0], [29.348785, 51.384207, 0], [29.35964, 51.388962, 0], [29.366032, 51.389861, 0], [29.373634, 51.398263, 0], [29.389135, 51.40495, 0], [29.403663, 51.411041, 0], [29.415877, 51.413596, 0], [29.43015, 51.412938, 0], [29.45916, 51.403001, 0], [29.500687, 51.396903, 0], [29.512695, 51.423144, 0], [29.520578, 51.421979, 0], [29.517139, 51.427664, 0], [29.521253, 51.434098, 0], [29.516431, 51.443463, 0], [29.518486, 51.452613, 0], [29.523806, 51.45708, 0], [29.528783, 51.45898, 0], [29.532904, 51.463699, 0], [29.53163, 51.467993, 0], [29.537222, 51.482552, 0], [29.575544, 51.461412, 0], [29.577504, 51.461269, 0], [29.583497, 51.462559, 0], [29.587396, 51.464553, 0], [29.592324, 51.466708, 0], [29.605002, 51.472279, 0], [29.605927, 51.493858, 0], [29.620854, 51.492703, 0], [29.627458, 51.502181, 0], [29.634065, 51.506104, 0], [29.639813, 51.498593, 0], [29.648563, 51.500989, 0], [29.64821, 51.501612, 0], [29.650689, 51.50528, 0], [29.653341, 51.50617, 0], [29.665768, 51.502766, 0], [29.669439, 51.502675, 0], [29.669708, 51.508293, 0], [29.671622, 51.511196, 0], [29.683348, 51.513686, 0], [29.687406, 51.516958, 0], [29.695156, 51.517022, 0], [29.704625, 51.520397, 0], [29.707477, 51.520546, 0], [29.707525, 51.527894, 0], [29.737672, 51.530831, 0], [29.742386, 51.512842, 0], [29.735338, 51.510935, 0], [29.742106, 51.502353, 0], [29.744753, 51.493557, 0], [29.725484, 51.49182, 0], [29.730888, 51.4798, 0], [29.733456, 51.469448, 0], [29.742018, 51.461577, 0], [29.739032, 51.459, 0], [29.764197, 51.449255, 0], [29.779333, 51.446773, 0], [29.79398, 51.441484, 0], [29.791008, 51.457438, 0], [29.810473, 51.459066, 0], [29.81283, 51.448736, 0], [29.843128, 51.457268, 0], [29.847925, 51.448978, 0], [29.855628, 51.448761, 0], [29.865023, 51.44629, 0], [29.873817, 51.444298, 0], [29.877719, 51.445248, 0], [29.877969, 51.45025, 0], [29.876583, 51.45223, 0], [29.875698, 51.456619, 0], [29.885777, 51.463792, 0], [29.885336, 51.466266, 0], [29.887372, 51.467899, 0], [29.886468, 51.470951, 0], [29.889466, 51.471067, 0], [29.890312, 51.472796, 0], [29.887886, 51.474008, 0], [29.884404, 51.474938, 0], [29.882935, 51.476798, 0], [29.884289, 51.477417, 0], [29.886654, 51.477266, 0], [29.889153, 51.478994, 0], [29.889421, 51.482862, 0], [29.89072, 51.483736, 0], [29.903927, 51.485114, 0], [29.906235, 51.486705, 0], [29.910162, 51.485505, 0], [29.914584, 51.48706, 0], [29.917077, 51.488458, 0], [29.91863, 51.486981, 0], [29.921221, 51.488086, 0], [29.9252, 51.487091, 0], [29.923718, 51.489803, 0], [29.946501, 51.48368, 0], [29.95155, 51.47357, 0], [29.961987, 51.471308, 0], [29.966897, 51.472022, 0], [29.970539, 51.475268, 0], [29.971132, 51.480366, 0], [29.975316, 51.483499, 0], [29.981905, 51.485776, 0], [29.990276, 51.48135, 0], [30.000838, 51.485646, 0], [30.003419, 51.488337, 0], [30.007546, 51.489853, 0], [30.012206, 51.489503, 0], [30.013006, 51.49503, 0], [30.018269, 51.495428, 0], [30.016151, 51.496066, 0], [30.015235, 51.497292, 0], [30.014261, 51.499584, 0], [30.012184, 51.502699, 0], [30.012425, 51.504692, 0], [30.019056, 51.504648, 0], [30.02741, 51.502673, 0], [30.033703, 51.503262, 0], [30.0559, 51.497171, 0], [30.062304, 51.498987, 0], [30.074604, 51.495726, 0], [30.077634, 51.496954, 0], [30.10427, 51.490955, 0], [30.110844, 51.487077, 0], [30.121244, 51.486158, 0], [30.122479, 51.489877, 0], [30.129065, 51.487692, 0], [30.120627, 51.504486, 0], [30.131561, 51.50558, 0], [30.144365, 51.49458, 0], [30.162998, 51.488066, 0], [30.167316, 51.508808, 0], [30.180419, 51.512458, 0], [30.213946, 51.492486, 0], [30.24506, 51.486187, 0], [30.279533, 51.46482, 0], [30.288042, 51.46335, 0], [30.291781, 51.459085, 0], [30.298265, 51.456318, 0], [30.30883, 51.44661, 0], [30.311536, 51.442932, 0], [30.318704, 51.440325, 0], [30.321454, 51.434039, 0], [30.325576, 51.430963, 0], [30.330727, 51.428743, 0], [30.334505, 51.424811, 0], [30.344129, 51.423319, 0], [30.356136, 51.382861, 0], [30.355706, 51.378492, 0], [30.323354, 51.361476, 0], [30.334618, 51.351598, 0], [30.348283, 51.348795, 0], [30.36599, 51.334181, 0], [30.39092, 51.32189, 0], [30.39854, 51.312325, 0], [30.410271, 51.308391, 0], [30.421142, 51.304242, 0], [30.44488, 51.308773, 0], [30.461786, 51.306023, 0], [30.457638, 51.2967, 0], [30.462072, 51.294246, 0], [30.463216, 51.290733, 0], [30.456922, 51.286284, 0], [30.453432, 51.287907, 0], [30.450059, 51.281492, 0], [30.453784, 51.279184, 0], [30.451277, 51.277039, 0], [30.452052, 51.273134, 0], [30.46347, 51.272664, 0], [30.474804, 51.275484, 0], [30.505198, 51.27897, 0], [30.532846, 51.2651, 0], [30.515602, 51.235992, 0], [30.507156, 51.230894, 0], [30.503863, 51.224722, 0], [30.51439, 51.213176, 0], [30.49897, 51.215145, 0], [30.481145, 51.220122, 0], [30.473702, 51.233797, 0], [30.47278, 51.239837, 0], [30.465678, 51.242868, 0], [30.455939, 51.232269, 0], [30.449635, 51.229838, 0], [30.431278, 51.233008, 0], [30.423065, 51.227304, 0], [30.416331, 51.232244, 0], [30.411313, 51.238795, 0], [30.39475, 51.241364, 0], [30.389173, 51.23845, 0], [30.376901, 51.238545, 0], [30.378619, 51.24701, 0], [30.372955, 51.248168, 0], [30.361628, 51.246132, 0], [30.356134, 51.252162, 0], [30.330384, 51.2453, 0], [30.31624, 51.230578, 0], [30.322386, 51.224723, 0], [30.330607, 51.22072, 0], [30.338494, 51.220224, 0], [30.342947, 51.216501, 0], [30.349524, 51.216321, 0], [30.361937, 51.215386, 0], [30.371656, 51.208139, 0], [30.392464, 51.207191, 0], [30.393524, 51.193766, 0], [30.396286, 51.19028, 0], [30.40042, 51.186795, 0], [30.411122, 51.193396, 0], [30.418392, 51.193757, 0], [30.431032, 51.184255, 0], [30.44044, 51.182408, 0], [30.450877, 51.177978, 0], [30.450737, 51.173906, 0], [30.447164, 51.169187, 0], [30.454093, 51.164055, 0], [30.461769, 51.154223, 0], [30.477938, 51.154509, 0], [30.48003, 51.153287, 0], [30.484266, 51.126223, 0], [30.476679, 51.12202, 0], [30.474242, 51.114585, 0], [30.465763, 51.115769, 0], [30.456704, 51.112317, 0], [30.4482, 51.108647, 0], [30.449048, 51.10454, 0], [30.436326, 51.101282, 0], [30.436286, 51.107484, 0], [30.434831, 51.111694, 0], [30.438444, 51.112787, 0], [30.440861, 51.115405, 0], [30.435396, 51.11719, 0], [30.433733, 51.121836, 0], [30.427317, 51.122508, 0], [30.429938, 51.115018, 0], [30.406066, 51.081362, 0], [30.408125, 51.074449, 0], [30.407441, 51.066666, 0], [30.377938, 51.065335, 0], [30.378675, 51.055989, 0], [30.340504, 51.041903, 0], [30.319708, 51.053958, 0], [30.29901, 51.053508, 0], [30.29158, 51.047347, 0], [30.301599, 51.041569, 0], [30.298571, 51.039028, 0], [30.315107, 51.037954, 0], [30.332643, 51.033852, 0], [30.348961, 51.028666, 0], [30.361409, 51.026611, 0], [30.370894, 51.019535, 0], [30.378038, 51.023555, 0], [30.39088, 51.028479, 0], [30.409217, 51.024548, 0], [30.425335, 50.990366, 0], [30.444025, 50.984303, 0], [30.432422, 50.965923, 0], [30.447908, 50.945705, 0], [30.455492, 50.91964, 0], [30.450132, 50.912161, 0], [30.442027, 50.907279, 0], [30.445732, 50.887124, 0], [30.419607, 50.882598, 0], [30.418374, 50.880236, 0], [30.420562, 50.877456, 0], [30.42601, 50.873539, 0], [30.424204, 50.867654, 0], [30.425742, 50.863793, 0], [30.423154, 50.856613, 0], [30.415975, 50.853307, 0], [30.410858, 50.850272, 0], [30.407444, 50.846202, 0], [30.40858, 50.842675, 0], [30.406045, 50.838222, 0], [30.401044, 50.833705, 0], [30.392268, 50.828213, 0], [30.389125, 50.822959, 0], [30.388558, 50.818247, 0], [30.381588, 50.814353, 0], [30.380596, 50.806662, 0], [30.376514, 50.798863, 0], [30.373987, 50.796445, 0], [30.373434, 50.794408, 0], [30.375245, 50.79413, 0], [30.37595, 50.792381, 0], [30.367663, 50.787418, 0], [30.367668, 50.785204, 0], [30.368702, 50.783641, 0], [30.371373, 50.780894, 0], [30.376026, 50.77779, 0], [30.373928, 50.775358, 0], [30.37286, 50.772492, 0], [30.373984, 50.768606, 0], [30.377168, 50.76358, 0], [30.381593, 50.760904, 0], [30.382412, 50.75877, 0], [30.368401, 50.752686, 0], [30.366751, 50.750402, 0], [30.369082, 50.743599, 0], [30.373465, 50.743918, 0], [30.375789, 50.741847, 0], [30.377983, 50.736666, 0], [30.380606, 50.732137, 0], [30.377442, 50.727207, 0], [30.357552, 50.724808, 0], [30.337408, 50.719198, 0], [30.295249, 50.704706, 0], [30.283457, 50.625255, 0]]]}}, {"type": "Feature", "properties": {"name": "\u0417\u0432\u0456\u043b\u044c\u043d\u0435\u043d\u043e /// Liberated /// geoJSON.status.dismissed", "date": "2026-03-30", "layer_type": "liberated"}, "geometry": {"type": "Polygon", "coordinates": [[[32.373379, 46.545413, 0], [32.380203, 46.545295, 0], [32.384966, 46.545354, 0], [32.389998, 46.546395, 0], [32.394601, 46.547848, 0], [32.403162, 46.552733, 0], [32.4046, 46.549528, 0], [32.402712, 46.545868, 0], [32.39945, 46.542975, 0], [32.395846, 46.541499, 0], [32.390181, 46.537898, 0], [32.387434, 46.536422, 0], [32.384516, 46.537602, 0], [32.383142, 46.539905, 0], [32.380568, 46.543152, 0], [32.374216, 46.543742, 0], [32.373379, 46.545413, 0]]]}}, {"type": "Feature", "properties": {"name": "\u0417\u0432\u0456\u043b\u044c\u043d\u0435\u043d\u043e /// Liberated /// geoJSON.status.dismissed", "date": "2026-03-30", "layer_type": "liberated"}, "geometry": {"type": "Polygon", "coordinates": [[[36.888192, 48.12097, 0], [36.885417, 48.127323, 0], [36.886618, 48.133395, 0], [36.899549, 48.134183, 0], [36.900283, 48.121682, 0], [36.888192, 48.12097, 0]]]}}, {"type": "Feature", "properties": {"name": "\u0417\u0432\u0456\u043b\u044c\u043d\u0435\u043d\u043e /// Liberated /// geoJSON.status.dismissed", "date": "2026-03-30", "layer_type": "liberated"}, "geometry": {"type": "Polygon", "coordinates": [[[34.81101, 51.115236, 0], [34.806145, 51.126044, 0], [34.797506, 51.128882, 0], [34.778251, 51.130948, 0], [34.757349, 51.131536, 0], [34.751127, 51.148399, 0], [34.7418574, 51.1612647, 0], [34.7266604, 51.1619385, 0], [34.7168084, 51.171855, 0], [34.726526, 51.1788655, 0], [34.7324058, 51.1639038, 0], [34.7463205, 51.1642258, 0], [34.7538807, 51.1475363, 0], [34.7673475, 51.1490876, 0], [34.771997, 51.1462818, 0], [34.7793933, 51.1475672, 0], [34.7815819, 51.1443899, 0], [34.7882337, 51.1374436, 0], [34.8007648, 51.1352353, 0], [34.8083181, 51.1282863, 0], [34.8149703, 51.1171617, 0], [34.81101, 51.115236, 0]]]}}]}